# Created by Kenney (www.kenney.nl)

mtllib Blaster 6WO Astauand.mtl

v 12 6 -1
v 12 5 -1
v 12 6 1
v 12 5 1
v 11 6 -1
v 11 6 1
v 11 5 1
v 11 5 -1
v 1 5 -0.5
v 1 4 -0.5
v 1 5 0.5
v 1 4 0.5
v 0 5 -0.5
v 0 5 0.5
v 0 4 0.5
v 0 4 -0.5
v 9 6 -1
v 9 6 1
v 9 5 1
v 9 5 -1
v 12 5 -1.5
v 12 4 -1.5
v 12 5 1.5
v 12 4 1.5
v 11 5 -1.5
v 11 5 1.5
v 11 4 1.5
v 11 4 -1.5
v 5 5 -1
v 5 4 -1
v 5 5 1
v 5 4 1
v 3 5 -1
v 3 5 1
v 3 4 1
v 3 4 -1
v 2 5 -1
v 2 4 -1
v 2 5 1
v 2 4 1
v 1 5 -1
v 1 5 1
v 1 4 1
v 1 4 -1
v 6 4 -1
v 6 3 -1
v 6 4 1
v 6 3 1
v 5 3 1
v 5 3 -1
v 21 3 -2
v 21 2 -2
v 21 3 2
v 21 2 2
v 18 3 -2
v 18 3 2
v 18 2 2
v 18 2 -2
v 16 3 -2
v 16 2 -2
v 16 3 2
v 16 2 2
v 13 3 -2
v 13 3 2
v 13 2 2
v 13 2 -2
v 9 2 -2.5
v 9 1 -2.5
v 9 2 2.5
v 9 1 2.5
v 8 2 -2.5
v 8 2 2.5
v 8 1 2.5
v 8 1 -2.5
v 4 2 -2.5
v 4 1 -2.5
v 4 2 2.5
v 4 1 2.5
v 0 2 -2.5
v 0 2 2.5
v 0 1 2.5
v 0 1 -2.5
v -3 2 -2.5
v -3 1 -2.5
v -3 2 2.5
v -3 1 2.5
v -4 2 -2.5
v -4 2 2.5
v -4 1 2.5
v -4 1 -2.5
v -19 2 -2
v -19 1 -2
v -19 2 2
v -19 1 2
v -20 2 -2
v -20 2 2
v -20 1 2
v -20 1 -2
v 6 1 -3
v 6 0 -3
v 6 1 3
v 6 0 3
v 5 1 -3
v 5 1 3
v 5 0 3
v 5 0 -3
v -2 1 -3
v -2 0 -3
v -2 1 3
v -2 0 3
v -3 1 -3
v -3 1 3
v -3 0 3
v -3 0 -3
v -18 1 -2.5
v -18 -1 -2.5
v -18 1 2.5
v -18 -1 2.5
v -19 1 -2.5
v -19 1 2.5
v -19 -1 2.5
v -19 -1 -2.5
v 12 0 -3.5
v 12 -1 -3.5
v 12 0 3.5
v 12 -1 3.5
v 11 0 -3.5
v 11 0 3.5
v 11 -1 3.5
v 11 -1 -3.5
v 5 -1 -3
v 5 -1 3
v 4 0 -3
v 4 0 3
v 4 -1 3
v 4 -1 -3
v -1 0 -3
v -1 -1 -3
v -1 0 3
v -1 -1 3
v -2 -1 3
v -2 -1 -3
v -25 0 -1
v -25 -1 -1
v -25 0 1
v -25 -1 1
v -26 0 -1
v -26 0 1
v -26 -1 1
v -26 -1 -1
v 4 -2 -3
v 4 -2 3
v -1 -2 3
v -1 -2 -3
v -20 -1 -1.5
v -20 -2 -1.5
v -20 -1 1.5
v -20 -2 1.5
v -25 -1 -1.5
v -25 -1 1.5
v -25 -2 1.5
v -25 -2 -1.5
v 12 -5 -3
v 12 -6 -3
v 12 -5 3
v 12 -6 3
v 11 -5 -3
v 11 -5 3
v 11 -6 3
v 11 -6 -3
v 8 6 -1
v 8 6 1
v 8 5 1
v 8 5 -1
v 9 3 -2
v 9 3 2
v 9 2 2
v 9 2 -2
v 6 3 -1.5
v 6 2 -1.5
v 6 3 1.5
v 6 2 1.5
v 5 3 -1.5
v 5 3 1.5
v 5 2 1.5
v 5 2 -1.5
v -17 3 -0.5
v -17 2 -0.5
v -17 3 0.5
v -17 2 0.5
v -19 3 -0.5
v -19 3 0.5
v -19 2 0.5
v -19 2 -0.5
v 27 2 -2.5
v 27 -1 -2.5
v 27 2 2.5
v 27 -1 2.5
v 26 2 -2.5
v 26 2 2.5
v 26 -1 2.5
v 26 -1 -2.5
v 18 2 -2.5
v 18 1 -2.5
v 18 2 2.5
v 18 1 2.5
v 16 2 -2.5
v 16 2 2.5
v 16 1 2.5
v 16 1 -2.5
v 11 2 -2.5
v 11 1 -2.5
v 11 2 2.5
v 11 1 2.5
v 19 1 -2.5
v 19 0 -2.5
v 19 1 2.5
v 19 0 2.5
v 18 0 2.5
v 18 0 -2.5
v 16 0 -2.5
v 16 0 2.5
v 15 1 -2.5
v 15 1 2.5
v 15 0 2.5
v 15 0 -2.5
v 9 1 -2
v 9 0 -2
v 9 1 2
v 9 0 2
v 7 1 -2
v 7 1 2
v 7 0 2
v 7 0 -2
v -19 1 -1
v -19 0 -1
v -19 1 1
v -19 0 1
v -20 1 -1
v -20 1 1
v -20 0 1
v -20 0 -1
v 25 0 -2.5
v 25 -1 -2.5
v 25 0 2.5
v 25 -1 2.5
v 24 0 -2.5
v 24 0 2.5
v 24 -1 2.5
v 24 -1 -2.5
v 20 0 -2.5
v 20 -1 -2.5
v 20 0 2.5
v 20 -1 2.5
v 19 -1 2.5
v 19 -1 -2.5
v 15 -1 -2.5
v 15 -1 2.5
v 13 0 -2.5
v 13 0 2.5
v 13 -1 2.5
v 13 -1 -2.5
v 22 -1 -2.5
v 22 -2 -2.5
v 22 -1 2.5
v 22 -2 2.5
v 20 -2 2.5
v 20 -2 -2.5
v 14 -1 -2.5
v 14 -2 -2.5
v 14 -1 2.5
v 14 -2 2.5
v 13 -2 2.5
v 13 -2 -2.5
v 5 -1 -2
v 5 -3 -2
v 5 -1 2
v 5 -3 2
v 4 -1 -2
v 4 -1 2
v 4 -3 2
v 4 -3 -2
v -2 -1 -2
v -2 -2 -2
v -2 -1 2
v -2 -2 2
v -13 -1 -2
v -13 -1 2
v -13 -2 2
v -13 -2 -2
v -14 -1 -2
v -14 -2 -2
v -14 -1 2
v -14 -2 2
v -15 -1 -2
v -15 -1 2
v -15 -2 2
v -15 -2 -2
v -17 -1 -2
v -17 -2 -2
v -17 -1 2
v -17 -2 2
v -18 -1 -2
v -18 -1 2
v -18 -2 2
v -18 -2 -2
v -19 -1 -1.5
v -19 -2 -1.5
v -19 -1 1.5
v -19 -2 1.5
v 25 -2 -2
v 25 -3 -2
v 25 -2 2
v 25 -3 2
v 22 -2 -2
v 22 -2 2
v 22 -3 2
v 22 -3 -2
v 4 -2 -2
v 4 -2 2
v 0 -2 -2
v 0 -2 2
v 0 -3 2
v 0 -3 -2
v -20 -2 -1
v -20 -3 -1
v -20 -2 1
v -20 -3 1
v -21 -2 -1
v -21 -2 1
v -21 -3 1
v -21 -3 -1
v -22 -2 -1
v -22 -3 -1
v -22 -2 1
v -22 -3 1
v -23 -2 -1
v -23 -2 1
v -23 -3 1
v -23 -3 -1
v -24 -2 -1
v -24 -3 -1
v -24 -2 1
v -24 -3 1
v -26 -2 -1
v -26 -2 1
v -26 -3 1
v -26 -3 -1
v 23 -3 -2
v 23 -4 -2
v 23 -3 2
v 23 -4 2
v 20 -3 -2
v 20 -3 2
v 20 -4 2
v 20 -4 -2
v 13 -3 -2
v 13 -4 -2
v 13 -3 2
v 13 -4 2
v 12 -3 -2
v 12 -3 2
v 12 -4 2
v 12 -4 -2
v 11 -3 -2
v 11 -4 -2
v 11 -3 2
v 11 -4 2
v 10 -3 -2
v 10 -3 2
v 10 -4 2
v 10 -4 -2
v 6 -3 -2
v 6 -4 -2
v 6 -3 2
v 6 -4 2
v 5 -4 2
v 5 -4 -2
v -1 -3 -2
v -1 -4 -2
v -1 -3 2
v -1 -4 2
v -17 -3 -2
v -17 -3 2
v -17 -4 2
v -17 -4 -2
v 20 -5 -2
v 20 -5 2
v 19 -4 -2
v 19 -4 2
v 19 -5 2
v 19 -5 -2
v 15 -4 -2
v 15 -5 -2
v 15 -4 2
v 15 -5 2
v 14 -4 -2
v 14 -4 2
v 14 -5 2
v 14 -5 -2
v 10 -5 -2
v 10 -5 2
v 8 -4 -2
v 8 -4 2
v 8 -5 2
v 8 -5 -2
v 16 -5 -1.5
v 16 -6 -1.5
v 16 -5 1.5
v 16 -6 1.5
v 15 -5 -1.5
v 15 -5 1.5
v 15 -6 1.5
v 15 -6 -1.5
v 14 -5 -1.5
v 14 -6 -1.5
v 14 -5 1.5
v 14 -6 1.5
v 13 -5 -1.5
v 13 -5 1.5
v 13 -6 1.5
v 13 -6 -1.5
v 13 5 -1
v 13 4 -1
v 13 5 1
v 13 4 1
v 12 4 1
v 12 4 -1
v 1 3 -1
v 1 3 1
v 0 4 -1
v 0 4 1
v 0 3 1
v 0 3 -1
v 10 5 -1.5
v 10 5 1.5
v 10 4 1.5
v 10 4 -1.5
v 3 4 -1.5
v 3 3 -1.5
v 3 4 1.5
v 3 3 1.5
v 2 4 -1.5
v 2 4 1.5
v 2 3 1.5
v 2 3 -1.5
v 25 2 -2.5
v 25 2 2.5
v 24 2 -2.5
v 24 2 2.5
v 22 2 -2.5
v 22 2 2.5
v -13 1 -2.5
v -13 -2 -2.5
v -13 1 2.5
v -13 -2 2.5
v -14 1 -2.5
v -14 1 2.5
v -14 -2 2.5
v -14 -2 -2.5
v -15 1 -2.5
v -15 -2 -2.5
v -15 1 2.5
v -15 -2 2.5
v -17 1 -2.5
v -17 1 2.5
v -17 -2 2.5
v -17 -2 -2.5
v 18 -1 -3
v 18 -2 -3
v 18 -1 3
v 18 -2 3
v 17 -1 -3
v 17 -1 3
v 17 -2 3
v 17 -2 -3
v 17 -3 -3
v 17 -3 3
v 16 -2 -3
v 16 -2 3
v 16 -3 3
v 16 -3 -3
v 13 -5 2
v 13 -5 -2
v 7 -4 -2
v 7 -5 -2
v 7 -4 2
v 7 -5 2
v 6 -5 2
v 6 -5 -2
v 10 3 -1.5
v 10 3 1.5
v 9 5 -1.5
v 9 5 1.5
v 9 3 1.5
v 9 3 -1.5
v 11 3 -1.5
v 11 3 1.5
v 8 4 -1.5
v 8 3 -1.5
v 8 4 1.5
v 8 3 1.5
v 7 4 -1.5
v 7 4 1.5
v 7 3 1.5
v 7 3 -1.5
v 5 4 -1.5
v 5 4 1.5
v 1 4 -1.5
v 1 4 1.5
v 1 3 1.5
v 1 3 -1.5
v 27 3 -2
v 27 2 -2
v 27 3 2
v 27 2 2
v 26 3 -2
v 26 3 2
v 26 2 2
v 26 2 -2
v 20 2 -2.5
v 20 2 2.5
v 20 1 -2.5
v 20 1 2.5
v 15 2 -2.5
v 15 2 2.5
v 14 2 -2.5
v 14 1 -2.5
v 14 2 2.5
v 14 1 2.5
v 5 2 -2.5
v 5 1 -2.5
v 5 2 2.5
v 5 1 2.5
v -7 2 -1.5
v -7 1 -1.5
v -7 2 1.5
v -7 1 1.5
v -8 2 -1.5
v -8 2 1.5
v -8 1 1.5
v -8 1 -1.5
v -10 2 -1.5
v -10 1 -1.5
v -10 2 1.5
v -10 1 1.5
v -11 2 -1.5
v -11 2 1.5
v -11 1 1.5
v -11 1 -1.5
v 14 0 2.5
v 14 0 -2.5
v 4 1 -3
v 4 1 3
v 2 1 -3
v 2 -1 -3
v 2 1 3
v 2 -1 3
v 1 1 -3
v 1 1 3
v 1 -1 3
v 1 -1 -3
v 0 1 -3
v 0 -1 -3
v 0 1 3
v 0 -1 3
v -1 1 -3
v -1 1 3
v -4 -1 -2.5
v -4 -1 2.5
v -7 1 -2.5
v -7 1 2.5
v -7 -1 2.5
v -7 -1 -2.5
v -8 1 -2.5
v -8 -1 -2.5
v -8 1 2.5
v -8 -1 2.5
v -10 1 -2.5
v -10 1 2.5
v -10 -1 2.5
v -10 -1 -2.5
v -11 1 -2.5
v -11 -1 -2.5
v -11 1 2.5
v -11 -1 2.5
v -13 -1 2.5
v -13 -1 -2.5
v -14 -1 -2.5
v -14 -1 2.5
v -15 -1 2.5
v -15 -1 -2.5
v -17 -1 -2.5
v -17 -1 2.5
v 2 0 -3
v 2 0 3
v 1 0 -3
v 1 0 3
v 0 0 -3
v 0 0 3
v -3 0 -2.5
v -3 -1 -2.5
v -3 0 2.5
v -3 -1 2.5
v -4 0 -2.5
v -4 0 2.5
v -7 0 -2.5
v -7 0 2.5
v -8 0 -2.5
v -8 0 2.5
v -10 0 -2.5
v -10 0 2.5
v -11 0 -2.5
v -11 0 2.5
v -20 -1 -1
v -20 -1 1
v 16 -1 -3
v 16 -1 3
v 10 -1 -2.5
v 10 -2 -2.5
v 10 -1 2.5
v 10 -2 2.5
v 7 -1 -2.5
v 7 -1 2.5
v 7 -2 2.5
v 7 -2 -2.5
v 18 -3 -3
v 18 -3 3
v -2 -2 -2.5
v -2 -3 -2.5
v -2 -2 2.5
v -2 -3 2.5
v -13 -3 2.5
v -13 -3 -2.5
v -14 -3 -2.5
v -14 -3 2.5
v -15 -3 2.5
v -15 -3 -2.5
v -17 -3 -2.5
v -17 -3 2.5
v -18 -2 -2.5
v -18 -2 2.5
v -18 -3 2.5
v -18 -3 -2.5
v 19 -3 -2
v 19 -3 2
v 15 -3 -2
v 15 -3 2
v 8 -3 -2
v 8 -3 2
v 7 -3 -2
v 7 -3 2
v 18 -4 -2
v 18 -4 2
v 18 -5 2
v 18 -5 -2
v 16 -4 -2
v 16 -5 -2
v 16 -4 2
v 16 -5 2
v 5 -5 2
v 5 -5 -2
v 18 -5 -1.5
v 18 -6 -1.5
v 18 -5 1.5
v 18 -6 1.5
v 8 -5 -1.5
v 8 -6 -1.5
v 8 -5 1.5
v 8 -6 1.5
v 6 -5 -1.5
v 6 -5 1.5
v 6 -6 1.5
v 6 -6 -1.5
v 8 5 -1.5
v 8 5 1.5
v 7 5 -0.5
v 7 4 -0.5
v 7 5 0.5
v 7 4 0.5
v 6 5 -0.5
v 6 5 0.5
v 6 4 0.5
v 6 4 -0.5
v 6 4 -1.5
v 6 4 1.5
v 2 2 -1.5
v 2 2 1.5
v 1 2 1.5
v 1 2 -1.5
v 15 2 -2
v 15 1 -2
v 15 2 2
v 15 1 2
v 14 2 -2
v 14 2 2
v 14 1 2
v 14 1 -2
v 6 2 -2
v 6 1 -2
v 6 2 2
v 6 1 2
v 5 2 -2
v 5 2 2
v 5 1 2
v 5 1 -2
v -4 2 -1.5
v -4 1 -1.5
v -4 2 1.5
v -4 1 1.5
v -5 2 -1.5
v -5 2 1.5
v -5 1 1.5
v -5 1 -1.5
v 14 0 -2
v 14 0 2
v 13 1 -2
v 13 1 2
v 13 0 2
v 13 0 -2
v 6 0 2
v 6 0 -2
v -3 1 -2
v -3 0 -2
v -3 1 2
v -3 0 2
v -4 1 -2
v -4 1 2
v -4 0 2
v -4 0 -2
v 12 0 -2.5
v 12 0 2.5
v 12 -1 2.5
v 12 -1 -2.5
v 6 -1 -2
v 6 -1 2
v 5 0 -2
v 5 0 2
v -2 0 -2
v -2 0 2
v -3 -1 2
v -3 -1 -2
v -19 0 -1.5
v -19 0 1.5
v -20 0 -1.5
v -20 0 1.5
v -18 -3 -2
v -18 -3 2
v -19 -1 -2
v -19 -1 2
v -19 -3 2
v -19 -3 -2
v -1 -2 -2
v -1 -2 2
v -2 -3 2
v -2 -3 -2
v 4 -5 -2
v 4 -5 2
v 3 -3 -2
v 3 -3 2
v 3 -5 2
v 3 -5 -2
v 2 -3 -2
v 2 -5 -2
v 2 -3 2
v 2 -5 2
v 1 -3 -2
v 1 -3 2
v 1 -5 2
v 1 -5 -2
v -18 -4 2
v -18 -4 -2
v -19 -3 -1
v -19 -4 -1
v -19 -3 1
v -19 -4 1
v -20 -4 1
v -20 -4 -1
v 11 -5 -2
v 11 -5 2
v 25 3 -2
v 25 3 2
v 25 2 2
v 25 2 -2
v 24 3 -2
v 24 2 -2
v 24 3 2
v 24 2 2
v 22 3 -2
v 22 3 2
v 22 2 2
v 22 2 -2
v -15 2 -2
v -15 1 -2
v -15 2 2
v -15 1 2
v -17 2 -2
v -17 2 2
v -17 1 2
v -17 1 -2
v 13 4 -1.5
v 13 3 -1.5
v 13 4 1.5
v 13 3 1.5
v 12 3 1.5
v 12 3 -1.5
v 3 2 -1.5
v 3 2 1.5
v 5 -5 -1.5
v 5 -5 1.5
v 5 -6 1.5
v 5 -6 -1.5
v 7 2 -2.5
v 7 2 2.5
v 7 1 2.5
v 7 1 -2.5
v 7 2 -2
v 7 2 2
v -5 2 -2
v -5 1 -2
v -5 2 2
v -5 1 2
v -7 2 -2
v -7 2 2
v -7 1 2
v -7 1 -2
v -8 2 -2
v -8 1 -2
v -8 2 2
v -8 1 2
v -10 2 -2
v -10 2 2
v -10 1 2
v -10 1 -2
v -11 2 -2
v -11 1 -2
v -11 2 2
v -11 1 2
v -13 2 -2
v -13 2 2
v -13 1 2
v -13 1 -2
v -14 2 -2
v -14 1 -2
v -14 2 2
v -14 1 2
v 12 -2 -3.5
v 12 -2 3.5
v 11 -2 3.5
v 11 -2 -3.5
v -26 -1 -1.5
v -26 -1 1.5
v -26 -2 1.5
v -26 -2 -1.5
v 11 -3 -3.5
v 11 -3 3.5
v 10 -2 -3.5
v 10 -2 3.5
v 10 -3 3.5
v 10 -3 -3.5
v 4 -5 -1.5
v 4 -5 1.5
v 4 -6 1.5
v 4 -6 -1.5
v 3 -6 -2
v 3 -6 2
v 2 -6 2
v 2 -6 -2
v 1 -6 -2
v 1 -6 2
v 0 -5 -2
v 0 -5 2
v 0 -6 2
v 0 -6 -2
v 9 2 -1.5
v 9 2 1.5
v 27 -2 -1.5
v 27 -3 -1.5
v 27 -2 1.5
v 27 -3 1.5
v 26 -2 -1.5
v 26 -2 1.5
v 26 -3 1.5
v 26 -3 -1.5
v 26 -2 -2
v 26 -3 -2
v 26 -2 2
v 26 -3 2
v 25 -3 -1.5
v 25 -4 -1.5
v 25 -3 1.5
v 25 -4 1.5
v 23 -3 -1.5
v 23 -3 1.5
v 23 -4 1.5
v 23 -4 -1.5
v 22 -4 -1.5
v 22 -5 -1.5
v 22 -4 1.5
v 22 -5 1.5
v 20 -4 -1.5
v 20 -4 1.5
v 20 -5 1.5
v 20 -5 -1.5
v 19 -5 -1.5
v 19 -6 -1.5
v 19 -5 1.5
v 19 -6 1.5
v 18 1 -2
v 18 0 -2
v 18 1 2
v 18 0 2
v 16 1 -2
v 16 1 2
v 16 0 2
v 16 0 -2
v -7 0 -2
v -7 0 2
v -8 0 2
v -8 0 -2
v -10 0 -2
v -10 0 2
v -11 0 2
v -11 0 -2
v 19 0 -2
v 19 -1 -2
v 19 0 2
v 19 -1 2
v 18 -1 2
v 18 -1 -2
v 16 -1 -2
v 16 -1 2
v 15 0 -2
v 15 0 2
v 15 -1 2
v 15 -1 -2
v 27 -1 -2
v 27 -2 -2
v 27 -1 2
v 27 -2 2
v 22 -1 -2
v 22 -1 2
v 20 -1 -2
v 20 -1 2
v 14 -1 -2
v 14 -1 2
v 14 -3 2
v 14 -3 -2
v 20 -2 -2
v 20 -2 2
v -19 -3 -1.5
v -19 -3 1.5
v -20 -3 1.5
v -20 -3 -1.5
v -21 -2 -0.5
v -21 -3 -0.5
v -21 -2 0.5
v -21 -3 0.5
v -22 -2 -0.5
v -22 -2 0.5
v -22 -3 0.5
v -22 -3 -0.5
v -23 -2 -0.5
v -23 -3 -0.5
v -23 -2 0.5
v -23 -3 0.5
v -24 -2 -0.5
v -24 -2 0.5
v -24 -3 0.5
v -24 -3 -0.5
v 26 -4 -1.5
v 26 -4 1.5
v 18 -3 -2
v 18 -3 2
v 16 -3 -2
v 16 -3 2
v 0 -4 -2
v 0 -4 2
v 23 -5 -1.5
v 23 -5 1.5
v 12 -5 2
v 12 -5 -2
v 0 -4 -1.5
v 0 -5 -1.5
v 0 -4 1.5
v 0 -5 1.5
v -18 -4 -1.5
v -18 -4 1.5
v -18 -5 1.5
v -18 -5 -1.5
v 20 -6 -1.5
v 20 -6 1.5
v 12 -5 -1.5
v 12 -5 1.5
v 12 -6 1.5
v 12 -6 -1.5
v 3 -5 -1.5
v 3 -5 1.5
v 3 -6 1.5
v 3 -6 -1.5
v 2 -5 -1.5
v 2 -6 -1.5
v 2 -5 1.5
v 2 -6 1.5
v 1 -5 -1.5
v 1 -5 1.5
v 1 -6 1.5
v 1 -6 -1.5
v 0 -5 -1
v 0 -6 -1
v 0 -5 1
v 0 -6 1
v -1 -5 -1
v -1 -5 1
v -1 -6 1
v -1 -6 -1
v 12 1 -2
v 12 1 2
v 12 0 2
v 12 0 -2
v 11 0 -2.5
v 11 -1 -2.5
v 11 0 2.5
v 11 -1 2.5
v 9 0 -2.5
v 9 0 2.5
v 9 -1 2.5
v 9 -1 -2.5
v 12 -2 2.5
v 12 -2 -2.5
v 6 -1 -2.5
v 6 -3 -2.5
v 6 -1 2.5
v 6 -3 2.5
v 5 -1 -2.5
v 5 -1 2.5
v 5 -3 2.5
v 5 -3 -2.5
v -1 -1 -2
v -1 -1 2
v 14 -2 -2
v 14 -2 2
v 11 -2 -2
v 11 -2 2
v 10 -2 -2
v 10 -2 2
v 7 -2 -2
v 7 -2 2
v 12 1 -3.5
v 12 1 3.5
v 11 1 -3.5
v 11 1 3.5
v 9 0 -3.5
v 9 -1 -3.5
v 9 0 3.5
v 9 -1 3.5
v 8 0 -3.5
v 8 0 3.5
v 8 -1 3.5
v 8 -1 -3.5
v 7 -1 -3.5
v 7 -3 -3.5
v 7 -1 3.5
v 7 -3 3.5
v 6 -1 -3.5
v 6 -1 3.5
v 6 -3 3.5
v 6 -3 -3.5
v 12 -3 -3.5
v 12 -4 -3.5
v 12 -3 3.5
v 12 -4 3.5
v 11 -4 3.5
v 11 -4 -3.5
v 10 -5 -3.5
v 10 -6 -3.5
v 10 -5 3.5
v 10 -6 3.5
v 8 -5 -3.5
v 8 -5 3.5
v 8 -6 3.5
v 8 -6 -3.5
v 9 1 -3.5
v 9 1 3.5
v 6 0 -3.5
v 6 0 3.5
v 18 -1 -2.5
v 18 -1 2.5
v 16 -1 2.5
v 16 -1 -2.5
v 19 -2 -2.5
v 19 -2 2.5
v 18 -2 2.5
v 18 -2 -2.5
v 16 -3 -2.5
v 16 -3 2.5
v 15 -3 2.5
v 15 -3 -2.5
v 18 -3 -2.5
v 18 -4 -2.5
v 18 -3 2.5
v 18 -4 2.5
v 16 -4 2.5
v 16 -4 -2.5
v -26 0 -0.5
v -26 -1 -0.5
v -26 0 0.5
v -26 -1 0.5
v -27 0 -0.5
v -27 0 0.5
v -27 -1 0.5
v -27 -1 -0.5
v -27 -1 -1
v -27 -1 1
v -27 -2 1
v -27 -2 -1
v -26 -2 -0.5
v -26 -3 -0.5
v -26 -2 0.5
v -26 -3 0.5
v -27 -2 -0.5
v -27 -2 0.5
v -27 -3 0.5
v -27 -3 -0.5
v 10 -1 -3.5
v 10 -1 3.5
v 19 -3 -2.5
v 19 -3 2.5
v 8 -3 -3.5
v 8 -3 3.5
v 7 -5 3.5
v 7 -5 -3.5
v 5 -5 -2.5
v 5 -5 2.5
v 4 -3 -2.5
v 4 -3 2.5
v 4 -5 2.5
v 4 -5 -2.5
v 3 -3 -2.5
v 3 -5 -2.5
v 3 -3 2.5
v 3 -5 2.5
v 2 -3 -2.5
v 2 -3 2.5
v 2 -5 2.5
v 2 -5 -2.5
v 1 -3 -2.5
v 1 -5 -2.5
v 1 -3 2.5
v 1 -5 2.5
v 0 -3 -2.5
v 0 -3 2.5
v 0 -5 2.5
v 0 -5 -2.5
v 12 -5 -3.5
v 12 -5 3.5
v 11 -5 3.5
v 11 -5 -3.5
v 11 -6 -3.5
v 11 -6 3.5
v -2 -5 -1
v -2 -6 -1
v -2 -5 1
v -2 -6 1
v -3 -5 -1
v -3 -5 1
v -3 -6 1
v -3 -6 -1
v -4 -5 -1
v -4 -6 -1
v -4 -5 1
v -4 -6 1
v -5 -5 -1
v -5 -5 1
v -5 -6 1
v -5 -6 -1
v -6 -5 -1
v -6 -6 -1
v -6 -5 1
v -6 -6 1
v -7 -5 -1
v -7 -5 1
v -7 -6 1
v -7 -6 -1

vn 1 0 0
vn 0 1 0
vn 0 -1 0
vn -1 0 0
vn 0 0 -1
vn 0 0 1

vt -19.68504 19.68504
vt 19.68504 19.68504
vt -19.68504 -19.68504
vt 0 NaN
vt 0 0
vt 0 NaN
vt 0 NaN
vt 0 NaN
vt 0 NaN
vt 0 NaN
vt 19.68504 -19.68504
vt 0 NaN
vt 0 NaN
vt 0 NaN
vt 0 NaN
vt 0 NaN
vt 0 NaN
vt 0 NaN
vt 0 NaN
vt 0 NaN
vt 0 NaN
vt 0 NaN
vt 0 NaN
vt 0 NaN
vt 0 NaN
vt 0 NaN
vt 0 NaN
vt 0 NaN
vt 0 NaN
vt 0 NaN
vt 0 NaN
vt 0 NaN
vt 0 NaN
vt 0 NaN
vt 0 NaN
vt 0 NaN
vt 0 NaN
vt 0 NaN
vt 0 NaN
vt 0 NaN
vt 0 NaN
vt 0 NaN
vt 0 NaN
vt 0 NaN
vt 0 NaN
vt 0 NaN
vt 0 NaN
vt 0 NaN
vt 0 NaN
vt 0 NaN
vt 0 NaN
vt 0 NaN
vt 0 NaN
vt 0 NaN
vt 0 NaN
vt 0 NaN
vt 0 NaN
vt 0 NaN
vt 0 NaN
vt 0 NaN
vt 0 NaN
vt 0 NaN
vt 0 NaN
vt 0 NaN
vt 0 NaN
vt 0 NaN
vt 0 NaN
vt 0 NaN
vt 0 NaN
vt 0 NaN
vt 0 NaN
vt 0 NaN
vt 0 NaN
vt 0 NaN
vt 0 NaN
vt 0 NaN
vt 0 NaN
vt 0 NaN
vt 0 NaN
vt 0 NaN
vt 0 NaN
vt 0 NaN
vt 0 NaN
vt 0 NaN
vt 0 NaN
vt 0 NaN
vt 0 NaN
vt 0 NaN
vt 0 NaN
vt 0 NaN
vt 0 NaN
vt 0 NaN
vt 0 NaN
vt 0 NaN
vt 0 NaN
vt 0 NaN
vt 0 NaN
vt 0 NaN
vt 0 NaN
vt 0 NaN
vt 0 NaN
vt 0 NaN
vt 0 NaN
vt 0 NaN
vt 0 NaN
vt 0 NaN
vt 0 NaN
vt 0 NaN
vt 0 NaN
vt 0 NaN
vt 0 NaN
vt 0 NaN
vt 0 NaN
vt 0 NaN
vt 0 NaN
vt 0 NaN
vt 0 NaN
vt 0 NaN
vt 0 NaN
vt 0 NaN
vt 0 NaN
vt 0 NaN
vt 0 NaN
vt 0 NaN
vt 0 NaN
vt 0 NaN
vt 0 NaN
vt 0 NaN
vt 0 NaN
vt 0 NaN
vt 0 NaN
vt 0 NaN
vt 0 NaN
vt 0 NaN
vt 0 NaN
vt 0 NaN
vt 0 NaN
vt 0 NaN
vt 0 NaN
vt 0 NaN
vt 0 NaN
vt 0 NaN
vt 0 NaN
vt 0 NaN
vt 0 NaN
vt 0 NaN
vt 0 NaN
vt 0 NaN
vt 0 NaN
vt 0 NaN
vt 0 NaN
vt 0 NaN
vt 0 NaN
vt 0 NaN
vt 0 NaN
vt 0 NaN
vt 0 NaN
vt 0 NaN
vt 0 NaN
vt 0 NaN
vt 0 NaN
vt 0 NaN
vt 0 NaN
vt 0 NaN
vt 0 NaN
vt 0 NaN
vt 0 NaN
vt 0 NaN
vt 0 NaN
vt 0 NaN
vt 0 NaN
vt 0 NaN
vt 0 NaN
vt 0 NaN
vt 0 NaN
vt 0 NaN
vt 0 NaN
vt 0 NaN
vt 0 NaN
vt 0 NaN
vt 0 NaN
vt 0 NaN
vt 0 NaN
vt 0 NaN
vt 0 NaN
vt 0 NaN
vt 0 NaN
vt 0 NaN
vt 0 NaN
vt 0 NaN
vt 0 NaN
vt 0 NaN
vt 0 NaN
vt 0 NaN
vt 0 NaN
vt 0 NaN
vt 0 NaN
vt 0 NaN
vt 0 NaN
vt 0 NaN
vt 0 NaN
vt 0 NaN
vt 0 NaN
vt 0 NaN
vt 0 NaN
vt 0 NaN
vt 0 NaN
vt 0 NaN
vt 0 NaN
vt 0 NaN
vt 0 NaN
vt 0 NaN
vt 0 NaN
vt 0 NaN
vt 0 NaN
vt 0 NaN
vt 0 NaN
vt 0 NaN
vt 0 NaN
vt 0 NaN
vt 0 NaN
vt 0 NaN
vt 0 NaN
vt 0 NaN
vt 0 NaN
vt 0 NaN
vt 0 NaN
vt 0 NaN
vt 0 NaN
vt 0 NaN
vt 0 NaN
vt 0 NaN
vt 0 NaN
vt 0 NaN
vt 0 NaN
vt 0 NaN
vt 0 NaN
vt 0 NaN
vt 0 NaN
vt 0 NaN
vt 0 NaN
vt 0 NaN
vt 0 NaN
vt 0 NaN
vt 0 NaN
vt 0 NaN
vt 0 NaN
vt 0 NaN
vt 0 NaN
vt 0 NaN
vt 0 NaN
vt 0 NaN
vt 0 NaN
vt 0 NaN
vt 0 NaN
vt 0 NaN
vt 0 NaN
vt 0 NaN
vt 0 NaN
vt 0 NaN
vt 0 NaN
vt 0 NaN
vt 0 NaN
vt 0 NaN
vt 0 NaN
vt 0 NaN
vt 0 NaN
vt 0 NaN
vt 0 NaN
vt 0 NaN
vt 0 NaN
vt 0 NaN
vt 0 NaN
vt 0 NaN
vt 0 NaN
vt 0 NaN
vt 0 NaN
vt 0 NaN
vt 0 NaN
vt 0 NaN
vt 0 NaN
vt 0 NaN
vt 0 NaN
vt 0 NaN
vt 0 NaN
vt 0 NaN
vt 0 NaN
vt 0 NaN
vt 0 NaN
vt 0 NaN
vt 0 NaN
vt 0 NaN
vt 0 NaN
vt 0 NaN
vt 0 NaN
vt 0 NaN
vt 0 NaN
vt 0 NaN
vt 0 NaN
vt 0 NaN
vt 0 NaN
vt 0 NaN
vt 0 NaN
vt 0 NaN
vt 0 NaN
vt 0 NaN
vt 0 NaN
vt 0 NaN
vt 0 NaN
vt 0 NaN
vt 0 NaN
vt 0 NaN
vt 0 NaN
vt 0 NaN
vt 0 NaN
vt 0 NaN
vt 0 NaN
vt 0 NaN
vt 0 NaN
vt 0 NaN
vt 0 NaN
vt 0 NaN
vt 0 NaN
vt 0 NaN
vt 0 NaN
vt 0 NaN
vt 0 NaN
vt 0 NaN
vt 0 NaN
vt 0 NaN
vt 0 NaN
vt 0 NaN
vt 0 NaN
vt 0 NaN
vt 0 NaN
vt 0 NaN
vt 0 NaN
vt 0 NaN
vt 0 NaN
vt 0 NaN
vt 0 NaN
vt 0 NaN
vt 0 NaN
vt 0 NaN
vt 0 NaN
vt 0 NaN
vt 0 NaN
vt 0 NaN
vt 0 NaN
vt 0 NaN
vt 0 NaN
vt 0 NaN
vt 0 NaN
vt 0 NaN
vt 0 NaN
vt 0 NaN
vt 0 NaN
vt 0 NaN
vt 0 NaN
vt 0 NaN
vt 0 NaN
vt 0 NaN
vt 0 NaN
vt 0 NaN
vt 0 NaN
vt 0 NaN
vt 0 NaN
vt 0 NaN
vt 0 NaN
vt 0 NaN
vt 0 NaN
vt 0 NaN
vt 0 NaN
vt 0 NaN
vt 0 NaN
vt 0 NaN
vt 0 NaN
vt 0 NaN
vt 0 NaN
vt 0 NaN
vt 0 NaN
vt 0 NaN
vt 0 NaN
vt 0 NaN
vt 0 NaN
vt 0 NaN
vt 0 NaN
vt 0 NaN
vt 0 NaN
vt 0 NaN
vt 0 NaN
vt 0 NaN
vt 0 NaN
vt 0 NaN
vt 0 NaN
vt 0 NaN
vt 0 NaN
vt 0 NaN
vt 0 NaN
vt 0 NaN
vt 0 NaN
vt 0 NaN
vt 0 NaN
vt 0 NaN
vt 0 NaN
vt 0 NaN
vt 0 NaN
vt 0 NaN
vt 0 NaN
vt 0 NaN
vt 0 NaN
vt 0 NaN
vt 0 NaN
vt 0 NaN
vt 0 NaN
vt 0 NaN
vt 0 NaN
vt 0 NaN
vt 0 NaN
vt 0 NaN
vt 0 NaN
vt 0 NaN
vt 0 NaN
vt 0 NaN
vt 0 NaN
vt 0 NaN
vt 0 NaN
vt 0 NaN
vt 0 NaN
vt 0 NaN
vt 0 NaN
vt 0 NaN
vt 0 NaN
vt 0 NaN
vt 0 NaN
vt 0 NaN
vt 0 NaN
vt 0 NaN
vt 0 NaN
vt 0 NaN
vt 0 NaN
vt 0 NaN
vt 0 NaN
vt 0 NaN
vt 0 NaN
vt 0 NaN
vt 0 NaN
vt 0 NaN
vt 0 NaN
vt 0 NaN
vt 0 NaN
vt 0 NaN
vt 0 NaN
vt 0 NaN
vt 0 NaN
vt 0 NaN
vt 0 NaN
vt 0 NaN
vt 0 NaN
vt 0 NaN
vt 0 NaN
vt 0 NaN
vt 0 NaN
vt 0 NaN
vt 0 NaN
vt 0 NaN
vt 0 NaN
vt 0 NaN
vt 0 NaN
vt 0 NaN
vt 0 NaN
vt 0 NaN
vt 0 NaN
vt 0 NaN
vt 0 NaN
vt 0 NaN
vt 0 NaN
vt 0 NaN
vt 0 NaN
vt 0 NaN
vt 0 NaN
vt 0 NaN
vt 0 NaN
vt 0 NaN
vt 0 NaN
vt 0 NaN
vt 0 NaN
vt 0 NaN
vt 0 NaN
vt 0 NaN
vt 0 NaN
vt 0 NaN
vt 0 NaN
vt 0 NaN
vt 0 NaN
vt 0 NaN
vt 0 NaN
vt 0 NaN
vt 0 NaN
vt 0 NaN
vt 0 NaN
vt 0 NaN
vt 0 NaN
vt 0 NaN
vt 0 NaN
vt 0 NaN
vt 0 NaN
vt 0 NaN
vt 0 NaN
vt 0 NaN
vt 0 NaN
vt 0 NaN
vt 0 NaN
vt 0 NaN
vt 0 NaN
vt 0 NaN
vt 0 NaN
vt 0 NaN
vt 0 NaN
vt 0 NaN
vt 0 NaN
vt 0 NaN
vt 0 NaN
vt 0 NaN
vt 0 NaN
vt 0 NaN
vt 0 NaN
vt 0 NaN
vt 0 NaN
vt 0 NaN
vt 0 NaN
vt 0 NaN
vt 0 NaN
vt 0 NaN
vt 0 NaN
vt 0 NaN
vt 0 NaN
vt 0 NaN
vt 0 NaN
vt 0 NaN
vt 0 NaN
vt 0 NaN
vt 0 NaN
vt 0 NaN
vt 0 NaN
vt 0 NaN
vt 0 NaN
vt 0 NaN
vt 0 NaN
vt 0 NaN
vt 0 NaN
vt 0 NaN
vt 0 NaN
vt 0 NaN
vt 0 NaN
vt 0 NaN
vt 0 NaN
vt 0 NaN
vt 0 NaN
vt 0 NaN
vt 0 NaN
vt 0 NaN
vt 0 NaN
vt 0 NaN
vt 0 NaN
vt 0 NaN
vt 0 NaN
vt 0 NaN
vt 0 NaN
vt 0 NaN
vt 0 NaN
vt 0 NaN
vt 0 NaN
vt 0 NaN
vt 0 NaN
vt 0 NaN
vt 0 NaN
vt 0 NaN
vt 0 NaN
vt 0 NaN
vt 0 NaN
vt 0 NaN
vt 0 NaN
vt 0 NaN
vt 0 NaN
vt 0 NaN
vt 0 NaN
vt 0 NaN
vt 0 NaN
vt 0 NaN
vt 0 NaN
vt 0 NaN
vt 0 NaN
vt 0 NaN
vt 0 NaN
vt 0 NaN
vt 0 NaN
vt 0 NaN
vt 0 NaN
vt 0 NaN
vt 0 NaN
vt 0 NaN
vt 0 NaN
vt 0 NaN
vt 0 NaN
vt 0 NaN
vt 0 NaN
vt 0 NaN
vt 0 NaN
vt 0 NaN
vt 0 NaN
vt 0 NaN
vt 0 NaN
vt 0 NaN
vt 0 NaN
vt 0 NaN
vt 0 NaN
vt 0 NaN
vt 0 NaN
vt 0 NaN
vt 0 NaN
vt 0 NaN
vt 0 NaN
vt 0 NaN
vt 0 NaN
vt 0 NaN
vt 0 NaN
vt 0 NaN
vt 0 NaN
vt 0 NaN
vt 0 NaN
vt 0 NaN
vt 0 NaN
vt 0 NaN
vt 0 NaN
vt 0 NaN
vt 0 NaN
vt 0 NaN
vt 0 NaN
vt 0 NaN
vt 0 NaN
vt 0 NaN
vt 0 NaN
vt 0 NaN
vt 0 NaN
vt 0 NaN
vt 0 NaN
vt 0 NaN
vt 0 NaN
vt 0 NaN
vt 0 NaN
vt 0 NaN
vt 0 NaN
vt 0 NaN
vt 0 NaN
vt 0 NaN
vt 0 NaN
vt 0 NaN
vt 0 NaN
vt 0 NaN
vt 0 NaN
vt 0 NaN
vt 0 NaN
vt 0 NaN
vt 0 NaN
vt 0 NaN
vt 0 NaN
vt 0 NaN
vt 0 NaN
vt 0 NaN
vt 0 NaN
vt 0 NaN
vt 0 NaN
vt 0 NaN
vt 0 NaN
vt 0 NaN
vt 0 NaN
vt 0 NaN
vt 0 NaN
vt 0 NaN
vt 0 NaN
vt 0 NaN
vt 0 NaN
vt 0 NaN
vt 0 NaN
vt 0 NaN
vt 0 NaN
vt 0 NaN
vt 0 NaN
vt 0 NaN
vt 0 NaN
vt 0 NaN
vt 0 NaN
vt 0 NaN
vt 0 NaN
vt 0 NaN
vt 0 NaN
vt 0 NaN
vt 0 NaN
vt 0 NaN
vt 0 NaN
vt 0 NaN
vt 0 NaN
vt 0 NaN
vt 0 NaN
vt 0 NaN
vt 0 NaN
vt 0 NaN
vt 0 NaN
vt 0 NaN
vt 0 NaN
vt 0 NaN
vt 0 NaN
vt 0 NaN
vt 0 NaN
vt 0 NaN
vt 0 NaN
vt 0 NaN
vt 0 NaN
vt 0 NaN
vt 0 NaN
vt 0 NaN
vt 0 NaN
vt 0 NaN
vt 0 NaN
vt 0 NaN
vt 0 NaN
vt 0 NaN
vt 0 NaN
vt 0 NaN
vt 0 NaN
vt 0 NaN
vt 0 NaN
vt 0 NaN
vt 0 NaN
vt 0 NaN
vt 0 NaN
vt 0 NaN
vt 0 NaN
vt 0 NaN
vt 0 NaN
vt 0 NaN
vt 0 NaN
vt 0 NaN
vt 0 NaN
vt 0 NaN
vt 0 NaN
vt 0 NaN
vt 0 NaN
vt 0 NaN
vt 0 NaN
vt 0 NaN
vt 0 NaN
vt 0 NaN
vt 0 NaN
vt 0 NaN
vt 0 NaN
vt 0 NaN
vt 0 NaN
vt 0 NaN
vt 0 NaN
vt 0 NaN
vt 0 NaN
vt 0 NaN
vt 0 NaN
vt 0 NaN
vt 0 NaN
vt 0 NaN
vt 0 NaN
vt 0 NaN
vt 0 NaN
vt 0 NaN
vt 0 NaN
vt 0 NaN
vt 0 NaN
vt 0 NaN
vt 0 NaN
vt 0 NaN
vt 0 NaN
vt 0 NaN
vt 0 NaN
vt 0 NaN
vt 0 NaN
vt 0 NaN
vt 0 NaN
vt 0 NaN
vt 0 NaN
vt 0 NaN
vt 0 NaN
vt 0 NaN
vt 0 NaN
vt 0 NaN
vt 0 NaN
vt 0 NaN
vt 0 NaN
vt 0 NaN
vt 0 NaN
vt 0 NaN
vt 0 NaN
vt 0 NaN
vt 0 NaN
vt 0 NaN
vt 0 NaN
vt 0 NaN
vt 0 NaN
vt 0 NaN
vt 0 NaN
vt 0 NaN
vt 0 NaN
vt 0 NaN
vt 0 NaN
vt 0 NaN
vt 0 NaN
vt 0 NaN
vt 0 NaN
vt 0 NaN
vt 0 NaN
vt 0 NaN
vt 0 NaN
vt 0 NaN
vt 0 NaN
vt 0 NaN
vt 0 NaN
vt 0 NaN
vt 0 NaN
vt 0 NaN
vt 0 NaN
vt 0 NaN
vt 0 NaN
vt 0 NaN
vt 0 NaN
vt 0 NaN
vt 0 NaN
vt 0 NaN
vt 0 NaN
vt 0 NaN
vt 0 NaN
vt 0 NaN
vt 0 NaN
vt 0 NaN
vt 0 NaN
vt 0 NaN
vt 0 NaN
vt 0 NaN
vt 0 NaN
vt 0 NaN
vt 0 NaN
vt 0 NaN
vt 0 NaN
vt 0 NaN
vt 0 NaN
vt 0 NaN
vt 0 NaN
vt 0 NaN
vt 0 NaN
vt 0 NaN
vt 0 NaN
vt 0 NaN
vt 0 NaN
vt 0 NaN
vt 0 NaN
vt 0 NaN
vt 0 NaN
vt 0 NaN
vt 0 NaN
vt 0 NaN
vt 0 NaN
vt 0 NaN
vt 0 NaN
vt 0 NaN
vt 0 NaN
vt 0 NaN
vt 0 NaN
vt 0 NaN
vt 0 NaN
vt 0 NaN
vt 0 NaN
vt 0 NaN
vt 0 NaN
vt 0 NaN
vt 0 NaN
vt 0 NaN
vt 0 NaN
vt 0 NaN
vt 0 NaN
vt 0 NaN
vt 0 NaN
vt 0 NaN
vt 0 NaN
vt 0 NaN
vt 0 NaN
vt 0 NaN
vt 0 NaN
vt 0 NaN
vt 0 NaN
vt 0 NaN
vt 0 NaN
vt 0 NaN
vt 0 NaN
vt 0 NaN
vt 0 NaN
vt 0 NaN
vt 0 NaN
vt 0 NaN
vt 0 NaN
vt 0 NaN
vt 0 NaN
vt 0 NaN
vt 0 NaN
vt 0 NaN
vt 0 NaN
vt 0 NaN
vt 0 NaN
vt 0 NaN
vt 0 NaN
vt 0 NaN
vt 0 NaN
vt 0 NaN
vt 0 NaN
vt 0 NaN
vt 0 NaN
vt 0 NaN
vt 0 NaN
vt 0 NaN
vt 0 NaN
vt 0 NaN
vt 0 NaN
vt 0 NaN
vt 0 NaN
vt 0 NaN
vt 0 NaN
vt 0 NaN
vt 0 NaN
vt 0 NaN
vt 0 NaN
vt 0 NaN
vt 0 NaN
vt 0 NaN
vt 0 NaN
vt 0 NaN
vt 0 NaN
vt 0 NaN
vt 0 NaN
vt 0 NaN
vt 0 NaN
vt 0 NaN
vt 0 NaN
vt 0 NaN
vt 0 NaN
vt 0 NaN
vt 0 NaN
vt 0 NaN
vt 0 NaN
vt 0 NaN
vt 0 NaN
vt 0 NaN
vt 0 NaN
vt 0 NaN
vt 0 NaN
vt 0 NaN
vt 0 NaN
vt 0 NaN
vt 0 NaN
vt 0 NaN
vt 0 NaN
vt 0 NaN
vt 0 NaN
vt 0 NaN
vt 0 NaN
vt 0 NaN
vt 0 NaN
vt 0 NaN
vt 0 NaN
vt 0 NaN
vt 0 NaN
vt 0 NaN
vt 0 NaN
vt 0 NaN
vt 0 NaN
vt 0 NaN
vt 0 NaN
vt 0 NaN
vt 0 NaN
vt 0 NaN
vt 0 NaN
vt 0 NaN
vt 0 NaN
vt 0 NaN
vt 0 NaN
vt 0 NaN
vt 0 NaN
vt 0 NaN
vt 0 NaN
vt 0 NaN
vt 0 NaN
vt 0 NaN
vt 0 NaN
vt 0 NaN
vt 0 NaN
vt 0 NaN
vt 0 NaN
vt 0 NaN
vt 0 NaN
vt 0 NaN
vt 0 NaN
vt 0 NaN
vt 0 NaN
vt 0 NaN
vt 0 NaN
vt 0 NaN
vt 0 NaN
vt 0 NaN
vt 0 NaN
vt 0 NaN
vt 0 NaN
vt 0 NaN
vt 0 NaN
vt 0 NaN
vt 0 NaN
vt 0 NaN
vt 0 NaN
vt 0 NaN
vt 0 NaN
vt 0 NaN
vt 0 NaN
vt 0 NaN
vt 0 NaN
vt 0 NaN
vt 0 NaN
vt 0 NaN
vt 0 NaN
vt 0 NaN
vt 0 NaN
vt 0 NaN
vt 0 NaN
vt 0 NaN
vt 0 NaN
vt 0 NaN
vt 0 NaN
vt 0 NaN
vt 0 NaN
vt 0 NaN
vt 0 NaN
vt 0 NaN
vt 0 NaN
vt 0 NaN
vt 0 NaN
vt 0 NaN
vt 0 NaN
vt 0 NaN
vt 0 NaN
vt 0 NaN
vt 0 NaN
vt 0 NaN
vt 0 NaN
vt 0 NaN
vt 0 NaN
vt 0 NaN
vt 0 NaN
vt 0 NaN
vt 0 NaN
vt 0 NaN
vt 0 NaN
vt 0 NaN
vt 0 NaN
vt 0 NaN
vt 0 NaN
vt 0 NaN
vt 0 NaN
vt 0 NaN
vt 0 NaN
vt 0 NaN
vt 0 NaN

usemtl color26

f 3/3/1 2/2/1 1/1/1
f 2/3/1 3/2/1 4/1/1
f 5/3/2 3/2/2 1/1/2
f 3/3/2 5/2/2 6/1/2
f 7/5/3 2/5/3 4/4/3
f 2/5/3 7/5/3 8/6/3
f 7/5/4 5/5/4 8/7/4
f 5/5/4 7/5/4 6/8/4
f 5/5/5 2/5/5 8/9/5
f 2/5/5 5/5/5 1/10/5
f 3/2/6 7/3/6 4/11/6
f 7/3/6 3/2/6 6/1/6
f 3/3/1 2/2/1 1/1/1
f 2/3/1 3/2/1 4/1/1
f 5/3/2 3/2/2 1/1/2
f 3/3/2 5/2/2 6/1/2
f 7/5/3 2/5/3 4/4/3
f 2/5/3 7/5/3 8/6/3
f 7/5/4 5/5/4 8/7/4
f 5/5/4 7/5/4 6/8/4
f 5/5/5 2/5/5 8/9/5
f 2/5/5 5/5/5 1/10/5
f 3/2/6 7/3/6 4/11/6
f 7/3/6 3/2/6 6/1/6
f 11/3/1 10/2/1 9/1/1
f 10/3/1 11/2/1 12/1/1
f 13/3/2 11/2/2 9/1/2
f 11/3/2 13/2/2 14/1/2
f 15/5/3 10/5/3 12/12/3
f 10/5/3 15/5/3 16/13/3
f 15/5/4 13/5/4 16/14/4
f 13/5/4 15/5/4 14/15/4
f 13/5/5 10/5/5 16/16/5
f 10/5/5 13/5/5 9/17/5
f 11/2/6 15/3/6 12/11/6
f 15/3/6 11/2/6 14/1/6

usemtl color7

f 6/3/1 8/2/1 5/1/1
f 8/3/1 6/2/1 7/1/1
f 17/3/2 6/2/2 5/1/2
f 6/3/2 17/2/2 18/1/2
f 19/5/3 8/6/3 7/5/3
f 8/6/3 19/5/3 20/18/3
f 19/5/4 17/5/4 20/19/4
f 17/5/4 19/5/4 18/20/4
f 17/5/5 8/9/5 20/21/5
f 8/9/5 17/5/5 5/5/5
f 6/2/6 19/3/6 7/11/6
f 19/3/6 6/2/6 18/1/6
f 23/3/1 22/2/1 21/1/1
f 22/3/1 23/2/1 24/1/1
f 25/3/2 23/2/2 21/1/2
f 23/3/2 25/2/2 26/1/2
f 27/5/3 22/5/3 24/22/3
f 22/5/3 27/5/3 28/23/3
f 27/5/4 25/5/4 28/24/4
f 25/5/4 27/5/4 26/25/4
f 25/5/5 22/5/5 28/26/5
f 22/5/5 25/5/5 21/27/5
f 23/2/6 27/3/6 24/11/6
f 27/3/6 23/2/6 26/1/6
f 31/3/1 30/2/1 29/1/1
f 30/3/1 31/2/1 32/1/1
f 33/3/2 31/2/2 29/1/2
f 31/3/2 33/2/2 34/1/2
f 35/5/3 30/5/3 32/28/3
f 30/5/3 35/5/3 36/29/3
f 35/5/4 33/5/4 36/30/4
f 33/5/4 35/5/4 34/31/4
f 33/5/5 30/5/5 36/32/5
f 30/5/5 33/5/5 29/33/5
f 31/2/6 35/3/6 32/11/6
f 35/3/6 31/2/6 34/1/6
f 39/3/1 38/2/1 37/1/1
f 38/3/1 39/2/1 40/1/1
f 41/3/2 39/2/2 37/1/2
f 39/3/2 41/2/2 42/1/2
f 43/5/3 38/5/3 40/34/3
f 38/5/3 43/5/3 44/35/3
f 43/5/4 41/5/4 44/36/4
f 41/5/4 43/5/4 42/37/4
f 41/5/5 38/5/5 44/38/5
f 38/5/5 41/5/5 37/39/5
f 39/2/6 43/3/6 40/11/6
f 43/3/6 39/2/6 42/1/6
f 47/3/1 46/2/1 45/1/1
f 46/3/1 47/2/1 48/1/1
f 30/3/2 47/2/2 45/1/2
f 47/3/2 30/2/2 32/1/2
f 49/5/3 46/5/3 48/40/3
f 46/5/3 49/5/3 50/41/3
f 49/5/4 30/5/4 50/42/4
f 30/5/4 49/5/4 32/43/4
f 30/5/5 46/5/5 50/44/5
f 46/5/5 30/5/5 45/45/5
f 47/2/6 49/3/6 48/11/6
f 49/3/6 47/2/6 32/1/6
f 53/3/1 52/2/1 51/1/1
f 52/3/1 53/2/1 54/1/1
f 55/3/2 53/2/2 51/1/2
f 53/3/2 55/2/2 56/1/2
f 57/5/3 52/5/3 54/46/3
f 52/5/3 57/5/3 58/47/3
f 57/5/4 55/5/4 58/48/4
f 55/5/4 57/5/4 56/49/4
f 55/5/5 52/5/5 58/50/5
f 52/5/5 55/5/5 51/51/5
f 53/2/6 57/3/6 54/11/6
f 57/3/6 53/2/6 56/1/6
f 61/3/1 60/2/1 59/1/1
f 60/3/1 61/2/1 62/1/1
f 63/3/2 61/2/2 59/1/2
f 61/3/2 63/2/2 64/1/2
f 65/5/3 60/5/3 62/52/3
f 60/5/3 65/5/3 66/53/3
f 65/5/4 63/5/4 66/54/4
f 63/5/4 65/5/4 64/55/4
f 63/5/5 60/5/5 66/56/5
f 60/5/5 63/5/5 59/57/5
f 61/2/6 65/3/6 62/11/6
f 65/3/6 61/2/6 64/1/6
f 69/3/1 68/2/1 67/1/1
f 68/3/1 69/2/1 70/1/1
f 71/3/2 69/2/2 67/1/2
f 69/3/2 71/2/2 72/1/2
f 73/5/3 68/5/3 70/58/3
f 68/5/3 73/5/3 74/59/3
f 73/5/4 71/5/4 74/60/4
f 71/5/4 73/5/4 72/61/4
f 71/5/5 68/5/5 74/62/5
f 68/5/5 71/5/5 67/63/5
f 69/2/6 73/3/6 70/11/6
f 73/3/6 69/2/6 72/1/6
f 77/3/1 76/2/1 75/1/1
f 76/3/1 77/2/1 78/1/1
f 79/3/2 77/2/2 75/1/2
f 77/3/2 79/2/2 80/1/2
f 81/5/3 76/5/3 78/64/3
f 76/5/3 81/5/3 82/65/3
f 81/5/4 79/5/4 82/66/4
f 79/5/4 81/5/4 80/67/4
f 79/5/5 76/5/5 82/68/5
f 76/5/5 79/5/5 75/69/5
f 77/2/6 81/3/6 78/11/6
f 81/3/6 77/2/6 80/1/6
f 85/3/1 84/2/1 83/1/1
f 84/3/1 85/2/1 86/1/1
f 87/3/2 85/2/2 83/1/2
f 85/3/2 87/2/2 88/1/2
f 89/5/3 84/5/3 86/70/3
f 84/5/3 89/5/3 90/71/3
f 89/5/4 87/5/4 90/72/4
f 87/5/4 89/5/4 88/73/4
f 87/5/5 84/5/5 90/74/5
f 84/5/5 87/5/5 83/75/5
f 85/2/6 89/3/6 86/11/6
f 89/3/6 85/2/6 88/1/6
f 93/3/1 92/2/1 91/1/1
f 92/3/1 93/2/1 94/1/1
f 95/3/2 93/2/2 91/1/2
f 93/3/2 95/2/2 96/1/2
f 97/5/3 92/5/3 94/76/3
f 92/5/3 97/5/3 98/77/3
f 97/5/4 95/5/4 98/78/4
f 95/5/4 97/5/4 96/79/4
f 95/5/5 92/5/5 98/80/5
f 92/5/5 95/5/5 91/81/5
f 93/2/6 97/3/6 94/11/6
f 97/3/6 93/2/6 96/1/6
f 101/3/1 100/2/1 99/1/1
f 100/3/1 101/2/1 102/1/1
f 103/3/2 101/2/2 99/1/2
f 101/3/2 103/2/2 104/1/2
f 105/5/3 100/5/3 102/82/3
f 100/5/3 105/5/3 106/83/3
f 105/5/4 103/5/4 106/84/4
f 103/5/4 105/5/4 104/85/4
f 103/5/5 100/5/5 106/86/5
f 100/5/5 103/5/5 99/87/5
f 101/2/6 105/3/6 102/11/6
f 105/3/6 101/2/6 104/1/6
f 109/3/1 108/2/1 107/1/1
f 108/3/1 109/2/1 110/1/1
f 111/3/2 109/2/2 107/1/2
f 109/3/2 111/2/2 112/1/2
f 113/5/3 108/5/3 110/88/3
f 108/5/3 113/5/3 114/89/3
f 113/5/4 111/5/4 114/90/4
f 111/5/4 113/5/4 112/91/4
f 111/5/5 108/5/5 114/92/5
f 108/5/5 111/5/5 107/93/5
f 109/2/6 113/3/6 110/11/6
f 113/3/6 109/2/6 112/1/6
f 117/3/1 116/2/1 115/1/1
f 116/3/1 117/2/1 118/1/1
f 119/3/2 117/2/2 115/1/2
f 117/3/2 119/2/2 120/1/2
f 121/5/3 116/5/3 118/94/3
f 116/5/3 121/5/3 122/95/3
f 121/5/4 119/5/4 122/96/4
f 119/5/4 121/5/4 120/97/4
f 119/5/5 116/5/5 122/98/5
f 116/5/5 119/5/5 115/99/5
f 117/2/6 121/3/6 118/11/6
f 121/3/6 117/2/6 120/1/6
f 125/3/1 124/2/1 123/1/1
f 124/3/1 125/2/1 126/1/1
f 127/3/2 125/2/2 123/1/2
f 125/3/2 127/2/2 128/1/2
f 129/5/3 124/5/3 126/100/3
f 124/5/3 129/5/3 130/101/3
f 129/5/4 127/5/4 130/102/4
f 127/5/4 129/5/4 128/103/4
f 127/5/5 124/5/5 130/104/5
f 124/5/5 127/5/5 123/105/5
f 125/2/6 129/3/6 126/11/6
f 129/3/6 125/2/6 128/1/6
f 105/3/1 131/2/1 106/1/1
f 131/3/1 105/2/1 132/1/1
f 133/3/2 105/2/2 106/1/2
f 105/3/2 133/2/2 134/1/2
f 135/5/3 131/5/3 132/106/3
f 131/5/3 135/5/3 136/107/3
f 135/5/4 133/5/4 136/108/4
f 133/5/4 135/5/4 134/109/4
f 133/5/5 131/5/5 136/110/5
f 131/5/5 133/5/5 106/86/5
f 105/2/6 135/3/6 132/11/6
f 135/3/6 105/2/6 134/1/6
f 139/3/1 138/2/1 137/1/1
f 138/3/1 139/2/1 140/1/1
f 108/3/2 139/2/2 137/1/2
f 139/3/2 108/2/2 110/1/2
f 141/5/3 138/5/3 140/111/3
f 138/5/3 141/5/3 142/112/3
f 141/5/4 108/5/4 142/113/4
f 108/5/4 141/5/4 110/114/4
f 108/5/5 138/5/5 142/115/5
f 138/5/5 108/5/5 137/116/5
f 139/2/6 141/3/6 140/11/6
f 141/3/6 139/2/6 110/1/6
f 145/3/1 144/2/1 143/1/1
f 144/3/1 145/2/1 146/1/1
f 147/3/2 145/2/2 143/1/2
f 145/3/2 147/2/2 148/1/2
f 149/5/3 144/5/3 146/117/3
f 144/5/3 149/5/3 150/118/3
f 149/5/4 147/5/4 150/119/4
f 147/5/4 149/5/4 148/120/4
f 147/5/5 144/5/5 150/121/5
f 144/5/5 147/5/5 143/122/5
f 145/2/6 149/3/6 146/11/6
f 149/3/6 145/2/6 148/1/6
f 135/3/1 151/2/1 136/1/1
f 151/3/1 135/2/1 152/1/1
f 138/3/2 135/2/2 136/1/2
f 135/3/2 138/2/2 140/1/2
f 153/5/3 151/5/3 152/123/3
f 151/5/3 153/5/3 154/124/3
f 153/5/4 138/5/4 154/125/4
f 138/5/4 153/5/4 140/126/4
f 138/5/5 151/5/5 154/127/5
f 151/5/5 138/5/5 136/110/5
f 135/2/6 153/3/6 152/11/6
f 153/3/6 135/2/6 140/1/6
f 157/3/1 156/2/1 155/1/1
f 156/3/1 157/2/1 158/1/1
f 159/3/2 157/2/2 155/1/2
f 157/3/2 159/2/2 160/1/2
f 161/5/3 156/5/3 158/128/3
f 156/5/3 161/5/3 162/129/3
f 161/5/4 159/5/4 162/130/4
f 159/5/4 161/5/4 160/131/4
f 159/5/5 156/5/5 162/132/5
f 156/5/5 159/5/5 155/133/5
f 157/2/6 161/3/6 158/11/6
f 161/3/6 157/2/6 160/1/6
f 165/3/1 164/2/1 163/1/1
f 164/3/1 165/2/1 166/1/1
f 167/3/2 165/2/2 163/1/2
f 165/3/2 167/2/2 168/1/2
f 169/5/3 164/5/3 166/134/3
f 164/5/3 169/5/3 170/135/3
f 169/5/4 167/5/4 170/136/4
f 167/5/4 169/5/4 168/137/4
f 167/5/5 164/5/5 170/138/5
f 164/5/5 167/5/5 163/139/5
f 165/2/6 169/3/6 166/11/6
f 169/3/6 165/2/6 168/1/6

usemtl color5

f 18/3/1 20/2/1 17/1/1
f 20/3/1 18/2/1 19/1/1
f 171/3/2 18/2/2 17/1/2
f 18/3/2 171/2/2 172/1/2
f 173/5/3 20/18/3 19/5/3
f 20/18/3 173/5/3 174/140/3
f 173/5/4 171/5/4 174/141/4
f 171/5/4 173/5/4 172/142/4
f 171/5/5 20/21/5 174/143/5
f 20/21/5 171/5/5 17/5/5
f 18/2/6 173/3/6 19/11/6
f 173/3/6 18/2/6 172/1/6
f 64/3/1 66/2/1 63/1/1
f 66/3/1 64/2/1 65/1/1
f 175/3/2 64/2/2 63/1/2
f 64/3/2 175/2/2 176/1/2
f 177/5/3 66/53/3 65/5/3
f 66/53/3 177/5/3 178/144/3
f 177/5/4 175/5/4 178/145/4
f 175/5/4 177/5/4 176/146/4
f 175/5/5 66/56/5 178/147/5
f 66/56/5 175/5/5 63/5/5
f 64/2/6 177/3/6 65/11/6
f 177/3/6 64/2/6 176/1/6
f 181/3/1 180/2/1 179/1/1
f 180/3/1 181/2/1 182/1/1
f 183/3/2 181/2/2 179/1/2
f 181/3/2 183/2/2 184/1/2
f 185/5/3 180/5/3 182/148/3
f 180/5/3 185/5/3 186/149/3
f 185/5/4 183/5/4 186/150/4
f 183/5/4 185/5/4 184/151/4
f 183/5/5 180/5/5 186/152/5
f 180/5/5 183/5/5 179/153/5
f 181/2/6 185/3/6 182/11/6
f 185/3/6 181/2/6 184/1/6
f 189/3/1 188/2/1 187/1/1
f 188/3/1 189/2/1 190/1/1
f 191/3/2 189/2/2 187/1/2
f 189/3/2 191/2/2 192/1/2
f 193/5/3 188/5/3 190/154/3
f 188/5/3 193/5/3 194/155/3
f 193/5/4 191/5/4 194/156/4
f 191/5/4 193/5/4 192/157/4
f 191/5/5 188/5/5 194/158/5
f 188/5/5 191/5/5 187/159/5
f 189/2/6 193/3/6 190/11/6
f 193/3/6 189/2/6 192/1/6
f 197/3/1 196/2/1 195/1/1
f 196/3/1 197/2/1 198/1/1
f 199/3/2 197/2/2 195/1/2
f 197/3/2 199/2/2 200/1/2
f 201/5/3 196/5/3 198/160/3
f 196/5/3 201/5/3 202/161/3
f 201/5/4 199/5/4 202/162/4
f 199/5/4 201/5/4 200/163/4
f 199/5/5 196/5/5 202/164/5
f 196/5/5 199/5/5 195/165/5
f 197/2/6 201/3/6 198/11/6
f 201/3/6 197/2/6 200/1/6
f 205/3/1 204/2/1 203/1/1
f 204/3/1 205/2/1 206/1/1
f 207/3/2 205/2/2 203/1/2
f 205/3/2 207/2/2 208/1/2
f 209/5/3 204/5/3 206/166/3
f 204/5/3 209/5/3 210/167/3
f 209/5/4 207/5/4 210/168/4
f 207/5/4 209/5/4 208/169/4
f 207/5/5 204/5/5 210/170/5
f 204/5/5 207/5/5 203/171/5
f 205/2/6 209/3/6 206/11/6
f 209/3/6 205/2/6 208/1/6
f 213/3/1 212/2/1 211/1/1
f 212/3/1 213/2/1 214/1/1
f 67/3/2 213/2/2 211/1/2
f 213/3/2 67/2/2 69/1/2
f 70/58/3 212/5/3 214/172/3
f 212/5/3 70/58/3 68/5/3
f 70/5/4 67/5/4 68/173/4
f 67/5/4 70/5/4 69/174/4
f 67/63/5 212/5/5 68/5/5
f 212/5/5 67/63/5 211/175/5
f 213/2/6 70/3/6 214/11/6
f 70/3/6 213/2/6 69/1/6
f 217/3/1 216/2/1 215/1/1
f 216/3/1 217/2/1 218/1/1
f 204/3/2 217/2/2 215/1/2
f 217/3/2 204/2/2 206/1/2
f 219/5/3 216/5/3 218/176/3
f 216/5/3 219/5/3 220/177/3
f 219/5/4 204/5/4 220/178/4
f 204/5/4 219/5/4 206/179/4
f 204/5/5 216/5/5 220/180/5
f 216/5/5 204/5/5 215/181/5
f 217/2/6 219/3/6 218/11/6
f 219/3/6 217/2/6 206/1/6
f 209/3/1 221/2/1 210/1/1
f 221/3/1 209/2/1 222/1/1
f 223/3/2 209/2/2 210/1/2
f 209/3/2 223/2/2 224/1/2
f 225/5/3 221/5/3 222/182/3
f 221/5/3 225/5/3 226/183/3
f 225/5/4 223/5/4 226/184/4
f 223/5/4 225/5/4 224/185/4
f 223/5/5 221/5/5 226/186/5
f 221/5/5 223/5/5 210/170/5
f 209/2/6 225/3/6 222/11/6
f 225/3/6 209/2/6 224/1/6
f 229/3/1 228/2/1 227/1/1
f 228/3/1 229/2/1 230/1/1
f 231/3/2 229/2/2 227/1/2
f 229/3/2 231/2/2 232/1/2
f 233/5/3 228/5/3 230/187/3
f 228/5/3 233/5/3 234/188/3
f 233/5/4 231/5/4 234/189/4
f 231/5/4 233/5/4 232/190/4
f 231/5/5 228/5/5 234/191/5
f 228/5/5 231/5/5 227/192/5
f 229/2/6 233/3/6 230/11/6
f 233/3/6 229/2/6 232/1/6
f 237/3/1 236/2/1 235/1/1
f 236/3/1 237/2/1 238/1/1
f 239/3/2 237/2/2 235/1/2
f 237/3/2 239/2/2 240/1/2
f 241/5/3 236/5/3 238/193/3
f 236/5/3 241/5/3 242/194/3
f 241/5/4 239/5/4 242/195/4
f 239/5/4 241/5/4 240/196/4
f 239/5/5 236/5/5 242/197/5
f 236/5/5 239/5/5 235/198/5
f 237/2/6 241/3/6 238/11/6
f 241/3/6 237/2/6 240/1/6
f 245/3/1 244/2/1 243/1/1
f 244/3/1 245/2/1 246/1/1
f 247/3/2 245/2/2 243/1/2
f 245/3/2 247/2/2 248/1/2
f 249/5/3 244/5/3 246/199/3
f 244/5/3 249/5/3 250/200/3
f 249/5/4 247/5/4 250/201/4
f 247/5/4 249/5/4 248/202/4
f 247/5/5 244/5/5 250/203/5
f 244/5/5 247/5/5 243/204/5
f 245/2/6 249/3/6 246/11/6
f 249/3/6 245/2/6 248/1/6
f 253/3/1 252/2/1 251/1/1
f 252/3/1 253/2/1 254/1/1
f 216/3/2 253/2/2 251/1/2
f 253/3/2 216/2/2 218/1/2
f 255/5/3 252/5/3 254/205/3
f 252/5/3 255/5/3 256/206/3
f 255/5/4 216/5/4 256/207/4
f 216/5/4 255/5/4 218/208/4
f 216/5/5 252/5/5 256/209/5
f 252/5/5 216/5/5 251/210/5
f 253/2/6 255/3/6 254/11/6
f 255/3/6 253/2/6 218/1/6
f 225/3/1 257/2/1 226/1/1
f 257/3/1 225/2/1 258/1/1
f 259/3/2 225/2/2 226/1/2
f 225/3/2 259/2/2 260/1/2
f 261/5/3 257/5/3 258/211/3
f 257/5/3 261/5/3 262/212/3
f 261/5/4 259/5/4 262/213/4
f 259/5/4 261/5/4 260/214/4
f 259/5/5 257/5/5 262/215/5
f 257/5/5 259/5/5 226/186/5
f 225/2/6 261/3/6 258/11/6
f 261/3/6 225/2/6 260/1/6
f 265/3/1 264/2/1 263/1/1
f 264/3/1 265/2/1 266/1/1
f 252/3/2 265/2/2 263/1/2
f 265/3/2 252/2/2 254/1/2
f 267/5/3 264/5/3 266/216/3
f 264/5/3 267/5/3 268/217/3
f 267/5/4 252/5/4 268/218/4
f 252/5/4 267/5/4 254/219/4
f 252/5/5 264/5/5 268/220/5
f 264/5/5 252/5/5 263/221/5
f 265/2/6 267/3/6 266/11/6
f 267/3/6 265/2/6 254/1/6
f 271/3/1 270/2/1 269/1/1
f 270/3/1 271/2/1 272/1/1
f 262/3/2 271/2/2 269/1/2
f 271/3/2 262/2/2 261/1/2
f 273/5/3 270/5/3 272/222/3
f 270/5/3 273/5/3 274/223/3
f 273/5/4 262/213/4 274/224/4
f 262/213/4 273/5/4 261/5/4
f 262/215/5 270/5/5 274/225/5
f 270/5/5 262/215/5 269/226/5
f 271/2/6 273/3/6 272/11/6
f 273/3/6 271/2/6 261/1/6
f 277/3/1 276/2/1 275/1/1
f 276/3/1 277/2/1 278/1/1
f 279/3/2 277/2/2 275/1/2
f 277/3/2 279/2/2 280/1/2
f 281/5/3 276/5/3 278/227/3
f 276/5/3 281/5/3 282/228/3
f 281/5/4 279/5/4 282/229/4
f 279/5/4 281/5/4 280/230/4
f 279/5/5 276/5/5 282/231/5
f 276/5/5 279/5/5 275/232/5
f 277/2/6 281/3/6 278/11/6
f 281/3/6 277/2/6 280/1/6
f 285/3/1 284/2/1 283/1/1
f 284/3/1 285/2/1 286/1/1
f 287/3/2 285/2/2 283/1/2
f 285/3/2 287/2/2 288/1/2
f 289/5/3 284/5/3 286/233/3
f 284/5/3 289/5/3 290/234/3
f 289/5/4 287/5/4 290/235/4
f 287/5/4 289/5/4 288/236/4
f 287/5/5 284/5/5 290/237/5
f 284/5/5 287/5/5 283/238/5
f 285/2/6 289/3/6 286/11/6
f 289/3/6 285/2/6 288/1/6
f 293/3/1 292/2/1 291/1/1
f 292/3/1 293/2/1 294/1/1
f 295/3/2 293/2/2 291/1/2
f 293/3/2 295/2/2 296/1/2
f 297/5/3 292/5/3 294/239/3
f 292/5/3 297/5/3 298/240/3
f 297/5/4 295/5/4 298/241/4
f 295/5/4 297/5/4 296/242/4
f 295/5/5 292/5/5 298/243/5
f 292/5/5 295/5/5 291/244/5
f 293/2/6 297/3/6 294/11/6
f 297/3/6 293/2/6 296/1/6
f 301/3/1 300/2/1 299/1/1
f 300/3/1 301/2/1 302/1/1
f 303/3/2 301/2/2 299/1/2
f 301/3/2 303/2/2 304/1/2
f 305/5/3 300/5/3 302/245/3
f 300/5/3 305/5/3 306/246/3
f 305/5/4 303/5/4 306/247/4
f 303/5/4 305/5/4 304/248/4
f 303/5/5 300/5/5 306/249/5
f 300/5/5 303/5/5 299/250/5
f 301/2/6 305/3/6 302/11/6
f 305/3/6 301/2/6 304/1/6
f 309/3/1 308/2/1 307/1/1
f 308/3/1 309/2/1 310/1/1
f 155/3/2 309/2/2 307/1/2
f 309/3/2 155/2/2 157/1/2
f 158/128/3 308/5/3 310/251/3
f 308/5/3 158/128/3 156/5/3
f 158/5/4 155/5/4 156/252/4
f 155/5/4 158/5/4 157/253/4
f 155/133/5 308/5/5 156/5/5
f 308/5/5 155/133/5 307/254/5
f 309/2/6 158/3/6 310/11/6
f 158/3/6 309/2/6 157/1/6
f 313/3/1 312/2/1 311/1/1
f 312/3/1 313/2/1 314/1/1
f 315/3/2 313/2/2 311/1/2
f 313/3/2 315/2/2 316/1/2
f 317/5/3 312/5/3 314/255/3
f 312/5/3 317/5/3 318/256/3
f 317/5/4 315/5/4 318/257/4
f 315/5/4 317/5/4 316/258/4
f 315/5/5 312/5/5 318/259/5
f 312/5/5 315/5/5 311/260/5
f 313/2/6 317/3/6 314/11/6
f 317/3/6 313/2/6 316/1/6
f 320/3/1 282/2/1 319/1/1
f 282/3/1 320/2/1 281/1/1
f 321/3/2 320/2/2 319/1/2
f 320/3/2 321/2/2 322/1/2
f 323/5/3 282/228/3 281/5/3
f 282/228/3 323/5/3 324/261/3
f 323/5/4 321/5/4 324/262/4
f 321/5/4 323/5/4 322/263/4
f 321/5/5 282/231/5 324/264/5
f 282/231/5 321/5/5 319/265/5
f 320/2/6 323/3/6 281/11/6
f 323/3/6 320/2/6 322/1/6
f 327/3/1 326/2/1 325/1/1
f 326/3/1 327/2/1 328/1/1
f 329/3/2 327/2/2 325/1/2
f 327/3/2 329/2/2 330/1/2
f 331/5/3 326/5/3 328/266/3
f 326/5/3 331/5/3 332/267/3
f 331/5/4 329/5/4 332/268/4
f 329/5/4 331/5/4 330/269/4
f 329/5/5 326/5/5 332/270/5
f 326/5/5 329/5/5 325/271/5
f 327/2/6 331/3/6 328/11/6
f 331/3/6 327/2/6 330/1/6
f 335/3/1 334/2/1 333/1/1
f 334/3/1 335/2/1 336/1/1
f 337/3/2 335/2/2 333/1/2
f 335/3/2 337/2/2 338/1/2
f 339/5/3 334/5/3 336/272/3
f 334/5/3 339/5/3 340/273/3
f 339/5/4 337/5/4 340/274/4
f 337/5/4 339/5/4 338/275/4
f 337/5/5 334/5/5 340/276/5
f 334/5/5 337/5/5 333/277/5
f 335/2/6 339/3/6 336/11/6
f 339/3/6 335/2/6 338/1/6
f 343/3/1 342/2/1 341/1/1
f 342/3/1 343/2/1 344/1/1
f 345/3/2 343/2/2 341/1/2
f 343/3/2 345/2/2 346/1/2
f 347/5/3 342/5/3 344/278/3
f 342/5/3 347/5/3 348/279/3
f 347/5/4 345/5/4 348/280/4
f 345/5/4 347/5/4 346/281/4
f 345/5/5 342/5/5 348/282/5
f 342/5/5 345/5/5 341/283/5
f 343/2/6 347/3/6 344/11/6
f 347/3/6 343/2/6 346/1/6
f 351/3/1 350/2/1 349/1/1
f 350/3/1 351/2/1 352/1/1
f 353/3/2 351/2/2 349/1/2
f 351/3/2 353/2/2 354/1/2
f 355/5/3 350/5/3 352/284/3
f 350/5/3 355/5/3 356/285/3
f 355/5/4 353/5/4 356/286/4
f 353/5/4 355/5/4 354/287/4
f 353/5/5 350/5/5 356/288/5
f 350/5/5 353/5/5 349/289/5
f 351/2/6 355/3/6 352/11/6
f 355/3/6 351/2/6 354/1/6
f 359/3/1 358/2/1 357/1/1
f 358/3/1 359/2/1 360/1/1
f 361/3/2 359/2/2 357/1/2
f 359/3/2 361/2/2 362/1/2
f 363/5/3 358/5/3 360/290/3
f 358/5/3 363/5/3 364/291/3
f 363/5/4 361/5/4 364/292/4
f 361/5/4 363/5/4 362/293/4
f 361/5/5 358/5/5 364/294/5
f 358/5/5 361/5/5 357/295/5
f 359/2/6 363/3/6 360/11/6
f 363/3/6 359/2/6 362/1/6
f 367/3/1 366/2/1 365/1/1
f 366/3/1 367/2/1 368/1/1
f 369/3/2 367/2/2 365/1/2
f 367/3/2 369/2/2 370/1/2
f 371/5/3 366/5/3 368/296/3
f 366/5/3 371/5/3 372/297/3
f 371/5/4 369/5/4 372/298/4
f 369/5/4 371/5/4 370/299/4
f 369/5/5 366/5/5 372/300/5
f 366/5/5 369/5/5 365/301/5
f 367/2/6 371/3/6 368/11/6
f 371/3/6 367/2/6 370/1/6
f 375/3/1 374/2/1 373/1/1
f 374/3/1 375/2/1 376/1/1
f 276/3/2 375/2/2 373/1/2
f 375/3/2 276/2/2 278/1/2
f 377/5/3 374/5/3 376/302/3
f 374/5/3 377/5/3 378/303/3
f 377/5/4 276/5/4 378/304/4
f 276/5/4 377/5/4 278/305/4
f 276/5/5 374/5/5 378/306/5
f 374/5/5 276/5/5 373/307/5
f 375/2/6 377/3/6 376/11/6
f 377/3/6 375/2/6 278/1/6
f 381/3/1 380/2/1 379/1/1
f 380/3/1 381/2/1 382/1/1
f 383/3/2 381/2/2 379/1/2
f 381/3/2 383/2/2 384/1/2
f 385/5/3 380/5/3 382/308/3
f 380/5/3 385/5/3 386/309/3
f 385/5/4 383/5/4 386/310/4
f 383/5/4 385/5/4 384/311/4
f 383/5/5 380/5/5 386/312/5
f 380/5/5 383/5/5 379/313/5
f 381/2/6 385/3/6 382/11/6
f 385/3/6 381/2/6 384/1/6
f 355/3/1 387/2/1 356/1/1
f 387/3/1 355/2/1 388/1/1
f 389/3/2 355/2/2 356/1/2
f 355/3/2 389/2/2 390/1/2
f 391/5/3 387/5/3 388/314/3
f 387/5/3 391/5/3 392/315/3
f 391/5/4 389/5/4 392/316/4
f 389/5/4 391/5/4 390/317/4
f 389/5/5 387/5/5 392/318/5
f 387/5/5 389/5/5 356/288/5
f 355/2/6 391/3/6 388/11/6
f 391/3/6 355/2/6 390/1/6
f 395/3/1 394/2/1 393/1/1
f 394/3/1 395/2/1 396/1/1
f 397/3/2 395/2/2 393/1/2
f 395/3/2 397/2/2 398/1/2
f 399/5/3 394/5/3 396/319/3
f 394/5/3 399/5/3 400/320/3
f 399/5/4 397/5/4 400/321/4
f 397/5/4 399/5/4 398/322/4
f 397/5/5 394/5/5 400/323/5
f 394/5/5 397/5/5 393/324/5
f 395/2/6 399/3/6 396/11/6
f 399/3/6 395/2/6 398/1/6
f 371/3/1 401/2/1 372/1/1
f 401/3/1 371/2/1 402/1/1
f 403/3/2 371/2/2 372/1/2
f 371/3/2 403/2/2 404/1/2
f 405/5/3 401/5/3 402/325/3
f 401/5/3 405/5/3 406/326/3
f 405/5/4 403/5/4 406/327/4
f 403/5/4 405/5/4 404/328/4
f 403/5/5 401/5/5 406/329/5
f 401/5/5 403/5/5 372/300/5
f 371/2/6 405/3/6 402/11/6
f 405/3/6 371/2/6 404/1/6
f 409/3/1 408/2/1 407/1/1
f 408/3/1 409/2/1 410/1/1
f 411/3/2 409/2/2 407/1/2
f 409/3/2 411/2/2 412/1/2
f 413/5/3 408/5/3 410/330/3
f 408/5/3 413/5/3 414/331/3
f 413/5/4 411/5/4 414/332/4
f 411/5/4 413/5/4 412/333/4
f 411/5/5 408/5/5 414/334/5
f 408/5/5 411/5/5 407/335/5
f 409/2/6 413/3/6 410/11/6
f 413/3/6 409/2/6 412/1/6
f 417/3/1 416/2/1 415/1/1
f 416/3/1 417/2/1 418/1/1
f 419/3/2 417/2/2 415/1/2
f 417/3/2 419/2/2 420/1/2
f 421/5/3 416/5/3 418/336/3
f 416/5/3 421/5/3 422/337/3
f 421/5/4 419/5/4 422/338/4
f 419/5/4 421/5/4 420/339/4
f 419/5/5 416/5/5 422/340/5
f 416/5/5 419/5/5 415/341/5
f 417/2/6 421/3/6 418/11/6
f 421/3/6 417/2/6 420/1/6

usemtl color25

f 425/3/1 424/2/1 423/1/1
f 424/3/1 425/2/1 426/1/1
f 2/3/2 425/2/2 423/1/2
f 425/3/2 2/2/2 4/1/2
f 427/5/3 424/5/3 426/342/3
f 424/5/3 427/5/3 428/343/3
f 427/5/4 2/5/4 428/344/4
f 2/5/4 427/5/4 4/345/4
f 2/5/5 424/5/5 428/346/5
f 424/5/5 2/5/5 423/347/5
f 425/2/6 427/3/6 426/11/6
f 427/3/6 425/2/6 4/1/6
f 43/3/1 429/2/1 44/1/1
f 429/3/1 43/2/1 430/1/1
f 431/3/2 43/2/2 44/1/2
f 43/3/2 431/2/2 432/1/2
f 433/5/3 429/5/3 430/348/3
f 429/5/3 433/5/3 434/349/3
f 433/5/4 431/5/4 434/350/4
f 431/5/4 433/5/4 432/351/4
f 431/5/5 429/5/5 434/352/5
f 429/5/5 431/5/5 44/38/5
f 43/2/6 433/3/6 430/11/6
f 433/3/6 43/2/6 432/1/6

usemtl color12

f 26/3/1 28/2/1 25/1/1
f 28/3/1 26/2/1 27/1/1
f 435/3/2 26/2/2 25/1/2
f 26/3/2 435/2/2 436/1/2
f 437/5/3 28/23/3 27/5/3
f 28/23/3 437/5/3 438/353/3
f 437/5/4 435/5/4 438/354/4
f 435/5/4 437/5/4 436/355/4
f 435/5/5 28/26/5 438/356/5
f 28/26/5 435/5/5 25/5/5
f 26/2/6 437/3/6 27/11/6
f 437/3/6 26/2/6 436/1/6
f 441/3/1 440/2/1 439/1/1
f 440/3/1 441/2/1 442/1/1
f 443/3/2 441/2/2 439/1/2
f 441/3/2 443/2/2 444/1/2
f 445/5/3 440/5/3 442/357/3
f 440/5/3 445/5/3 446/358/3
f 445/5/4 443/5/4 446/359/4
f 443/5/4 445/5/4 444/360/4
f 443/5/5 440/5/5 446/361/5
f 440/5/5 443/5/5 439/362/5
f 441/2/6 445/3/6 442/11/6
f 445/3/6 441/2/6 444/1/6
f 200/3/1 202/2/1 199/1/1
f 202/3/1 200/2/1 201/1/1
f 447/3/2 200/2/2 199/1/2
f 200/3/2 447/2/2 448/1/2
f 246/199/3 202/161/3 201/5/3
f 202/161/3 246/199/3 244/5/3
f 246/5/4 447/5/4 244/363/4
f 447/5/4 246/5/4 448/364/4
f 447/5/5 202/164/5 244/5/5
f 202/164/5 447/5/5 199/5/5
f 200/2/6 246/3/6 201/11/6
f 246/3/6 200/2/6 448/1/6
f 450/3/1 250/2/1 449/1/1
f 250/3/1 450/2/1 249/1/1
f 451/3/2 450/2/2 449/1/2
f 450/3/2 451/2/2 452/1/2
f 265/5/3 250/200/3 249/5/3
f 250/200/3 265/5/3 263/365/3
f 265/5/4 451/5/4 263/366/4
f 451/5/4 265/5/4 452/367/4
f 451/5/5 250/203/5 263/221/5
f 250/203/5 451/5/5 449/368/5
f 450/2/6 265/3/6 249/11/6
f 265/3/6 450/2/6 452/1/6
f 455/3/1 454/2/1 453/1/1
f 454/3/1 455/2/1 456/1/1
f 457/3/2 455/2/2 453/1/2
f 455/3/2 457/2/2 458/1/2
f 459/5/3 454/5/3 456/369/3
f 454/5/3 459/5/3 460/370/3
f 459/5/4 457/5/4 460/371/4
f 457/5/4 459/5/4 458/372/4
f 457/5/5 454/5/5 460/373/5
f 454/5/5 457/5/5 453/374/5
f 455/2/6 459/3/6 456/11/6
f 459/3/6 455/2/6 458/1/6
f 463/3/1 462/2/1 461/1/1
f 462/3/1 463/2/1 464/1/1
f 465/3/2 463/2/2 461/1/2
f 463/3/2 465/2/2 466/1/2
f 467/5/3 462/5/3 464/375/3
f 462/5/3 467/5/3 468/376/3
f 467/5/4 465/5/4 468/377/4
f 465/5/4 467/5/4 466/378/4
f 465/5/5 462/5/5 468/379/5
f 462/5/5 465/5/5 461/380/5
f 463/2/6 467/3/6 464/11/6
f 467/3/6 463/2/6 466/1/6
f 471/3/1 470/2/1 469/1/1
f 470/3/1 471/2/1 472/1/1
f 473/3/2 471/2/2 469/1/2
f 471/3/2 473/2/2 474/1/2
f 475/5/3 470/5/3 472/381/3
f 470/5/3 475/5/3 476/382/3
f 475/5/4 473/5/4 476/383/4
f 473/5/4 475/5/4 474/384/4
f 473/5/5 470/5/5 476/385/5
f 470/5/5 473/5/5 469/386/5
f 471/2/6 475/3/6 472/11/6
f 475/3/6 471/2/6 474/1/6
f 475/3/1 477/2/1 476/1/1
f 477/3/1 475/2/1 478/1/1
f 479/3/2 475/2/2 476/1/2
f 475/3/2 479/2/2 480/1/2
f 481/5/3 477/5/3 478/387/3
f 477/5/3 481/5/3 482/388/3
f 481/5/4 479/5/4 482/389/4
f 479/5/4 481/5/4 480/390/4
f 479/5/5 477/5/5 482/391/5
f 477/5/5 479/5/5 476/385/5
f 475/2/6 481/3/6 478/11/6
f 481/3/6 475/2/6 480/1/6
f 398/3/1 400/2/1 397/1/1
f 400/3/1 398/2/1 399/1/1
f 358/3/2 398/2/2 397/1/2
f 398/3/2 358/2/2 360/1/2
f 483/5/3 400/320/3 399/5/3
f 400/320/3 483/5/3 484/392/3
f 483/5/4 358/5/4 484/393/4
f 358/5/4 483/5/4 360/394/4
f 358/5/5 400/323/5 484/395/5
f 400/323/5 358/5/5 397/5/5
f 398/2/6 483/3/6 399/11/6
f 483/3/6 398/2/6 360/1/6
f 487/3/1 486/2/1 485/1/1
f 486/3/1 487/2/1 488/1/1
f 374/3/2 487/2/2 485/1/2
f 487/3/2 374/2/2 376/1/2
f 489/5/3 486/5/3 488/396/3
f 486/5/3 489/5/3 490/397/3
f 489/5/4 374/5/4 490/398/4
f 374/5/4 489/5/4 376/399/4
f 374/5/5 486/5/5 490/400/5
f 486/5/5 374/5/5 485/401/5
f 487/2/6 489/3/6 488/11/6
f 489/3/6 487/2/6 376/1/6

usemtl color4

f 436/3/1 491/2/1 435/1/1
f 491/3/1 436/2/1 492/1/1
f 493/3/2 436/2/2 435/1/2
f 436/3/2 493/2/2 494/1/2
f 495/5/3 491/5/3 492/402/3
f 491/5/3 495/5/3 496/403/3
f 495/5/4 493/5/4 496/404/4
f 493/5/4 495/5/4 494/405/4
f 493/5/5 491/5/5 496/406/5
f 491/5/5 493/5/5 435/5/5
f 436/2/6 495/3/6 492/11/6
f 495/3/6 436/2/6 494/1/6
f 27/3/1 497/2/1 28/1/1
f 497/3/1 27/2/1 498/1/1
f 438/3/2 27/2/2 28/1/2
f 27/3/2 438/2/2 437/1/2
f 492/402/3 497/5/3 498/407/3
f 497/5/3 492/402/3 491/5/3
f 492/5/4 438/354/4 491/408/4
f 438/354/4 492/5/4 437/5/4
f 438/356/5 497/5/5 491/5/5
f 497/5/5 438/356/5 28/26/5
f 27/2/6 492/3/6 498/11/6
f 492/3/6 27/2/6 437/1/6
f 501/3/1 500/2/1 499/1/1
f 500/3/1 501/2/1 502/1/1
f 503/3/2 501/2/2 499/1/2
f 501/3/2 503/2/2 504/1/2
f 505/5/3 500/5/3 502/409/3
f 500/5/3 505/5/3 506/410/3
f 505/5/4 503/5/4 506/411/4
f 503/5/4 505/5/4 504/412/4
f 503/5/5 500/5/5 506/413/5
f 500/5/5 503/5/5 499/414/5
f 501/2/6 505/3/6 502/11/6
f 505/3/6 501/2/6 504/1/6
f 508/3/1 183/2/1 507/1/1
f 183/3/1 508/2/1 184/1/1
f 439/3/2 508/2/2 507/1/2
f 508/3/2 439/2/2 441/1/2
f 442/357/3 183/5/3 184/415/3
f 183/5/3 442/357/3 440/5/3
f 442/5/4 439/5/4 440/416/4
f 439/5/4 442/5/4 441/417/4
f 439/362/5 183/5/5 440/5/5
f 183/5/5 439/362/5 507/418/5
f 508/2/6 442/3/6 184/11/6
f 442/3/6 508/2/6 441/1/6
f 444/3/1 446/2/1 443/1/1
f 446/3/1 444/2/1 445/1/1
f 509/3/2 444/2/2 443/1/2
f 444/3/2 509/2/2 510/1/2
f 511/5/3 446/358/3 445/5/3
f 446/358/3 511/5/3 512/419/3
f 511/5/4 509/5/4 512/420/4
f 509/5/4 511/5/4 510/421/4
f 509/5/5 446/361/5 512/422/5
f 446/361/5 509/5/5 443/5/5
f 444/2/6 511/3/6 445/11/6
f 511/3/6 444/2/6 510/1/6
f 515/3/1 514/2/1 513/1/1
f 514/3/1 515/2/1 516/1/1
f 517/3/2 515/2/2 513/1/2
f 515/3/2 517/2/2 518/1/2
f 519/5/3 514/5/3 516/423/3
f 514/5/3 519/5/3 520/424/3
f 519/5/4 517/5/4 520/425/4
f 517/5/4 519/5/4 518/426/4
f 517/5/5 514/5/5 520/427/5
f 514/5/5 517/5/5 513/428/5
f 515/2/6 519/3/6 516/11/6
f 519/3/6 515/2/6 518/1/6
f 56/3/1 58/2/1 55/1/1
f 58/3/1 56/2/1 57/1/1
f 59/3/2 56/2/2 55/1/2
f 56/3/2 59/2/2 61/1/2
f 62/52/3 58/47/3 57/5/3
f 58/47/3 62/52/3 60/5/3
f 62/5/4 59/5/4 60/429/4
f 59/5/4 62/5/4 61/430/4
f 59/57/5 58/50/5 60/5/5
f 58/50/5 59/57/5 55/5/5
f 56/2/6 62/3/6 57/11/6
f 62/3/6 56/2/6 61/1/6
f 448/3/1 243/2/1 447/1/1
f 243/3/1 448/2/1 245/1/1
f 449/3/2 448/2/2 447/1/2
f 448/3/2 449/2/2 450/1/2
f 248/5/3 243/5/3 245/431/3
f 243/5/3 248/5/3 247/432/3
f 248/202/4 449/5/4 247/5/4
f 449/5/4 248/202/4 450/433/4
f 449/368/5 243/204/5 247/5/5
f 243/204/5 449/368/5 447/5/5
f 448/2/6 248/3/6 245/11/6
f 248/3/6 448/2/6 450/1/6
f 452/3/1 263/2/1 451/1/1
f 263/3/1 452/2/1 265/1/1
f 521/3/2 452/2/2 451/1/2
f 452/3/2 521/2/2 522/1/2
f 254/205/3 263/365/3 265/5/3
f 263/365/3 254/205/3 252/5/3
f 254/219/4 521/5/4 252/5/4
f 521/5/4 254/219/4 522/434/4
f 521/5/5 263/221/5 252/5/5
f 263/221/5 521/5/5 451/5/5
f 452/2/6 254/3/6 265/11/6
f 254/3/6 452/2/6 522/1/6
f 522/3/1 523/2/1 521/1/1
f 523/3/1 522/2/1 524/1/1
f 203/3/2 522/2/2 521/1/2
f 522/3/2 203/2/2 205/1/2
f 206/166/3 523/5/3 524/435/3
f 523/5/3 206/166/3 204/5/3
f 206/179/4 203/5/4 204/5/4
f 203/5/4 206/179/4 205/436/4
f 203/171/5 523/5/5 204/5/5
f 523/5/5 203/171/5 521/5/5
f 522/2/6 206/3/6 524/11/6
f 206/3/6 522/2/6 205/1/6
f 208/3/1 210/2/1 207/1/1
f 210/3/1 208/2/1 209/1/1
f 525/3/2 208/2/2 207/1/2
f 208/3/2 525/2/2 526/1/2
f 224/5/3 210/167/3 209/5/3
f 210/167/3 224/5/3 223/437/3
f 224/185/4 525/5/4 223/5/4
f 525/5/4 224/185/4 526/438/4
f 525/5/5 210/170/5 223/5/5
f 210/170/5 525/5/5 207/5/5
f 208/2/6 224/3/6 209/11/6
f 224/3/6 208/2/6 526/1/6
f 529/3/1 528/2/1 527/1/1
f 528/3/1 529/2/1 530/1/1
f 211/3/2 529/2/2 527/1/2
f 529/3/2 211/2/2 213/1/2
f 214/172/3 528/5/3 530/439/3
f 528/5/3 214/172/3 212/5/3
f 214/5/4 211/5/4 212/440/4
f 211/5/4 214/5/4 213/441/4
f 211/175/5 528/5/5 212/5/5
f 528/5/5 211/175/5 527/442/5
f 529/2/6 214/3/6 530/11/6
f 214/3/6 529/2/6 213/1/6
f 533/3/1 532/2/1 531/1/1
f 532/3/1 533/2/1 534/1/1
f 75/3/2 533/2/2 531/1/2
f 533/3/2 75/2/2 77/1/2
f 78/64/3 532/5/3 534/443/3
f 532/5/3 78/64/3 76/5/3
f 78/5/4 75/5/4 76/444/4
f 75/5/4 78/5/4 77/445/4
f 75/69/5 532/5/5 76/5/5
f 532/5/5 75/69/5 531/446/5
f 533/2/6 78/3/6 534/11/6
f 78/3/6 533/2/6 77/1/6
f 80/3/1 82/2/1 79/1/1
f 82/3/1 80/2/1 81/1/1
f 83/3/2 80/2/2 79/1/2
f 80/3/2 83/2/2 85/1/2
f 86/70/3 82/65/3 81/5/3
f 82/65/3 86/70/3 84/5/3
f 86/5/4 83/5/4 84/447/4
f 83/5/4 86/5/4 85/448/4
f 83/75/5 82/68/5 84/5/5
f 82/68/5 83/75/5 79/5/5
f 80/2/6 86/3/6 81/11/6
f 86/3/6 80/2/6 85/1/6
f 537/3/1 536/2/1 535/1/1
f 536/3/1 537/2/1 538/1/1
f 539/3/2 537/2/2 535/1/2
f 537/3/2 539/2/2 540/1/2
f 541/5/3 536/5/3 538/449/3
f 536/5/3 541/5/3 542/450/3
f 541/5/4 539/5/4 542/451/4
f 539/5/4 541/5/4 540/452/4
f 539/5/5 536/5/5 542/453/5
f 536/5/5 539/5/5 535/454/5
f 537/2/6 541/3/6 538/11/6
f 541/3/6 537/2/6 540/1/6
f 545/3/1 544/2/1 543/1/1
f 544/3/1 545/2/1 546/1/1
f 547/3/2 545/2/2 543/1/2
f 545/3/2 547/2/2 548/1/2
f 549/5/3 544/5/3 546/455/3
f 544/5/3 549/5/3 550/456/3
f 549/5/4 547/5/4 550/457/4
f 547/5/4 549/5/4 548/458/4
f 547/5/5 544/5/5 550/459/5
f 544/5/5 547/5/5 543/460/5
f 545/2/6 549/3/6 546/11/6
f 549/3/6 545/2/6 548/1/6
f 524/3/1 251/2/1 523/1/1
f 251/3/1 524/2/1 253/1/1
f 215/3/2 524/2/2 523/1/2
f 524/3/2 215/2/2 217/1/2
f 218/176/3 251/5/3 253/461/3
f 251/5/3 218/176/3 216/5/3
f 218/208/4 215/5/4 216/5/4
f 215/5/4 218/208/4 217/462/4
f 215/181/5 251/210/5 216/5/5
f 251/210/5 215/181/5 523/5/5
f 524/2/6 218/3/6 253/11/6
f 218/3/6 524/2/6 217/1/6
f 224/3/1 226/2/1 223/1/1
f 226/3/1 224/2/1 225/1/1
f 528/3/2 224/2/2 223/1/2
f 224/3/2 528/2/2 530/1/2
f 551/5/3 226/183/3 225/5/3
f 226/183/3 551/5/3 552/463/3
f 551/5/4 528/5/4 552/464/4
f 528/5/4 551/5/4 530/465/4
f 528/5/5 226/186/5 552/466/5
f 226/186/5 528/5/5 223/5/5
f 224/2/6 551/3/6 225/11/6
f 551/3/6 224/2/6 530/1/6
f 104/3/1 106/2/1 103/1/1
f 106/3/1 104/2/1 105/1/1
f 553/3/2 104/2/2 103/1/2
f 104/3/2 553/2/2 554/1/2
f 134/5/3 106/83/3 105/5/3
f 106/83/3 134/5/3 133/467/3
f 134/109/4 553/5/4 133/5/4
f 553/5/4 134/109/4 554/468/4
f 553/5/5 106/86/5 133/5/5
f 106/86/5 553/5/5 103/5/5
f 104/2/6 134/3/6 105/11/6
f 134/3/6 104/2/6 554/1/6
f 557/3/1 556/2/1 555/1/1
f 556/3/1 557/2/1 558/1/1
f 559/3/2 557/2/2 555/1/2
f 557/3/2 559/2/2 560/1/2
f 561/5/3 556/5/3 558/469/3
f 556/5/3 561/5/3 562/470/3
f 561/5/4 559/5/4 562/471/4
f 559/5/4 561/5/4 560/472/4
f 559/5/5 556/5/5 562/473/5
f 556/5/5 559/5/5 555/474/5
f 557/2/6 561/3/6 558/11/6
f 561/3/6 557/2/6 560/1/6
f 565/3/1 564/2/1 563/1/1
f 564/3/1 565/2/1 566/1/1
f 567/3/2 565/2/2 563/1/2
f 565/3/2 567/2/2 568/1/2
f 140/111/3 564/5/3 566/475/3
f 564/5/3 140/111/3 138/5/3
f 140/126/4 567/5/4 138/5/4
f 567/5/4 140/126/4 568/476/4
f 567/5/5 564/5/5 138/5/5
f 564/5/5 567/5/5 563/477/5
f 565/2/6 140/3/6 566/11/6
f 140/3/6 565/2/6 568/1/6
f 89/3/1 569/2/1 90/1/1
f 569/3/1 89/2/1 570/1/1
f 571/3/2 89/2/2 90/1/2
f 89/3/2 571/2/2 572/1/2
f 573/5/3 569/5/3 570/478/3
f 569/5/3 573/5/3 574/479/3
f 573/5/4 571/5/4 574/480/4
f 571/5/4 573/5/4 572/481/4
f 571/5/5 569/5/5 574/482/5
f 569/5/5 571/5/5 90/74/5
f 89/2/6 573/3/6 570/11/6
f 573/3/6 89/2/6 572/1/6
f 577/3/1 576/2/1 575/1/1
f 576/3/1 577/2/1 578/1/1
f 579/3/2 577/2/2 575/1/2
f 577/3/2 579/2/2 580/1/2
f 581/5/3 576/5/3 578/483/3
f 576/5/3 581/5/3 582/484/3
f 581/5/4 579/5/4 582/485/4
f 579/5/4 581/5/4 580/486/4
f 579/5/5 576/5/5 582/487/5
f 576/5/5 579/5/5 575/488/5
f 577/2/6 581/3/6 578/11/6
f 581/3/6 577/2/6 580/1/6
f 585/3/1 584/2/1 583/1/1
f 584/3/1 585/2/1 586/1/1
f 453/3/2 585/2/2 583/1/2
f 585/3/2 453/2/2 455/1/2
f 587/5/3 584/5/3 586/489/3
f 584/5/3 587/5/3 588/490/3
f 587/5/4 453/5/4 588/491/4
f 453/5/4 587/5/4 455/492/4
f 453/374/5 584/5/5 588/493/5
f 584/5/5 453/374/5 583/494/5
f 585/2/6 587/3/6 586/11/6
f 587/3/6 585/2/6 455/1/6
f 458/3/1 589/2/1 457/1/1
f 589/3/1 458/2/1 590/1/1
f 461/3/2 458/2/2 457/1/2
f 458/3/2 461/2/2 463/1/2
f 591/5/3 589/5/3 590/495/3
f 589/5/3 591/5/3 592/496/3
f 591/5/4 461/5/4 592/497/4
f 461/5/4 591/5/4 463/498/4
f 461/380/5 589/5/5 592/499/5
f 589/5/5 461/380/5 457/5/5
f 458/2/6 591/3/6 590/11/6
f 591/3/6 458/2/6 463/1/6
f 466/3/1 593/2/1 465/1/1
f 593/3/1 466/2/1 594/1/1
f 115/3/2 466/2/2 465/1/2
f 466/3/2 115/2/2 117/1/2
f 118/94/3 593/5/3 594/500/3
f 593/5/3 118/94/3 116/5/3
f 118/5/4 115/5/4 116/501/4
f 115/5/4 118/5/4 117/502/4
f 115/99/5 593/5/5 116/5/5
f 593/5/5 115/99/5 465/5/5
f 466/2/6 118/3/6 594/11/6
f 118/3/6 466/2/6 117/1/6
f 134/3/1 136/2/1 133/1/1
f 136/3/1 134/2/1 135/1/1
f 595/3/2 134/2/2 133/1/2
f 134/3/2 595/2/2 596/1/2
f 558/469/3 136/107/3 135/5/3
f 136/107/3 558/469/3 556/5/3
f 558/5/4 595/5/4 556/503/4
f 595/5/4 558/5/4 596/504/4
f 595/5/5 136/110/5 556/5/5
f 136/110/5 595/5/5 133/5/5
f 134/2/6 558/3/6 135/11/6
f 558/3/6 134/2/6 596/1/6
f 598/3/1 562/2/1 597/1/1
f 562/3/1 598/2/1 561/1/1
f 599/3/2 598/2/2 597/1/2
f 598/3/2 599/2/2 600/1/2
f 566/475/3 562/470/3 561/5/3
f 562/470/3 566/475/3 564/5/3
f 566/5/4 599/5/4 564/505/4
f 599/5/4 566/5/4 600/506/4
f 599/5/5 562/473/5 564/5/5
f 562/473/5 599/5/5 597/507/5
f 598/2/6 566/3/6 561/11/6
f 566/3/6 598/2/6 600/1/6
f 603/3/1 602/2/1 601/1/1
f 602/3/1 603/2/1 604/1/1
f 605/3/2 603/2/2 601/1/2
f 603/3/2 605/2/2 606/1/2
f 570/478/3 602/5/3 604/508/3
f 602/5/3 570/478/3 569/5/3
f 570/5/4 605/5/4 569/509/4
f 605/5/4 570/5/4 606/510/4
f 605/5/5 602/5/5 569/5/5
f 602/5/5 605/5/5 601/511/5
f 603/2/6 570/3/6 604/11/6
f 570/3/6 603/2/6 606/1/6
f 608/3/1 574/2/1 607/1/1
f 574/3/1 608/2/1 573/1/1
f 609/3/2 608/2/2 607/1/2
f 608/3/2 609/2/2 610/1/2
f 578/483/3 574/479/3 573/5/3
f 574/479/3 578/483/3 576/5/3
f 578/5/4 609/5/4 576/512/4
f 609/5/4 578/5/4 610/513/4
f 609/5/5 574/482/5 576/5/5
f 574/482/5 609/5/5 607/514/5
f 608/2/6 578/3/6 573/11/6
f 578/3/6 608/2/6 610/1/6
f 612/3/1 582/2/1 611/1/1
f 582/3/1 612/2/1 581/1/1
f 613/3/2 612/2/2 611/1/2
f 612/3/2 613/2/2 614/1/2
f 586/489/3 582/484/3 581/5/3
f 582/484/3 586/489/3 584/5/3
f 586/5/4 613/5/4 584/515/4
f 613/5/4 586/5/4 614/516/4
f 613/5/5 582/487/5 584/5/5
f 582/487/5 613/5/5 611/517/5
f 612/2/6 586/3/6 581/11/6
f 586/3/6 612/2/6 614/1/6
f 241/3/1 615/2/1 242/1/1
f 615/3/1 241/2/1 616/1/1
f 143/3/2 241/2/2 242/1/2
f 241/3/2 143/2/2 145/1/2
f 146/117/3 615/5/3 616/518/3
f 615/5/3 146/117/3 144/5/3
f 146/5/4 143/5/4 144/519/4
f 143/5/4 146/5/4 145/520/4
f 143/122/5 615/5/5 144/5/5
f 615/5/5 143/122/5 242/197/5
f 241/2/6 146/3/6 616/11/6
f 146/3/6 241/2/6 145/1/6
f 474/3/1 476/2/1 473/1/1
f 476/3/1 474/2/1 475/1/1
f 617/3/2 474/2/2 473/1/2
f 474/3/2 617/2/2 618/1/2
f 480/5/3 476/382/3 475/5/3
f 476/382/3 480/5/3 479/521/3
f 480/390/4 617/5/4 479/5/4
f 617/5/4 480/390/4 618/522/4
f 617/5/5 476/385/5 479/5/5
f 476/385/5 617/5/5 473/5/5
f 474/2/6 480/3/6 475/11/6
f 480/3/6 474/2/6 618/1/6
f 621/3/1 620/2/1 619/1/1
f 620/3/1 621/2/1 622/1/1
f 623/3/2 621/2/2 619/1/2
f 621/3/2 623/2/2 624/1/2
f 625/5/3 620/5/3 622/523/3
f 620/5/3 625/5/3 626/524/3
f 625/5/4 623/5/4 626/525/4
f 623/5/4 625/5/4 624/526/4
f 623/5/5 620/5/5 626/527/5
f 620/5/5 623/5/5 619/528/5
f 621/2/6 625/3/6 622/11/6
f 625/3/6 621/2/6 624/1/6
f 472/3/1 627/2/1 470/1/1
f 627/3/1 472/2/1 628/1/1
f 476/3/2 472/2/2 470/1/2
f 472/3/2 476/2/2 475/1/2
f 478/387/3 627/5/3 628/529/3
f 627/5/3 478/387/3 477/5/3
f 478/5/4 476/383/4 477/530/4
f 476/383/4 478/5/4 475/5/4
f 476/385/5 627/5/5 477/5/5
f 627/5/5 476/385/5 470/5/5
f 472/2/6 478/3/6 628/11/6
f 478/3/6 472/2/6 475/1/6
f 631/3/1 630/2/1 629/1/1
f 630/3/1 631/2/1 632/1/1
f 454/3/2 631/2/2 629/1/2
f 631/3/2 454/2/2 456/1/2
f 633/5/3 630/5/3 632/531/3
f 630/5/3 633/5/3 634/532/3
f 633/5/4 454/5/4 634/533/4
f 454/5/4 633/5/4 456/534/4
f 454/5/5 630/5/5 634/535/5
f 630/5/5 454/5/5 629/536/5
f 631/2/6 633/3/6 632/11/6
f 633/3/6 631/2/6 456/1/6
f 459/3/1 635/2/1 460/1/1
f 635/3/1 459/2/1 636/1/1
f 462/3/2 459/2/2 460/1/2
f 459/3/2 462/2/2 464/1/2
f 637/5/3 635/5/3 636/537/3
f 635/5/3 637/5/3 638/538/3
f 637/5/4 462/5/4 638/539/4
f 462/5/4 637/5/4 464/540/4
f 462/5/5 635/5/5 638/541/5
f 635/5/5 462/5/5 460/373/5
f 459/2/6 637/3/6 636/11/6
f 637/3/6 459/2/6 464/1/6
f 467/3/1 639/2/1 468/1/1
f 639/3/1 467/2/1 640/1/1
f 641/3/2 467/2/2 468/1/2
f 467/3/2 641/2/2 642/1/2
f 643/5/3 639/5/3 640/542/3
f 639/5/3 643/5/3 644/543/3
f 643/5/4 641/5/4 644/544/4
f 641/5/4 643/5/4 642/545/4
f 641/5/5 639/5/5 644/546/5
f 639/5/5 641/5/5 468/379/5
f 467/2/6 643/3/6 640/11/6
f 643/3/6 467/2/6 642/1/6
f 354/3/1 356/2/1 353/1/1
f 356/3/1 354/2/1 355/1/1
f 645/3/2 354/2/2 353/1/2
f 354/3/2 645/2/2 646/1/2
f 390/5/3 356/285/3 355/5/3
f 356/285/3 390/5/3 389/547/3
f 390/317/4 645/5/4 389/5/4
f 645/5/4 390/317/4 646/548/4
f 645/5/5 356/288/5 389/5/5
f 356/288/5 645/5/5 353/5/5
f 354/2/6 390/3/6 355/11/6
f 390/3/6 354/2/6 646/1/6
f 648/3/1 393/2/1 647/1/1
f 393/3/1 648/2/1 395/1/1
f 357/3/2 648/2/2 647/1/2
f 648/3/2 357/2/2 359/1/2
f 360/290/3 393/5/3 395/549/3
f 393/5/3 360/290/3 358/5/3
f 360/394/4 357/5/4 358/5/4
f 357/5/4 360/394/4 359/550/4
f 357/295/5 393/324/5 358/5/5
f 393/324/5 357/295/5 647/551/5
f 648/2/6 360/3/6 395/11/6
f 360/3/6 648/2/6 359/1/6
f 370/3/1 372/2/1 369/1/1
f 372/3/1 370/2/1 371/1/1
f 649/3/2 370/2/2 369/1/2
f 370/3/2 649/2/2 650/1/2
f 404/5/3 372/297/3 371/5/3
f 372/297/3 404/5/3 403/552/3
f 404/328/4 649/5/4 403/5/4
f 649/5/4 404/328/4 650/553/4
f 649/5/5 372/300/5 403/5/5
f 372/300/5 649/5/5 369/5/5
f 370/2/6 404/3/6 371/11/6
f 404/3/6 370/2/6 650/1/6
f 652/3/1 485/2/1 651/1/1
f 485/3/1 652/2/1 487/1/1
f 373/3/2 652/2/2 651/1/2
f 652/3/2 373/2/2 375/1/2
f 376/302/3 485/5/3 487/554/3
f 485/5/3 376/302/3 374/5/3
f 376/399/4 373/5/4 374/5/4
f 373/5/4 376/399/4 375/555/4
f 373/307/5 485/401/5 374/5/5
f 485/401/5 373/307/5 651/556/5
f 652/2/6 376/3/6 487/11/6
f 376/3/6 652/2/6 375/1/6
f 390/3/1 392/2/1 389/1/1
f 392/3/1 390/2/1 391/1/1
f 653/3/2 390/2/2 389/1/2
f 390/3/2 653/2/2 654/1/2
f 655/5/3 392/315/3 391/5/3
f 392/315/3 655/5/3 656/557/3
f 655/5/4 653/5/4 656/558/4
f 653/5/4 655/5/4 654/559/4
f 653/5/5 392/318/5 656/560/5
f 392/318/5 653/5/5 389/5/5
f 390/2/6 655/3/6 391/11/6
f 655/3/6 390/2/6 654/1/6
f 659/3/1 658/2/1 657/1/1
f 658/3/1 659/2/1 660/1/1
f 393/3/2 659/2/2 657/1/2
f 659/3/2 393/2/2 395/1/2
f 396/319/3 658/5/3 660/561/3
f 658/5/3 396/319/3 394/5/3
f 396/5/4 393/5/4 394/562/4
f 393/5/4 396/5/4 395/563/4
f 393/324/5 658/5/5 394/5/5
f 658/5/5 393/324/5 657/564/5
f 659/2/6 396/3/6 660/11/6
f 396/3/6 659/2/6 395/1/6
f 376/3/1 490/2/1 374/1/1
f 490/3/1 376/2/1 489/1/1
f 378/3/2 376/2/2 374/1/2
f 376/3/2 378/2/2 377/1/2
f 661/5/3 490/397/3 489/5/3
f 490/397/3 661/5/3 662/565/3
f 661/5/4 378/304/4 662/566/4
f 378/304/4 661/5/4 377/5/4
f 378/306/5 490/400/5 662/567/5
f 490/400/5 378/306/5 374/5/5
f 376/2/6 661/3/6 489/11/6
f 661/3/6 376/2/6 377/1/6
f 665/3/1 664/2/1 663/1/1
f 664/3/1 665/2/1 666/1/1
f 407/3/2 665/2/2 663/1/2
f 665/3/2 407/2/2 409/1/2
f 410/330/3 664/5/3 666/568/3
f 664/5/3 410/330/3 408/5/3
f 410/5/4 407/5/4 408/569/4
f 407/5/4 410/5/4 409/570/4
f 407/335/5 664/5/5 408/5/5
f 664/5/5 407/335/5 663/571/5
f 665/2/6 410/3/6 666/11/6
f 410/3/6 665/2/6 409/1/6
f 669/3/1 668/2/1 667/1/1
f 668/3/1 669/2/1 670/1/1
f 671/3/2 669/2/2 667/1/2
f 669/3/2 671/2/2 672/1/2
f 673/5/3 668/5/3 670/572/3
f 668/5/3 673/5/3 674/573/3
f 673/5/4 671/5/4 674/574/4
f 671/5/4 673/5/4 672/575/4
f 671/5/5 668/5/5 674/576/5
f 668/5/5 671/5/5 667/577/5
f 669/2/6 673/3/6 670/11/6
f 673/3/6 669/2/6 672/1/6
f 522/3/1 523/2/1 521/1/1
f 523/3/1 522/2/1 524/1/1
f 203/3/2 522/2/2 521/1/2
f 522/3/2 203/2/2 205/1/2
f 206/166/3 523/5/3 524/435/3
f 523/5/3 206/166/3 204/5/3
f 206/179/4 203/5/4 204/5/4
f 203/5/4 206/179/4 205/436/4
f 203/171/5 523/5/5 204/5/5
f 523/5/5 203/171/5 521/5/5
f 522/2/6 206/3/6 524/11/6
f 206/3/6 522/2/6 205/1/6

usemtl color13

f 494/3/1 496/2/1 493/1/1
f 496/3/1 494/2/1 495/1/1
f 675/3/2 494/2/2 493/1/2
f 494/3/2 675/2/2 676/1/2
f 502/409/3 496/403/3 495/5/3
f 496/403/3 502/409/3 500/5/3
f 502/5/4 675/5/4 500/578/4
f 675/5/4 502/5/4 676/579/4
f 675/5/5 496/406/5 500/5/5
f 496/406/5 675/5/5 493/5/5
f 494/2/6 502/3/6 495/11/6
f 502/3/6 494/2/6 676/1/6
f 679/3/1 678/2/1 677/1/1
f 678/3/1 679/2/1 680/1/1
f 681/3/2 679/2/2 677/1/2
f 679/3/2 681/2/2 682/1/2
f 683/5/3 678/5/3 680/580/3
f 678/5/3 683/5/3 684/581/3
f 683/5/4 681/5/4 684/582/4
f 681/5/4 683/5/4 682/583/4
f 681/5/5 678/5/5 684/584/5
f 678/5/5 681/5/5 677/585/5
f 679/2/6 683/3/6 680/11/6
f 683/3/6 679/2/6 682/1/6
f 504/3/1 506/2/1 503/1/1
f 506/3/1 504/2/1 505/1/1
f 685/3/2 504/2/2 503/1/2
f 504/3/2 685/2/2 686/1/2
f 181/5/3 506/410/3 505/5/3
f 506/410/3 181/5/3 179/586/3
f 181/5/4 685/5/4 179/587/4
f 685/5/4 181/5/4 686/588/4
f 685/5/5 506/413/5 179/153/5
f 506/413/5 685/5/5 503/5/5
f 504/2/6 181/3/6 505/11/6
f 181/3/6 504/2/6 686/1/6
f 445/3/1 687/2/1 446/1/1
f 687/3/1 445/2/1 688/1/1
f 512/3/2 445/2/2 446/1/2
f 445/3/2 512/2/2 511/1/2
f 689/5/3 687/5/3 688/589/3
f 687/5/3 689/5/3 690/590/3
f 689/5/4 512/420/4 690/591/4
f 512/420/4 689/5/4 511/5/4
f 512/422/5 687/5/5 690/592/5
f 687/5/5 512/422/5 446/361/5
f 445/2/6 689/3/6 688/11/6
f 689/3/6 445/2/6 511/1/6
f 693/3/1 692/2/1 691/1/1
f 692/3/1 693/2/1 694/1/1
f 695/3/2 693/2/2 691/1/2
f 693/3/2 695/2/2 696/1/2
f 697/5/3 692/5/3 694/593/3
f 692/5/3 697/5/3 698/594/3
f 697/5/4 695/5/4 698/595/4
f 695/5/4 697/5/4 696/596/4
f 695/5/5 692/5/5 698/597/5
f 692/5/5 695/5/5 691/598/5
f 693/2/6 697/3/6 694/11/6
f 697/3/6 693/2/6 696/1/6
f 701/3/1 700/2/1 699/1/1
f 700/3/1 701/2/1 702/1/1
f 703/3/2 701/2/2 699/1/2
f 701/3/2 703/2/2 704/1/2
f 705/5/3 700/5/3 702/599/3
f 700/5/3 705/5/3 706/600/3
f 705/5/4 703/5/4 706/601/4
f 703/5/4 705/5/4 704/602/4
f 703/5/5 700/5/5 706/603/5
f 700/5/5 703/5/5 699/604/5
f 701/2/6 705/3/6 702/11/6
f 705/3/6 701/2/6 704/1/6
f 709/3/1 708/2/1 707/1/1
f 708/3/1 709/2/1 710/1/1
f 711/3/2 709/2/2 707/1/2
f 709/3/2 711/2/2 712/1/2
f 713/5/3 708/5/3 710/605/3
f 708/5/3 713/5/3 714/606/3
f 713/5/4 711/5/4 714/607/4
f 711/5/4 713/5/4 712/608/4
f 711/5/5 708/5/5 714/609/5
f 708/5/5 711/5/5 707/610/5
f 709/2/6 713/3/6 710/11/6
f 713/3/6 709/2/6 712/1/6
f 697/3/1 715/2/1 698/1/1
f 715/3/1 697/2/1 716/1/1
f 717/3/2 697/2/2 698/1/2
f 697/3/2 717/2/2 718/1/2
f 719/5/3 715/5/3 716/611/3
f 715/5/3 719/5/3 720/612/3
f 719/5/4 717/5/4 720/613/4
f 717/5/4 719/5/4 718/614/4
f 717/5/5 715/5/5 720/615/5
f 715/5/5 717/5/5 698/597/5
f 697/2/6 719/3/6 716/11/6
f 719/3/6 697/2/6 718/1/6
f 232/3/1 234/2/1 231/1/1
f 234/3/1 232/2/1 233/1/1
f 700/3/2 232/2/2 231/1/2
f 232/3/2 700/2/2 702/1/2
f 721/5/3 234/188/3 233/5/3
f 234/188/3 721/5/3 722/616/3
f 721/5/4 700/5/4 722/617/4
f 700/5/4 721/5/4 702/618/4
f 700/5/5 234/191/5 722/619/5
f 234/191/5 700/5/5 231/5/5
f 232/2/6 721/3/6 233/11/6
f 721/3/6 232/2/6 702/1/6
f 725/3/1 724/2/1 723/1/1
f 724/3/1 725/2/1 726/1/1
f 727/3/2 725/2/2 723/1/2
f 725/3/2 727/2/2 728/1/2
f 729/5/3 724/5/3 726/620/3
f 724/5/3 729/5/3 730/621/3
f 729/5/4 727/5/4 730/622/4
f 727/5/4 729/5/4 728/623/4
f 727/5/5 724/5/5 730/624/5
f 724/5/5 727/5/5 723/625/5
f 725/2/6 729/3/6 726/11/6
f 729/3/6 725/2/6 728/1/6
f 260/3/1 262/2/1 259/1/1
f 262/3/1 260/2/1 261/1/1
f 731/3/2 260/2/2 259/1/2
f 260/3/2 731/2/2 732/1/2
f 733/5/3 262/212/3 261/5/3
f 262/212/3 733/5/3 734/626/3
f 733/5/4 731/5/4 734/627/4
f 731/5/4 733/5/4 732/628/4
f 731/5/5 262/215/5 734/629/5
f 262/215/5 731/5/5 259/5/5
f 260/2/6 733/3/6 261/11/6
f 733/3/6 260/2/6 732/1/6
f 721/3/1 735/2/1 722/1/1
f 735/3/1 721/2/1 736/1/1
f 737/3/2 721/2/2 722/1/2
f 721/3/2 737/2/2 738/1/2
f 277/5/3 735/5/3 736/630/3
f 735/5/3 277/5/3 275/631/3
f 277/5/4 737/5/4 275/632/4
f 737/5/4 277/5/4 738/633/4
f 737/5/5 735/5/5 275/232/5
f 735/5/5 737/5/5 722/619/5
f 721/2/6 277/3/6 736/11/6
f 277/3/6 721/2/6 738/1/6
f 740/3/1 283/2/1 739/1/1
f 283/3/1 740/2/1 285/1/1
f 724/3/2 740/2/2 739/1/2
f 740/3/2 724/2/2 726/1/2
f 741/5/3 283/5/3 285/634/3
f 283/5/3 741/5/3 742/635/3
f 741/5/4 724/5/4 742/636/4
f 724/5/4 741/5/4 726/637/4
f 724/5/5 283/238/5 742/638/5
f 283/238/5 724/5/5 739/639/5
f 740/2/6 741/3/6 285/11/6
f 741/3/6 740/2/6 726/1/6
f 744/3/1 307/2/1 743/1/1
f 307/3/1 744/2/1 309/1/1
f 745/3/2 744/2/2 743/1/2
f 744/3/2 745/2/2 746/1/2
f 157/5/3 307/5/3 309/640/3
f 307/5/3 157/5/3 155/641/3
f 157/253/4 745/5/4 155/5/4
f 745/5/4 157/253/4 746/642/4
f 745/5/5 307/254/5 155/133/5
f 307/254/5 745/5/5 743/643/5
f 744/2/6 157/3/6 309/11/6
f 157/3/6 744/2/6 746/1/6
f 304/3/1 747/2/1 303/1/1
f 747/3/1 304/2/1 748/1/1
f 749/3/2 304/2/2 303/1/2
f 304/3/2 749/2/2 750/1/2
f 751/5/3 747/5/3 748/644/3
f 747/5/3 751/5/3 752/645/3
f 751/5/4 749/5/4 752/646/4
f 749/5/4 751/5/4 750/647/4
f 749/5/5 747/5/5 752/648/5
f 747/5/5 749/5/5 303/5/5
f 304/2/6 751/3/6 748/11/6
f 751/3/6 304/2/6 750/1/6
f 754/3/1 379/2/1 753/1/1
f 379/3/1 754/2/1 381/1/1
f 284/3/2 754/2/2 753/1/2
f 754/3/2 284/2/2 286/1/2
f 755/5/3 379/5/3 381/649/3
f 379/5/3 755/5/3 756/650/3
f 755/5/4 284/5/4 756/651/4
f 284/5/4 755/5/4 286/652/4
f 284/5/5 379/313/5 756/653/5
f 379/313/5 284/5/5 753/654/5
f 754/2/6 755/3/6 381/11/6
f 755/3/6 754/2/6 286/1/6
f 281/3/1 757/2/1 282/1/1
f 757/3/1 281/2/1 758/1/1
f 759/3/2 281/2/2 282/1/2
f 281/3/2 759/2/2 760/1/2
f 761/5/3 757/5/3 758/655/3
f 757/5/3 761/5/3 762/656/3
f 761/5/4 759/5/4 762/657/4
f 759/5/4 761/5/4 760/658/4
f 759/5/5 757/5/5 762/659/5
f 757/5/5 759/5/5 282/231/5
f 281/2/6 761/3/6 758/11/6
f 761/3/6 281/2/6 760/1/6
f 765/3/1 764/2/1 763/1/1
f 764/3/1 765/2/1 766/1/1
f 767/3/2 765/2/2 763/1/2
f 765/3/2 767/2/2 768/1/2
f 769/5/3 764/5/3 766/660/3
f 764/5/3 769/5/3 770/661/3
f 769/5/4 767/5/4 770/662/4
f 767/5/4 769/5/4 768/663/4
f 767/5/5 764/5/5 770/664/5
f 764/5/5 767/5/5 763/665/5
f 765/2/6 769/3/6 766/11/6
f 769/3/6 765/2/6 768/1/6
f 384/3/1 386/2/1 383/1/1
f 386/3/1 384/2/1 385/1/1
f 747/3/2 384/2/2 383/1/2
f 384/3/2 747/2/2 748/1/2
f 771/5/3 386/309/3 385/5/3
f 386/309/3 771/5/3 772/666/3
f 771/5/4 747/5/4 772/667/4
f 747/5/4 771/5/4 748/668/4
f 747/5/5 386/312/5 772/669/5
f 386/312/5 747/5/5 383/5/5
f 384/2/6 771/3/6 385/11/6
f 771/3/6 384/2/6 748/1/6
f 775/3/1 774/2/1 773/1/1
f 774/3/1 775/2/1 776/1/1
f 326/3/2 775/2/2 773/1/2
f 775/3/2 326/2/2 328/1/2
f 777/5/3 774/5/3 776/670/3
f 774/5/3 777/5/3 778/671/3
f 777/5/4 326/5/4 778/672/4
f 326/5/4 777/5/4 328/673/4
f 326/5/5 774/5/5 778/674/5
f 774/5/5 326/5/5 773/675/5
f 775/2/6 777/3/6 776/11/6
f 777/3/6 775/2/6 328/1/6
f 368/3/1 779/2/1 366/1/1
f 779/3/1 368/2/1 780/1/1
f 372/3/2 368/2/2 366/1/2
f 368/3/2 372/2/2 371/1/2
f 402/325/3 779/5/3 780/676/3
f 779/5/3 402/325/3 401/5/3
f 402/5/4 372/298/4 401/677/4
f 372/298/4 402/5/4 371/5/4
f 372/300/5 779/5/5 401/5/5
f 779/5/5 372/300/5 366/5/5
f 368/2/6 402/3/6 780/11/6
f 402/3/6 368/2/6 371/1/6

usemtl color23

f 34/3/1 36/2/1 33/1/1
f 36/3/1 34/2/1 35/1/1
f 37/3/2 34/2/2 33/1/2
f 34/3/2 37/2/2 39/1/2
f 40/34/3 36/29/3 35/5/3
f 36/29/3 40/34/3 38/5/3
f 40/5/4 37/5/4 38/678/4
f 37/5/4 40/5/4 39/679/4
f 37/39/5 36/32/5 38/5/5
f 36/32/5 37/39/5 33/5/5
f 34/2/6 40/3/6 35/11/6
f 40/3/6 34/2/6 39/1/6
f 518/3/1 520/2/1 517/1/1
f 520/3/1 518/2/1 519/1/1
f 781/3/2 518/2/2 517/1/2
f 518/3/2 781/2/2 782/1/2
f 783/5/3 520/424/3 519/5/3
f 520/424/3 783/5/3 784/680/3
f 783/5/4 781/5/4 784/681/4
f 781/5/4 783/5/4 782/682/4
f 781/5/5 520/427/5 784/683/5
f 520/427/5 781/5/5 517/5/5
f 518/2/6 783/3/6 519/11/6
f 783/3/6 518/2/6 782/1/6
f 787/3/1 786/2/1 785/1/1
f 786/3/1 787/2/1 788/1/1
f 789/3/2 787/2/2 785/1/2
f 787/3/2 789/2/2 790/1/2
f 791/5/3 786/5/3 788/684/3
f 786/5/3 791/5/3 792/685/3
f 791/5/4 789/5/4 792/686/4
f 789/5/4 791/5/4 790/687/4
f 789/5/5 786/5/5 792/688/5
f 786/5/5 789/5/5 785/689/5
f 787/2/6 791/3/6 788/11/6
f 791/3/6 787/2/6 790/1/6
f 795/3/1 794/2/1 793/1/1
f 794/3/1 795/2/1 796/1/1
f 797/3/2 795/2/2 793/1/2
f 795/3/2 797/2/2 798/1/2
f 799/5/3 794/5/3 796/690/3
f 794/5/3 799/5/3 800/691/3
f 799/5/4 797/5/4 800/692/4
f 797/5/4 799/5/4 798/693/4
f 797/5/5 794/5/5 800/694/5
f 794/5/5 797/5/5 793/695/5
f 795/2/6 799/3/6 796/11/6
f 799/3/6 795/2/6 798/1/6

usemtl color24

f 803/3/1 802/2/1 801/1/1
f 802/3/1 803/2/1 804/1/1
f 22/3/2 803/2/2 801/1/2
f 803/3/2 22/2/2 24/1/2
f 805/5/3 802/5/3 804/696/3
f 802/5/3 805/5/3 806/697/3
f 805/5/4 22/5/4 806/698/4
f 22/5/4 805/5/4 24/699/4
f 22/5/5 802/5/5 806/700/5
f 802/5/5 22/5/5 801/701/5
f 803/2/6 805/3/6 804/11/6
f 805/3/6 803/2/6 24/1/6

usemtl color6

f 24/3/1 806/2/1 22/1/1
f 806/3/1 24/2/1 805/1/1
f 28/3/2 24/2/2 22/1/2
f 24/3/2 28/2/2 27/1/2
f 498/407/3 806/697/3 805/5/3
f 806/697/3 498/407/3 497/5/3
f 498/5/4 28/24/4 497/702/4
f 28/24/4 498/5/4 27/5/4
f 28/26/5 806/700/5 497/5/5
f 806/700/5 28/26/5 22/5/5
f 24/2/6 498/3/6 805/11/6
f 498/3/6 24/2/6 27/1/6
f 442/3/1 807/2/1 440/1/1
f 807/3/1 442/2/1 808/1/1
f 446/3/2 442/2/2 440/1/2
f 442/3/2 446/2/2 445/1/2
f 688/589/3 807/5/3 808/703/3
f 807/5/3 688/589/3 687/5/3
f 688/5/4 446/359/4 687/704/4
f 446/359/4 688/5/4 445/5/4
f 446/361/5 807/5/5 687/5/5
f 807/5/5 446/361/5 440/5/5
f 442/2/6 688/3/6 808/11/6
f 688/3/6 442/2/6 445/1/6
f 456/3/1 634/2/1 454/1/1
f 634/3/1 456/2/1 633/1/1
f 460/3/2 456/2/2 454/1/2
f 456/3/2 460/2/2 459/1/2
f 636/537/3 634/532/3 633/5/3
f 634/532/3 636/537/3 635/5/3
f 636/5/4 460/371/4 635/705/4
f 460/371/4 636/5/4 459/5/4
f 460/373/5 634/535/5 635/5/5
f 634/535/5 460/373/5 454/5/5
f 456/2/6 636/3/6 633/11/6
f 636/3/6 456/2/6 459/1/6
f 464/3/1 638/2/1 462/1/1
f 638/3/1 464/2/1 637/1/1
f 468/3/2 464/2/2 462/1/2
f 464/3/2 468/2/2 467/1/2
f 640/542/3 638/538/3 637/5/3
f 638/538/3 640/542/3 639/5/3
f 640/5/4 468/377/4 639/706/4
f 468/377/4 640/5/4 467/5/4
f 468/379/5 638/541/5 639/5/5
f 638/541/5 468/379/5 462/5/5
f 464/2/6 640/3/6 637/11/6
f 640/3/6 464/2/6 467/1/6
f 412/3/1 414/2/1 411/1/1
f 414/3/1 412/2/1 413/1/1
f 415/3/2 412/2/2 411/1/2
f 412/3/2 415/2/2 417/1/2
f 418/336/3 414/331/3 413/5/3
f 414/331/3 418/336/3 416/5/3
f 418/5/4 415/5/4 416/707/4
f 415/5/4 418/5/4 417/708/4
f 415/341/5 414/334/5 416/5/5
f 414/334/5 415/341/5 411/5/5
f 412/2/6 418/3/6 413/11/6
f 418/3/6 412/2/6 417/1/6
f 672/3/1 674/2/1 671/1/1
f 674/3/1 672/2/1 673/1/1
f 809/3/2 672/2/2 671/1/2
f 672/3/2 809/2/2 810/1/2
f 811/5/3 674/573/3 673/5/3
f 674/573/3 811/5/3 812/709/3
f 811/5/4 809/5/4 812/710/4
f 809/5/4 811/5/4 810/711/4
f 809/5/5 674/576/5 812/712/5
f 674/576/5 809/5/5 671/5/5
f 672/2/6 811/3/6 673/11/6
f 811/3/6 672/2/6 810/1/6

usemtl color10

f 782/3/1 784/2/1 781/1/1
f 784/3/1 782/2/1 783/1/1
f 785/3/2 782/2/2 781/1/2
f 782/3/2 785/2/2 787/1/2
f 788/684/3 784/680/3 783/5/3
f 784/680/3 788/684/3 786/5/3
f 788/5/4 785/5/4 786/713/4
f 785/5/4 788/5/4 787/714/4
f 785/689/5 784/683/5 786/5/5
f 784/683/5 785/689/5 781/5/5
f 782/2/6 788/3/6 783/11/6
f 788/3/6 782/2/6 787/1/6
f 790/3/1 792/2/1 789/1/1
f 792/3/1 790/2/1 791/1/1
f 51/3/2 790/2/2 789/1/2
f 790/3/2 51/2/2 53/1/2
f 54/46/3 792/685/3 791/5/3
f 792/685/3 54/46/3 52/5/3
f 54/5/4 51/5/4 52/715/4
f 51/5/4 54/5/4 53/716/4
f 51/51/5 792/688/5 52/5/5
f 792/688/5 51/51/5 789/5/5
f 790/2/6 54/3/6 791/11/6
f 54/3/6 790/2/6 53/1/6
f 72/3/1 74/2/1 71/1/1
f 74/3/1 72/2/1 73/1/1
f 813/3/2 72/2/2 71/1/2
f 72/3/2 813/2/2 814/1/2
f 815/5/3 74/59/3 73/5/3
f 74/59/3 815/5/3 816/717/3
f 815/5/4 813/5/4 816/718/4
f 813/5/4 815/5/4 814/719/4
f 813/5/5 74/62/5 816/720/5
f 74/62/5 813/5/5 71/5/5
f 72/2/6 815/3/6 73/11/6
f 815/3/6 72/2/6 814/1/6
f 818/3/1 231/2/1 817/1/1
f 231/3/1 818/2/1 232/1/1
f 699/3/2 818/2/2 817/1/2
f 818/3/2 699/2/2 701/1/2
f 702/599/3 231/5/3 232/721/3
f 231/5/3 702/599/3 700/5/3
f 702/618/4 699/5/4 700/5/4
f 699/5/4 702/618/4 701/722/4
f 699/604/5 231/5/5 700/5/5
f 231/5/5 699/604/5 817/723/5
f 818/2/6 702/3/6 232/11/6
f 702/3/6 818/2/6 701/1/6
f 821/3/1 820/2/1 819/1/1
f 820/3/1 821/2/1 822/1/1
f 823/3/2 821/2/2 819/1/2
f 821/3/2 823/2/2 824/1/2
f 825/5/3 820/5/3 822/724/3
f 820/5/3 825/5/3 826/725/3
f 825/5/4 823/5/4 826/726/4
f 823/5/4 825/5/4 824/727/4
f 823/5/5 820/5/5 826/728/5
f 820/5/5 823/5/5 819/729/5
f 821/2/6 825/3/6 822/11/6
f 825/3/6 821/2/6 824/1/6
f 829/3/1 828/2/1 827/1/1
f 828/3/1 829/2/1 830/1/1
f 831/3/2 829/2/2 827/1/2
f 829/3/2 831/2/2 832/1/2
f 833/5/3 828/5/3 830/730/3
f 828/5/3 833/5/3 834/731/3
f 833/5/4 831/5/4 834/732/4
f 831/5/4 833/5/4 832/733/4
f 831/5/5 828/5/5 834/734/5
f 828/5/5 831/5/5 827/735/5
f 829/2/6 833/3/6 830/11/6
f 833/3/6 829/2/6 832/1/6
f 837/3/1 836/2/1 835/1/1
f 836/3/1 837/2/1 838/1/1
f 839/3/2 837/2/2 835/1/2
f 837/3/2 839/2/2 840/1/2
f 841/5/3 836/5/3 838/736/3
f 836/5/3 841/5/3 842/737/3
f 841/5/4 839/5/4 842/738/4
f 839/5/4 841/5/4 840/739/4
f 839/5/5 836/5/5 842/740/5
f 836/5/5 839/5/5 835/741/5
f 837/2/6 841/3/6 838/11/6
f 841/3/6 837/2/6 840/1/6
f 845/3/1 844/2/1 843/1/1
f 844/3/1 845/2/1 846/1/1
f 793/3/2 845/2/2 843/1/2
f 845/3/2 793/2/2 795/1/2
f 796/690/3 844/5/3 846/742/3
f 844/5/3 796/690/3 794/5/3
f 796/5/4 793/5/4 794/743/4
f 793/5/4 796/5/4 795/744/4
f 793/695/5 844/5/5 794/5/5
f 844/5/5 793/695/5 843/745/5
f 845/2/6 796/3/6 846/11/6
f 796/3/6 845/2/6 795/1/6
f 798/3/1 800/2/1 797/1/1
f 800/3/1 798/2/1 799/1/1
f 91/3/2 798/2/2 797/1/2
f 798/3/2 91/2/2 93/1/2
f 94/76/3 800/691/3 799/5/3
f 800/691/3 94/76/3 92/5/3
f 94/5/4 91/5/4 92/746/4
f 91/5/4 94/5/4 93/747/4
f 91/81/5 800/694/5 92/5/5
f 800/694/5 91/81/5 797/5/5
f 798/2/6 94/3/6 799/11/6
f 94/3/6 798/2/6 93/1/6
f 126/3/1 847/2/1 124/1/1
f 847/3/1 126/2/1 848/1/1
f 130/3/2 126/2/2 124/1/2
f 126/3/2 130/2/2 129/1/2
f 849/5/3 847/5/3 848/748/3
f 847/5/3 849/5/3 850/749/3
f 849/5/4 130/102/4 850/750/4
f 130/102/4 849/5/4 129/5/4
f 130/104/5 847/5/5 850/751/5
f 847/5/5 130/104/5 124/5/5
f 126/2/6 849/3/6 848/11/6
f 849/3/6 126/2/6 129/1/6
f 160/3/1 162/2/1 159/1/1
f 162/3/1 160/2/1 161/1/1
f 851/3/2 160/2/2 159/1/2
f 160/3/2 851/2/2 852/1/2
f 853/5/3 162/129/3 161/5/3
f 162/129/3 853/5/3 854/752/3
f 853/5/4 851/5/4 854/753/4
f 851/5/4 853/5/4 852/754/4
f 851/5/5 162/132/5 854/755/5
f 162/132/5 851/5/5 159/5/5
f 160/2/6 853/3/6 161/11/6
f 853/3/6 160/2/6 852/1/6
f 849/3/1 855/2/1 850/1/1
f 855/3/1 849/2/1 856/1/1
f 857/3/2 849/2/2 850/1/2
f 849/3/2 857/2/2 858/1/2
f 859/5/3 855/5/3 856/756/3
f 855/5/3 859/5/3 860/757/3
f 859/5/4 857/5/4 860/758/4
f 857/5/4 859/5/4 858/759/4
f 857/5/5 855/5/5 860/760/5
f 855/5/5 857/5/5 850/751/5
f 849/2/6 859/3/6 856/11/6
f 859/3/6 849/2/6 858/1/6
f 810/3/1 812/2/1 809/1/1
f 812/3/1 810/2/1 811/1/1
f 861/3/2 810/2/2 809/1/2
f 810/3/2 861/2/2 862/1/2
f 863/5/3 812/709/3 811/5/3
f 812/709/3 863/5/3 864/761/3
f 863/5/4 861/5/4 864/762/4
f 861/5/4 863/5/4 862/763/4
f 861/5/5 812/712/5 864/764/5
f 812/712/5 861/5/5 809/5/5
f 810/2/6 863/3/6 811/11/6
f 863/3/6 810/2/6 862/1/6
f 761/3/1 865/2/1 762/1/1
f 865/3/1 761/2/1 866/1/1
f 764/3/2 761/2/2 762/1/2
f 761/3/2 764/2/2 766/1/2
f 867/5/3 865/5/3 866/765/3
f 865/5/3 867/5/3 868/766/3
f 867/5/4 764/5/4 868/767/4
f 764/5/4 867/5/4 766/768/4
f 764/5/5 865/5/5 868/769/5
f 865/5/5 764/5/5 762/659/5
f 761/2/6 867/3/6 866/11/6
f 867/3/6 761/2/6 766/1/6
f 769/3/1 869/2/1 770/1/1
f 869/3/1 769/2/1 870/1/1
f 871/3/2 769/2/2 770/1/2
f 769/3/2 871/2/2 872/1/2
f 873/5/3 869/5/3 870/770/3
f 869/5/3 873/5/3 874/771/3
f 873/5/4 871/5/4 874/772/4
f 871/5/4 873/5/4 872/773/4
f 871/5/5 869/5/5 874/774/5
f 869/5/5 871/5/5 770/664/5
f 769/2/6 873/3/6 870/11/6
f 873/3/6 769/2/6 872/1/6

usemtl color3

f 495/3/1 875/2/1 496/1/1
f 875/3/1 495/2/1 876/1/1
f 179/3/2 495/2/2 496/1/2
f 495/3/2 179/2/2 181/1/2
f 182/148/3 875/5/3 876/775/3
f 875/5/3 182/148/3 180/5/3
f 182/5/4 179/587/4 180/776/4
f 179/587/4 182/5/4 181/5/4
f 179/153/5 875/5/5 180/5/5
f 875/5/5 179/153/5 496/406/5
f 495/2/6 182/3/6 876/11/6
f 182/3/6 495/2/6 181/1/6
f 184/3/1 186/2/1 183/1/1
f 186/3/1 184/2/1 185/1/1
f 440/3/2 184/2/2 183/1/2
f 184/3/2 440/2/2 442/1/2
f 808/703/3 186/149/3 185/5/3
f 186/149/3 808/703/3 807/5/3
f 808/5/4 440/416/4 807/777/4
f 440/416/4 808/5/4 442/5/4
f 440/5/5 186/152/5 807/5/5
f 186/152/5 440/5/5 183/5/5
f 184/2/6 808/3/6 185/11/6
f 808/3/6 184/2/6 442/1/6
f 879/3/1 878/2/1 877/1/1
f 878/3/1 879/2/1 880/1/1
f 881/3/2 879/2/2 877/1/2
f 879/3/2 881/2/2 882/1/2
f 883/5/3 878/5/3 880/778/3
f 878/5/3 883/5/3 884/779/3
f 883/5/4 881/5/4 884/780/4
f 881/5/4 883/5/4 882/781/4
f 881/5/5 878/5/5 884/782/5
f 878/5/5 881/5/5 877/783/5
f 879/2/6 883/3/6 880/11/6
f 883/3/6 879/2/6 882/1/6
f 887/3/1 886/2/1 885/1/1
f 886/3/1 887/2/1 888/1/1
f 311/3/2 887/2/2 885/1/2
f 887/3/2 311/2/2 313/1/2
f 314/255/3 886/5/3 888/784/3
f 886/5/3 314/255/3 312/5/3
f 314/5/4 311/5/4 312/785/4
f 311/5/4 314/5/4 313/786/4
f 311/260/5 886/5/5 312/5/5
f 886/5/5 311/260/5 885/787/5
f 887/2/6 314/3/6 888/11/6
f 314/3/6 887/2/6 313/1/6
f 891/3/1 890/2/1 889/1/1
f 890/3/1 891/2/1 892/1/1
f 893/3/2 891/2/2 889/1/2
f 891/3/2 893/2/2 894/1/2
f 895/5/3 890/5/3 892/788/3
f 890/5/3 895/5/3 896/789/3
f 895/5/4 893/5/4 896/790/4
f 893/5/4 895/5/4 894/791/4
f 893/5/5 890/5/5 896/792/5
f 890/5/5 893/5/5 889/793/5
f 891/2/6 895/3/6 892/11/6
f 895/3/6 891/2/6 894/1/6
f 899/3/1 898/2/1 897/1/1
f 898/3/1 899/2/1 900/1/1
f 901/3/2 899/2/2 897/1/2
f 899/3/2 901/2/2 902/1/2
f 903/5/3 898/5/3 900/794/3
f 898/5/3 903/5/3 904/795/3
f 903/5/4 901/5/4 904/796/4
f 901/5/4 903/5/4 902/797/4
f 901/5/5 898/5/5 904/798/5
f 898/5/5 901/5/5 897/799/5
f 899/2/6 903/3/6 900/11/6
f 903/3/6 899/2/6 902/1/6
f 907/3/1 906/2/1 905/1/1
f 906/3/1 907/2/1 908/1/1
f 663/3/2 907/2/2 905/1/2
f 907/3/2 663/2/2 665/1/2
f 666/568/3 906/5/3 908/800/3
f 906/5/3 666/568/3 664/5/3
f 666/5/4 663/5/4 664/801/4
f 663/5/4 666/5/4 665/802/4
f 663/571/5 906/5/5 664/5/5
f 906/5/5 663/571/5 905/803/5
f 907/2/6 666/3/6 908/11/6
f 666/3/6 907/2/6 665/1/6

usemtl color22

f 840/3/1 842/2/1 839/1/1
f 842/3/1 840/2/1 841/1/1
f 843/3/2 840/2/2 839/1/2
f 840/3/2 843/2/2 845/1/2
f 846/742/3 842/737/3 841/5/3
f 842/737/3 846/742/3 844/5/3
f 846/5/4 843/5/4 844/804/4
f 843/5/4 846/5/4 845/805/4
f 843/745/5 842/740/5 844/5/5
f 842/740/5 843/745/5 839/5/5
f 840/2/6 846/3/6 841/11/6
f 846/3/6 840/2/6 845/1/6

usemtl color2

f 911/3/1 910/2/1 909/1/1
f 910/3/1 911/2/1 912/1/1
f 913/3/2 911/2/2 909/1/2
f 911/3/2 913/2/2 914/1/2
f 915/5/3 910/5/3 912/806/3
f 910/5/3 915/5/3 916/807/3
f 915/5/4 913/5/4 916/808/4
f 913/5/4 915/5/4 914/809/4
f 913/5/5 910/5/5 916/810/5
f 910/5/5 913/5/5 909/811/5
f 911/2/6 915/3/6 912/11/6
f 915/3/6 911/2/6 914/1/6
f 825/3/1 917/2/1 826/1/1
f 917/3/1 825/2/1 918/1/1
f 828/3/2 825/2/2 826/1/2
f 825/3/2 828/2/2 830/1/2
f 919/5/3 917/5/3 918/812/3
f 917/5/3 919/5/3 920/813/3
f 919/5/4 828/5/4 920/814/4
f 828/5/4 919/5/4 830/815/4
f 828/5/5 917/5/5 920/816/5
f 917/5/5 828/5/5 826/728/5
f 825/2/6 919/3/6 918/11/6
f 919/3/6 825/2/6 830/1/6
f 833/3/1 921/2/1 834/1/1
f 921/3/1 833/2/1 922/1/1
f 836/3/2 833/2/2 834/1/2
f 833/3/2 836/2/2 838/1/2
f 923/5/3 921/5/3 922/817/3
f 921/5/3 923/5/3 924/818/3
f 923/5/4 836/5/4 924/819/4
f 836/5/4 923/5/4 838/820/4
f 836/5/5 921/5/5 924/821/5
f 921/5/5 836/5/5 834/734/5
f 833/2/6 923/3/6 922/11/6
f 923/3/6 833/2/6 838/1/6
f 927/3/1 926/2/1 925/1/1
f 926/3/1 927/2/1 928/1/1
f 910/3/2 927/2/2 925/1/2
f 927/3/2 910/2/2 912/1/2
f 929/5/3 926/5/3 928/822/3
f 926/5/3 929/5/3 930/823/3
f 929/5/4 910/5/4 930/824/4
f 910/5/4 929/5/4 912/825/4
f 910/5/5 926/5/5 930/826/5
f 926/5/5 910/5/5 925/827/5
f 927/2/6 929/3/6 928/11/6
f 929/3/6 927/2/6 912/1/6
f 915/3/1 931/2/1 916/1/1
f 931/3/1 915/2/1 932/1/1
f 933/3/2 915/2/2 916/1/2
f 915/3/2 933/2/2 934/1/2
f 935/5/3 931/5/3 932/828/3
f 931/5/3 935/5/3 936/829/3
f 935/5/4 933/5/4 936/830/4
f 933/5/4 935/5/4 934/831/4
f 933/5/5 931/5/5 936/832/5
f 931/5/5 933/5/5 916/810/5
f 915/2/6 935/3/6 932/11/6
f 935/3/6 915/2/6 934/1/6
f 939/3/1 938/2/1 937/1/1
f 938/3/1 939/2/1 940/1/1
f 941/3/2 939/2/2 937/1/2
f 939/3/2 941/2/2 942/1/2
f 316/5/3 938/5/3 940/833/3
f 938/5/3 316/5/3 315/834/3
f 316/258/4 941/5/4 315/5/4
f 941/5/4 316/258/4 942/835/4
f 941/5/5 938/5/5 315/5/5
f 938/5/5 941/5/5 937/836/5
f 939/2/6 316/3/6 940/11/6
f 316/3/6 939/2/6 942/1/6
f 944/3/1 353/2/1 943/1/1
f 353/3/1 944/2/1 354/1/1
f 926/3/2 944/2/2 943/1/2
f 944/3/2 926/2/2 928/1/2
f 646/5/3 353/5/3 354/837/3
f 353/5/3 646/5/3 645/838/3
f 646/548/4 926/5/4 645/5/4
f 926/5/4 646/548/4 928/839/4
f 926/5/5 353/5/5 645/5/5
f 353/5/5 926/5/5 943/840/5
f 944/2/6 646/3/6 354/11/6
f 646/3/6 944/2/6 928/1/6
f 935/3/1 647/2/1 936/1/1
f 647/3/1 935/2/1 648/1/1
f 945/3/2 935/2/2 936/1/2
f 935/3/2 945/2/2 946/1/2
f 947/5/3 647/5/3 648/841/3
f 647/5/3 947/5/3 948/842/3
f 947/5/4 945/5/4 948/843/4
f 945/5/4 947/5/4 946/844/4
f 945/5/5 647/551/5 948/845/5
f 647/551/5 945/5/5 936/832/5
f 935/2/6 947/3/6 648/11/6
f 947/3/6 935/2/6 946/1/6
f 316/3/1 318/2/1 315/1/1
f 318/3/1 316/2/1 317/1/1
f 949/3/2 316/2/2 315/1/2
f 316/3/2 949/2/2 950/1/2
f 354/837/3 318/256/3 317/5/3
f 318/256/3 354/837/3 353/5/3
f 354/287/4 949/5/4 353/5/4
f 949/5/4 354/287/4 950/846/4
f 949/5/5 318/259/5 353/5/5
f 318/259/5 949/5/5 315/5/5
f 316/2/6 354/3/6 317/11/6
f 354/3/6 316/2/6 950/1/6
f 310/3/1 951/2/1 308/1/1
f 951/3/1 310/2/1 952/1/1
f 156/3/2 310/2/2 308/1/2
f 310/3/2 156/2/2 158/1/2
f 953/5/3 951/5/3 952/847/3
f 951/5/3 953/5/3 954/848/3
f 953/5/4 156/252/4 954/849/4
f 156/252/4 953/5/4 158/5/4
f 156/5/5 951/5/5 954/850/5
f 951/5/5 156/5/5 308/5/5
f 310/2/6 953/3/6 952/11/6
f 953/3/6 310/2/6 158/1/6
f 957/3/1 956/2/1 955/1/1
f 956/3/1 957/2/1 958/1/1
f 959/3/2 957/2/2 955/1/2
f 957/3/2 959/2/2 960/1/2
f 961/5/3 956/5/3 958/851/3
f 956/5/3 961/5/3 962/852/3
f 961/5/4 959/5/4 962/853/4
f 959/5/4 961/5/4 960/854/4
f 959/5/5 956/5/5 962/855/5
f 956/5/5 959/5/5 955/856/5
f 957/2/6 961/3/6 958/11/6
f 961/3/6 957/2/6 960/1/6
f 965/3/1 964/2/1 963/1/1
f 964/3/1 965/2/1 966/1/1
f 967/3/2 965/2/2 963/1/2
f 965/3/2 967/2/2 968/1/2
f 969/5/3 964/5/3 966/857/3
f 964/5/3 969/5/3 970/858/3
f 969/5/4 967/5/4 970/859/4
f 967/5/4 969/5/4 968/860/4
f 967/5/5 964/5/5 970/861/5
f 964/5/5 967/5/5 963/862/5
f 965/2/6 969/3/6 966/11/6
f 969/3/6 965/2/6 968/1/6
f 883/3/1 971/2/1 884/1/1
f 971/3/1 883/2/1 972/1/1
f 889/3/2 883/2/2 884/1/2
f 883/3/2 889/2/2 891/1/2
f 892/788/3 971/5/3 972/863/3
f 971/5/3 892/788/3 890/5/3
f 892/5/4 889/5/4 890/864/4
f 889/5/4 892/5/4 891/865/4
f 889/793/5 971/5/5 890/5/5
f 971/5/5 889/793/5 884/782/5
f 883/2/6 892/3/6 972/11/6
f 892/3/6 883/2/6 891/1/6
f 646/3/1 389/2/1 645/1/1
f 389/3/1 646/2/1 390/1/1
f 973/3/2 646/2/2 645/1/2
f 646/3/2 973/2/2 974/1/2
f 654/5/3 389/547/3 390/5/3
f 389/547/3 654/5/3 653/866/3
f 654/559/4 973/5/4 653/5/4
f 973/5/4 654/559/4 974/867/4
f 973/5/5 389/5/5 653/5/5
f 389/5/5 973/5/5 645/5/5
f 646/2/6 654/3/6 390/11/6
f 654/3/6 646/2/6 974/1/6
f 976/3/1 657/2/1 975/1/1
f 657/3/1 976/2/1 659/1/1
f 647/3/2 976/2/2 975/1/2
f 976/3/2 647/2/2 648/1/2
f 395/549/3 657/5/3 659/868/3
f 657/5/3 395/549/3 393/5/3
f 395/563/4 647/5/4 393/5/4
f 647/5/4 395/563/4 648/869/4
f 647/551/5 657/564/5 393/324/5
f 657/564/5 647/551/5 975/870/5
f 976/2/6 395/3/6 659/11/6
f 395/3/6 976/2/6 648/1/6
f 323/3/1 977/2/1 324/1/1
f 977/3/1 323/2/1 978/1/1
f 379/3/2 323/2/2 324/1/2
f 323/3/2 379/2/2 381/1/2
f 382/308/3 977/5/3 978/871/3
f 977/5/3 382/308/3 380/5/3
f 382/5/4 379/5/4 380/872/4
f 379/5/4 382/5/4 381/873/4
f 379/313/5 977/5/5 380/5/5
f 977/5/5 379/313/5 324/264/5
f 323/2/6 382/3/6 978/11/6
f 382/3/6 323/2/6 381/1/6
f 895/3/1 979/2/1 896/1/1
f 979/3/1 895/2/1 980/1/1
f 897/3/2 895/2/2 896/1/2
f 895/3/2 897/2/2 899/1/2
f 900/794/3 979/5/3 980/874/3
f 979/5/3 900/794/3 898/5/3
f 900/5/4 897/5/4 898/875/4
f 897/5/4 900/5/4 899/876/4
f 897/799/5 979/5/5 898/5/5
f 979/5/5 897/799/5 896/792/5
f 895/2/6 900/3/6 980/11/6
f 900/3/6 895/2/6 899/1/6
f 654/3/1 656/2/1 653/1/1
f 656/3/1 654/2/1 655/1/1
f 657/3/2 654/2/2 653/1/2
f 654/3/2 657/2/2 659/1/2
f 660/561/3 656/557/3 655/5/3
f 656/557/3 660/561/3 658/5/3
f 660/5/4 657/5/4 658/877/4
f 657/5/4 660/5/4 659/878/4
f 657/564/5 656/560/5 658/5/5
f 656/560/5 657/564/5 653/5/5
f 654/2/6 660/3/6 655/11/6
f 660/3/6 654/2/6 659/1/6
f 360/3/1 484/2/1 358/1/1
f 484/3/1 360/2/1 483/1/1
f 364/3/2 360/2/2 358/1/2
f 360/3/2 364/2/2 363/1/2
f 981/5/3 484/392/3 483/5/3
f 484/392/3 981/5/3 982/879/3
f 981/5/4 364/292/4 982/880/4
f 364/292/4 981/5/4 363/5/4
f 364/294/5 484/395/5 982/881/5
f 484/395/5 364/294/5 358/5/5
f 360/2/6 981/3/6 483/11/6
f 981/3/6 360/2/6 363/1/6
f 985/3/1 984/2/1 983/1/1
f 984/3/1 985/2/1 986/1/1
f 987/3/2 985/2/2 983/1/2
f 985/3/2 987/2/2 988/1/2
f 989/5/3 984/5/3 986/882/3
f 984/5/3 989/5/3 990/883/3
f 989/5/4 987/5/4 990/884/4
f 987/5/4 989/5/4 988/885/4
f 987/5/5 984/5/5 990/886/5
f 984/5/5 987/5/5 983/887/5
f 985/2/6 989/3/6 986/11/6
f 989/3/6 985/2/6 988/1/6
f 903/3/1 991/2/1 904/1/1
f 991/3/1 903/2/1 992/1/1
f 905/3/2 903/2/2 904/1/2
f 903/3/2 905/2/2 907/1/2
f 908/800/3 991/5/3 992/888/3
f 991/5/3 908/800/3 906/5/3
f 908/5/4 905/5/4 906/889/4
f 905/5/4 908/5/4 907/890/4
f 905/803/5 991/5/5 906/5/5
f 991/5/5 905/803/5 904/798/5
f 903/2/6 908/3/6 992/11/6
f 908/3/6 903/2/6 907/1/6
f 420/3/1 422/2/1 419/1/1
f 422/3/1 420/2/1 421/1/1
f 993/3/2 420/2/2 419/1/2
f 420/3/2 993/2/2 994/1/2
f 995/5/3 422/337/3 421/5/3
f 422/337/3 995/5/3 996/891/3
f 995/5/4 993/5/4 996/892/4
f 993/5/4 995/5/4 994/893/4
f 993/5/5 422/340/5 996/894/5
f 422/340/5 993/5/5 419/5/5
f 420/2/6 995/3/6 421/11/6
f 995/3/6 420/2/6 994/1/6
f 862/3/1 864/2/1 861/1/1
f 864/3/1 862/2/1 863/1/1
f 997/3/2 862/2/2 861/1/2
f 862/3/2 997/2/2 998/1/2
f 999/5/3 864/761/3 863/5/3
f 864/761/3 999/5/3 1000/895/3
f 999/5/4 997/5/4 1000/896/4
f 997/5/4 999/5/4 998/897/4
f 997/5/5 864/764/5 1000/898/5
f 864/764/5 997/5/5 861/5/5
f 862/2/6 999/3/6 863/11/6
f 999/3/6 862/2/6 998/1/6
f 1003/3/1 1002/2/1 1001/1/1
f 1002/3/1 1003/2/1 1004/1/1
f 1005/3/2 1003/2/2 1001/1/2
f 1003/3/2 1005/2/2 1006/1/2
f 1007/5/3 1002/5/3 1004/899/3
f 1002/5/3 1007/5/3 1008/900/3
f 1007/5/4 1005/5/4 1008/901/4
f 1005/5/4 1007/5/4 1006/902/4
f 1005/5/5 1002/5/5 1008/903/5
f 1002/5/5 1005/5/5 1001/904/5
f 1003/2/6 1007/3/6 1004/11/6
f 1007/3/6 1003/2/6 1006/1/6
f 1011/3/1 1010/2/1 1009/1/1
f 1010/3/1 1011/2/1 1012/1/1
f 1013/3/2 1011/2/2 1009/1/2
f 1011/3/2 1013/2/2 1014/1/2
f 1015/5/3 1010/5/3 1012/905/3
f 1010/5/3 1015/5/3 1016/906/3
f 1015/5/4 1013/5/4 1016/907/4
f 1013/5/4 1015/5/4 1014/908/4
f 1013/5/5 1010/5/5 1016/909/5
f 1010/5/5 1013/5/5 1009/910/5
f 1011/2/6 1015/3/6 1012/11/6
f 1015/3/6 1011/2/6 1014/1/6

usemtl color18

f 718/3/1 720/2/1 717/1/1
f 720/3/1 718/2/1 719/1/1
f 1017/3/2 718/2/2 717/1/2
f 718/3/2 1017/2/2 1018/1/2
f 1019/5/3 720/612/3 719/5/3
f 720/612/3 1019/5/3 1020/911/3
f 1019/5/4 1017/5/4 1020/912/4
f 1017/5/4 1019/5/4 1018/913/4
f 1017/5/5 720/615/5 1020/914/5
f 720/615/5 1017/5/5 717/5/5
f 718/2/6 1019/3/6 719/11/6
f 1019/3/6 718/2/6 1018/1/6
f 1023/3/1 1022/2/1 1021/1/1
f 1022/3/1 1023/2/1 1024/1/1
f 1025/3/2 1023/2/2 1021/1/2
f 1023/3/2 1025/2/2 1026/1/2
f 1027/5/3 1022/5/3 1024/915/3
f 1022/5/3 1027/5/3 1028/916/3
f 1027/5/4 1025/5/4 1028/917/4
f 1025/5/4 1027/5/4 1026/918/4
f 1025/5/5 1022/5/5 1028/919/5
f 1022/5/5 1025/5/5 1021/920/5
f 1023/2/6 1027/3/6 1024/11/6
f 1027/3/6 1023/2/6 1026/1/6
f 261/3/1 274/2/1 262/1/1
f 274/3/1 261/2/1 273/1/1
f 734/3/2 261/2/2 262/1/2
f 261/3/2 734/2/2 733/1/2
f 1029/5/3 274/223/3 273/5/3
f 274/223/3 1029/5/3 1030/921/3
f 1029/5/4 734/627/4 1030/922/4
f 734/627/4 1029/5/4 733/5/4
f 734/629/5 274/225/5 1030/923/5
f 274/225/5 734/629/5 262/215/5
f 261/2/6 1029/3/6 273/11/6
f 1029/3/6 261/2/6 733/1/6
f 1033/3/1 1032/2/1 1031/1/1
f 1032/3/1 1033/2/1 1034/1/1
f 1035/3/2 1033/2/2 1031/1/2
f 1033/3/2 1035/2/2 1036/1/2
f 1037/5/3 1032/5/3 1034/924/3
f 1032/5/3 1037/5/3 1038/925/3
f 1037/5/4 1035/5/4 1038/926/4
f 1035/5/4 1037/5/4 1036/927/4
f 1035/5/5 1032/5/5 1038/928/5
f 1032/5/5 1035/5/5 1031/929/5
f 1033/2/6 1037/3/6 1034/11/6
f 1037/3/6 1033/2/6 1036/1/6
f 1040/3/1 753/2/1 1039/1/1
f 753/3/1 1040/2/1 754/1/1
f 283/3/2 1040/2/2 1039/1/2
f 1040/3/2 283/2/2 285/1/2
f 286/233/3 753/5/3 754/930/3
f 753/5/3 286/233/3 284/5/3
f 286/652/4 283/5/4 284/5/4
f 283/5/4 286/652/4 285/931/4
f 283/238/5 753/654/5 284/5/5
f 753/654/5 283/238/5 1039/932/5
f 1040/2/6 286/3/6 754/11/6
f 286/3/6 1040/2/6 285/1/6
f 1042/3/1 948/2/1 1041/1/1
f 948/3/1 1042/2/1 947/1/1
f 1043/3/2 1042/2/2 1041/1/2
f 1042/3/2 1043/2/2 1044/1/2
f 367/5/3 948/842/3 947/5/3
f 948/842/3 367/5/3 365/933/3
f 367/5/4 1043/5/4 365/934/4
f 1043/5/4 367/5/4 1044/935/4
f 1043/5/5 948/845/5 365/301/5
f 948/845/5 1043/5/5 1041/936/5
f 1042/2/6 367/3/6 947/11/6
f 367/3/6 1042/2/6 1044/1/6
f 1046/3/1 369/2/1 1045/1/1
f 369/3/1 1046/2/1 370/1/1
f 1047/3/2 1046/2/2 1045/1/2
f 1046/3/2 1047/2/2 1048/1/2
f 652/5/3 369/5/3 370/937/3
f 369/5/3 652/5/3 651/938/3
f 652/5/4 1047/5/4 651/939/4
f 1047/5/4 652/5/4 1048/940/4
f 1047/5/5 369/5/5 651/556/5
f 369/5/5 1047/5/5 1045/941/5
f 1046/2/6 652/3/6 370/11/6
f 652/3/6 1046/2/6 1048/1/6
f 322/3/1 324/2/1 321/1/1
f 324/3/1 322/2/1 323/1/1
f 753/3/2 322/2/2 321/1/2
f 322/3/2 753/2/2 754/1/2
f 381/649/3 324/261/3 323/5/3
f 324/261/3 381/649/3 379/5/3
f 381/873/4 753/5/4 379/5/4
f 753/5/4 381/873/4 754/942/4
f 753/654/5 324/264/5 379/313/5
f 324/264/5 753/654/5 321/5/5
f 322/2/6 381/3/6 323/11/6
f 381/3/6 322/2/6 754/1/6

usemtl color9

f 1050/3/1 123/2/1 1049/1/1
f 123/3/1 1050/2/1 125/1/1
f 1051/3/2 1050/2/2 1049/1/2
f 1050/3/2 1051/2/2 1052/1/2
f 128/5/3 123/5/3 125/943/3
f 123/5/3 128/5/3 127/944/3
f 128/103/4 1051/5/4 127/5/4
f 1051/5/4 128/103/4 1052/945/4
f 1051/5/5 123/105/5 127/5/5
f 123/105/5 1051/5/5 1049/946/5
f 1050/2/6 128/3/6 125/11/6
f 128/3/6 1050/2/6 1052/1/6
f 1055/3/1 1054/2/1 1053/1/1
f 1054/3/1 1055/2/1 1056/1/1
f 1057/3/2 1055/2/2 1053/1/2
f 1055/3/2 1057/2/2 1058/1/2
f 1059/5/3 1054/5/3 1056/947/3
f 1054/5/3 1059/5/3 1060/948/3
f 1059/5/4 1057/5/4 1060/949/4
f 1057/5/4 1059/5/4 1058/950/4
f 1057/5/5 1054/5/5 1060/951/5
f 1054/5/5 1057/5/5 1053/952/5
f 1055/2/6 1059/3/6 1056/11/6
f 1059/3/6 1055/2/6 1058/1/6
f 1063/3/1 1062/2/1 1061/1/1
f 1062/3/1 1063/2/1 1064/1/1
f 1065/3/2 1063/2/2 1061/1/2
f 1063/3/2 1065/2/2 1066/1/2
f 1067/5/3 1062/5/3 1064/953/3
f 1062/5/3 1067/5/3 1068/954/3
f 1067/5/4 1065/5/4 1068/955/4
f 1065/5/4 1067/5/4 1066/956/4
f 1065/5/5 1062/5/5 1068/957/5
f 1062/5/5 1065/5/5 1061/958/5
f 1063/2/6 1067/3/6 1064/11/6
f 1067/3/6 1063/2/6 1066/1/6
f 1071/3/1 1070/2/1 1069/1/1
f 1070/3/1 1071/2/1 1072/1/1
f 855/3/2 1071/2/2 1069/1/2
f 1071/3/2 855/2/2 856/1/2
f 1073/5/3 1070/5/3 1072/959/3
f 1070/5/3 1073/5/3 1074/960/3
f 1073/5/4 855/5/4 1074/961/4
f 855/5/4 1073/5/4 856/962/4
f 855/5/5 1070/5/5 1074/963/5
f 1070/5/5 855/5/5 1069/964/5
f 1071/2/6 1073/3/6 1072/11/6
f 1073/3/6 1071/2/6 856/1/6
f 1077/3/1 1076/2/1 1075/1/1
f 1076/3/1 1077/2/1 1078/1/1
f 1079/3/2 1077/2/2 1075/1/2
f 1077/3/2 1079/2/2 1080/1/2
f 1081/5/3 1076/5/3 1078/965/3
f 1076/5/3 1081/5/3 1082/966/3
f 1081/5/4 1079/5/4 1082/967/4
f 1079/5/4 1081/5/4 1080/968/4
f 1079/5/5 1076/5/5 1082/969/5
f 1076/5/5 1079/5/5 1075/970/5
f 1077/2/6 1081/3/6 1078/11/6
f 1081/3/6 1077/2/6 1080/1/6

usemtl color20

f 1052/3/1 127/2/1 1051/1/1
f 127/3/1 1052/2/1 128/1/1
f 1083/3/2 1052/2/2 1051/1/2
f 1052/3/2 1083/2/2 1084/1/2
f 1055/5/3 127/944/3 128/5/3
f 127/944/3 1055/5/3 1053/971/3
f 1055/5/4 1083/5/4 1053/972/4
f 1083/5/4 1055/5/4 1084/973/4
f 1083/5/5 127/5/5 1053/952/5
f 127/5/5 1083/5/5 1051/5/5
f 1052/2/6 1055/3/6 128/11/6
f 1055/3/6 1052/2/6 1084/1/6
f 1058/3/1 1060/2/1 1057/1/1
f 1060/3/1 1058/2/1 1059/1/1
f 1085/3/2 1058/2/2 1057/1/2
f 1058/3/2 1085/2/2 1086/1/2
f 1066/5/3 1060/948/3 1059/5/3
f 1060/948/3 1066/5/3 1065/974/3
f 1066/956/4 1085/5/4 1065/5/4
f 1085/5/4 1066/956/4 1086/975/4
f 1085/5/5 1060/951/5 1065/5/5
f 1060/951/5 1085/5/5 1057/5/5
f 1058/2/6 1066/3/6 1059/11/6
f 1066/3/6 1058/2/6 1086/1/6

usemtl color21

f 554/3/1 133/2/1 553/1/1
f 133/3/1 554/2/1 134/1/1
f 555/3/2 554/2/2 553/1/2
f 554/3/2 555/2/2 557/1/2
f 596/5/3 133/467/3 134/5/3
f 133/467/3 596/5/3 595/976/3
f 596/504/4 555/5/4 595/5/4
f 555/5/4 596/504/4 557/977/4
f 555/474/5 133/5/5 595/5/5
f 133/5/5 555/474/5 553/5/5
f 554/2/6 596/3/6 134/11/6
f 596/3/6 554/2/6 557/1/6
f 560/3/1 597/2/1 559/1/1
f 597/3/1 560/2/1 598/1/1
f 563/3/2 560/2/2 559/1/2
f 560/3/2 563/2/2 565/1/2
f 600/5/3 597/5/3 598/978/3
f 597/5/3 600/5/3 599/979/3
f 600/506/4 563/5/4 599/5/4
f 563/5/4 600/506/4 565/980/4
f 563/477/5 597/507/5 599/5/5
f 597/507/5 563/477/5 559/5/5
f 560/2/6 600/3/6 598/11/6
f 600/3/6 560/2/6 565/1/6
f 568/3/1 137/2/1 567/1/1
f 137/3/1 568/2/1 139/1/1
f 107/3/2 568/2/2 567/1/2
f 568/3/2 107/2/2 109/1/2
f 110/88/3 137/5/3 139/981/3
f 137/5/3 110/88/3 108/5/3
f 110/114/4 107/5/4 108/5/4
f 107/5/4 110/114/4 109/982/4
f 107/93/5 137/116/5 108/5/5
f 137/116/5 107/93/5 567/5/5
f 568/2/6 110/3/6 139/11/6
f 110/3/6 568/2/6 109/1/6

usemtl color16

f 219/3/1 1087/2/1 220/1/1
f 1087/3/1 219/2/1 1088/1/1
f 221/3/2 219/2/2 220/1/2
f 219/3/2 221/2/2 222/1/2
f 1089/5/3 1087/5/3 1088/983/3
f 1087/5/3 1089/5/3 1090/984/3
f 1089/5/4 221/5/4 1090/985/4
f 221/5/4 1089/5/4 222/986/4
f 221/5/5 1087/5/5 1090/987/5
f 1087/5/5 221/5/5 220/180/5
f 219/2/6 1089/3/6 1088/11/6
f 1089/3/6 219/2/6 222/1/6
f 255/3/1 1091/2/1 256/1/1
f 1091/3/1 255/2/1 1092/1/1
f 1087/3/2 255/2/2 256/1/2
f 255/3/2 1087/2/2 1088/1/2
f 1093/5/3 1091/5/3 1092/988/3
f 1091/5/3 1093/5/3 1094/989/3
f 1093/5/4 1087/5/4 1094/990/4
f 1087/5/4 1093/5/4 1088/991/4
f 1087/5/5 1091/5/5 1094/992/5
f 1091/5/5 1087/5/5 256/209/5
f 255/2/6 1093/3/6 1092/11/6
f 1093/3/6 255/2/6 1088/1/6
f 1089/3/1 1095/2/1 1090/1/1
f 1095/3/1 1089/2/1 1096/1/1
f 257/3/2 1089/2/2 1090/1/2
f 1089/3/2 257/2/2 258/1/2
f 1097/5/3 1095/5/3 1096/993/3
f 1095/5/3 1097/5/3 1098/994/3
f 1097/5/4 257/5/4 1098/995/4
f 257/5/4 1097/5/4 258/996/4
f 257/5/5 1095/5/5 1098/997/5
f 1095/5/5 257/5/5 1090/987/5
f 1089/2/6 1097/3/6 1096/11/6
f 1097/3/6 1089/2/6 258/1/6
f 1101/3/1 1100/2/1 1099/1/1
f 1100/3/1 1101/2/1 1102/1/1
f 1095/3/2 1101/2/2 1099/1/2
f 1101/3/2 1095/2/2 1096/1/2
f 1103/5/3 1100/5/3 1102/998/3
f 1100/5/3 1103/5/3 1104/999/3
f 1103/5/4 1095/5/4 1104/1000/4
f 1095/5/4 1103/5/4 1096/1001/4
f 1095/5/5 1100/5/5 1104/1002/5
f 1100/5/5 1095/5/5 1099/1003/5
f 1101/2/6 1103/3/6 1102/11/6
f 1103/3/6 1101/2/6 1096/1/6

usemtl color0

f 1107/3/1 1106/2/1 1105/1/1
f 1106/3/1 1107/2/1 1108/1/1
f 1109/3/2 1107/2/2 1105/1/2
f 1107/3/2 1109/2/2 1110/1/2
f 1111/5/3 1106/5/3 1108/1004/3
f 1106/5/3 1111/5/3 1112/1005/3
f 1111/5/4 1109/5/4 1112/1006/4
f 1109/5/4 1111/5/4 1110/1007/4
f 1109/5/5 1106/5/5 1112/1008/5
f 1106/5/5 1109/5/5 1105/1009/5
f 1107/2/6 1111/3/6 1108/11/6
f 1111/3/6 1107/2/6 1110/1/6
f 149/3/1 345/2/1 150/1/1
f 345/3/1 149/2/1 346/1/1
f 1113/3/2 149/2/2 150/1/2
f 149/3/2 1113/2/2 1114/1/2
f 1115/5/3 345/5/3 346/1010/3
f 345/5/3 1115/5/3 1116/1011/3
f 1115/5/4 1113/5/4 1116/1012/4
f 1113/5/4 1115/5/4 1114/1013/4
f 1113/5/5 345/5/5 1116/1014/5
f 345/5/5 1113/5/5 150/121/5
f 149/2/6 1115/3/6 346/11/6
f 1115/3/6 149/2/6 1114/1/6
f 1119/3/1 1118/2/1 1117/1/1
f 1118/3/1 1119/2/1 1120/1/1
f 1121/3/2 1119/2/2 1117/1/2
f 1119/3/2 1121/2/2 1122/1/2
f 1123/5/3 1118/5/3 1120/1015/3
f 1118/5/3 1123/5/3 1124/1016/3
f 1123/5/4 1121/5/4 1124/1017/4
f 1121/5/4 1123/5/4 1122/1018/4
f 1121/5/5 1118/5/5 1124/1019/5
f 1118/5/5 1121/5/5 1117/1020/5
f 1119/2/6 1123/3/6 1120/11/6
f 1123/3/6 1119/2/6 1122/1/6

usemtl color19

f 129/3/1 850/2/1 130/1/1
f 850/3/1 129/2/1 849/1/1
f 1125/3/2 129/2/2 130/1/2
f 129/3/2 1125/2/2 1126/1/2
f 858/5/3 850/749/3 849/5/3
f 850/749/3 858/5/3 857/1021/3
f 858/759/4 1125/5/4 857/5/4
f 1125/5/4 858/759/4 1126/1022/4
f 1125/5/5 850/751/5 857/5/5
f 850/751/5 1125/5/5 130/104/5
f 129/2/6 858/3/6 849/11/6
f 858/3/6 129/2/6 1126/1/6

usemtl color17

f 1092/3/1 1127/2/1 1091/1/1
f 1127/3/1 1092/2/1 1128/1/1
f 1094/3/2 1092/2/2 1091/1/2
f 1092/3/2 1094/2/2 1093/1/2
f 1101/5/3 1127/5/3 1128/1023/3
f 1127/5/3 1101/5/3 1099/1024/3
f 1101/5/4 1094/990/4 1099/1025/4
f 1094/990/4 1101/5/4 1093/5/4
f 1094/992/5 1127/5/5 1099/1003/5
f 1127/5/5 1094/992/5 1091/5/5
f 1092/2/6 1101/3/6 1128/11/6
f 1101/3/6 1092/2/6 1093/1/6

usemtl color14

f 1130/3/1 1079/2/1 1129/1/1
f 1079/3/1 1130/2/1 1080/1/1
f 1062/3/2 1130/2/2 1129/1/2
f 1130/3/2 1062/2/2 1064/1/2
f 1131/5/3 1079/5/3 1080/1026/3
f 1079/5/3 1131/5/3 1132/1027/3
f 1131/5/4 1062/5/4 1132/1028/4
f 1062/5/4 1131/5/4 1064/1029/4
f 1062/5/5 1079/5/5 1132/1030/5
f 1079/5/5 1062/5/5 1129/1031/5
f 1130/2/6 1131/3/6 1080/11/6
f 1131/3/6 1130/2/6 1064/1/6

usemtl color15

f 1037/3/1 1133/2/1 1038/1/1
f 1133/3/1 1037/2/1 1134/1/1
f 1135/3/2 1037/2/2 1038/1/2
f 1037/3/2 1135/2/2 1136/1/2
f 1137/5/3 1133/5/3 1134/1032/3
f 1133/5/3 1137/5/3 1138/1033/3
f 1137/5/4 1135/5/4 1138/1034/4
f 1135/5/4 1137/5/4 1136/1035/4
f 1135/5/5 1133/5/5 1138/1036/5
f 1133/5/5 1135/5/5 1038/928/5
f 1037/2/6 1137/3/6 1134/11/6
f 1137/3/6 1037/2/6 1136/1/6
f 1141/3/1 1140/2/1 1139/1/1
f 1140/3/1 1141/2/1 1142/1/1
f 1143/3/2 1141/2/2 1139/1/2
f 1141/3/2 1143/2/2 1144/1/2
f 1145/5/3 1140/5/3 1142/1037/3
f 1140/5/3 1145/5/3 1146/1038/3
f 1145/5/4 1143/5/4 1146/1039/4
f 1143/5/4 1145/5/4 1144/1040/4
f 1143/5/5 1140/5/5 1146/1041/5
f 1140/5/5 1143/5/5 1139/1042/5
f 1141/2/6 1145/3/6 1142/11/6
f 1145/3/6 1141/2/6 1144/1/6
f 1149/3/1 1148/2/1 1147/1/1
f 1148/3/1 1149/2/1 1150/1/1
f 1151/3/2 1149/2/2 1147/1/2
f 1149/3/2 1151/2/2 1152/1/2
f 1153/5/3 1148/5/3 1150/1043/3
f 1148/5/3 1153/5/3 1154/1044/3
f 1153/5/4 1151/5/4 1154/1045/4
f 1151/5/4 1153/5/4 1152/1046/4
f 1151/5/5 1148/5/5 1154/1047/5
f 1148/5/5 1151/5/5 1147/1048/5
f 1149/2/6 1153/3/6 1150/11/6
f 1153/3/6 1149/2/6 1152/1/6

usemtl color8

f 1072/3/1 1155/2/1 1070/1/1
f 1155/3/1 1072/2/1 1156/1/1
f 1074/3/2 1072/2/2 1070/1/2
f 1072/3/2 1074/2/2 1073/1/2
f 1157/5/3 1155/5/3 1156/1049/3
f 1155/5/3 1157/5/3 1158/1050/3
f 1157/5/4 1074/961/4 1158/1051/4
f 1074/961/4 1157/5/4 1073/5/4
f 1074/963/5 1155/5/5 1158/1052/5
f 1155/5/5 1074/963/5 1070/5/5
f 1072/2/6 1157/3/6 1156/11/6
f 1157/3/6 1072/2/6 1073/1/6
f 1157/3/1 1159/2/1 1158/1/1
f 1159/3/1 1157/2/1 1160/1/1
f 1075/3/2 1157/2/2 1158/1/2
f 1157/3/2 1075/2/2 1077/1/2
f 1078/965/3 1159/5/3 1160/1053/3
f 1159/5/3 1078/965/3 1076/5/3
f 1078/5/4 1075/5/4 1076/1054/4
f 1075/5/4 1078/5/4 1077/1055/4
f 1075/970/5 1159/5/5 1076/5/5
f 1159/5/5 1075/970/5 1158/1052/5
f 1157/2/6 1078/3/6 1160/11/6
f 1078/3/6 1157/2/6 1077/1/6

usemtl color11

f 1163/3/1 1162/2/1 1161/1/1
f 1162/3/1 1163/2/1 1164/1/1
f 1165/3/2 1163/2/2 1161/1/2
f 1163/3/2 1165/2/2 1166/1/2
f 1167/5/3 1162/5/3 1164/1056/3
f 1162/5/3 1167/5/3 1168/1057/3
f 1167/5/4 1165/5/4 1168/1058/4
f 1165/5/4 1167/5/4 1166/1059/4
f 1165/5/5 1162/5/5 1168/1060/5
f 1162/5/5 1165/5/5 1161/1061/5
f 1163/2/6 1167/3/6 1164/11/6
f 1167/3/6 1163/2/6 1166/1/6
f 1171/3/1 1170/2/1 1169/1/1
f 1170/3/1 1171/2/1 1172/1/1
f 1173/3/2 1171/2/2 1169/1/2
f 1171/3/2 1173/2/2 1174/1/2
f 1175/5/3 1170/5/3 1172/1062/3
f 1170/5/3 1175/5/3 1176/1063/3
f 1175/5/4 1173/5/4 1176/1064/4
f 1173/5/4 1175/5/4 1174/1065/4
f 1173/5/5 1170/5/5 1176/1066/5
f 1170/5/5 1173/5/5 1169/1067/5
f 1171/2/6 1175/3/6 1172/11/6
f 1175/3/6 1171/2/6 1174/1/6
f 1179/3/1 1178/2/1 1177/1/1
f 1178/3/1 1179/2/1 1180/1/1
f 1181/3/2 1179/2/2 1177/1/2
f 1179/3/2 1181/2/2 1182/1/2
f 1183/5/3 1178/5/3 1180/1068/3
f 1178/5/3 1183/5/3 1184/1069/3
f 1183/5/4 1181/5/4 1184/1070/4
f 1181/5/4 1183/5/4 1182/1071/4
f 1181/5/5 1178/5/5 1184/1072/5
f 1178/5/5 1181/5/5 1177/1073/5
f 1179/2/6 1183/3/6 1180/11/6
f 1183/3/6 1179/2/6 1182/1/6

