# Created by Kenney (www.kenney.nl)

mtllib Cannon TEJ Boaconic.mtl

v 24 9 -0.65
v 24 8 -0.65
v 24 9 0.65
v 24 8 0.65
v 23 9 -0.65
v 23 9 0.65
v 23 8 0.65
v 23 8 -0.65
v 24 7 -1.3
v 24 6 -1.3
v 24 7 1.3
v 24 6 1.3
v 23 7 -1.3
v 23 7 1.3
v 23 6 1.3
v 23 6 -1.3
v 22 7 -1.3
v 22 6 -1.3
v 22 7 1.3
v 22 6 1.3
v 21 7 -1.3
v 21 7 1.3
v 21 6 1.3
v 21 6 -1.3
v 20 7 -1.3
v 20 6 -1.3
v 20 7 1.3
v 20 6 1.3
v 19 7 -1.3
v 19 7 1.3
v 19 6 1.3
v 19 6 -1.3
v -9 7 -1.3
v -9 6 -1.3
v -9 7 1.3
v -9 6 1.3
v -10 7 -1.3
v -10 7 1.3
v -10 6 1.3
v -10 6 -1.3
v 10 6 -0.65
v 10 5 -0.65
v 10 6 0.65
v 10 5 0.65
v 9 6 -0.65
v 9 6 0.65
v 9 5 0.65
v 9 5 -0.65
v 8 6 -1.3
v 8 5 -1.3
v 8 6 1.3
v 8 5 1.3
v 7 6 -1.3
v 7 6 1.3
v 7 5 1.3
v 7 5 -1.3
v 3 6 -1.3
v 3 5 -1.3
v 3 6 1.3
v 3 5 1.3
v 2 6 -1.3
v 2 6 1.3
v 2 5 1.3
v 2 5 -1.3
v 1 6 -0.65
v 1 5 -0.65
v 1 6 0.65
v 1 5 0.65
v 0 6 -0.65
v 0 6 0.65
v 0 5 0.65
v 0 5 -0.65
v -8 6 -1.3
v -8 5 -1.3
v -8 6 1.3
v -8 5 1.3
v -9 5 1.3
v -9 5 -1.3
v 29 5 -1.3
v 29 4 -1.3
v 29 5 1.3
v 29 4 1.3
v 28 5 -1.3
v 28 5 1.3
v 28 4 1.3
v 28 4 -1.3
v 11 5 -1.95
v 11 4 -1.95
v 11 5 1.95
v 11 4 1.95
v 10 5 -1.95
v 10 5 1.95
v 10 4 1.95
v 10 4 -1.95
v 0 5 -1.95
v 0 4 -1.95
v 0 5 1.95
v 0 4 1.95
v -1 5 -1.95
v -1 5 1.95
v -1 4 1.95
v -1 4 -1.95
v 13 4 -2.6
v 13 3 -2.6
v 13 4 2.6
v 13 3 2.6
v 12 4 -2.6
v 12 4 2.6
v 12 3 2.6
v 12 3 -2.6
v 30 3 -1.3
v 30 2 -1.3
v 30 3 1.3
v 30 2 1.3
v 29 3 -1.3
v 29 3 1.3
v 29 2 1.3
v 29 2 -1.3
v 18 3 -3.25
v 18 2 -3.25
v 18 3 3.25
v 18 2 3.25
v 17 3 -3.25
v 17 3 3.25
v 17 2 3.25
v 17 2 -3.25
v 0 3 -3.25
v 0 2 -3.25
v 0 3 3.25
v 0 2 3.25
v -1 3 -3.25
v -1 3 3.25
v -1 2 3.25
v -1 2 -3.25
v -30 3 -1.3
v -30 2 -1.3
v -30 3 1.3
v -30 2 1.3
v -31 3 -1.3
v -31 3 1.3
v -31 2 1.3
v -31 2 -1.3
v 15 2 -2.6
v 15 1 -2.6
v 15 2 2.6
v 15 1 2.6
v 14 2 -2.6
v 14 2 2.6
v 14 1 2.6
v 14 1 -2.6
v -27 2 -1.95
v -27 0 -1.95
v -27 2 1.95
v -27 0 1.95
v -28 2 -1.95
v -28 2 1.95
v -28 0 1.95
v -28 0 -1.95
v -30 2 -1.95
v -30 0 -1.95
v -30 2 1.95
v -30 0 1.95
v -31 2 -1.95
v -31 2 1.95
v -31 0 1.95
v -31 0 -1.95
v 16 1 -3.25
v 16 0 -3.25
v 16 1 3.25
v 16 0 3.25
v 15 1 -3.25
v 15 1 3.25
v 15 0 3.25
v 15 0 -3.25
v 14 0 -2.6
v 14 0 2.6
v 13 1 -2.6
v 13 1 2.6
v 13 0 2.6
v 13 0 -2.6
v -29 1 -1.95
v -29 0 -1.95
v -29 1 1.95
v -29 0 1.95
v -30 1 -1.95
v -30 1 1.95
v 13 -1 -2.6
v 13 -1 2.6
v 12 0 -2.6
v 12 0 2.6
v 12 -1 2.6
v 12 -1 -2.6
v 5 0 -2.6
v 5 -1 -2.6
v 5 0 2.6
v 5 -1 2.6
v 3 0 -2.6
v 3 0 2.6
v 3 -1 2.6
v 3 -1 -2.6
v 11 -1 -2.6
v 11 -2 -2.6
v 11 -1 2.6
v 11 -2 2.6
v 9 -1 -2.6
v 9 -1 2.6
v 9 -2 2.6
v 9 -2 -2.6
v 1 -2 -3.25
v 1 -4 -3.25
v 1 -2 3.25
v 1 -4 3.25
v 0 -2 -3.25
v 0 -2 3.25
v 0 -4 3.25
v 0 -4 -3.25
v 0 -3 -3.25
v 0 -3 3.25
v -2 -2 -3.25
v -2 -2 3.25
v -2 -3 3.25
v -2 -3 -3.25
v -21 -2 -2.6
v -21 -4 -2.6
v -21 -2 2.6
v -21 -4 2.6
v -22 -2 -2.6
v -22 -2 2.6
v -22 -4 2.6
v -22 -4 -2.6
v -22 -3 -2.6
v -22 -3 2.6
v -23 -2 -2.6
v -23 -2 2.6
v -23 -3 2.6
v -23 -3 -2.6
v -24 -2 -2.6
v -24 -3 -2.6
v -24 -2 2.6
v -24 -3 2.6
v -25 -2 -2.6
v -25 -2 2.6
v -25 -3 2.6
v -25 -3 -2.6
v 14 -3 -1.3
v 14 -4 -1.3
v 14 -3 1.3
v 14 -4 1.3
v 12 -3 -1.3
v 12 -3 1.3
v 12 -4 1.3
v 12 -4 -1.3
v 16 -4 -0.65
v 16 -5 -0.65
v 16 -4 0.65
v 16 -5 0.65
v 15 -4 -0.65
v 15 -4 0.65
v 15 -5 0.65
v 15 -5 -0.65
v 13 -4 -1.3
v 13 -5 -1.3
v 13 -4 1.3
v 13 -5 1.3
v 12 -5 1.3
v 12 -5 -1.3
v 12 -4 -0.65
v 12 -5 -0.65
v 12 -4 0.65
v 12 -5 0.65
v 9 -4 -0.65
v 9 -4 0.65
v 9 -5 0.65
v 9 -5 -0.65
v 2 -4 -3.25
v 2 -5 -3.25
v 2 -4 3.25
v 2 -5 3.25
v 1 -5 3.25
v 1 -5 -3.25
v 3 -5 -3.25
v 3 -6 -3.25
v 3 -5 3.25
v 3 -6 3.25
v 2 -6 3.25
v 2 -6 -3.25
v 0 -5 -3.25
v 0 -6 -3.25
v 0 -5 3.25
v 0 -6 3.25
v -1 -5 -3.25
v -1 -5 3.25
v -1 -6 3.25
v -1 -6 -3.25
v 16 -7 -1.3
v 16 -8 -1.3
v 16 -7 1.3
v 16 -8 1.3
v 15 -7 -1.3
v 15 -7 1.3
v 15 -8 1.3
v 15 -8 -1.3
v 29 8 -1.3
v 29 7 -1.3
v 29 8 1.3
v 29 7 1.3
v 28 8 -1.3
v 28 8 1.3
v 28 7 1.3
v 28 7 -1.3
v 27 8 -1.3
v 27 7 -1.3
v 27 8 1.3
v 27 7 1.3
v 26 8 -1.3
v 26 8 1.3
v 26 7 1.3
v 26 7 -1.3
v 30 7 -1.3
v 30 5 -1.3
v 30 7 1.3
v 30 5 1.3
v -25 5 -1.3
v -25 4 -1.3
v -25 5 1.3
v -25 4 1.3
v -26 5 -1.3
v -26 5 1.3
v -26 4 1.3
v -26 4 -1.3
v 31 4 -1.3
v 31 3 -1.3
v 31 4 1.3
v 31 3 1.3
v 30 4 -1.3
v 30 4 1.3
v -11 4 -3.25
v -11 3 -3.25
v -11 4 3.25
v -11 3 3.25
v -12 4 -3.25
v -12 4 3.25
v -12 3 3.25
v -12 3 -3.25
v -14 4 -3.25
v -14 3 -3.25
v -14 4 3.25
v -14 3 3.25
v -15 4 -3.25
v -15 4 3.25
v -15 3 3.25
v -15 3 -3.25
v -17 4 -3.25
v -17 3 -3.25
v -17 4 3.25
v -17 3 3.25
v -18 4 -3.25
v -18 4 3.25
v -18 3 3.25
v -18 3 -3.25
v -20 4 -3.25
v -20 3 -3.25
v -20 4 3.25
v -20 3 3.25
v -21 4 -3.25
v -21 4 3.25
v -21 3 3.25
v -21 3 -3.25
v 6 2 -3.25
v 6 1 -3.25
v 6 2 3.25
v 6 1 3.25
v 3 2 -3.25
v 3 2 3.25
v 3 1 3.25
v 3 1 -3.25
v -7 -5 -2.6
v -7 -6 -2.6
v -7 -5 2.6
v -7 -6 2.6
v -8 -5 -2.6
v -8 -5 2.6
v -8 -6 2.6
v -8 -6 -2.6
v -10 -5 -2.6
v -10 -6 -2.6
v -10 -5 2.6
v -10 -6 2.6
v -11 -5 -2.6
v -11 -5 2.6
v -11 -6 2.6
v -11 -6 -2.6
v 24 8 -1.3
v 24 8 1.3
v 20 8 -1.3
v 20 8 1.3
v -9 8 -0.65
v -9 7 -0.65
v -9 8 0.65
v -9 7 0.65
v -10 8 -0.65
v -10 8 0.65
v -10 7 0.65
v -10 7 -0.65
v 27 6 -1.95
v 27 5 -1.95
v 27 6 1.95
v 27 5 1.95
v 26 6 -1.95
v 26 6 1.95
v 26 5 1.95
v 26 5 -1.95
v 20 6 -2.6
v 20 5 -2.6
v 20 6 2.6
v 20 5 2.6
v 19 6 -2.6
v 19 6 2.6
v 19 5 2.6
v 19 5 -2.6
v -9 6 -1.95
v -9 5 -1.95
v -9 6 1.95
v -9 5 1.95
v -10 6 -1.95
v -10 6 1.95
v -10 5 1.95
v -10 5 -1.95
v 22 5 -1.3
v 22 4 -1.3
v 22 5 1.3
v 22 4 1.3
v 21 5 -1.3
v 21 5 1.3
v 21 4 1.3
v 21 4 -1.3
v -4 5 -1.3
v -4 4 -1.3
v -4 5 1.3
v -4 4 1.3
v -5 5 -1.3
v -5 5 1.3
v -5 4 1.3
v -5 4 -1.3
v -5 5 -1.95
v -5 4 -1.95
v -5 5 1.95
v -5 4 1.95
v -8 5 -1.95
v -8 5 1.95
v -8 4 1.95
v -8 4 -1.95
v -23 5 -1.95
v -23 4 -1.95
v -23 5 1.95
v -23 4 1.95
v -25 5 -1.95
v -25 5 1.95
v -25 4 1.95
v -25 4 -1.95
v 17 4 -3.25
v 17 4 3.25
v 15 4 -3.25
v 15 4 3.25
v 15 3 3.25
v 15 3 -3.25
v 14 4 -3.25
v 14 3 -3.25
v 14 4 3.25
v 14 3 3.25
v 13 4 -3.25
v 13 4 3.25
v 13 3 3.25
v 13 3 -3.25
v 12 4 -3.25
v 12 3 -3.25
v 12 4 3.25
v 12 3 3.25
v 10 4 -3.25
v 10 4 3.25
v 10 3 3.25
v 10 3 -3.25
v -3 4 -1.95
v -3 3 -1.95
v -3 4 1.95
v -3 3 1.95
v -4 4 -1.95
v -4 4 1.95
v -4 3 1.95
v -4 3 -1.95
v -25 4 -2.6
v -25 3 -2.6
v -25 4 2.6
v -25 3 2.6
v -26 4 -2.6
v -26 4 2.6
v -26 3 2.6
v -26 3 -2.6
v 31 2 -1.3
v 31 2 1.3
v 10 2 -3.25
v 10 2 3.25
v 9 3 -3.25
v 9 3 3.25
v 9 2 3.25
v 9 2 -3.25
v -10 3 -3.9
v -10 2 -3.9
v -10 3 3.9
v -10 2 3.9
v -11 3 -3.9
v -11 3 3.9
v -11 2 3.9
v -11 2 -3.9
v -13 3 -3.9
v -13 2 -3.9
v -13 3 3.9
v -13 2 3.9
v -14 3 -3.9
v -14 3 3.9
v -14 2 3.9
v -14 2 -3.9
v -16 3 -3.9
v -16 2 -3.9
v -16 3 3.9
v -16 2 3.9
v -17 3 -3.9
v -17 3 3.9
v -17 2 3.9
v -17 2 -3.9
v -19 3 -3.9
v -19 2 -3.9
v -19 3 3.9
v -19 2 3.9
v -20 3 -3.9
v -20 3 3.9
v -20 2 3.9
v -20 2 -3.9
v -27 3 -1.3
v -27 2 -1.3
v -27 3 1.3
v -27 2 1.3
v 9 1 -3.25
v 9 1 3.25
v 8 2 -3.25
v 8 2 3.25
v 8 1 3.25
v 8 1 -3.25
v 7 2 -3.25
v 7 1 -3.25
v 7 2 3.25
v 7 1 3.25
v 2 2 -3.25
v 2 2 3.25
v 2 1 3.25
v 2 1 -3.25
v -9 2 -3.9
v -9 1 -3.9
v -9 2 3.9
v -9 1 3.9
v -10 1 3.9
v -10 1 -3.9
v -12 2 -3.9
v -12 1 -3.9
v -12 2 3.9
v -12 1 3.9
v -13 1 3.9
v -13 1 -3.9
v -15 2 -3.9
v -15 1 -3.9
v -15 2 3.9
v -15 1 3.9
v -16 1 3.9
v -16 1 -3.9
v -18 2 -3.9
v -18 1 -3.9
v -18 2 3.9
v -18 1 3.9
v -19 1 3.9
v -19 1 -3.9
v 18 1 -1.3
v 18 0 -1.3
v 18 1 1.3
v 18 0 1.3
v 17 1 -1.3
v 17 1 1.3
v 17 0 1.3
v 17 0 -1.3
v 8 0 -3.25
v 8 0 3.25
v 7 0 3.25
v 7 0 -3.25
v 5 1 -3.25
v 5 0 -3.25
v 5 1 3.25
v 5 0 3.25
v 3 0 3.25
v 3 0 -3.25
v 7 -1 -3.25
v 7 -1 3.25
v 6 0 -3.25
v 6 0 3.25
v 6 -1 3.25
v 6 -1 -3.25
v 16 -1 -1.3
v 16 -2 -1.3
v 16 -1 1.3
v 16 -2 1.3
v 15 -1 -1.3
v 15 -1 1.3
v 15 -2 1.3
v 15 -2 -1.3
v -13 -3 -2.6
v -13 -5 -2.6
v -13 -3 2.6
v -13 -5 2.6
v -14 -3 -2.6
v -14 -3 2.6
v -14 -5 2.6
v -14 -5 -2.6
v -16 -3 -2.6
v -16 -5 -2.6
v -16 -3 2.6
v -16 -5 2.6
v -17 -3 -2.6
v -17 -3 2.6
v -17 -5 2.6
v -17 -5 -2.6
v -19 -3 -2.6
v -19 -5 -2.6
v -19 -3 2.6
v -19 -5 2.6
v -20 -3 -2.6
v -20 -3 2.6
v -20 -5 2.6
v -20 -5 -2.6
v -4 -5 -2.6
v -4 -6 -2.6
v -4 -5 2.6
v -4 -6 2.6
v -5 -5 -2.6
v -5 -5 2.6
v -5 -6 2.6
v -5 -6 -2.6
v -14 -6 -2.6
v -14 -6 2.6
v -15 -5 -2.6
v -15 -5 2.6
v -15 -6 2.6
v -15 -6 -2.6
v -17 -6 -2.6
v -17 -6 2.6
v -18 -5 -2.6
v -18 -5 2.6
v -18 -6 2.6
v -18 -6 -2.6
v -20 -6 -2.6
v -20 -6 2.6
v -21 -5 -2.6
v -21 -5 2.6
v -21 -6 2.6
v -21 -6 -2.6
v -22 -5 -2.6
v -22 -6 -2.6
v -22 -5 2.6
v -22 -6 2.6
v -23 -5 -2.6
v -23 -5 2.6
v -23 -6 2.6
v -23 -6 -2.6
v -22 -6 -1.95
v -22 -7 -1.95
v -22 -6 1.95
v -22 -7 1.95
v -23 -6 -1.95
v -23 -6 1.95
v -23 -7 1.95
v -23 -7 -1.95
v 9 5 -3.25
v 9 4 -3.25
v 9 5 3.25
v 9 4 3.25
v 8 5 -3.25
v 8 5 3.25
v 8 4 3.25
v 8 4 -3.25
v 2 5 -3.25
v 2 4 -3.25
v 2 5 3.25
v 2 4 3.25
v 1 5 -3.25
v 1 5 3.25
v 1 4 3.25
v 1 4 -3.25
v -4 0 -3.9
v -4 -1 -3.9
v -4 0 3.9
v -4 -1 3.9
v -5 0 -3.9
v -5 0 3.9
v -5 -1 3.9
v -5 -1 -3.9
v 5 -2 -3.25
v 5 -3 -3.25
v 5 -2 3.25
v 5 -3 3.25
v 4 -2 -3.25
v 4 -2 3.25
v 4 -3 3.25
v 4 -3 -3.25
v 19 8 -1.3
v 19 8 1.3
v 18 8 -1.3
v 18 7 -1.3
v 18 8 1.3
v 18 7 1.3
v 17 8 -1.3
v 17 8 1.3
v 17 7 1.3
v 17 7 -1.3
v -11 8 -0.65
v -11 8 0.65
v -11 7 0.65
v -11 7 -0.65
v 29 6 -1.3
v 29 6 1.3
v 28 6 1.3
v 28 6 -1.3
v 10 7 -0.65
v 10 7 0.65
v 9 7 -0.65
v 9 7 0.65
v 8 7 -0.65
v 8 6 -0.65
v 8 7 0.65
v 8 6 0.65
v 7 7 -0.65
v 7 7 0.65
v 7 6 0.65
v 7 6 -0.65
v 3 7 -0.65
v 3 6 -0.65
v 3 7 0.65
v 3 6 0.65
v 2 7 -0.65
v 2 7 0.65
v 2 6 0.65
v 2 6 -0.65
v 1 7 -0.65
v 1 7 0.65
v 0 7 -0.65
v 0 7 0.65
v -8 7 -1.3
v -8 7 1.3
v -12 6 -1.95
v -12 6 1.95
v -12 5 1.95
v -12 5 -1.95
v -15 6 -1.95
v -15 5 -1.95
v -15 6 1.95
v -15 5 1.95
v -21 6 -1.95
v -21 6 1.95
v -21 5 1.95
v -21 5 -1.95
v -21 6 -1.3
v -21 5 -1.3
v -21 6 1.3
v -21 5 1.3
v -22 6 -1.3
v -22 6 1.3
v -22 5 1.3
v -22 5 -1.3
v 10 5 -3.25
v 10 5 3.25
v 0 5 -3.25
v 0 5 3.25
v 0 4 3.25
v 0 4 -3.25
v -9 4 1.95
v -9 4 -1.95
v -22 5 -1.95
v -22 4 -1.95
v -22 5 1.95
v -22 4 1.95
v 7 4 -3.9
v 7 3 -3.9
v 7 4 3.9
v 7 3 3.9
v 3 4 -3.9
v 3 4 3.9
v 3 3 3.9
v 3 3 -3.9
v -1 4 -3.25
v -1 4 3.25
v -4 4 -2.6
v -4 3 -2.6
v -4 4 2.6
v -4 3 2.6
v -5 4 -2.6
v -5 4 2.6
v -5 3 2.6
v -5 3 -2.6
v -24 4 -2.6
v -24 3 -2.6
v -24 4 2.6
v -24 3 2.6
v 16 3 -3.25
v 16 2 -3.25
v 16 3 3.25
v 16 2 3.25
v 15 2 3.25
v 15 2 -3.25
v 14 1 -3.25
v 14 1 3.25
v 13 1 3.25
v 13 1 -3.25
v 12 1 -3.25
v 12 1 3.25
v 10 1 3.25
v 10 1 -3.25
v 1 3 -3.25
v 1 2 -3.25
v 1 3 3.25
v 1 2 3.25
v -2 3 -1.95
v -2 2 -1.95
v -2 3 1.95
v -2 2 1.95
v -3 2 1.95
v -3 2 -1.95
v -3 3 -2.6
v -3 2 -2.6
v -3 3 2.6
v -3 2 2.6
v -4 2 2.6
v -4 2 -2.6
v -25 3 -3.25
v -25 2 -3.25
v -25 3 3.25
v -25 2 3.25
v -26 3 -3.25
v -26 3 3.25
v -26 2 3.25
v -26 2 -3.25
v 13 2 -3.25
v 13 2 3.25
v 12 2 -3.25
v 12 2 3.25
v 1 1 3.25
v 1 1 -3.25
v -1 2 -1.95
v -1 0 -1.95
v -1 2 1.95
v -1 0 1.95
v -2 0 1.95
v -2 0 -1.95
v 2 0 3.25
v 2 0 -3.25
v 12 0 -3.25
v 12 -1 -3.25
v 12 0 3.25
v 12 -1 3.25
v 8 -1 3.25
v 8 -1 -3.25
v -25 -2 -1.3
v -25 -3 -1.3
v -25 -2 1.3
v -25 -3 1.3
v -27 -2 -1.3
v -27 -2 1.3
v -27 -3 1.3
v -27 -3 -1.3
v -7 -4 -2.6
v -7 -4 2.6
v -8 -4 -2.6
v -8 -4 2.6
v -10 -4 -2.6
v -10 -4 2.6
v -11 -4 -2.6
v -11 -4 2.6
v -23 -4 -2.6
v -23 -4 2.6
v -24 -4 -1.95
v -24 -5 -1.95
v -24 -4 1.95
v -24 -5 1.95
v -25 -4 -1.95
v -25 -4 1.95
v -25 -5 1.95
v -25 -5 -1.95
v 14 -5 -1.3
v 14 -6 -1.3
v 14 -5 1.3
v 14 -6 1.3
v 13 -6 1.3
v 13 -6 -1.3
v -5 -5 -1.95
v -5 -6 -1.95
v -5 -5 1.95
v -5 -6 1.95
v -7 -5 -1.95
v -7 -5 1.95
v -7 -6 1.95
v -7 -6 -1.95
v -8 -5 -1.95
v -8 -6 -1.95
v -8 -5 1.95
v -8 -6 1.95
v -10 -5 -1.95
v -10 -5 1.95
v -10 -6 1.95
v -10 -6 -1.95
v -19 -6 -1.95
v -19 -7 -1.95
v -19 -6 1.95
v -19 -7 1.95
v 26 6 -1.3
v 26 6 1.3
v 18 6 -1.3
v 18 6 1.3
v 17 6 1.3
v 17 6 -1.3
v 19 6 -1.95
v 19 5 -1.95
v 19 6 1.95
v 19 5 1.95
v 18 6 -1.95
v 18 6 1.95
v 18 5 1.95
v 18 5 -1.95
v 6 6 -1.3
v 6 6 1.3
v 6 5 1.3
v 6 5 -1.3
v 4 6 -1.3
v 4 5 -1.3
v 4 6 1.3
v 4 5 1.3
v 21 5 -2.6
v 21 4 -2.6
v 21 5 2.6
v 21 4 2.6
v 20 4 2.6
v 20 4 -2.6
v -9 5 -2.6
v -9 4 -2.6
v -9 5 2.6
v -9 4 2.6
v -22 5 -2.6
v -22 5 2.6
v -22 4 2.6
v -22 4 -2.6
v 18 4 -3.25
v 18 4 3.25
v 8 3 3.25
v 8 3 -3.25
v 2 3 -3.25
v 2 3 3.25
v -2 4 -3.25
v -2 4 3.25
v -2 3 3.25
v -2 3 -3.25
v -9 3 2.6
v -9 3 -2.6
v -9 4 -3.25
v -9 2 -3.25
v -9 4 3.25
v -9 2 3.25
v -10 4 -3.25
v -10 4 3.25
v -10 2 3.25
v -10 2 -3.25
v -10 3 -3.25
v -10 3 3.25
v -13 4 -3.25
v -13 3 -3.25
v -13 4 3.25
v -13 3 3.25
v -16 4 -3.25
v -16 3 -3.25
v -16 4 3.25
v -16 3 3.25
v -19 4 -3.25
v -19 3 -3.25
v -19 4 3.25
v -19 3 3.25
v -22 3 -2.6
v -22 3 2.6
v -4 3 -3.25
v -4 2 -3.25
v -4 3 3.25
v -4 2 3.25
v -9 3 -3.25
v -9 3 3.25
v -12 2 -3.25
v -12 2 3.25
v -13 2 3.25
v -13 2 -3.25
v -15 2 -3.25
v -15 2 3.25
v -16 2 3.25
v -16 2 -3.25
v -18 2 -3.25
v -18 2 3.25
v -19 2 3.25
v -19 2 -3.25
v -21 0 -3.25
v -21 0 3.25
v -25 0 3.25
v -25 0 -3.25
v -2 2 -2.6
v -2 0 -2.6
v -2 2 2.6
v -2 0 2.6
v -3 0 2.6
v -3 0 -2.6
v -7 2 -3.25
v -7 0 -3.25
v -7 2 3.25
v -7 0 3.25
v -9 0 3.25
v -9 0 -3.25
v -11 2 -3.25
v -11 0 -3.25
v -11 2 3.25
v -11 0 3.25
v -12 0 3.25
v -12 0 -3.25
v -14 2 -3.25
v -14 0 -3.25
v -14 2 3.25
v -14 0 3.25
v -15 0 3.25
v -15 0 -3.25
v -17 2 -3.25
v -17 0 -3.25
v -17 2 3.25
v -17 0 3.25
v -18 0 3.25
v -18 0 -3.25
v -20 2 -3.25
v -20 0 -3.25
v -20 2 3.25
v -20 0 3.25
v -21 2 -3.25
v -21 2 3.25
v -25 1 -3.25
v -25 1 3.25
v -26 1 3.25
v -26 1 -3.25
v -28 1 -1.95
v -28 1 1.95
v 31 1 -1.3
v 31 0 -1.3
v 31 1 1.3
v 31 0 1.3
v 30 1 -1.3
v 30 1 1.3
v 30 0 1.3
v 30 0 -1.3
v 14 0 3.25
v 14 0 -3.25
v 8 1 -2.6
v 8 1 2.6
v 8 0 2.6
v 8 0 -2.6
v -9 1 -3.25
v -9 1 3.25
v -11 1 -3.25
v -11 1 3.25
v -12 1 -3.25
v -12 1 3.25
v -14 1 -3.25
v -14 1 3.25
v -15 1 -3.25
v -15 1 3.25
v -17 1 -3.25
v -17 1 3.25
v -18 1 -3.25
v -18 1 3.25
v -20 1 -3.25
v -20 1 3.25
v 14 -1 -3.25
v 14 -1 3.25
v 13 0 -3.25
v 13 0 3.25
v 13 -1 3.25
v 13 -1 -3.25
v 8 -1 -2.6
v 8 -1 2.6
v 7 0 -2.6
v 7 0 2.6
v 7 -1 2.6
v 7 -1 -2.6
v 31 -1 -1.3
v 31 -3 -1.3
v 31 -1 1.3
v 31 -3 1.3
v 30 -1 -1.3
v 30 -1 1.3
v 30 -3 1.3
v 30 -3 -1.3
v 12 -2 -2.6
v 12 -2 2.6
v -3 -2 -3.25
v -3 -3 -3.25
v -3 -2 3.25
v -3 -3 3.25
v -4 -2 -3.25
v -4 -2 3.25
v -4 -3 3.25
v -4 -3 -3.25
v -5 -2 -3.25
v -5 -3 -3.25
v -5 -2 3.25
v -5 -3 3.25
v -6 -2 -3.25
v -6 -2 3.25
v -6 -3 3.25
v -6 -3 -3.25
v -8 -2 -3.25
v -8 -3 -3.25
v -8 -2 3.25
v -8 -3 3.25
v -9 -2 -3.25
v -9 -2 3.25
v -9 -3 3.25
v -9 -3 -3.25
v -10 -2 -3.25
v -10 -3 -3.25
v -10 -2 3.25
v -10 -3 3.25
v -11 -2 -3.25
v -11 -2 3.25
v -11 -3 3.25
v -11 -3 -3.25
v -15 -3 -2.6
v -15 -4 -2.6
v -15 -3 2.6
v -15 -4 2.6
v -16 -4 2.6
v -16 -4 -2.6
v -18 -3 -2.6
v -18 -3 2.6
v -24 -4 -2.6
v -24 -4 2.6
v -25 -4 2.6
v -25 -4 -2.6
v 15 -4 -1.3
v 15 -6 -1.3
v 15 -4 1.3
v 15 -6 1.3
v 8 -4 -3.25
v 8 -5 -3.25
v 8 -4 3.25
v 8 -5 3.25
v 7 -4 -3.25
v 7 -4 3.25
v 7 -5 3.25
v 7 -5 -3.25
v 5 -4 -3.25
v 5 -6 -3.25
v 5 -4 3.25
v 5 -6 3.25
v 4 -4 -3.25
v 4 -4 3.25
v 4 -6 3.25
v 4 -6 -3.25
v 3 -4 -3.25
v 3 -4 3.25
v -2 -4 -3.25
v -2 -4 3.25
v -2 -5 3.25
v -2 -5 -3.25
v -4 -4 -2.6
v -4 -4 2.6
v -5 -4 -2.6
v -5 -4 2.6
v 7 -6 -3.25
v 7 -6 3.25
v 5 -5 -3.25
v 5 -5 3.25
v 4 -5 -3.25
v 4 -5 3.25
v 1 -6 -3.25
v 1 -6 3.25
v -2 -5 -1.95
v -2 -6 -1.95
v -2 -5 1.95
v -2 -6 1.95
v -4 -5 -1.95
v -4 -5 1.95
v -4 -6 1.95
v -4 -6 -1.95
v -11 -5 -1.95
v -11 -6 -1.95
v -11 -5 1.95
v -11 -6 1.95
v -12 -5 -1.95
v -12 -5 1.95
v -12 -6 1.95
v -12 -6 -1.95
v -16 -6 -2.6
v -16 -6 2.6
v -19 -6 -2.6
v -19 -6 2.6
v -17 -6 -1.95
v -17 -7 -1.95
v -17 -6 1.95
v -17 -7 1.95
v 16 8 -1.3
v 16 8 1.3
v 16 6 1.3
v 16 6 -1.3
v 27 6 1.3
v 27 6 -1.3
v 31 6 -1.95
v 31 4 -1.95
v 31 6 1.95
v 31 4 1.95
v 30 6 -1.95
v 30 6 1.95
v 30 4 1.95
v 30 4 -1.95
v 17 6 -1.95
v 17 6 1.95
v 17 5 1.95
v 17 5 -1.95
v 18 5 -2.6
v 18 5 2.6
v 18 4 2.6
v 18 4 -2.6
v 16 5 -2.6
v 16 4 -2.6
v 16 5 2.6
v 16 4 2.6
v 15 5 -2.6
v 15 5 2.6
v 15 4 2.6
v 15 4 -2.6
v 22 4 -1.95
v 22 3 -1.95
v 22 4 1.95
v 22 3 1.95
v 21 4 -1.95
v 21 4 1.95
v 21 3 1.95
v 21 3 -1.95
v 21 3 -2.6
v 21 3 2.6
v 20 3 2.6
v 20 3 -2.6
v 19 2 -1.95
v 19 1 -1.95
v 19 2 1.95
v 19 1 1.95
v 18 2 -1.95
v 18 2 1.95
v 18 1 1.95
v 18 1 -1.95
v 0 1 -3.25
v 0 1 3.25
v 17 0 -1.95
v 17 -1 -1.95
v 17 0 1.95
v 17 -1 1.95
v 16 0 -1.95
v 16 0 1.95
v 16 -1 1.95
v 16 -1 -1.95
v 8 -2 -2.6
v 8 -2 2.6
v 6 -1 -2.6
v 6 -1 2.6
v 6 -2 2.6
v 6 -2 -2.6
v 6 -3 -2.6
v 6 -3 2.6
v 5 -2 -2.6
v 5 -2 2.6
v 5 -3 2.6
v 5 -3 -2.6
v 4 -3 -2.6
v 4 -4 -2.6
v 4 -3 2.6
v 4 -4 2.6
v 2 -3 -2.6
v 2 -3 2.6
v 2 -4 2.6
v 2 -4 -2.6
v -12 -3 -2.6
v -12 -4 -2.6
v -12 -3 2.6
v -12 -4 2.6
v -13 -4 2.6
v -13 -4 -2.6
v -3 -4 -1.95
v -3 -5 -1.95
v -3 -4 1.95
v -3 -5 1.95
v -4 -4 -1.95
v -4 -4 1.95
v -5 -4 -1.95
v -5 -4 1.95
v -7 -4 -1.95
v -7 -4 1.95
v -8 -4 -1.95
v -8 -4 1.95
v -10 -4 -1.95
v -10 -4 1.95
v -11 -4 -1.95
v -11 -4 1.95
v -12 -4 -1.95
v -12 -4 1.95
v -13 -6 -2.6
v -13 -6 2.6
v -14 -6 -1.95
v -14 -7 -1.95
v -14 -6 1.95
v -14 -7 1.95
v 14 -7 -1.3
v 14 -7 1.3
v 14 -8 1.3
v 14 -8 -1.3
v 27 7 -0.65
v 27 6 -0.65
v 27 7 0.65
v 27 6 0.65
v 26 7 -0.65
v 26 7 0.65
v 26 6 0.65
v 26 6 -0.65
v 23 7 -0.65
v 23 6 -0.65
v 23 7 0.65
v 23 6 0.65
v 22 7 -0.65
v 22 7 0.65
v 22 6 0.65
v 22 6 -0.65
v 27 5 1.3
v 27 5 -1.3
v 17 5 -2.6
v 17 5 2.6
v 17 4 2.6
v 17 4 -2.6
v -12 4 -2.6
v -12 3 -2.6
v -12 4 2.6
v -12 3 2.6
v -13 4 -2.6
v -13 4 2.6
v -13 3 2.6
v -13 3 -2.6
v -15 4 -2.6
v -15 3 -2.6
v -15 4 2.6
v -15 3 2.6
v -16 4 -2.6
v -16 4 2.6
v -16 3 2.6
v -16 3 -2.6
v -18 4 -2.6
v -18 3 -2.6
v -18 4 2.6
v -18 3 2.6
v -19 4 -2.6
v -19 4 2.6
v -19 3 2.6
v -19 3 -2.6
v -21 4 -2.6
v -21 3 -2.6
v -21 4 2.6
v -21 3 2.6
v -26 4 -1.95
v -26 3 -1.95
v -26 4 1.95
v -26 3 1.95
v -27 4 -1.95
v -27 4 1.95
v -27 3 1.95
v -27 3 -1.95
v 15 3 -2.6
v 15 3 2.6
v 14 3 -2.6
v 14 3 2.6
v 13 2 -2.6
v 13 2 2.6
v 12 2 2.6
v 12 2 -2.6
v -1 3 -2.6
v -1 2 -2.6
v -1 3 2.6
v -1 2 2.6
v -2 3 -2.6
v -2 3 2.6
v -11 3 -2.6
v -11 2 -2.6
v -11 3 2.6
v -11 2 2.6
v -12 2 2.6
v -12 2 -2.6
v -14 3 -2.6
v -14 2 -2.6
v -14 3 2.6
v -14 2 2.6
v -15 2 2.6
v -15 2 -2.6
v -17 3 -2.6
v -17 2 -2.6
v -17 3 2.6
v -17 2 2.6
v -18 2 2.6
v -18 2 -2.6
v -20 3 -2.6
v -20 2 -2.6
v -20 3 2.6
v -20 2 2.6
v -21 2 2.6
v -21 2 -2.6
v -26 0 -3.25
v -26 0 3.25
v -27 3 -3.25
v -27 3 3.25
v -27 0 3.25
v -27 0 -3.25
v 32 2 -1.95
v 32 1 -1.95
v 32 2 1.95
v 32 1 1.95
v 31 2 -1.95
v 31 2 1.95
v 31 1 1.95
v 31 1 -1.95
v 0 2 -2.6
v 0 -2 -2.6
v 0 2 2.6
v 0 -2 2.6
v -1 -2 2.6
v -1 -2 -2.6
v -3 1 -2.6
v -3 1 2.6
v -4 1 2.6
v -4 1 -2.6
v -6 2 -2.6
v -6 1 -2.6
v -6 2 2.6
v -6 1 2.6
v -7 2 -2.6
v -7 2 2.6
v -7 1 2.6
v -7 1 -2.6
v -10 2 -2.6
v -10 1 -2.6
v -10 2 2.6
v -10 1 2.6
v -11 1 2.6
v -11 1 -2.6
v -13 2 -2.6
v -13 1 -2.6
v -13 2 2.6
v -13 1 2.6
v -14 1 2.6
v -14 1 -2.6
v -16 2 -2.6
v -16 1 -2.6
v -16 2 2.6
v -16 1 2.6
v -17 1 2.6
v -17 1 -2.6
v -19 2 -2.6
v -19 1 -2.6
v -19 2 2.6
v -19 1 2.6
v -20 1 2.6
v -20 1 -2.6
v -28 1 -1.3
v -28 0 -1.3
v -28 1 1.3
v -28 0 1.3
v -29 1 -1.3
v -29 1 1.3
v -29 0 1.3
v -29 0 -1.3
v 14 -1 -2.6
v 14 -2 -2.6
v 14 -1 2.6
v 14 -2 2.6
v 13 -2 2.6
v 13 -2 -2.6
v 3 -2 -2.6
v 3 -2 2.6
v 2 -1 -2.6
v 2 -1 2.6
v 2 -2 2.6
v 2 -2 -2.6
v -1 -1 -2.6
v -1 -1 2.6
v -24 -1 -2.6
v -24 -1 2.6
v 32 -2 -1.95
v 32 -4 -1.95
v 32 -2 1.95
v 32 -4 1.95
v 31 -2 -1.95
v 31 -2 1.95
v 31 -4 1.95
v 31 -4 -1.95
v 15 -2 -0.65
v 15 -3 -0.65
v 15 -2 0.65
v 15 -3 0.65
v 14 -2 -0.65
v 14 -2 0.65
v 14 -3 0.65
v 14 -3 -0.65
v 10 -2 -1.3
v 10 -3 -1.3
v 10 -2 1.3
v 10 -3 1.3
v 9 -2 -1.3
v 9 -2 1.3
v 9 -3 1.3
v 9 -3 -1.3
v 9 -3 -2.6
v 9 -3 2.6
v -2 -2 -2.6
v -2 -4 -2.6
v -2 -2 2.6
v -2 -4 2.6
v -3 -2 -2.6
v -3 -2 2.6
v -3 -4 2.6
v -3 -4 -2.6
v -11 -2 -2.6
v -11 -2 2.6
v -12 -2 -2.6
v -12 -2 2.6
v -23 -2 -1.95
v -23 -5 -1.95
v -23 -2 1.95
v -23 -5 1.95
v -24 -2 -1.95
v -24 -2 1.95
v 31 -3 -1.95
v 31 -3 1.95
v 30 -3 -1.95
v 30 -3 1.95
v 30 -4 1.95
v 30 -4 -1.95
v -3 -3 -2.6
v -3 -3 2.6
v -11 -3 -2.6
v -11 -3 2.6
v -14 -3 -1.95
v -14 -5 -1.95
v -14 -3 1.95
v -14 -5 1.95
v -15 -3 -1.95
v -15 -3 1.95
v -15 -5 1.95
v -15 -5 -1.95
v -17 -3 -1.95
v -17 -5 -1.95
v -17 -3 1.95
v -17 -5 1.95
v -18 -3 -1.95
v -18 -3 1.95
v -18 -5 1.95
v -18 -5 -1.95
v -20 -3 -1.95
v -20 -5 -1.95
v -20 -3 1.95
v -20 -5 1.95
v -21 -3 -1.95
v -21 -3 1.95
v -21 -5 1.95
v -21 -5 -1.95
v -2 -4 -1.95
v -2 -4 1.95
v -12 -6 -2.6
v -12 -6 2.6
v 8 -5 -2.6
v 8 -6 -2.6
v 8 -5 2.6
v 8 -6 2.6
v 7 -5 -2.6
v 7 -5 2.6
v 7 -6 2.6
v 7 -6 -2.6
v -1 -5 -2.6
v -1 -6 -2.6
v -1 -5 2.6
v -1 -6 2.6
v -2 -5 -2.6
v -2 -5 2.6
v -2 -6 2.6
v -2 -6 -2.6
v -18 -6 -1.95
v -18 -6 1.95
v -19 -5 -1.95
v -19 -5 1.95
v -21 -6 -1.95
v -21 -6 1.95
v -22 -5 -1.95
v -22 -5 1.95
v 17 -6 -0.65
v 17 -7 -0.65
v 17 -6 0.65
v 17 -7 0.65
v 16 -6 -0.65
v 16 -6 0.65
v 16 -7 0.65
v 16 -7 -0.65
v 16 -6 -1.3
v 16 -6 1.3
v 19 7 -0.65
v 19 6 -0.65
v 19 7 0.65
v 19 6 0.65
v 18 7 -0.65
v 18 7 0.65
v 18 6 0.65
v 18 6 -0.65
v 16 6 -1.95
v 16 6 1.95
v 16 5 1.95
v 16 5 -1.95
v 27 4 1.3
v 27 4 -1.3
v 32 4 -1.95
v 32 4 1.95
v 28 3 1.3
v 28 3 -1.3
v 18 3 2.6
v 18 3 -2.6
v 10 4 -2.6
v 10 3 -2.6
v 10 4 2.6
v 10 3 2.6
v 9 4 -2.6
v 9 4 2.6
v 9 3 2.6
v 9 3 -2.6
v 1 4 -2.6
v 1 3 -2.6
v 1 4 2.6
v 1 3 2.6
v 0 4 -2.6
v 0 4 2.6
v 0 3 2.6
v 0 3 -2.6
v 19 3 -2.6
v 19 2 -2.6
v 19 3 2.6
v 19 2 2.6
v 18 2 2.6
v 18 2 -2.6
v 9 2 -2.6
v 9 2 2.6
v 1 2 2.6
v 1 2 -2.6
v 29 1 1.3
v 29 1 -1.3
v 18 1 -2.6
v 18 1 2.6
v 17 2 -2.6
v 17 2 2.6
v 17 1 2.6
v 17 1 -2.6
v 8 2 -2.6
v 8 2 2.6
v 7 2 -2.6
v 7 2 2.6
v 7 1 2.6
v 7 1 -2.6
v 17 0 -2.6
v 17 0 2.6
v 16 1 -2.6
v 16 1 2.6
v 16 0 2.6
v 16 0 -2.6
v 6 1 -2.6
v 6 1 2.6
v 6 0 2.6
v 6 0 -2.6
v -4 0 2.6
v -4 0 -2.6
v 16 -1 -2.6
v 16 -1 2.6
v 15 0 -2.6
v 15 0 2.6
v 15 -1 2.6
v 15 -1 -2.6
v 2 0 -2.6
v 2 0 2.6
v -7 -1 -3.25
v -7 -1 3.25
v -24 0 -3.25
v -24 0 3.25
v -24 -1 3.25
v -24 -1 -3.25
v -24 0 -2.6
v -24 0 2.6
v -26 0 -2.6
v -26 0 2.6
v -26 -1 2.6
v -26 -1 -2.6
v 15 -2 -2.6
v 15 -2 2.6
v 14 -2 -1.3
v 14 -2 1.3
v 12 -2 -1.3
v 12 -2 1.3
v 3 -3 -2.6
v 3 -3 2.6
v -13 -2 -2.6
v -13 -2 2.6
v 14 -4 0.65
v 14 -4 -0.65
v 10 -3 -0.65
v 10 -4 -0.65
v 10 -3 0.65
v 10 -4 0.65
v 9 -3 -0.65
v 9 -3 0.65
v 9 -6 -2.6
v 9 -6 2.6
v 8 -3 -2.6
v 8 -3 2.6
v 8 -4 -2.6
v 8 -4 2.6
v 15 -6 0.65
v 15 -6 -0.65
v -15 -6 -1.95
v -15 -6 1.95
v -16 -5 -1.95
v -16 -5 1.95
v -16 -6 1.95
v -16 -6 -1.95
v 7 -7 -2.6
v 7 -7 2.6
v 3 -6 -2.6
v 3 -6 2.6
v 3 -7 2.6
v 3 -7 -2.6
v 2 -6 -2.6
v 2 -7 -2.6
v 2 -6 2.6
v 2 -7 2.6
v 0 -6 -2.6
v 0 -6 2.6
v 0 -7 2.6
v 0 -7 -2.6
v -10 6 -0.65
v -10 6 0.65
v -11 6 0.65
v -11 6 -0.65
v 8 5 -3.9
v 8 4 -3.9
v 8 5 3.9
v 8 4 3.9
v 7 5 -3.9
v 7 5 3.9
v 17 2 -3.9
v 17 1 -3.9
v 17 2 3.9
v 17 1 3.9
v 16 2 -3.9
v 16 2 3.9
v 16 1 3.9
v 16 1 -3.9
v -4 1 -3.9
v -4 1 3.9
v -5 1 -3.9
v -5 1 3.9
v 15 0 -3.9
v 15 -1 -3.9
v 15 0 3.9
v 15 -1 3.9
v 14 0 -3.9
v 14 0 3.9
v 14 -1 3.9
v 14 -1 -3.9
v -6 0 -3.9
v -6 0 3.9
v -6 -1 3.9
v -6 -1 -3.9
v 5 -1 -3.25
v 5 -1 3.25
v 4 -1 -3.25
v 4 -1 3.25
v 3 -2 -3.25
v 3 -2 3.25
v 3 -3 3.25
v 3 -3 -3.25
v 2 5 -3.9
v 2 5 3.9
v 2 4 3.9
v 2 4 -3.9
v -6 1 -3.9
v -6 1 3.9
v 3 -1 -3.25
v 3 -1 3.25
v 14 4 -2.6
v 14 4 2.6
v -1 -1 -1.95
v -1 -1 1.95
v -2 -1 1.95
v -2 -1 -1.95
v -20 -2 -2.6
v -20 -2 2.6
v -21 -3 2.6
v -21 -3 -2.6
v 8 3 -3.9
v 8 3 3.9
v 2 3 3.9
v 2 3 -3.9
v -2 4 -2.6
v -2 4 2.6
v -3 4 -2.6
v -3 4 2.6
v -6 -1 -2.6
v -6 -1 2.6
v -7 -1 2.6
v -7 -1 -2.6
v -3 -1 -2.6
v -3 -1 2.6
v -4 -1 2.6
v -4 -1 -2.6
v -19 -2 -2.6
v -19 -2 2.6
v -25 -4 -1.3
v -25 -4 1.3
v -27 -4 1.3
v -27 -4 -1.3
v -32 3 -1.3
v -32 3 1.3
v -32 2 1.3
v -32 2 -1.3
v -31 1 -1.95
v -31 1 1.95
v -32 2 -1.95
v -32 2 1.95
v -32 1 1.95
v -32 1 -1.95
v -31 1 -1.3
v -31 0 -1.3
v -31 1 1.3
v -31 0 1.3
v -32 1 -1.3
v -32 1 1.3
v -32 0 1.3
v -32 0 -1.3
v -28 -2 -1.3
v -28 -2 1.3
v -28 -3 1.3
v -28 -3 -1.3
v -27 -3 -0.65
v -27 -4 -0.65
v -27 -3 0.65
v -27 -4 0.65
v -28 -3 -0.65
v -28 -3 0.65
v -28 -4 0.65
v -28 -4 -0.65
v -2 -1 -2.6
v -2 -1 2.6
v -4 -2 -2.6
v -4 -3 -2.6
v -4 -2 2.6
v -4 -3 2.6
v -5 -2 -2.6
v -5 -2 2.6
v -5 -3 2.6
v -5 -3 -2.6
v -6 -2 -2.6
v -6 -3 -2.6
v -6 -2 2.6
v -6 -3 2.6
v -8 -2 -2.6
v -8 -2 2.6
v -8 -3 2.6
v -8 -3 -2.6
v -9 -2 -2.6
v -9 -3 -2.6
v -9 -2 2.6
v -9 -3 2.6
v -10 -2 -2.6
v -10 -2 2.6
v -10 -3 2.6
v -10 -3 -2.6
v -15 -2 -2.6
v -15 -2 2.6
v -1 -3 -3.25
v -1 -3 3.25
v -1 -4 3.25
v -1 -4 -3.25

vn 1 0 0
vn 0 1 0
vn 0 -1 0
vn -1 0 0
vn 0 0 -1
vn 0 0 1

vt -19.68504 19.68504
vt 19.68504 19.68504
vt -19.68504 -19.68504
vt 0 NaN
vt 0 0
vt 0 NaN
vt 0 NaN
vt 0 NaN
vt 0 NaN
vt 0 NaN
vt 19.68504 -19.68504
vt 0 NaN
vt 0 NaN
vt 0 NaN
vt 0 NaN
vt 0 NaN
vt 0 NaN
vt 0 NaN
vt 0 NaN
vt 0 NaN
vt 0 NaN
vt 0 NaN
vt 0 NaN
vt 0 NaN
vt 0 NaN
vt 0 NaN
vt 0 NaN
vt 0 NaN
vt 0 NaN
vt 0 NaN
vt 0 NaN
vt 0 NaN
vt 0 NaN
vt 0 NaN
vt 0 NaN
vt 0 NaN
vt 0 NaN
vt 0 NaN
vt 0 NaN
vt 0 NaN
vt 0 NaN
vt 0 NaN
vt 0 NaN
vt 0 NaN
vt 0 NaN
vt 0 NaN
vt 0 NaN
vt 0 NaN
vt 0 NaN
vt 0 NaN
vt 0 NaN
vt 0 NaN
vt 0 NaN
vt 0 NaN
vt 0 NaN
vt 0 NaN
vt 0 NaN
vt 0 NaN
vt 0 NaN
vt 0 NaN
vt 0 NaN
vt 0 NaN
vt 0 NaN
vt 0 NaN
vt 0 NaN
vt 0 NaN
vt 0 NaN
vt 0 NaN
vt 0 NaN
vt 0 NaN
vt 0 NaN
vt 0 NaN
vt 0 NaN
vt 0 NaN
vt 0 NaN
vt 0 NaN
vt 0 NaN
vt 0 NaN
vt 0 NaN
vt 0 NaN
vt 0 NaN
vt 0 NaN
vt 0 NaN
vt 0 NaN
vt 0 NaN
vt 0 NaN
vt 0 NaN
vt 0 NaN
vt 0 NaN
vt 0 NaN
vt 0 NaN
vt 0 NaN
vt 0 NaN
vt 0 NaN
vt 0 NaN
vt 0 NaN
vt 0 NaN
vt 0 NaN
vt 0 NaN
vt 0 NaN
vt 0 NaN
vt 0 NaN
vt 0 NaN
vt 0 NaN
vt 0 NaN
vt 0 NaN
vt 0 NaN
vt 0 NaN
vt 0 NaN
vt 0 NaN
vt 0 NaN
vt 0 NaN
vt 0 NaN
vt 0 NaN
vt 0 NaN
vt 0 NaN
vt 0 NaN
vt 0 NaN
vt 0 NaN
vt 0 NaN
vt 0 NaN
vt 0 NaN
vt 0 NaN
vt 0 NaN
vt 0 NaN
vt 0 NaN
vt 0 NaN
vt 0 NaN
vt 0 NaN
vt 0 NaN
vt 0 NaN
vt 0 NaN
vt 0 NaN
vt 0 NaN
vt 0 NaN
vt 0 NaN
vt 0 NaN
vt 0 NaN
vt 0 NaN
vt 0 NaN
vt 0 NaN
vt 0 NaN
vt 0 NaN
vt 0 NaN
vt 0 NaN
vt 0 NaN
vt 0 NaN
vt 0 NaN
vt 0 NaN
vt 0 NaN
vt 0 NaN
vt 0 NaN
vt 0 NaN
vt 0 NaN
vt 0 NaN
vt 0 NaN
vt 0 NaN
vt 0 NaN
vt 0 NaN
vt 0 NaN
vt 0 NaN
vt 0 NaN
vt 0 NaN
vt 0 NaN
vt 0 NaN
vt 0 NaN
vt 0 NaN
vt 0 NaN
vt 0 NaN
vt 0 NaN
vt 0 NaN
vt 0 NaN
vt 0 NaN
vt 0 NaN
vt 0 NaN
vt 0 NaN
vt 0 NaN
vt 0 NaN
vt 0 NaN
vt 0 NaN
vt 0 NaN
vt 0 NaN
vt 0 NaN
vt 0 NaN
vt 0 NaN
vt 0 NaN
vt 0 NaN
vt 0 NaN
vt 0 NaN
vt 0 NaN
vt 0 NaN
vt 0 NaN
vt 0 NaN
vt 0 NaN
vt 0 NaN
vt 0 NaN
vt 0 NaN
vt 0 NaN
vt 0 NaN
vt 0 NaN
vt 0 NaN
vt 0 NaN
vt 0 NaN
vt 0 NaN
vt 0 NaN
vt 0 NaN
vt 0 NaN
vt 0 NaN
vt 0 NaN
vt 0 NaN
vt 0 NaN
vt 0 NaN
vt 0 NaN
vt 0 NaN
vt 0 NaN
vt 0 NaN
vt 0 NaN
vt 0 NaN
vt 0 NaN
vt 0 NaN
vt 0 NaN
vt 0 NaN
vt 0 NaN
vt 0 NaN
vt 0 NaN
vt 0 NaN
vt 0 NaN
vt 0 NaN
vt 0 NaN
vt 0 NaN
vt 0 NaN
vt 0 NaN
vt 0 NaN
vt 0 NaN
vt 0 NaN
vt 0 NaN
vt 0 NaN
vt 0 NaN
vt 0 NaN
vt 0 NaN
vt 0 NaN
vt 0 NaN
vt 0 NaN
vt 0 NaN
vt 0 NaN
vt 0 NaN
vt 0 NaN
vt 0 NaN
vt 0 NaN
vt 0 NaN
vt 0 NaN
vt 0 NaN
vt 0 NaN
vt 0 NaN
vt 0 NaN
vt 0 NaN
vt 0 NaN
vt 0 NaN
vt 0 NaN
vt 0 NaN
vt 0 NaN
vt 0 NaN
vt 0 NaN
vt 0 NaN
vt 0 NaN
vt 0 NaN
vt 0 NaN
vt 0 NaN
vt 0 NaN
vt 0 NaN
vt 0 NaN
vt 0 NaN
vt 0 NaN
vt 0 NaN
vt 0 NaN
vt 0 NaN
vt 0 NaN
vt 0 NaN
vt 0 NaN
vt 0 NaN
vt 0 NaN
vt 0 NaN
vt 0 NaN
vt 0 NaN
vt 0 NaN
vt 0 NaN
vt 0 NaN
vt 0 NaN
vt 0 NaN
vt 0 NaN
vt 0 NaN
vt 0 NaN
vt 0 NaN
vt 0 NaN
vt 0 NaN
vt 0 NaN
vt 0 NaN
vt 0 NaN
vt 0 NaN
vt 0 NaN
vt 0 NaN
vt 0 NaN
vt 0 NaN
vt 0 NaN
vt 0 NaN
vt 0 NaN
vt 0 NaN
vt 0 NaN
vt 0 NaN
vt 0 NaN
vt 0 NaN
vt 0 NaN
vt 0 NaN
vt 0 NaN
vt 0 NaN
vt 0 NaN
vt 0 NaN
vt 0 NaN
vt 0 NaN
vt 0 NaN
vt 0 NaN
vt 0 NaN
vt 0 NaN
vt 0 NaN
vt 0 NaN
vt 0 NaN
vt 0 NaN
vt 0 NaN
vt 0 NaN
vt 0 NaN
vt 0 NaN
vt 0 NaN
vt 0 NaN
vt 0 NaN
vt 0 NaN
vt 0 NaN
vt 0 NaN
vt 0 NaN
vt 0 NaN
vt 0 NaN
vt 0 NaN
vt 0 NaN
vt 0 NaN
vt 0 NaN
vt 0 NaN
vt 0 NaN
vt 0 NaN
vt 0 NaN
vt 0 NaN
vt 0 NaN
vt 0 NaN
vt 0 NaN
vt 0 NaN
vt 0 NaN
vt 0 NaN
vt 0 NaN
vt 0 NaN
vt 0 NaN
vt 0 NaN
vt 0 NaN
vt 0 NaN
vt 0 NaN
vt 0 NaN
vt 0 NaN
vt 0 NaN
vt 0 NaN
vt 0 NaN
vt 0 NaN
vt 0 NaN
vt 0 NaN
vt 0 NaN
vt 0 NaN
vt 0 NaN
vt 0 NaN
vt 0 NaN
vt 0 NaN
vt 0 NaN
vt 0 NaN
vt 0 NaN
vt 0 NaN
vt 0 NaN
vt 0 NaN
vt 0 NaN
vt 0 NaN
vt 0 NaN
vt 0 NaN
vt 0 NaN
vt 0 NaN
vt 0 NaN
vt 0 NaN
vt 0 NaN
vt 0 NaN
vt 0 NaN
vt 0 NaN
vt 0 NaN
vt 0 NaN
vt 0 NaN
vt 0 NaN
vt 0 NaN
vt 0 NaN
vt 0 NaN
vt 0 NaN
vt 0 NaN
vt 0 NaN
vt 0 NaN
vt 0 NaN
vt 0 NaN
vt 0 NaN
vt 0 NaN
vt 0 NaN
vt 0 NaN
vt 0 NaN
vt 0 NaN
vt 0 NaN
vt 0 NaN
vt 0 NaN
vt 0 NaN
vt 0 NaN
vt 0 NaN
vt 0 NaN
vt 0 NaN
vt 0 NaN
vt 0 NaN
vt 0 NaN
vt 0 NaN
vt 0 NaN
vt 0 NaN
vt 0 NaN
vt 0 NaN
vt 0 NaN
vt 0 NaN
vt 0 NaN
vt 0 NaN
vt 0 NaN
vt 0 NaN
vt 0 NaN
vt 0 NaN
vt 0 NaN
vt 0 NaN
vt 0 NaN
vt 0 NaN
vt 0 NaN
vt 0 NaN
vt 0 NaN
vt 0 NaN
vt 0 NaN
vt 0 NaN
vt 0 NaN
vt 0 NaN
vt 0 NaN
vt 0 NaN
vt 0 NaN
vt 0 NaN
vt 0 NaN
vt 0 NaN
vt 0 NaN
vt 0 NaN
vt 0 NaN
vt 0 NaN
vt 0 NaN
vt 0 NaN
vt 0 NaN
vt 0 NaN
vt 0 NaN
vt 0 NaN
vt 0 NaN
vt 0 NaN
vt 0 NaN
vt 0 NaN
vt 0 NaN
vt 0 NaN
vt 0 NaN
vt 0 NaN
vt 0 NaN
vt 0 NaN
vt 0 NaN
vt 0 NaN
vt 0 NaN
vt 0 NaN
vt 0 NaN
vt 0 NaN
vt 0 NaN
vt 0 NaN
vt 0 NaN
vt 0 NaN
vt 0 NaN
vt 0 NaN
vt 0 NaN
vt 0 NaN
vt 0 NaN
vt 0 NaN
vt 0 NaN
vt 0 NaN
vt 0 NaN
vt 0 NaN
vt 0 NaN
vt 0 NaN
vt 0 NaN
vt 0 NaN
vt 0 NaN
vt 0 NaN
vt 0 NaN
vt 0 NaN
vt 0 NaN
vt 0 NaN
vt 0 NaN
vt 0 NaN
vt 0 NaN
vt 0 NaN
vt 0 NaN
vt 0 NaN
vt 0 NaN
vt 0 NaN
vt 0 NaN
vt 0 NaN
vt 0 NaN
vt 0 NaN
vt 0 NaN
vt 0 NaN
vt 0 NaN
vt 0 NaN
vt 0 NaN
vt 0 NaN
vt 0 NaN
vt 0 NaN
vt 0 NaN
vt 0 NaN
vt 0 NaN
vt 0 NaN
vt 0 NaN
vt 0 NaN
vt 0 NaN
vt 0 NaN
vt 0 NaN
vt 0 NaN
vt 0 NaN
vt 0 NaN
vt 0 NaN
vt 0 NaN
vt 0 NaN
vt 0 NaN
vt 0 NaN
vt 0 NaN
vt 0 NaN
vt 0 NaN
vt 0 NaN
vt 0 NaN
vt 0 NaN
vt 0 NaN
vt 0 NaN
vt 0 NaN
vt 0 NaN
vt 0 NaN
vt 0 NaN
vt 0 NaN
vt 0 NaN
vt 0 NaN
vt 0 NaN
vt 0 NaN
vt 0 NaN
vt 0 NaN
vt 0 NaN
vt 0 NaN
vt 0 NaN
vt 0 NaN
vt 0 NaN
vt 0 NaN
vt 0 NaN
vt 0 NaN
vt 0 NaN
vt 0 NaN
vt 0 NaN
vt 0 NaN
vt 0 NaN
vt 0 NaN
vt 0 NaN
vt 0 NaN
vt 0 NaN
vt 0 NaN
vt 0 NaN
vt 0 NaN
vt 0 NaN
vt 0 NaN
vt 0 NaN
vt 0 NaN
vt 0 NaN
vt 0 NaN
vt 0 NaN
vt 0 NaN
vt 0 NaN
vt 0 NaN
vt 0 NaN
vt 0 NaN
vt 0 NaN
vt 0 NaN
vt 0 NaN
vt 0 NaN
vt 0 NaN
vt 0 NaN
vt 0 NaN
vt 0 NaN
vt 0 NaN
vt 0 NaN
vt 0 NaN
vt 0 NaN
vt 0 NaN
vt 0 NaN
vt 0 NaN
vt 0 NaN
vt 0 NaN
vt 0 NaN
vt 0 NaN
vt 0 NaN
vt 0 NaN
vt 0 NaN
vt 0 NaN
vt 0 NaN
vt 0 NaN
vt 0 NaN
vt 0 NaN
vt 0 NaN
vt 0 NaN
vt 0 NaN
vt 0 NaN
vt 0 NaN
vt 0 NaN
vt 0 NaN
vt 0 NaN
vt 0 NaN
vt 0 NaN
vt 0 NaN
vt 0 NaN
vt 0 NaN
vt 0 NaN
vt 0 NaN
vt 0 NaN
vt 0 NaN
vt 0 NaN
vt 0 NaN
vt 0 NaN
vt 0 NaN
vt 0 NaN
vt 0 NaN
vt 0 NaN
vt 0 NaN
vt 0 NaN
vt 0 NaN
vt 0 NaN
vt 0 NaN
vt 0 NaN
vt 0 NaN
vt 0 NaN
vt 0 NaN
vt 0 NaN
vt 0 NaN
vt 0 NaN
vt 0 NaN
vt 0 NaN
vt 0 NaN
vt 0 NaN
vt 0 NaN
vt 0 NaN
vt 0 NaN
vt 0 NaN
vt 0 NaN
vt 0 NaN
vt 0 NaN
vt 0 NaN
vt 0 NaN
vt 0 NaN
vt 0 NaN
vt 0 NaN
vt 0 NaN
vt 0 NaN
vt 0 NaN
vt 0 NaN
vt 0 NaN
vt 0 NaN
vt 0 NaN
vt 0 NaN
vt 0 NaN
vt 0 NaN
vt 0 NaN
vt 0 NaN
vt 0 NaN
vt 0 NaN
vt 0 NaN
vt 0 NaN
vt 0 NaN
vt 0 NaN
vt 0 NaN
vt 0 NaN
vt 0 NaN
vt 0 NaN
vt 0 NaN
vt 0 NaN
vt 0 NaN
vt 0 NaN
vt 0 NaN
vt 0 NaN
vt 0 NaN
vt 0 NaN
vt 0 NaN
vt 0 NaN
vt 0 NaN
vt 0 NaN
vt 0 NaN
vt 0 NaN
vt 0 NaN
vt 0 NaN
vt 0 NaN
vt 0 NaN
vt 0 NaN
vt 0 NaN
vt 0 NaN
vt 0 NaN
vt 0 NaN
vt 0 NaN
vt 0 NaN
vt 0 NaN
vt 0 NaN
vt 0 NaN
vt 0 NaN
vt 0 NaN
vt 0 NaN
vt 0 NaN
vt 0 NaN
vt 0 NaN
vt 0 NaN
vt 0 NaN
vt 0 NaN
vt 0 NaN
vt 0 NaN
vt 0 NaN
vt 0 NaN
vt 0 NaN
vt 0 NaN
vt 0 NaN
vt 0 NaN
vt 0 NaN
vt 0 NaN
vt 0 NaN
vt 0 NaN
vt 0 NaN
vt 0 NaN
vt 0 NaN
vt 0 NaN
vt 0 NaN
vt 0 NaN
vt 0 NaN
vt 0 NaN
vt 0 NaN
vt 0 NaN
vt 0 NaN
vt 0 NaN
vt 0 NaN
vt 0 NaN
vt 0 NaN
vt 0 NaN
vt 0 NaN
vt 0 NaN
vt 0 NaN
vt 0 NaN
vt 0 NaN
vt 0 NaN
vt 0 NaN
vt 0 NaN
vt 0 NaN
vt 0 NaN
vt 0 NaN
vt 0 NaN
vt 0 NaN
vt 0 NaN
vt 0 NaN
vt 0 NaN
vt 0 NaN
vt 0 NaN
vt 0 NaN
vt 0 NaN
vt 0 NaN
vt 0 NaN
vt 0 NaN
vt 0 NaN
vt 0 NaN
vt 0 NaN
vt 0 NaN
vt 0 NaN
vt 0 NaN
vt 0 NaN
vt 0 NaN
vt 0 NaN
vt 0 NaN
vt 0 NaN
vt 0 NaN
vt 0 NaN
vt 0 NaN
vt 0 NaN
vt 0 NaN
vt 0 NaN
vt 0 NaN
vt 0 NaN
vt 0 NaN
vt 0 NaN
vt 0 NaN
vt 0 NaN
vt 0 NaN
vt 0 NaN
vt 0 NaN
vt 0 NaN
vt 0 NaN
vt 0 NaN
vt 0 NaN
vt 0 NaN
vt 0 NaN
vt 0 NaN
vt 0 NaN
vt 0 NaN
vt 0 NaN
vt 0 NaN
vt 0 NaN
vt 0 NaN
vt 0 NaN
vt 0 NaN
vt 0 NaN
vt 0 NaN
vt 0 NaN
vt 0 NaN
vt 0 NaN
vt 0 NaN
vt 0 NaN
vt 0 NaN
vt 0 NaN
vt 0 NaN
vt 0 NaN
vt 0 NaN
vt 0 NaN
vt 0 NaN
vt 0 NaN
vt 0 NaN
vt 0 NaN
vt 0 NaN
vt 0 NaN
vt 0 NaN
vt 0 NaN
vt 0 NaN
vt 0 NaN
vt 0 NaN
vt 0 NaN
vt 0 NaN
vt 0 NaN
vt 0 NaN
vt 0 NaN
vt 0 NaN
vt 0 NaN
vt 0 NaN
vt 0 NaN
vt 0 NaN
vt 0 NaN
vt 0 NaN
vt 0 NaN
vt 0 NaN
vt 0 NaN
vt 0 NaN
vt 0 NaN
vt 0 NaN
vt 0 NaN
vt 0 NaN
vt 0 NaN
vt 0 NaN
vt 0 NaN
vt 0 NaN
vt 0 NaN
vt 0 NaN
vt 0 NaN
vt 0 NaN
vt 0 NaN
vt 0 NaN
vt 0 NaN
vt 0 NaN
vt 0 NaN
vt 0 NaN
vt 0 NaN
vt 0 NaN
vt 0 NaN
vt 0 NaN
vt 0 NaN
vt 0 NaN
vt 0 NaN
vt 0 NaN
vt 0 NaN
vt 0 NaN
vt 0 NaN
vt 0 NaN
vt 0 NaN
vt 0 NaN
vt 0 NaN
vt 0 NaN
vt 0 NaN
vt 0 NaN
vt 0 NaN
vt 0 NaN
vt 0 NaN
vt 0 NaN
vt 0 NaN
vt 0 NaN
vt 0 NaN
vt 0 NaN
vt 0 NaN
vt 0 NaN
vt 0 NaN
vt 0 NaN
vt 0 NaN
vt 0 NaN
vt 0 NaN
vt 0 NaN
vt 0 NaN
vt 0 NaN
vt 0 NaN
vt 0 NaN
vt 0 NaN
vt 0 NaN
vt 0 NaN
vt 0 NaN
vt 0 NaN
vt 0 NaN
vt 0 NaN
vt 0 NaN
vt 0 NaN
vt 0 NaN
vt 0 NaN
vt 0 NaN
vt 0 NaN
vt 0 NaN
vt 0 NaN
vt 0 NaN
vt 0 NaN
vt 0 NaN
vt 0 NaN
vt 0 NaN
vt 0 NaN
vt 0 NaN
vt 0 NaN
vt 0 NaN
vt 0 NaN
vt 0 NaN
vt 0 NaN
vt 0 NaN
vt 0 NaN
vt 0 NaN
vt 0 NaN
vt 0 NaN
vt 0 NaN
vt 0 NaN
vt 0 NaN
vt 0 NaN
vt 0 NaN
vt 0 NaN
vt 0 NaN
vt 0 NaN
vt 0 NaN
vt 0 NaN
vt 0 NaN
vt 0 NaN
vt 0 NaN
vt 0 NaN
vt 0 NaN
vt 0 NaN
vt 0 NaN
vt 0 NaN
vt 0 NaN
vt 0 NaN
vt 0 NaN
vt 0 NaN
vt 0 NaN
vt 0 NaN
vt 0 NaN
vt 0 NaN
vt 0 NaN
vt 0 NaN
vt 0 NaN
vt 0 NaN
vt 0 NaN
vt 0 NaN
vt 0 NaN
vt 0 NaN
vt 0 NaN
vt 0 NaN
vt 0 NaN
vt 0 NaN
vt 0 NaN
vt 0 NaN
vt 0 NaN
vt 0 NaN
vt 0 NaN
vt 0 NaN
vt 0 NaN
vt 0 NaN
vt 0 NaN
vt 0 NaN
vt 0 NaN
vt 0 NaN
vt 0 NaN
vt 0 NaN
vt 0 NaN
vt 0 NaN
vt 0 NaN
vt 0 NaN
vt 0 NaN
vt 0 NaN
vt 0 NaN
vt 0 NaN
vt 0 NaN
vt 0 NaN
vt 0 NaN
vt 0 NaN
vt 0 NaN
vt 0 NaN
vt 0 NaN
vt 0 NaN
vt 0 NaN
vt 0 NaN
vt 0 NaN
vt 0 NaN
vt 0 NaN
vt 0 NaN
vt 0 NaN
vt 0 NaN
vt 0 NaN
vt 0 NaN
vt 0 NaN
vt 0 NaN
vt 0 NaN
vt 0 NaN
vt 0 NaN
vt 0 NaN
vt 0 NaN
vt 0 NaN
vt 0 NaN
vt 0 NaN
vt 0 NaN
vt 0 NaN
vt 0 NaN
vt 0 NaN
vt 0 NaN
vt 0 NaN
vt 0 NaN
vt 0 NaN
vt 0 NaN
vt 0 NaN
vt 0 NaN
vt 0 NaN
vt 0 NaN
vt 0 NaN
vt 0 NaN
vt 0 NaN
vt 0 NaN
vt 0 NaN
vt 0 NaN
vt 0 NaN
vt 0 NaN
vt 0 NaN
vt 0 NaN
vt 0 NaN
vt 0 NaN
vt 0 NaN
vt 0 NaN
vt 0 NaN
vt 0 NaN
vt 0 NaN
vt 0 NaN
vt 0 NaN
vt 0 NaN
vt 0 NaN
vt 0 NaN
vt 0 NaN
vt 0 NaN
vt 0 NaN
vt 0 NaN
vt 0 NaN
vt 0 NaN
vt 0 NaN
vt 0 NaN
vt 0 NaN
vt 0 NaN
vt 0 NaN
vt 0 NaN
vt 0 NaN
vt 0 NaN
vt 0 NaN
vt 0 NaN
vt 0 NaN
vt 0 NaN
vt 0 NaN
vt 0 NaN
vt 0 NaN
vt 0 NaN
vt 0 NaN
vt 0 NaN
vt 0 NaN
vt 0 NaN
vt 0 NaN
vt 0 NaN
vt 0 NaN
vt 0 NaN
vt 0 NaN
vt 0 NaN
vt 0 NaN
vt 0 NaN
vt 0 NaN
vt 0 NaN
vt 0 NaN
vt 0 NaN
vt 0 NaN
vt 0 NaN
vt 0 NaN
vt 0 NaN
vt 0 NaN
vt 0 NaN
vt 0 NaN
vt 0 NaN
vt 0 NaN
vt 0 NaN
vt 0 NaN
vt 0 NaN
vt 0 NaN
vt 0 NaN
vt 0 NaN
vt 0 NaN
vt 0 NaN
vt 0 NaN
vt 0 NaN
vt 0 NaN
vt 0 NaN
vt 0 NaN
vt 0 NaN
vt 0 NaN
vt 0 NaN
vt 0 NaN
vt 0 NaN
vt 0 NaN
vt 0 NaN
vt 0 NaN
vt 0 NaN
vt 0 NaN
vt 0 NaN
vt 0 NaN
vt 0 NaN
vt 0 NaN
vt 0 NaN
vt 0 NaN
vt 0 NaN
vt 0 NaN
vt 0 NaN
vt 0 NaN
vt 0 NaN
vt 0 NaN
vt 0 NaN
vt 0 NaN
vt 0 NaN
vt 0 NaN
vt 0 NaN
vt 0 NaN
vt 0 NaN
vt 0 NaN
vt 0 NaN
vt 0 NaN
vt 0 NaN
vt 0 NaN
vt 0 NaN
vt 0 NaN
vt 0 NaN
vt 0 NaN
vt 0 NaN
vt 0 NaN
vt 0 NaN
vt 0 NaN
vt 0 NaN
vt 0 NaN
vt 0 NaN
vt 0 NaN
vt 0 NaN
vt 0 NaN
vt 0 NaN
vt 0 NaN
vt 0 NaN
vt 0 NaN
vt 0 NaN
vt 0 NaN
vt 0 NaN
vt 0 NaN
vt 0 NaN
vt 0 NaN
vt 0 NaN
vt 0 NaN
vt 0 NaN
vt 0 NaN
vt 0 NaN
vt 0 NaN
vt 0 NaN
vt 0 NaN
vt 0 NaN
vt 0 NaN
vt 0 NaN
vt 0 NaN
vt 0 NaN
vt 0 NaN
vt 0 NaN
vt 0 NaN
vt 0 NaN
vt 0 NaN
vt 0 NaN
vt 0 NaN
vt 0 NaN
vt 0 NaN
vt 0 NaN
vt 0 NaN
vt 0 NaN
vt 0 NaN
vt 0 NaN
vt 0 NaN
vt 0 NaN
vt 0 NaN
vt 0 NaN
vt 0 NaN
vt 0 NaN
vt 0 NaN
vt 0 NaN
vt 0 NaN
vt 0 NaN
vt 0 NaN
vt 0 NaN
vt 0 NaN
vt 0 NaN
vt 0 NaN
vt 0 NaN
vt 0 NaN
vt 0 NaN
vt 0 NaN
vt 0 NaN
vt 0 NaN
vt 0 NaN
vt 0 NaN
vt 0 NaN
vt 0 NaN
vt 0 NaN
vt 0 NaN
vt 0 NaN
vt 0 NaN
vt 0 NaN
vt 0 NaN
vt 0 NaN
vt 0 NaN
vt 0 NaN
vt 0 NaN
vt 0 NaN
vt 0 NaN
vt 0 NaN
vt 0 NaN
vt 0 NaN
vt 0 NaN
vt 0 NaN
vt 0 NaN
vt 0 NaN
vt 0 NaN
vt 0 NaN
vt 0 NaN
vt 0 NaN
vt 0 NaN
vt 0 NaN
vt 0 NaN
vt 0 NaN
vt 0 NaN
vt 0 NaN
vt 0 NaN
vt 0 NaN
vt 0 NaN
vt 0 NaN
vt 0 NaN
vt 0 NaN
vt 0 NaN
vt 0 NaN
vt 0 NaN
vt 0 NaN
vt 0 NaN
vt 0 NaN
vt 0 NaN
vt 0 NaN
vt 0 NaN
vt 0 NaN
vt 0 NaN
vt 0 NaN
vt 0 NaN
vt 0 NaN
vt 0 NaN
vt 0 NaN
vt 0 NaN
vt 0 NaN
vt 0 NaN
vt 0 NaN
vt 0 NaN
vt 0 NaN
vt 0 NaN
vt 0 NaN
vt 0 NaN
vt 0 NaN
vt 0 NaN
vt 0 NaN
vt 0 NaN
vt 0 NaN
vt 0 NaN
vt 0 NaN
vt 0 NaN
vt 0 NaN
vt 0 NaN
vt 0 NaN
vt 0 NaN
vt 0 NaN
vt 0 NaN
vt 0 NaN
vt 0 NaN
vt 0 NaN
vt 0 NaN
vt 0 NaN
vt 0 NaN
vt 0 NaN
vt 0 NaN
vt 0 NaN
vt 0 NaN
vt 0 NaN
vt 0 NaN
vt 0 NaN
vt 0 NaN
vt 0 NaN
vt 0 NaN
vt 0 NaN
vt 0 NaN
vt 0 NaN
vt 0 NaN
vt 0 NaN
vt 0 NaN
vt 0 NaN
vt 0 NaN
vt 0 NaN
vt 0 NaN
vt 0 NaN
vt 0 NaN
vt 0 NaN
vt 0 NaN
vt 0 NaN
vt 0 NaN
vt 0 NaN
vt 0 NaN
vt 0 NaN
vt 0 NaN
vt 0 NaN
vt 0 NaN
vt 0 NaN
vt 0 NaN
vt 0 NaN
vt 0 NaN
vt 0 NaN
vt 0 NaN
vt 0 NaN
vt 0 NaN
vt 0 NaN
vt 0 NaN
vt 0 NaN
vt 0 NaN
vt 0 NaN
vt 0 NaN
vt 0 NaN
vt 0 NaN
vt 0 NaN
vt 0 NaN
vt 0 NaN
vt 0 NaN
vt 0 NaN
vt 0 NaN
vt 0 NaN
vt 0 NaN
vt 0 NaN
vt 0 NaN
vt 0 NaN
vt 0 NaN
vt 0 NaN
vt 0 NaN
vt 0 NaN
vt 0 NaN
vt 0 NaN
vt 0 NaN
vt 0 NaN
vt 0 NaN
vt 0 NaN
vt 0 NaN
vt 0 NaN
vt 0 NaN
vt 0 NaN
vt 0 NaN
vt 0 NaN
vt 0 NaN
vt 0 NaN
vt 0 NaN
vt 0 NaN
vt 0 NaN
vt 0 NaN
vt 0 NaN
vt 0 NaN
vt 0 NaN
vt 0 NaN
vt 0 NaN
vt 0 NaN
vt 0 NaN
vt 0 NaN
vt 0 NaN
vt 0 NaN
vt 0 NaN
vt 0 NaN
vt 0 NaN
vt 0 NaN
vt 0 NaN
vt 0 NaN
vt 0 NaN
vt 0 NaN
vt 0 NaN
vt 0 NaN
vt 0 NaN
vt 0 NaN
vt 0 NaN
vt 0 NaN
vt 0 NaN
vt 0 NaN
vt 0 NaN
vt 0 NaN
vt 0 NaN
vt 0 NaN
vt 0 NaN
vt 0 NaN
vt 0 NaN
vt 0 NaN
vt 0 NaN
vt 0 NaN
vt 0 NaN
vt 0 NaN
vt 0 NaN
vt 0 NaN
vt 0 NaN
vt 0 NaN
vt 0 NaN
vt 0 NaN
vt 0 NaN
vt 0 NaN
vt 0 NaN
vt 0 NaN
vt 0 NaN
vt 0 NaN
vt 0 NaN
vt 0 NaN
vt 0 NaN
vt 0 NaN
vt 0 NaN
vt 0 NaN
vt 0 NaN
vt 0 NaN
vt 0 NaN
vt 0 NaN
vt 0 NaN
vt 0 NaN
vt 0 NaN
vt 0 NaN
vt 0 NaN
vt 0 NaN
vt 0 NaN
vt 0 NaN
vt 0 NaN
vt 0 NaN
vt 0 NaN
vt 0 NaN
vt 0 NaN
vt 0 NaN
vt 0 NaN
vt 0 NaN
vt 0 NaN
vt 0 NaN
vt 0 NaN
vt 0 NaN
vt 0 NaN
vt 0 NaN
vt 0 NaN
vt 0 NaN
vt 0 NaN
vt 0 NaN
vt 0 NaN
vt 0 NaN
vt 0 NaN
vt 0 NaN
vt 0 NaN
vt 0 NaN
vt 0 NaN
vt 0 NaN
vt 0 NaN
vt 0 NaN
vt 0 NaN
vt 0 NaN
vt 0 NaN
vt 0 NaN
vt 0 NaN
vt 0 NaN
vt 0 NaN
vt 0 NaN
vt 0 NaN
vt 0 NaN
vt 0 NaN
vt 0 NaN
vt 0 NaN
vt 0 NaN
vt 0 NaN
vt 0 NaN
vt 0 NaN
vt 0 NaN
vt 0 NaN
vt 0 NaN
vt 0 NaN
vt 0 NaN
vt 0 NaN
vt 0 NaN
vt 0 NaN
vt 0 NaN
vt 0 NaN
vt 0 NaN
vt 0 NaN
vt 0 NaN
vt 0 NaN
vt 0 NaN
vt 0 NaN
vt 0 NaN
vt 0 NaN
vt 0 NaN
vt 0 NaN
vt 0 NaN
vt 0 NaN
vt 0 NaN
vt 0 NaN
vt 0 NaN
vt 0 NaN
vt 0 NaN
vt 0 NaN
vt 0 NaN
vt 0 NaN
vt 0 NaN
vt 0 NaN
vt 0 NaN
vt 0 NaN
vt 0 NaN
vt 0 NaN
vt 0 NaN
vt 0 NaN
vt 0 NaN
vt 0 NaN
vt 0 NaN
vt 0 NaN
vt 0 NaN
vt 0 NaN
vt 0 NaN
vt 0 NaN
vt 0 NaN
vt 0 NaN
vt 0 NaN
vt 0 NaN
vt 0 NaN
vt 0 NaN
vt 0 NaN
vt 0 NaN
vt 0 NaN
vt 0 NaN
vt 0 NaN
vt 0 NaN
vt 0 NaN
vt 0 NaN
vt 0 NaN
vt 0 NaN
vt 0 NaN
vt 0 NaN
vt 0 NaN
vt 0 NaN
vt 0 NaN
vt 0 NaN
vt 0 NaN
vt 0 NaN
vt 0 NaN
vt 0 NaN
vt 0 NaN
vt 0 NaN
vt 0 NaN
vt 0 NaN
vt 0 NaN
vt 0 NaN
vt 0 NaN
vt 0 NaN
vt 0 NaN
vt 0 NaN
vt 0 NaN
vt 0 NaN
vt 0 NaN
vt 0 NaN
vt 0 NaN
vt 0 NaN
vt 0 NaN
vt 0 NaN
vt 0 NaN
vt 0 NaN
vt 0 NaN
vt 0 NaN
vt 0 NaN
vt 0 NaN
vt 0 NaN
vt 0 NaN
vt 0 NaN
vt 0 NaN
vt 0 NaN
vt 0 NaN
vt 0 NaN
vt 0 NaN
vt 0 NaN
vt 0 NaN
vt 0 NaN
vt 0 NaN
vt 0 NaN
vt 0 NaN
vt 0 NaN
vt 0 NaN
vt 0 NaN
vt 0 NaN
vt 0 NaN
vt 0 NaN
vt 0 NaN
vt 0 NaN
vt 0 NaN
vt 0 NaN
vt 0 NaN
vt 0 NaN
vt 0 NaN
vt 0 NaN
vt 0 NaN
vt 0 NaN
vt 0 NaN
vt 0 NaN
vt 0 NaN
vt 0 NaN
vt 0 NaN
vt 0 NaN
vt 0 NaN
vt 0 NaN
vt 0 NaN
vt 0 NaN
vt 0 NaN
vt 0 NaN
vt 0 NaN
vt 0 NaN
vt 0 NaN
vt 0 NaN
vt 0 NaN
vt 0 NaN
vt 0 NaN
vt 0 NaN
vt 0 NaN
vt 0 NaN
vt 0 NaN
vt 0 NaN
vt 0 NaN
vt 0 NaN
vt 0 NaN
vt 0 NaN
vt 0 NaN
vt 0 NaN
vt 0 NaN
vt 0 NaN
vt 0 NaN
vt 0 NaN
vt 0 NaN
vt 0 NaN
vt 0 NaN
vt 0 NaN
vt 0 NaN
vt 0 NaN
vt 0 NaN
vt 0 NaN
vt 0 NaN
vt 0 NaN
vt 0 NaN
vt 0 NaN
vt 0 NaN
vt 0 NaN
vt 0 NaN
vt 0 NaN
vt 0 NaN
vt 0 NaN
vt 0 NaN
vt 0 NaN
vt 0 NaN
vt 0 NaN
vt 0 NaN
vt 0 NaN
vt 0 NaN
vt 0 NaN
vt 0 NaN
vt 0 NaN
vt 0 NaN
vt 0 NaN
vt 0 NaN
vt 0 NaN
vt 0 NaN
vt 0 NaN

usemtl color2

f 3/3/1 2/2/1 1/1/1
f 2/3/1 3/2/1 4/1/1
f 5/3/2 3/2/2 1/1/2
f 3/3/2 5/2/2 6/1/2
f 7/5/3 2/5/3 4/4/3
f 2/5/3 7/5/3 8/6/3
f 7/5/4 5/5/4 8/7/4
f 5/5/4 7/5/4 6/8/4
f 5/5/5 2/5/5 8/9/5
f 2/5/5 5/5/5 1/10/5
f 3/2/6 7/3/6 4/11/6
f 7/3/6 3/2/6 6/1/6
f 3/3/1 2/2/1 1/1/1
f 2/3/1 3/2/1 4/1/1
f 5/3/2 3/2/2 1/1/2
f 3/3/2 5/2/2 6/1/2
f 7/5/3 2/5/3 4/4/3
f 2/5/3 7/5/3 8/6/3
f 7/5/4 5/5/4 8/7/4
f 5/5/4 7/5/4 6/8/4
f 5/5/5 2/5/5 8/9/5
f 2/5/5 5/5/5 1/10/5
f 3/2/6 7/3/6 4/11/6
f 7/3/6 3/2/6 6/1/6
f 11/3/1 10/2/1 9/1/1
f 10/3/1 11/2/1 12/1/1
f 13/3/2 11/2/2 9/1/2
f 11/3/2 13/2/2 14/1/2
f 15/5/3 10/5/3 12/12/3
f 10/5/3 15/5/3 16/13/3
f 15/5/4 13/5/4 16/14/4
f 13/5/4 15/5/4 14/15/4
f 13/5/5 10/5/5 16/16/5
f 10/5/5 13/5/5 9/17/5
f 11/2/6 15/3/6 12/11/6
f 15/3/6 11/2/6 14/1/6
f 19/3/1 18/2/1 17/1/1
f 18/3/1 19/2/1 20/1/1
f 21/3/2 19/2/2 17/1/2
f 19/3/2 21/2/2 22/1/2
f 23/5/3 18/5/3 20/18/3
f 18/5/3 23/5/3 24/19/3
f 23/5/4 21/5/4 24/20/4
f 21/5/4 23/5/4 22/21/4
f 21/5/5 18/5/5 24/22/5
f 18/5/5 21/5/5 17/23/5
f 19/2/6 23/3/6 20/11/6
f 23/3/6 19/2/6 22/1/6
f 27/3/1 26/2/1 25/1/1
f 26/3/1 27/2/1 28/1/1
f 29/3/2 27/2/2 25/1/2
f 27/3/2 29/2/2 30/1/2
f 31/5/3 26/5/3 28/24/3
f 26/5/3 31/5/3 32/25/3
f 31/5/4 29/5/4 32/26/4
f 29/5/4 31/5/4 30/27/4
f 29/5/5 26/5/5 32/28/5
f 26/5/5 29/5/5 25/29/5
f 27/2/6 31/3/6 28/11/6
f 31/3/6 27/2/6 30/1/6
f 35/3/1 34/2/1 33/1/1
f 34/3/1 35/2/1 36/1/1
f 37/3/2 35/2/2 33/1/2
f 35/3/2 37/2/2 38/1/2
f 39/5/3 34/5/3 36/30/3
f 34/5/3 39/5/3 40/31/3
f 39/5/4 37/5/4 40/32/4
f 37/5/4 39/5/4 38/33/4
f 37/5/5 34/5/5 40/34/5
f 34/5/5 37/5/5 33/35/5
f 35/2/6 39/3/6 36/11/6
f 39/3/6 35/2/6 38/1/6
f 43/3/1 42/2/1 41/1/1
f 42/3/1 43/2/1 44/1/1
f 45/3/2 43/2/2 41/1/2
f 43/3/2 45/2/2 46/1/2
f 47/5/3 42/5/3 44/36/3
f 42/5/3 47/5/3 48/37/3
f 47/5/4 45/5/4 48/38/4
f 45/5/4 47/5/4 46/39/4
f 45/5/5 42/5/5 48/40/5
f 42/5/5 45/5/5 41/41/5
f 43/2/6 47/3/6 44/11/6
f 47/3/6 43/2/6 46/1/6
f 51/3/1 50/2/1 49/1/1
f 50/3/1 51/2/1 52/1/1
f 53/3/2 51/2/2 49/1/2
f 51/3/2 53/2/2 54/1/2
f 55/5/3 50/5/3 52/42/3
f 50/5/3 55/5/3 56/43/3
f 55/5/4 53/5/4 56/44/4
f 53/5/4 55/5/4 54/45/4
f 53/5/5 50/5/5 56/46/5
f 50/5/5 53/5/5 49/47/5
f 51/2/6 55/3/6 52/11/6
f 55/3/6 51/2/6 54/1/6
f 59/3/1 58/2/1 57/1/1
f 58/3/1 59/2/1 60/1/1
f 61/3/2 59/2/2 57/1/2
f 59/3/2 61/2/2 62/1/2
f 63/5/3 58/5/3 60/48/3
f 58/5/3 63/5/3 64/49/3
f 63/5/4 61/5/4 64/50/4
f 61/5/4 63/5/4 62/51/4
f 61/5/5 58/5/5 64/52/5
f 58/5/5 61/5/5 57/53/5
f 59/2/6 63/3/6 60/11/6
f 63/3/6 59/2/6 62/1/6
f 67/3/1 66/2/1 65/1/1
f 66/3/1 67/2/1 68/1/1
f 69/3/2 67/2/2 65/1/2
f 67/3/2 69/2/2 70/1/2
f 71/5/3 66/5/3 68/54/3
f 66/5/3 71/5/3 72/55/3
f 71/5/4 69/5/4 72/56/4
f 69/5/4 71/5/4 70/57/4
f 69/5/5 66/5/5 72/58/5
f 66/5/5 69/5/5 65/59/5
f 67/2/6 71/3/6 68/11/6
f 71/3/6 67/2/6 70/1/6
f 75/3/1 74/2/1 73/1/1
f 74/3/1 75/2/1 76/1/1
f 34/3/2 75/2/2 73/1/2
f 75/3/2 34/2/2 36/1/2
f 77/5/3 74/5/3 76/60/3
f 74/5/3 77/5/3 78/61/3
f 77/5/4 34/5/4 78/62/4
f 34/5/4 77/5/4 36/63/4
f 34/5/5 74/5/5 78/64/5
f 74/5/5 34/5/5 73/65/5
f 75/2/6 77/3/6 76/11/6
f 77/3/6 75/2/6 36/1/6
f 81/3/1 80/2/1 79/1/1
f 80/3/1 81/2/1 82/1/1
f 83/3/2 81/2/2 79/1/2
f 81/3/2 83/2/2 84/1/2
f 85/5/3 80/5/3 82/66/3
f 80/5/3 85/5/3 86/67/3
f 85/5/4 83/5/4 86/68/4
f 83/5/4 85/5/4 84/69/4
f 83/5/5 80/5/5 86/70/5
f 80/5/5 83/5/5 79/71/5
f 81/2/6 85/3/6 82/11/6
f 85/3/6 81/2/6 84/1/6
f 89/3/1 88/2/1 87/1/1
f 88/3/1 89/2/1 90/1/1
f 91/3/2 89/2/2 87/1/2
f 89/3/2 91/2/2 92/1/2
f 93/5/3 88/5/3 90/72/3
f 88/5/3 93/5/3 94/73/3
f 93/5/4 91/5/4 94/74/4
f 91/5/4 93/5/4 92/75/4
f 91/5/5 88/5/5 94/76/5
f 88/5/5 91/5/5 87/77/5
f 89/2/6 93/3/6 90/11/6
f 93/3/6 89/2/6 92/1/6
f 97/3/1 96/2/1 95/1/1
f 96/3/1 97/2/1 98/1/1
f 99/3/2 97/2/2 95/1/2
f 97/3/2 99/2/2 100/1/2
f 101/5/3 96/5/3 98/78/3
f 96/5/3 101/5/3 102/79/3
f 101/5/4 99/5/4 102/80/4
f 99/5/4 101/5/4 100/81/4
f 99/5/5 96/5/5 102/82/5
f 96/5/5 99/5/5 95/83/5
f 97/2/6 101/3/6 98/11/6
f 101/3/6 97/2/6 100/1/6
f 105/3/1 104/2/1 103/1/1
f 104/3/1 105/2/1 106/1/1
f 107/3/2 105/2/2 103/1/2
f 105/3/2 107/2/2 108/1/2
f 109/5/3 104/5/3 106/84/3
f 104/5/3 109/5/3 110/85/3
f 109/5/4 107/5/4 110/86/4
f 107/5/4 109/5/4 108/87/4
f 107/5/5 104/5/5 110/88/5
f 104/5/5 107/5/5 103/89/5
f 105/2/6 109/3/6 106/11/6
f 109/3/6 105/2/6 108/1/6
f 113/3/1 112/2/1 111/1/1
f 112/3/1 113/2/1 114/1/1
f 115/3/2 113/2/2 111/1/2
f 113/3/2 115/2/2 116/1/2
f 117/5/3 112/5/3 114/90/3
f 112/5/3 117/5/3 118/91/3
f 117/5/4 115/5/4 118/92/4
f 115/5/4 117/5/4 116/93/4
f 115/5/5 112/5/5 118/94/5
f 112/5/5 115/5/5 111/95/5
f 113/2/6 117/3/6 114/11/6
f 117/3/6 113/2/6 116/1/6
f 121/3/1 120/2/1 119/1/1
f 120/3/1 121/2/1 122/1/1
f 123/3/2 121/2/2 119/1/2
f 121/3/2 123/2/2 124/1/2
f 125/5/3 120/5/3 122/96/3
f 120/5/3 125/5/3 126/97/3
f 125/5/4 123/5/4 126/98/4
f 123/5/4 125/5/4 124/99/4
f 123/5/5 120/5/5 126/100/5
f 120/5/5 123/5/5 119/101/5
f 121/2/6 125/3/6 122/11/6
f 125/3/6 121/2/6 124/1/6
f 129/3/1 128/2/1 127/1/1
f 128/3/1 129/2/1 130/1/1
f 131/3/2 129/2/2 127/1/2
f 129/3/2 131/2/2 132/1/2
f 133/5/3 128/5/3 130/102/3
f 128/5/3 133/5/3 134/103/3
f 133/5/4 131/5/4 134/104/4
f 131/5/4 133/5/4 132/105/4
f 131/5/5 128/5/5 134/106/5
f 128/5/5 131/5/5 127/107/5
f 129/2/6 133/3/6 130/11/6
f 133/3/6 129/2/6 132/1/6
f 137/3/1 136/2/1 135/1/1
f 136/3/1 137/2/1 138/1/1
f 139/3/2 137/2/2 135/1/2
f 137/3/2 139/2/2 140/1/2
f 141/5/3 136/5/3 138/108/3
f 136/5/3 141/5/3 142/109/3
f 141/5/4 139/5/4 142/110/4
f 139/5/4 141/5/4 140/111/4
f 139/5/5 136/5/5 142/112/5
f 136/5/5 139/5/5 135/113/5
f 137/2/6 141/3/6 138/11/6
f 141/3/6 137/2/6 140/1/6
f 145/3/1 144/2/1 143/1/1
f 144/3/1 145/2/1 146/1/1
f 147/3/2 145/2/2 143/1/2
f 145/3/2 147/2/2 148/1/2
f 149/5/3 144/5/3 146/114/3
f 144/5/3 149/5/3 150/115/3
f 149/5/4 147/5/4 150/116/4
f 147/5/4 149/5/4 148/117/4
f 147/5/5 144/5/5 150/118/5
f 144/5/5 147/5/5 143/119/5
f 145/2/6 149/3/6 146/11/6
f 149/3/6 145/2/6 148/1/6
f 153/3/1 152/2/1 151/1/1
f 152/3/1 153/2/1 154/1/1
f 155/3/2 153/2/2 151/1/2
f 153/3/2 155/2/2 156/1/2
f 157/5/3 152/5/3 154/120/3
f 152/5/3 157/5/3 158/121/3
f 157/5/4 155/5/4 158/122/4
f 155/5/4 157/5/4 156/123/4
f 155/5/5 152/5/5 158/124/5
f 152/5/5 155/5/5 151/125/5
f 153/2/6 157/3/6 154/11/6
f 157/3/6 153/2/6 156/1/6
f 161/3/1 160/2/1 159/1/1
f 160/3/1 161/2/1 162/1/1
f 163/3/2 161/2/2 159/1/2
f 161/3/2 163/2/2 164/1/2
f 165/5/3 160/5/3 162/126/3
f 160/5/3 165/5/3 166/127/3
f 165/5/4 163/5/4 166/128/4
f 163/5/4 165/5/4 164/129/4
f 163/5/5 160/5/5 166/130/5
f 160/5/5 163/5/5 159/131/5
f 161/2/6 165/3/6 162/11/6
f 165/3/6 161/2/6 164/1/6
f 169/3/1 168/2/1 167/1/1
f 168/3/1 169/2/1 170/1/1
f 171/3/2 169/2/2 167/1/2
f 169/3/2 171/2/2 172/1/2
f 173/5/3 168/5/3 170/132/3
f 168/5/3 173/5/3 174/133/3
f 173/5/4 171/5/4 174/134/4
f 171/5/4 173/5/4 172/135/4
f 171/5/5 168/5/5 174/136/5
f 168/5/5 171/5/5 167/137/5
f 169/2/6 173/3/6 170/11/6
f 173/3/6 169/2/6 172/1/6
f 149/3/1 175/2/1 150/1/1
f 175/3/1 149/2/1 176/1/1
f 177/3/2 149/2/2 150/1/2
f 149/3/2 177/2/2 178/1/2
f 179/5/3 175/5/3 176/138/3
f 175/5/3 179/5/3 180/139/3
f 179/5/4 177/5/4 180/140/4
f 177/5/4 179/5/4 178/141/4
f 177/5/5 175/5/5 180/142/5
f 175/5/5 177/5/5 150/118/5
f 149/2/6 179/3/6 176/11/6
f 179/3/6 149/2/6 178/1/6
f 183/3/1 182/2/1 181/1/1
f 182/3/1 183/2/1 184/1/1
f 185/3/2 183/2/2 181/1/2
f 183/3/2 185/2/2 186/1/2
f 162/126/3 182/5/3 184/143/3
f 182/5/3 162/126/3 160/5/3
f 162/5/4 185/5/4 160/144/4
f 185/5/4 162/5/4 186/145/4
f 185/5/5 182/5/5 160/5/5
f 182/5/5 185/5/5 181/146/5
f 183/2/6 162/3/6 184/11/6
f 162/3/6 183/2/6 186/1/6
f 179/3/1 187/2/1 180/1/1
f 187/3/1 179/2/1 188/1/1
f 189/3/2 179/2/2 180/1/2
f 179/3/2 189/2/2 190/1/2
f 191/5/3 187/5/3 188/147/3
f 187/5/3 191/5/3 192/148/3
f 191/5/4 189/5/4 192/149/4
f 189/5/4 191/5/4 190/150/4
f 189/5/5 187/5/5 192/151/5
f 187/5/5 189/5/5 180/142/5
f 179/2/6 191/3/6 188/11/6
f 191/3/6 179/2/6 190/1/6
f 195/3/1 194/2/1 193/1/1
f 194/3/1 195/2/1 196/1/1
f 197/3/2 195/2/2 193/1/2
f 195/3/2 197/2/2 198/1/2
f 199/5/3 194/5/3 196/152/3
f 194/5/3 199/5/3 200/153/3
f 199/5/4 197/5/4 200/154/4
f 197/5/4 199/5/4 198/155/4
f 197/5/5 194/5/5 200/156/5
f 194/5/5 197/5/5 193/157/5
f 195/2/6 199/3/6 196/11/6
f 199/3/6 195/2/6 198/1/6
f 203/3/1 202/2/1 201/1/1
f 202/3/1 203/2/1 204/1/1
f 205/3/2 203/2/2 201/1/2
f 203/3/2 205/2/2 206/1/2
f 207/5/3 202/5/3 204/158/3
f 202/5/3 207/5/3 208/159/3
f 207/5/4 205/5/4 208/160/4
f 205/5/4 207/5/4 206/161/4
f 205/5/5 202/5/5 208/162/5
f 202/5/5 205/5/5 201/163/5
f 203/2/6 207/3/6 204/11/6
f 207/3/6 203/2/6 206/1/6
f 211/3/1 210/2/1 209/1/1
f 210/3/1 211/2/1 212/1/1
f 213/3/2 211/2/2 209/1/2
f 211/3/2 213/2/2 214/1/2
f 215/5/3 210/5/3 212/164/3
f 210/5/3 215/5/3 216/165/3
f 215/5/4 213/5/4 216/166/4
f 213/5/4 215/5/4 214/167/4
f 213/5/5 210/5/5 216/168/5
f 210/5/5 213/5/5 209/169/5
f 211/2/6 215/3/6 212/11/6
f 215/3/6 211/2/6 214/1/6
f 214/3/1 217/2/1 213/1/1
f 217/3/1 214/2/1 218/1/1
f 219/3/2 214/2/2 213/1/2
f 214/3/2 219/2/2 220/1/2
f 221/5/3 217/5/3 218/170/3
f 217/5/3 221/5/3 222/171/3
f 221/5/4 219/5/4 222/172/4
f 219/5/4 221/5/4 220/173/4
f 219/5/5 217/5/5 222/174/5
f 217/5/5 219/5/5 213/5/5
f 214/2/6 221/3/6 218/11/6
f 221/3/6 214/2/6 220/1/6
f 225/3/1 224/2/1 223/1/1
f 224/3/1 225/2/1 226/1/1
f 227/3/2 225/2/2 223/1/2
f 225/3/2 227/2/2 228/1/2
f 229/5/3 224/5/3 226/175/3
f 224/5/3 229/5/3 230/176/3
f 229/5/4 227/5/4 230/177/4
f 227/5/4 229/5/4 228/178/4
f 227/5/5 224/5/5 230/179/5
f 224/5/5 227/5/5 223/180/5
f 225/2/6 229/3/6 226/11/6
f 229/3/6 225/2/6 228/1/6
f 228/3/1 231/2/1 227/1/1
f 231/3/1 228/2/1 232/1/1
f 233/3/2 228/2/2 227/1/2
f 228/3/2 233/2/2 234/1/2
f 235/5/3 231/5/3 232/181/3
f 231/5/3 235/5/3 236/182/3
f 235/5/4 233/5/4 236/183/4
f 233/5/4 235/5/4 234/184/4
f 233/5/5 231/5/5 236/185/5
f 231/5/5 233/5/5 227/5/5
f 228/2/6 235/3/6 232/11/6
f 235/3/6 228/2/6 234/1/6
f 239/3/1 238/2/1 237/1/1
f 238/3/1 239/2/1 240/1/1
f 241/3/2 239/2/2 237/1/2
f 239/3/2 241/2/2 242/1/2
f 243/5/3 238/5/3 240/186/3
f 238/5/3 243/5/3 244/187/3
f 243/5/4 241/5/4 244/188/4
f 241/5/4 243/5/4 242/189/4
f 241/5/5 238/5/5 244/190/5
f 238/5/5 241/5/5 237/191/5
f 239/2/6 243/3/6 240/11/6
f 243/3/6 239/2/6 242/1/6
f 247/3/1 246/2/1 245/1/1
f 246/3/1 247/2/1 248/1/1
f 249/3/2 247/2/2 245/1/2
f 247/3/2 249/2/2 250/1/2
f 251/5/3 246/5/3 248/192/3
f 246/5/3 251/5/3 252/193/3
f 251/5/4 249/5/4 252/194/4
f 249/5/4 251/5/4 250/195/4
f 249/5/5 246/5/5 252/196/5
f 246/5/5 249/5/5 245/197/5
f 247/2/6 251/3/6 248/11/6
f 251/3/6 247/2/6 250/1/6
f 255/3/1 254/2/1 253/1/1
f 254/3/1 255/2/1 256/1/1
f 257/3/2 255/2/2 253/1/2
f 255/3/2 257/2/2 258/1/2
f 259/5/3 254/5/3 256/198/3
f 254/5/3 259/5/3 260/199/3
f 259/5/4 257/5/4 260/200/4
f 257/5/4 259/5/4 258/201/4
f 257/5/5 254/5/5 260/202/5
f 254/5/5 257/5/5 253/203/5
f 255/2/6 259/3/6 256/11/6
f 259/3/6 255/2/6 258/1/6
f 263/3/1 262/2/1 261/1/1
f 262/3/1 263/2/1 264/1/1
f 252/3/2 263/2/2 261/1/2
f 263/3/2 252/2/2 251/1/2
f 265/5/3 262/5/3 264/204/3
f 262/5/3 265/5/3 266/205/3
f 265/5/4 252/194/4 266/206/4
f 252/194/4 265/5/4 251/5/4
f 252/196/5 262/5/5 266/207/5
f 262/5/5 252/196/5 261/208/5
f 263/2/6 265/3/6 264/11/6
f 265/3/6 263/2/6 251/1/6
f 269/3/1 268/2/1 267/1/1
f 268/3/1 269/2/1 270/1/1
f 271/3/2 269/2/2 267/1/2
f 269/3/2 271/2/2 272/1/2
f 273/5/3 268/5/3 270/209/3
f 268/5/3 273/5/3 274/210/3
f 273/5/4 271/5/4 274/211/4
f 271/5/4 273/5/4 272/212/4
f 271/5/5 268/5/5 274/213/5
f 268/5/5 271/5/5 267/214/5
f 269/2/6 273/3/6 270/11/6
f 273/3/6 269/2/6 272/1/6
f 277/3/1 276/2/1 275/1/1
f 276/3/1 277/2/1 278/1/1
f 210/3/2 277/2/2 275/1/2
f 277/3/2 210/2/2 212/1/2
f 279/5/3 276/5/3 278/215/3
f 276/5/3 279/5/3 280/216/3
f 279/5/4 210/5/4 280/217/4
f 210/5/4 279/5/4 212/218/4
f 210/5/5 276/5/5 280/219/5
f 276/5/5 210/5/5 275/220/5
f 277/2/6 279/3/6 278/11/6
f 279/3/6 277/2/6 212/1/6
f 283/3/1 282/2/1 281/1/1
f 282/3/1 283/2/1 284/1/1
f 276/3/2 283/2/2 281/1/2
f 283/3/2 276/2/2 278/1/2
f 285/5/3 282/5/3 284/221/3
f 282/5/3 285/5/3 286/222/3
f 285/5/4 276/5/4 286/223/4
f 276/5/4 285/5/4 278/224/4
f 276/5/5 282/5/5 286/225/5
f 282/5/5 276/5/5 281/226/5
f 283/2/6 285/3/6 284/11/6
f 285/3/6 283/2/6 278/1/6
f 289/3/1 288/2/1 287/1/1
f 288/3/1 289/2/1 290/1/1
f 291/3/2 289/2/2 287/1/2
f 289/3/2 291/2/2 292/1/2
f 293/5/3 288/5/3 290/227/3
f 288/5/3 293/5/3 294/228/3
f 293/5/4 291/5/4 294/229/4
f 291/5/4 293/5/4 292/230/4
f 291/5/5 288/5/5 294/231/5
f 288/5/5 291/5/5 287/232/5
f 289/2/6 293/3/6 290/11/6
f 293/3/6 289/2/6 292/1/6
f 297/3/1 296/2/1 295/1/1
f 296/3/1 297/2/1 298/1/1
f 299/3/2 297/2/2 295/1/2
f 297/3/2 299/2/2 300/1/2
f 301/5/3 296/5/3 298/233/3
f 296/5/3 301/5/3 302/234/3
f 301/5/4 299/5/4 302/235/4
f 299/5/4 301/5/4 300/236/4
f 299/5/5 296/5/5 302/237/5
f 296/5/5 299/5/5 295/238/5
f 297/2/6 301/3/6 298/11/6
f 301/3/6 297/2/6 300/1/6
f 214/3/1 217/2/1 213/1/1
f 217/3/1 214/2/1 218/1/1
f 219/3/2 214/2/2 213/1/2
f 214/3/2 219/2/2 220/1/2
f 221/5/3 217/5/3 218/170/3
f 217/5/3 221/5/3 222/171/3
f 221/5/4 219/5/4 222/172/4
f 219/5/4 221/5/4 220/173/4
f 219/5/5 217/5/5 222/174/5
f 217/5/5 219/5/5 213/5/5
f 214/2/6 221/3/6 218/11/6
f 221/3/6 214/2/6 220/1/6
f 228/3/1 231/2/1 227/1/1
f 231/3/1 228/2/1 232/1/1
f 233/3/2 228/2/2 227/1/2
f 228/3/2 233/2/2 234/1/2
f 235/5/3 231/5/3 232/181/3
f 231/5/3 235/5/3 236/182/3
f 235/5/4 233/5/4 236/183/4
f 233/5/4 235/5/4 234/184/4
f 233/5/5 231/5/5 236/185/5
f 231/5/5 233/5/5 227/5/5
f 228/2/6 235/3/6 232/11/6
f 235/3/6 228/2/6 234/1/6

usemtl color10

f 305/3/1 304/2/1 303/1/1
f 304/3/1 305/2/1 306/1/1
f 307/3/2 305/2/2 303/1/2
f 305/3/2 307/2/2 308/1/2
f 309/5/3 304/5/3 306/239/3
f 304/5/3 309/5/3 310/240/3
f 309/5/4 307/5/4 310/241/4
f 307/5/4 309/5/4 308/242/4
f 307/5/5 304/5/5 310/243/5
f 304/5/5 307/5/5 303/244/5
f 305/2/6 309/3/6 306/11/6
f 309/3/6 305/2/6 308/1/6
f 313/3/1 312/2/1 311/1/1
f 312/3/1 313/2/1 314/1/1
f 315/3/2 313/2/2 311/1/2
f 313/3/2 315/2/2 316/1/2
f 317/5/3 312/5/3 314/245/3
f 312/5/3 317/5/3 318/246/3
f 317/5/4 315/5/4 318/247/4
f 315/5/4 317/5/4 316/248/4
f 315/5/5 312/5/5 318/249/5
f 312/5/5 315/5/5 311/250/5
f 313/2/6 317/3/6 314/11/6
f 317/3/6 313/2/6 316/1/6
f 321/3/1 320/2/1 319/1/1
f 320/3/1 321/2/1 322/1/1
f 304/3/2 321/2/2 319/1/2
f 321/3/2 304/2/2 306/1/2
f 81/5/3 320/5/3 322/251/3
f 320/5/3 81/5/3 79/252/3
f 81/5/4 304/5/4 79/253/4
f 304/5/4 81/5/4 306/254/4
f 304/5/5 320/5/5 79/71/5
f 320/5/5 304/5/5 319/255/5
f 321/2/6 81/3/6 322/11/6
f 81/3/6 321/2/6 306/1/6
f 325/3/1 324/2/1 323/1/1
f 324/3/1 325/2/1 326/1/1
f 327/3/2 325/2/2 323/1/2
f 325/3/2 327/2/2 328/1/2
f 329/5/3 324/5/3 326/256/3
f 324/5/3 329/5/3 330/257/3
f 329/5/4 327/5/4 330/258/4
f 327/5/4 329/5/4 328/259/4
f 327/5/5 324/5/5 330/260/5
f 324/5/5 327/5/5 323/261/5
f 325/2/6 329/3/6 326/11/6
f 329/3/6 325/2/6 328/1/6
f 333/3/1 332/2/1 331/1/1
f 332/3/1 333/2/1 334/1/1
f 335/3/2 333/2/2 331/1/2
f 333/3/2 335/2/2 336/1/2
f 113/5/3 332/5/3 334/262/3
f 332/5/3 113/5/3 111/263/3
f 113/5/4 335/5/4 111/264/4
f 335/5/4 113/5/4 336/265/4
f 335/5/5 332/5/5 111/95/5
f 332/5/5 335/5/5 331/266/5
f 333/2/6 113/3/6 334/11/6
f 113/3/6 333/2/6 336/1/6
f 339/3/1 338/2/1 337/1/1
f 338/3/1 339/2/1 340/1/1
f 341/3/2 339/2/2 337/1/2
f 339/3/2 341/2/2 342/1/2
f 343/5/3 338/5/3 340/267/3
f 338/5/3 343/5/3 344/268/3
f 343/5/4 341/5/4 344/269/4
f 341/5/4 343/5/4 342/270/4
f 341/5/5 338/5/5 344/271/5
f 338/5/5 341/5/5 337/272/5
f 339/2/6 343/3/6 340/11/6
f 343/3/6 339/2/6 342/1/6
f 347/3/1 346/2/1 345/1/1
f 346/3/1 347/2/1 348/1/1
f 349/3/2 347/2/2 345/1/2
f 347/3/2 349/2/2 350/1/2
f 351/5/3 346/5/3 348/273/3
f 346/5/3 351/5/3 352/274/3
f 351/5/4 349/5/4 352/275/4
f 349/5/4 351/5/4 350/276/4
f 349/5/5 346/5/5 352/277/5
f 346/5/5 349/5/5 345/278/5
f 347/2/6 351/3/6 348/11/6
f 351/3/6 347/2/6 350/1/6
f 355/3/1 354/2/1 353/1/1
f 354/3/1 355/2/1 356/1/1
f 357/3/2 355/2/2 353/1/2
f 355/3/2 357/2/2 358/1/2
f 359/5/3 354/5/3 356/279/3
f 354/5/3 359/5/3 360/280/3
f 359/5/4 357/5/4 360/281/4
f 357/5/4 359/5/4 358/282/4
f 357/5/5 354/5/5 360/283/5
f 354/5/5 357/5/5 353/284/5
f 355/2/6 359/3/6 356/11/6
f 359/3/6 355/2/6 358/1/6
f 363/3/1 362/2/1 361/1/1
f 362/3/1 363/2/1 364/1/1
f 365/3/2 363/2/2 361/1/2
f 363/3/2 365/2/2 366/1/2
f 367/5/3 362/5/3 364/285/3
f 362/5/3 367/5/3 368/286/3
f 367/5/4 365/5/4 368/287/4
f 365/5/4 367/5/4 366/288/4
f 365/5/5 362/5/5 368/289/5
f 362/5/5 365/5/5 361/290/5
f 363/2/6 367/3/6 364/11/6
f 367/3/6 363/2/6 366/1/6
f 371/3/1 370/2/1 369/1/1
f 370/3/1 371/2/1 372/1/1
f 373/3/2 371/2/2 369/1/2
f 371/3/2 373/2/2 374/1/2
f 375/5/3 370/5/3 372/291/3
f 370/5/3 375/5/3 376/292/3
f 375/5/4 373/5/4 376/293/4
f 373/5/4 375/5/4 374/294/4
f 373/5/5 370/5/5 376/295/5
f 370/5/5 373/5/5 369/296/5
f 371/2/6 375/3/6 372/11/6
f 375/3/6 371/2/6 374/1/6
f 379/3/1 378/2/1 377/1/1
f 378/3/1 379/2/1 380/1/1
f 381/3/2 379/2/2 377/1/2
f 379/3/2 381/2/2 382/1/2
f 383/5/3 378/5/3 380/297/3
f 378/5/3 383/5/3 384/298/3
f 383/5/4 381/5/4 384/299/4
f 381/5/4 383/5/4 382/300/4
f 381/5/5 378/5/5 384/301/5
f 378/5/5 381/5/5 377/302/5
f 379/2/6 383/3/6 380/11/6
f 383/3/6 379/2/6 382/1/6
f 387/3/1 386/2/1 385/1/1
f 386/3/1 387/2/1 388/1/1
f 389/3/2 387/2/2 385/1/2
f 387/3/2 389/2/2 390/1/2
f 391/5/3 386/5/3 388/303/3
f 386/5/3 391/5/3 392/304/3
f 391/5/4 389/5/4 392/305/4
f 389/5/4 391/5/4 390/306/4
f 389/5/5 386/5/5 392/307/5
f 386/5/5 389/5/5 385/308/5
f 387/2/6 391/3/6 388/11/6
f 391/3/6 387/2/6 390/1/6

usemtl color9

f 308/3/1 310/2/1 307/1/1
f 310/3/1 308/2/1 309/1/1
f 311/3/2 308/2/2 307/1/2
f 308/3/2 311/2/2 313/1/2
f 314/245/3 310/240/3 309/5/3
f 310/240/3 314/245/3 312/5/3
f 314/5/4 311/5/4 312/309/4
f 311/5/4 314/5/4 313/310/4
f 311/250/5 310/243/5 312/5/5
f 310/243/5 311/250/5 307/5/5
f 308/2/6 314/3/6 309/11/6
f 314/3/6 308/2/6 313/1/6
f 394/3/1 9/2/1 393/1/1
f 9/3/1 394/2/1 11/1/1
f 395/3/2 394/2/2 393/1/2
f 394/3/2 395/2/2 396/1/2
f 27/5/3 9/5/3 11/311/3
f 9/5/3 27/5/3 25/312/3
f 27/5/4 395/5/4 25/313/4
f 395/5/4 27/5/4 396/314/4
f 395/5/5 9/17/5 25/29/5
f 9/17/5 395/5/5 393/315/5
f 394/2/6 27/3/6 11/11/6
f 27/3/6 394/2/6 396/1/6
f 399/3/1 398/2/1 397/1/1
f 398/3/1 399/2/1 400/1/1
f 401/3/2 399/2/2 397/1/2
f 399/3/2 401/2/2 402/1/2
f 403/5/3 398/5/3 400/316/3
f 398/5/3 403/5/3 404/317/3
f 403/5/4 401/5/4 404/318/4
f 401/5/4 403/5/4 402/319/4
f 401/5/5 398/5/5 404/320/5
f 398/5/5 401/5/5 397/321/5
f 399/2/6 403/3/6 400/11/6
f 403/3/6 399/2/6 402/1/6
f 407/3/1 406/2/1 405/1/1
f 406/3/1 407/2/1 408/1/1
f 409/3/2 407/2/2 405/1/2
f 407/3/2 409/2/2 410/1/2
f 411/5/3 406/5/3 408/322/3
f 406/5/3 411/5/3 412/323/3
f 411/5/4 409/5/4 412/324/4
f 409/5/4 411/5/4 410/325/4
f 409/5/5 406/5/5 412/326/5
f 406/5/5 409/5/5 405/327/5
f 407/2/6 411/3/6 408/11/6
f 411/3/6 407/2/6 410/1/6
f 415/3/1 414/2/1 413/1/1
f 414/3/1 415/2/1 416/1/1
f 417/3/2 415/2/2 413/1/2
f 415/3/2 417/2/2 418/1/2
f 419/5/3 414/5/3 416/328/3
f 414/5/3 419/5/3 420/329/3
f 419/5/4 417/5/4 420/330/4
f 417/5/4 419/5/4 418/331/4
f 417/5/5 414/5/5 420/332/5
f 414/5/5 417/5/5 413/333/5
f 415/2/6 419/3/6 416/11/6
f 419/3/6 415/2/6 418/1/6
f 423/3/1 422/2/1 421/1/1
f 422/3/1 423/2/1 424/1/1
f 425/3/2 423/2/2 421/1/2
f 423/3/2 425/2/2 426/1/2
f 427/5/3 422/5/3 424/334/3
f 422/5/3 427/5/3 428/335/3
f 427/5/4 425/5/4 428/336/4
f 425/5/4 427/5/4 426/337/4
f 425/5/5 422/5/5 428/338/5
f 422/5/5 425/5/5 421/339/5
f 423/2/6 427/3/6 424/11/6
f 427/3/6 423/2/6 426/1/6
f 431/3/1 430/2/1 429/1/1
f 430/3/1 431/2/1 432/1/1
f 433/3/2 431/2/2 429/1/2
f 431/3/2 433/2/2 434/1/2
f 435/5/3 430/5/3 432/340/3
f 430/5/3 435/5/3 436/341/3
f 435/5/4 433/5/4 436/342/4
f 433/5/4 435/5/4 434/343/4
f 433/5/5 430/5/5 436/344/5
f 430/5/5 433/5/5 429/345/5
f 431/2/6 435/3/6 432/11/6
f 435/3/6 431/2/6 434/1/6
f 439/3/1 438/2/1 437/1/1
f 438/3/1 439/2/1 440/1/1
f 441/3/2 439/2/2 437/1/2
f 439/3/2 441/2/2 442/1/2
f 443/5/3 438/5/3 440/346/3
f 438/5/3 443/5/3 444/347/3
f 443/5/4 441/5/4 444/348/4
f 441/5/4 443/5/4 442/349/4
f 441/5/5 438/5/5 444/350/5
f 438/5/5 441/5/5 437/351/5
f 439/2/6 443/3/6 440/11/6
f 443/3/6 439/2/6 442/1/6
f 447/3/1 446/2/1 445/1/1
f 446/3/1 447/2/1 448/1/1
f 449/3/2 447/2/2 445/1/2
f 447/3/2 449/2/2 450/1/2
f 451/5/3 446/5/3 448/352/3
f 446/5/3 451/5/3 452/353/3
f 451/5/4 449/5/4 452/354/4
f 449/5/4 451/5/4 450/355/4
f 449/5/5 446/5/5 452/356/5
f 446/5/5 449/5/5 445/357/5
f 447/2/6 451/3/6 448/11/6
f 451/3/6 447/2/6 450/1/6
f 455/3/1 454/2/1 453/1/1
f 454/3/1 455/2/1 456/1/1
f 457/3/2 455/2/2 453/1/2
f 455/3/2 457/2/2 458/1/2
f 459/5/3 454/5/3 456/358/3
f 454/5/3 459/5/3 460/359/3
f 459/5/4 457/5/4 460/360/4
f 457/5/4 459/5/4 458/361/4
f 457/5/5 454/5/5 460/362/5
f 454/5/5 457/5/5 453/363/5
f 455/2/6 459/3/6 456/11/6
f 459/3/6 455/2/6 458/1/6
f 462/3/1 123/2/1 461/1/1
f 123/3/1 462/2/1 124/1/1
f 463/3/2 462/2/2 461/1/2
f 462/3/2 463/2/2 464/1/2
f 465/5/3 123/5/3 124/364/3
f 123/5/3 465/5/3 466/365/3
f 465/5/4 463/5/4 466/366/4
f 463/5/4 465/5/4 464/367/4
f 463/5/5 123/5/5 466/368/5
f 123/5/5 463/5/5 461/369/5
f 462/2/6 465/3/6 124/11/6
f 465/3/6 462/2/6 464/1/6
f 469/3/1 468/2/1 467/1/1
f 468/3/1 469/2/1 470/1/1
f 471/3/2 469/2/2 467/1/2
f 469/3/2 471/2/2 472/1/2
f 473/5/3 468/5/3 470/370/3
f 468/5/3 473/5/3 474/371/3
f 473/5/4 471/5/4 474/372/4
f 471/5/4 473/5/4 472/373/4
f 471/5/5 468/5/5 474/374/5
f 468/5/5 471/5/5 467/375/5
f 469/2/6 473/3/6 470/11/6
f 473/3/6 469/2/6 472/1/6
f 477/3/1 476/2/1 475/1/1
f 476/3/1 477/2/1 478/1/1
f 479/3/2 477/2/2 475/1/2
f 477/3/2 479/2/2 480/1/2
f 481/5/3 476/5/3 478/376/3
f 476/5/3 481/5/3 482/377/3
f 481/5/4 479/5/4 482/378/4
f 479/5/4 481/5/4 480/379/4
f 479/5/5 476/5/5 482/380/5
f 476/5/5 479/5/5 475/381/5
f 477/2/6 481/3/6 478/11/6
f 481/3/6 477/2/6 480/1/6
f 485/3/1 484/2/1 483/1/1
f 484/3/1 485/2/1 486/1/1
f 487/3/2 485/2/2 483/1/2
f 485/3/2 487/2/2 488/1/2
f 489/5/3 484/5/3 486/382/3
f 484/5/3 489/5/3 490/383/3
f 489/5/4 487/5/4 490/384/4
f 487/5/4 489/5/4 488/385/4
f 487/5/5 484/5/5 490/386/5
f 484/5/5 487/5/5 483/387/5
f 485/2/6 489/3/6 486/11/6
f 489/3/6 485/2/6 488/1/6
f 493/3/1 492/2/1 491/1/1
f 492/3/1 493/2/1 494/1/1
f 495/3/2 493/2/2 491/1/2
f 493/3/2 495/2/2 496/1/2
f 497/5/3 492/5/3 494/388/3
f 492/5/3 497/5/3 498/389/3
f 497/5/4 495/5/4 498/390/4
f 495/5/4 497/5/4 496/391/4
f 495/5/5 492/5/5 498/392/5
f 492/5/5 495/5/5 491/393/5
f 493/2/6 497/3/6 494/11/6
f 497/3/6 493/2/6 496/1/6
f 334/3/1 499/2/1 332/1/1
f 499/3/1 334/2/1 500/1/1
f 111/3/2 334/2/2 332/1/2
f 334/3/2 111/2/2 113/1/2
f 114/90/3 499/5/3 500/394/3
f 499/5/3 114/90/3 112/5/3
f 114/5/4 111/264/4 112/395/4
f 111/264/4 114/5/4 113/5/4
f 111/95/5 499/5/5 112/5/5
f 499/5/5 111/95/5 332/5/5
f 334/2/6 114/3/6 500/11/6
f 114/3/6 334/2/6 113/1/6
f 481/3/1 501/2/1 482/1/1
f 501/3/1 481/2/1 502/1/1
f 503/3/2 481/2/2 482/1/2
f 481/3/2 503/2/2 504/1/2
f 505/5/3 501/5/3 502/396/3
f 501/5/3 505/5/3 506/397/3
f 505/5/4 503/5/4 506/398/4
f 503/5/4 505/5/4 504/399/4
f 503/5/5 501/5/5 506/400/5
f 501/5/5 503/5/5 482/380/5
f 481/2/6 505/3/6 502/11/6
f 505/3/6 481/2/6 504/1/6
f 509/3/1 508/2/1 507/1/1
f 508/3/1 509/2/1 510/1/1
f 511/3/2 509/2/2 507/1/2
f 509/3/2 511/2/2 512/1/2
f 513/5/3 508/5/3 510/401/3
f 508/5/3 513/5/3 514/402/3
f 513/5/4 511/5/4 514/403/4
f 511/5/4 513/5/4 512/404/4
f 511/5/5 508/5/5 514/405/5
f 508/5/5 511/5/5 507/406/5
f 509/2/6 513/3/6 510/11/6
f 513/3/6 509/2/6 512/1/6
f 517/3/1 516/2/1 515/1/1
f 516/3/1 517/2/1 518/1/1
f 519/3/2 517/2/2 515/1/2
f 517/3/2 519/2/2 520/1/2
f 521/5/3 516/5/3 518/407/3
f 516/5/3 521/5/3 522/408/3
f 521/5/4 519/5/4 522/409/4
f 519/5/4 521/5/4 520/410/4
f 519/5/5 516/5/5 522/411/5
f 516/5/5 519/5/5 515/412/5
f 517/2/6 521/3/6 518/11/6
f 521/3/6 517/2/6 520/1/6
f 525/3/1 524/2/1 523/1/1
f 524/3/1 525/2/1 526/1/1
f 527/3/2 525/2/2 523/1/2
f 525/3/2 527/2/2 528/1/2
f 529/5/3 524/5/3 526/413/3
f 524/5/3 529/5/3 530/414/3
f 529/5/4 527/5/4 530/415/4
f 527/5/4 529/5/4 528/416/4
f 527/5/5 524/5/5 530/417/5
f 524/5/5 527/5/5 523/418/5
f 525/2/6 529/3/6 526/11/6
f 529/3/6 525/2/6 528/1/6
f 533/3/1 532/2/1 531/1/1
f 532/3/1 533/2/1 534/1/1
f 535/3/2 533/2/2 531/1/2
f 533/3/2 535/2/2 536/1/2
f 537/5/3 532/5/3 534/419/3
f 532/5/3 537/5/3 538/420/3
f 537/5/4 535/5/4 538/421/4
f 535/5/4 537/5/4 536/422/4
f 535/5/5 532/5/5 538/423/5
f 532/5/5 535/5/5 531/424/5
f 533/2/6 537/3/6 534/11/6
f 537/3/6 533/2/6 536/1/6
f 541/3/1 540/2/1 539/1/1
f 540/3/1 541/2/1 542/1/1
f 135/3/2 541/2/2 539/1/2
f 541/3/2 135/2/2 137/1/2
f 138/108/3 540/5/3 542/425/3
f 540/5/3 138/108/3 136/5/3
f 138/5/4 135/5/4 136/426/4
f 135/5/4 138/5/4 137/427/4
f 135/113/5 540/5/5 136/5/5
f 540/5/5 135/113/5 539/428/5
f 541/2/6 138/3/6 542/11/6
f 138/3/6 541/2/6 137/1/6
f 505/3/1 543/2/1 506/1/1
f 543/3/1 505/2/1 544/1/1
f 545/3/2 505/2/2 506/1/2
f 505/3/2 545/2/2 546/1/2
f 547/5/3 543/5/3 544/429/3
f 543/5/3 547/5/3 548/430/3
f 547/5/4 545/5/4 548/431/4
f 545/5/4 547/5/4 546/432/4
f 545/5/5 543/5/5 548/433/5
f 543/5/5 545/5/5 506/400/5
f 505/2/6 547/3/6 544/11/6
f 547/3/6 505/2/6 546/1/6
f 551/3/1 550/2/1 549/1/1
f 550/3/1 551/2/1 552/1/1
f 369/3/2 551/2/2 549/1/2
f 551/3/2 369/2/2 371/1/2
f 372/291/3 550/5/3 552/434/3
f 550/5/3 372/291/3 370/5/3
f 372/5/4 369/5/4 370/435/4
f 369/5/4 372/5/4 371/436/4
f 369/296/5 550/5/5 370/5/5
f 550/5/5 369/296/5 549/437/5
f 551/2/6 372/3/6 552/11/6
f 372/3/6 551/2/6 371/1/6
f 374/3/1 376/2/1 373/1/1
f 376/3/1 374/2/1 375/1/1
f 553/3/2 374/2/2 373/1/2
f 374/3/2 553/2/2 554/1/2
f 555/5/3 376/292/3 375/5/3
f 376/292/3 555/5/3 556/438/3
f 555/5/4 553/5/4 556/439/4
f 553/5/4 555/5/4 554/440/4
f 553/5/5 376/295/5 556/441/5
f 376/295/5 553/5/5 373/5/5
f 374/2/6 555/3/6 375/11/6
f 555/3/6 374/2/6 554/1/6
f 559/3/1 558/2/1 557/1/1
f 558/3/1 559/2/1 560/1/1
f 508/3/2 559/2/2 557/1/2
f 559/3/2 508/2/2 510/1/2
f 561/5/3 558/5/3 560/442/3
f 558/5/3 561/5/3 562/443/3
f 561/5/4 508/5/4 562/444/4
f 508/5/4 561/5/4 510/445/4
f 508/5/5 558/5/5 562/446/5
f 558/5/5 508/5/5 557/447/5
f 559/2/6 561/3/6 560/11/6
f 561/3/6 559/2/6 510/1/6
f 565/3/1 564/2/1 563/1/1
f 564/3/1 565/2/1 566/1/1
f 516/3/2 565/2/2 563/1/2
f 565/3/2 516/2/2 518/1/2
f 567/5/3 564/5/3 566/448/3
f 564/5/3 567/5/3 568/449/3
f 567/5/4 516/5/4 568/450/4
f 516/5/4 567/5/4 518/451/4
f 516/5/5 564/5/5 568/452/5
f 564/5/5 516/5/5 563/453/5
f 565/2/6 567/3/6 566/11/6
f 567/3/6 565/2/6 518/1/6
f 571/3/1 570/2/1 569/1/1
f 570/3/1 571/2/1 572/1/1
f 524/3/2 571/2/2 569/1/2
f 571/3/2 524/2/2 526/1/2
f 573/5/3 570/5/3 572/454/3
f 570/5/3 573/5/3 574/455/3
f 573/5/4 524/5/4 574/456/4
f 524/5/4 573/5/4 526/457/4
f 524/5/5 570/5/5 574/458/5
f 570/5/5 524/5/5 569/459/5
f 571/2/6 573/3/6 572/11/6
f 573/3/6 571/2/6 526/1/6
f 577/3/1 576/2/1 575/1/1
f 576/3/1 577/2/1 578/1/1
f 532/3/2 577/2/2 575/1/2
f 577/3/2 532/2/2 534/1/2
f 579/5/3 576/5/3 578/460/3
f 576/5/3 579/5/3 580/461/3
f 579/5/4 532/5/4 580/462/4
f 532/5/4 579/5/4 534/463/4
f 532/5/5 576/5/5 580/464/5
f 576/5/5 532/5/5 575/465/5
f 577/2/6 579/3/6 578/11/6
f 579/3/6 577/2/6 534/1/6
f 583/3/1 582/2/1 581/1/1
f 582/3/1 583/2/1 584/1/1
f 585/3/2 583/2/2 581/1/2
f 583/3/2 585/2/2 586/1/2
f 587/5/3 582/5/3 584/466/3
f 582/5/3 587/5/3 588/467/3
f 587/5/4 585/5/4 588/468/4
f 585/5/4 587/5/4 586/469/4
f 585/5/5 582/5/5 588/470/5
f 582/5/5 585/5/5 581/471/5
f 583/2/6 587/3/6 584/11/6
f 587/3/6 583/2/6 586/1/6
f 547/3/1 589/2/1 548/1/1
f 589/3/1 547/2/1 590/1/1
f 550/3/2 547/2/2 548/1/2
f 547/3/2 550/2/2 552/1/2
f 591/5/3 589/5/3 590/472/3
f 589/5/3 591/5/3 592/473/3
f 591/5/4 550/5/4 592/474/4
f 550/5/4 591/5/4 552/475/4
f 550/5/5 589/5/5 592/476/5
f 589/5/5 550/5/5 548/433/5
f 547/2/6 591/3/6 590/11/6
f 591/3/6 547/2/6 552/1/6
f 595/3/1 594/2/1 593/1/1
f 594/3/1 595/2/1 596/1/1
f 376/3/2 595/2/2 593/1/2
f 595/3/2 376/2/2 375/1/2
f 597/5/3 594/5/3 596/477/3
f 594/5/3 597/5/3 598/478/3
f 597/5/4 376/293/4 598/479/4
f 376/293/4 597/5/4 375/5/4
f 376/295/5 594/5/5 598/480/5
f 594/5/5 376/295/5 593/481/5
f 595/2/6 597/3/6 596/11/6
f 597/3/6 595/2/6 375/1/6
f 591/3/1 599/2/1 592/1/1
f 599/3/1 591/2/1 600/1/1
f 601/3/2 591/2/2 592/1/2
f 591/3/2 601/2/2 602/1/2
f 603/5/3 599/5/3 600/482/3
f 599/5/3 603/5/3 604/483/3
f 603/5/4 601/5/4 604/484/4
f 601/5/4 603/5/4 602/485/4
f 601/5/5 599/5/5 604/486/5
f 599/5/5 601/5/5 592/476/5
f 591/2/6 603/3/6 600/11/6
f 603/3/6 591/2/6 602/1/6
f 607/3/1 606/2/1 605/1/1
f 606/3/1 607/2/1 608/1/1
f 609/3/2 607/2/2 605/1/2
f 607/3/2 609/2/2 610/1/2
f 611/5/3 606/5/3 608/487/3
f 606/5/3 611/5/3 612/488/3
f 611/5/4 609/5/4 612/489/4
f 609/5/4 611/5/4 610/490/4
f 609/5/5 606/5/5 612/491/5
f 606/5/5 609/5/5 605/492/5
f 607/2/6 611/3/6 608/11/6
f 611/3/6 607/2/6 610/1/6
f 615/3/1 614/2/1 613/1/1
f 614/3/1 615/2/1 616/1/1
f 617/3/2 615/2/2 613/1/2
f 615/3/2 617/2/2 618/1/2
f 619/5/3 614/5/3 616/493/3
f 614/5/3 619/5/3 620/494/3
f 619/5/4 617/5/4 620/495/4
f 617/5/4 619/5/4 618/496/4
f 617/5/5 614/5/5 620/497/5
f 614/5/5 617/5/5 613/498/5
f 615/2/6 619/3/6 616/11/6
f 619/3/6 615/2/6 618/1/6
f 623/3/1 622/2/1 621/1/1
f 622/3/1 623/2/1 624/1/1
f 625/3/2 623/2/2 621/1/2
f 623/3/2 625/2/2 626/1/2
f 627/5/3 622/5/3 624/499/3
f 622/5/3 627/5/3 628/500/3
f 627/5/4 625/5/4 628/501/4
f 625/5/4 627/5/4 626/502/4
f 625/5/5 622/5/5 628/503/5
f 622/5/5 625/5/5 621/504/5
f 623/2/6 627/3/6 624/11/6
f 627/3/6 623/2/6 626/1/6
f 631/3/1 630/2/1 629/1/1
f 630/3/1 631/2/1 632/1/1
f 633/3/2 631/2/2 629/1/2
f 631/3/2 633/2/2 634/1/2
f 635/5/3 630/5/3 632/505/3
f 630/5/3 635/5/3 636/506/3
f 635/5/4 633/5/4 636/507/4
f 633/5/4 635/5/4 634/508/4
f 633/5/5 630/5/5 636/509/5
f 630/5/5 633/5/5 629/510/5
f 631/2/6 635/3/6 632/11/6
f 635/3/6 631/2/6 634/1/6
f 639/3/1 638/2/1 637/1/1
f 638/3/1 639/2/1 640/1/1
f 641/3/2 639/2/2 637/1/2
f 639/3/2 641/2/2 642/1/2
f 643/5/3 638/5/3 640/511/3
f 638/5/3 643/5/3 644/512/3
f 643/5/4 641/5/4 644/513/4
f 641/5/4 643/5/4 642/514/4
f 641/5/5 638/5/5 644/515/5
f 638/5/5 641/5/5 637/516/5
f 639/2/6 643/3/6 640/11/6
f 643/3/6 639/2/6 642/1/6
f 619/3/1 645/2/1 620/1/1
f 645/3/1 619/2/1 646/1/1
f 647/3/2 619/2/2 620/1/2
f 619/3/2 647/2/2 648/1/2
f 649/5/3 645/5/3 646/517/3
f 645/5/3 649/5/3 650/518/3
f 649/5/4 647/5/4 650/519/4
f 647/5/4 649/5/4 648/520/4
f 647/5/5 645/5/5 650/521/5
f 645/5/5 647/5/5 620/497/5
f 619/2/6 649/3/6 646/11/6
f 649/3/6 619/2/6 648/1/6
f 627/3/1 651/2/1 628/1/1
f 651/3/1 627/2/1 652/1/1
f 653/3/2 627/2/2 628/1/2
f 627/3/2 653/2/2 654/1/2
f 655/5/3 651/5/3 652/522/3
f 651/5/3 655/5/3 656/523/3
f 655/5/4 653/5/4 656/524/4
f 653/5/4 655/5/4 654/525/4
f 653/5/5 651/5/5 656/526/5
f 651/5/5 653/5/5 628/503/5
f 627/2/6 655/3/6 652/11/6
f 655/3/6 627/2/6 654/1/6
f 635/3/1 657/2/1 636/1/1
f 657/3/1 635/2/1 658/1/1
f 659/3/2 635/2/2 636/1/2
f 635/3/2 659/2/2 660/1/2
f 661/5/3 657/5/3 658/527/3
f 657/5/3 661/5/3 662/528/3
f 661/5/4 659/5/4 662/529/4
f 659/5/4 661/5/4 660/530/4
f 659/5/5 657/5/5 662/531/5
f 657/5/5 659/5/5 636/509/5
f 635/2/6 661/3/6 658/11/6
f 661/3/6 635/2/6 660/1/6
f 665/3/1 664/2/1 663/1/1
f 664/3/1 665/2/1 666/1/1
f 667/3/2 665/2/2 663/1/2
f 665/3/2 667/2/2 668/1/2
f 669/5/3 664/5/3 666/532/3
f 664/5/3 669/5/3 670/533/3
f 669/5/4 667/5/4 670/534/4
f 667/5/4 669/5/4 668/535/4
f 667/5/5 664/5/5 670/536/5
f 664/5/5 667/5/5 663/537/5
f 665/2/6 669/3/6 666/11/6
f 669/3/6 665/2/6 668/1/6
f 673/3/1 672/2/1 671/1/1
f 672/3/1 673/2/1 674/1/1
f 675/3/2 673/2/2 671/1/2
f 673/3/2 675/2/2 676/1/2
f 677/5/3 672/5/3 674/538/3
f 672/5/3 677/5/3 678/539/3
f 677/5/4 675/5/4 678/540/4
f 675/5/4 677/5/4 676/541/4
f 675/5/5 672/5/5 678/542/5
f 672/5/5 675/5/5 671/543/5
f 673/2/6 677/3/6 674/11/6
f 677/3/6 673/2/6 676/1/6

usemtl color19

f 316/3/1 318/2/1 315/1/1
f 318/3/1 316/2/1 317/1/1
f 393/3/2 316/2/2 315/1/2
f 316/3/2 393/2/2 394/1/2
f 11/311/3 318/246/3 317/5/3
f 318/246/3 11/311/3 9/5/3
f 11/5/4 393/5/4 9/544/4
f 393/5/4 11/5/4 394/545/4
f 393/315/5 318/249/5 9/17/5
f 318/249/5 393/315/5 315/5/5
f 316/2/6 11/3/6 317/11/6
f 11/3/6 316/2/6 394/1/6
f 681/3/1 680/2/1 679/1/1
f 680/3/1 681/2/1 682/1/1
f 683/3/2 681/2/2 679/1/2
f 681/3/2 683/2/2 684/1/2
f 685/5/3 680/5/3 682/546/3
f 680/5/3 685/5/3 686/547/3
f 685/5/4 683/5/4 686/548/4
f 683/5/4 685/5/4 684/549/4
f 683/5/5 680/5/5 686/550/5
f 680/5/5 683/5/5 679/551/5
f 681/2/6 685/3/6 682/11/6
f 685/3/6 681/2/6 684/1/6
f 689/3/1 688/2/1 687/1/1
f 688/3/1 689/2/1 690/1/1
f 691/3/2 689/2/2 687/1/2
f 689/3/2 691/2/2 692/1/2
f 693/5/3 688/5/3 690/552/3
f 688/5/3 693/5/3 694/553/3
f 693/5/4 691/5/4 694/554/4
f 691/5/4 693/5/4 692/555/4
f 691/5/5 688/5/5 694/556/5
f 688/5/5 691/5/5 687/557/5
f 689/2/6 693/3/6 690/11/6
f 693/3/6 689/2/6 692/1/6
f 697/3/1 696/2/1 695/1/1
f 696/3/1 697/2/1 698/1/1
f 699/3/2 697/2/2 695/1/2
f 697/3/2 699/2/2 700/1/2
f 701/5/3 696/5/3 698/558/3
f 696/5/3 701/5/3 702/559/3
f 701/5/4 699/5/4 702/560/4
f 699/5/4 701/5/4 700/561/4
f 699/5/5 696/5/5 702/562/5
f 696/5/5 699/5/5 695/563/5
f 697/2/6 701/3/6 698/11/6
f 701/3/6 697/2/6 700/1/6
f 705/3/1 704/2/1 703/1/1
f 704/3/1 705/2/1 706/1/1
f 707/3/2 705/2/2 703/1/2
f 705/3/2 707/2/2 708/1/2
f 709/5/3 704/5/3 706/564/3
f 704/5/3 709/5/3 710/565/3
f 709/5/4 707/5/4 710/566/4
f 707/5/4 709/5/4 708/567/4
f 707/5/5 704/5/5 710/568/5
f 704/5/5 707/5/5 703/569/5
f 705/2/6 709/3/6 706/11/6
f 709/3/6 705/2/6 708/1/6

usemtl color8

f 396/3/1 25/2/1 395/1/1
f 25/3/1 396/2/1 27/1/1
f 711/3/2 396/2/2 395/1/2
f 396/3/2 711/2/2 712/1/2
f 30/5/3 25/312/3 27/5/3
f 25/312/3 30/5/3 29/570/3
f 30/27/4 711/5/4 29/5/4
f 711/5/4 30/27/4 712/571/4
f 711/5/5 25/29/5 29/5/5
f 25/29/5 711/5/5 395/5/5
f 396/2/6 30/3/6 27/11/6
f 30/3/6 396/2/6 712/1/6
f 715/3/1 714/2/1 713/1/1
f 714/3/1 715/2/1 716/1/1
f 717/3/2 715/2/2 713/1/2
f 715/3/2 717/2/2 718/1/2
f 719/5/3 714/5/3 716/572/3
f 714/5/3 719/5/3 720/573/3
f 719/5/4 717/5/4 720/574/4
f 717/5/4 719/5/4 718/575/4
f 717/5/5 714/5/5 720/576/5
f 714/5/5 717/5/5 713/577/5
f 715/2/6 719/3/6 716/11/6
f 719/3/6 715/2/6 718/1/6
f 402/3/1 404/2/1 401/1/1
f 404/3/1 402/2/1 403/1/1
f 721/3/2 402/2/2 401/1/2
f 402/3/2 721/2/2 722/1/2
f 723/5/3 404/317/3 403/5/3
f 404/317/3 723/5/3 724/578/3
f 723/5/4 721/5/4 724/579/4
f 721/5/4 723/5/4 722/580/4
f 721/5/5 404/320/5 724/581/5
f 404/320/5 721/5/5 401/5/5
f 402/2/6 723/3/6 403/11/6
f 723/3/6 402/2/6 722/1/6
f 306/3/1 725/2/1 304/1/1
f 725/3/1 306/2/1 726/1/1
f 310/3/2 306/2/2 304/1/2
f 306/3/2 310/2/2 309/1/2
f 727/5/3 725/5/3 726/582/3
f 725/5/3 727/5/3 728/583/3
f 727/5/4 310/241/4 728/584/4
f 310/241/4 727/5/4 309/5/4
f 310/243/5 725/5/5 728/585/5
f 725/5/5 310/243/5 304/5/5
f 306/2/6 727/3/6 726/11/6
f 727/3/6 306/2/6 309/1/6
f 730/3/1 41/2/1 729/1/1
f 41/3/1 730/2/1 43/1/1
f 731/3/2 730/2/2 729/1/2
f 730/3/2 731/2/2 732/1/2
f 46/5/3 41/5/3 43/586/3
f 41/5/3 46/5/3 45/587/3
f 46/39/4 731/5/4 45/5/4
f 731/5/4 46/39/4 732/588/4
f 731/5/5 41/41/5 45/5/5
f 41/41/5 731/5/5 729/589/5
f 730/2/6 46/3/6 43/11/6
f 46/3/6 730/2/6 732/1/6
f 735/3/1 734/2/1 733/1/1
f 734/3/1 735/2/1 736/1/1
f 737/3/2 735/2/2 733/1/2
f 735/3/2 737/2/2 738/1/2
f 739/5/3 734/5/3 736/590/3
f 734/5/3 739/5/3 740/591/3
f 739/5/4 737/5/4 740/592/4
f 737/5/4 739/5/4 738/593/4
f 737/5/5 734/5/5 740/594/5
f 734/5/5 737/5/5 733/595/5
f 735/2/6 739/3/6 736/11/6
f 739/3/6 735/2/6 738/1/6
f 743/3/1 742/2/1 741/1/1
f 742/3/1 743/2/1 744/1/1
f 745/3/2 743/2/2 741/1/2
f 743/3/2 745/2/2 746/1/2
f 747/5/3 742/5/3 744/596/3
f 742/5/3 747/5/3 748/597/3
f 747/5/4 745/5/4 748/598/4
f 745/5/4 747/5/4 746/599/4
f 745/5/5 742/5/5 748/600/5
f 742/5/5 745/5/5 741/601/5
f 743/2/6 747/3/6 744/11/6
f 747/3/6 743/2/6 746/1/6
f 750/3/1 65/2/1 749/1/1
f 65/3/1 750/2/1 67/1/1
f 751/3/2 750/2/2 749/1/2
f 750/3/2 751/2/2 752/1/2
f 70/5/3 65/5/3 67/602/3
f 65/5/3 70/5/3 69/603/3
f 70/57/4 751/5/4 69/5/4
f 751/5/4 70/57/4 752/604/4
f 751/5/5 65/59/5 69/5/5
f 65/59/5 751/5/5 749/605/5
f 750/2/6 70/3/6 67/11/6
f 70/3/6 750/2/6 752/1/6
f 754/3/1 73/2/1 753/1/1
f 73/3/1 754/2/1 75/1/1
f 33/3/2 754/2/2 753/1/2
f 754/3/2 33/2/2 35/1/2
f 36/30/3 73/5/3 75/606/3
f 73/5/3 36/30/3 34/5/3
f 36/63/4 33/5/4 34/5/4
f 33/5/4 36/63/4 35/607/4
f 33/35/5 73/65/5 34/5/5
f 73/65/5 33/35/5 753/608/5
f 754/2/6 36/3/6 75/11/6
f 36/3/6 754/2/6 35/1/6
f 426/3/1 428/2/1 425/1/1
f 428/3/1 426/2/1 427/1/1
f 755/3/2 426/2/2 425/1/2
f 426/3/2 755/2/2 756/1/2
f 757/5/3 428/335/3 427/5/3
f 428/335/3 757/5/3 758/609/3
f 757/5/4 755/5/4 758/610/4
f 755/5/4 757/5/4 756/611/4
f 755/5/5 428/338/5 758/612/5
f 428/338/5 755/5/5 425/5/5
f 426/2/6 757/3/6 427/11/6
f 757/3/6 426/2/6 756/1/6
f 761/3/1 760/2/1 759/1/1
f 760/3/1 761/2/1 762/1/1
f 763/3/2 761/2/2 759/1/2
f 761/3/2 763/2/2 764/1/2
f 765/5/3 760/5/3 762/613/3
f 760/5/3 765/5/3 766/614/3
f 765/5/4 763/5/4 766/615/4
f 763/5/4 765/5/4 764/616/4
f 763/5/5 760/5/5 766/617/5
f 760/5/5 763/5/5 759/618/5
f 761/2/6 765/3/6 762/11/6
f 765/3/6 761/2/6 764/1/6
f 769/3/1 768/2/1 767/1/1
f 768/3/1 769/2/1 770/1/1
f 771/3/2 769/2/2 767/1/2
f 769/3/2 771/2/2 772/1/2
f 773/5/3 768/5/3 770/619/3
f 768/5/3 773/5/3 774/620/3
f 773/5/4 771/5/4 774/621/4
f 771/5/4 773/5/4 772/622/4
f 771/5/5 768/5/5 774/623/5
f 768/5/5 771/5/5 767/624/5
f 769/2/6 773/3/6 770/11/6
f 773/3/6 769/2/6 772/1/6
f 322/3/1 111/2/1 320/1/1
f 111/3/1 322/2/1 113/1/1
f 79/3/2 322/2/2 320/1/2
f 322/3/2 79/2/2 81/1/2
f 116/5/3 111/263/3 113/5/3
f 111/263/3 116/5/3 115/625/3
f 116/93/4 79/253/4 115/5/4
f 79/253/4 116/93/4 81/5/4
f 79/71/5 111/95/5 115/5/5
f 111/95/5 79/71/5 320/5/5
f 322/2/6 116/3/6 113/11/6
f 116/3/6 322/2/6 81/1/6
f 776/3/1 479/2/1 775/1/1
f 479/3/1 776/2/1 480/1/1
f 679/3/2 776/2/2 775/1/2
f 776/3/2 679/2/2 681/1/2
f 682/546/3 479/5/3 480/626/3
f 479/5/3 682/546/3 680/5/3
f 682/5/4 679/5/4 680/627/4
f 679/5/4 682/5/4 681/628/4
f 679/551/5 479/5/5 680/5/5
f 479/5/5 679/551/5 775/629/5
f 776/2/6 682/3/6 480/11/6
f 682/3/6 776/2/6 681/1/6
f 692/3/1 694/2/1 691/1/1
f 694/3/1 692/2/1 693/1/1
f 777/3/2 692/2/2 691/1/2
f 692/3/2 777/2/2 778/1/2
f 779/5/3 694/553/3 693/5/3
f 694/553/3 779/5/3 780/630/3
f 779/5/4 777/5/4 780/631/4
f 777/5/4 779/5/4 778/632/4
f 777/5/5 694/556/5 780/633/5
f 694/556/5 777/5/5 691/5/5
f 692/2/6 779/3/6 693/11/6
f 779/3/6 692/2/6 778/1/6
f 450/3/1 452/2/1 449/1/1
f 452/3/1 450/2/1 451/1/1
f 422/3/2 450/2/2 449/1/2
f 450/3/2 422/2/2 424/1/2
f 781/5/3 452/353/3 451/5/3
f 452/353/3 781/5/3 782/634/3
f 781/5/4 422/5/4 782/635/4
f 422/5/4 781/5/4 424/636/4
f 422/5/5 452/356/5 782/637/5
f 452/356/5 422/5/5 449/5/5
f 450/2/6 781/3/6 451/11/6
f 781/3/6 450/2/6 424/1/6
f 785/3/1 784/2/1 783/1/1
f 784/3/1 785/2/1 786/1/1
f 453/3/2 785/2/2 783/1/2
f 785/3/2 453/2/2 455/1/2
f 456/358/3 784/5/3 786/638/3
f 784/5/3 456/358/3 454/5/3
f 456/5/4 453/5/4 454/639/4
f 453/5/4 456/5/4 455/640/4
f 453/363/5 784/5/5 454/5/5
f 784/5/5 453/363/5 783/641/5
f 785/2/6 456/3/6 786/11/6
f 456/3/6 785/2/6 455/1/6
f 789/3/1 788/2/1 787/1/1
f 788/3/1 789/2/1 790/1/1
f 791/3/2 789/2/2 787/1/2
f 789/3/2 791/2/2 792/1/2
f 793/5/3 788/5/3 790/642/3
f 788/5/3 793/5/3 794/643/3
f 793/5/4 791/5/4 794/644/4
f 791/5/4 793/5/4 792/645/4
f 791/5/5 788/5/5 794/646/5
f 788/5/5 791/5/5 787/647/5
f 789/2/6 793/3/6 790/11/6
f 793/3/6 789/2/6 792/1/6
f 779/3/1 127/2/1 780/1/1
f 127/3/1 779/2/1 129/1/1
f 795/3/2 779/2/2 780/1/2
f 779/3/2 795/2/2 796/1/2
f 132/5/3 127/5/3 129/648/3
f 127/5/3 132/5/3 131/649/3
f 132/105/4 795/5/4 131/5/4
f 795/5/4 132/105/4 796/650/4
f 795/5/5 127/107/5 131/5/5
f 127/107/5 795/5/5 780/633/5
f 779/2/6 132/3/6 129/11/6
f 132/3/6 779/2/6 796/1/6
f 799/3/1 798/2/1 797/1/1
f 798/3/1 799/2/1 800/1/1
f 801/3/2 799/2/2 797/1/2
f 799/3/2 801/2/2 802/1/2
f 803/5/3 798/5/3 800/651/3
f 798/5/3 803/5/3 804/652/3
f 803/5/4 801/5/4 804/653/4
f 801/5/4 803/5/4 802/654/4
f 801/5/5 798/5/5 804/655/5
f 798/5/5 801/5/5 797/656/5
f 799/2/6 803/3/6 800/11/6
f 803/3/6 799/2/6 802/1/6
f 807/3/1 806/2/1 805/1/1
f 806/3/1 807/2/1 808/1/1
f 491/3/2 807/2/2 805/1/2
f 807/3/2 491/2/2 493/1/2
f 494/388/3 806/5/3 808/657/3
f 806/5/3 494/388/3 492/5/3
f 494/5/4 491/5/4 492/658/4
f 491/5/4 494/5/4 493/659/4
f 491/393/5 806/5/5 492/5/5
f 806/5/5 491/393/5 805/660/5
f 807/2/6 494/3/6 808/11/6
f 494/3/6 807/2/6 493/1/6
f 811/3/1 810/2/1 809/1/1
f 810/3/1 811/2/1 812/1/1
f 466/3/2 811/2/2 809/1/2
f 811/3/2 466/2/2 465/1/2
f 813/5/3 810/5/3 812/661/3
f 810/5/3 813/5/3 814/662/3
f 813/5/4 466/366/4 814/663/4
f 466/366/4 813/5/4 465/5/4
f 466/368/5 810/5/5 814/664/5
f 810/5/5 466/368/5 809/665/5
f 811/2/6 813/3/6 812/11/6
f 813/3/6 811/2/6 465/1/6
f 470/3/1 815/2/1 468/1/1
f 815/3/1 470/2/1 816/1/1
f 474/3/2 470/2/2 468/1/2
f 470/3/2 474/2/2 473/1/2
f 817/5/3 815/5/3 816/666/3
f 815/5/3 817/5/3 818/667/3
f 817/5/4 474/372/4 818/668/4
f 474/372/4 817/5/4 473/5/4
f 474/374/5 815/5/5 818/669/5
f 815/5/5 474/374/5 468/5/5
f 470/2/6 817/3/6 816/11/6
f 817/3/6 470/2/6 473/1/6
f 478/3/1 819/2/1 476/1/1
f 819/3/1 478/2/1 820/1/1
f 482/3/2 478/2/2 476/1/2
f 478/3/2 482/2/2 481/1/2
f 821/5/3 819/5/3 820/670/3
f 819/5/3 821/5/3 822/671/3
f 821/5/4 482/378/4 822/672/4
f 482/378/4 821/5/4 481/5/4
f 482/380/5 819/5/5 822/673/5
f 819/5/5 482/380/5 476/5/5
f 478/2/6 821/3/6 820/11/6
f 821/3/6 478/2/6 481/1/6
f 825/3/1 824/2/1 823/1/1
f 824/3/1 825/2/1 826/1/1
f 127/3/2 825/2/2 823/1/2
f 825/3/2 127/2/2 129/1/2
f 130/102/3 824/5/3 826/674/3
f 824/5/3 130/102/3 128/5/3
f 130/5/4 127/5/4 128/675/4
f 127/5/4 130/5/4 129/676/4
f 127/107/5 824/5/5 128/5/5
f 824/5/5 127/107/5 823/677/5
f 825/2/6 130/3/6 826/11/6
f 130/3/6 825/2/6 129/1/6
f 829/3/1 828/2/1 827/1/1
f 828/3/1 829/2/1 830/1/1
f 484/3/2 829/2/2 827/1/2
f 829/3/2 484/2/2 486/1/2
f 831/5/3 828/5/3 830/678/3
f 828/5/3 831/5/3 832/679/3
f 831/5/4 484/5/4 832/680/4
f 484/5/4 831/5/4 486/681/4
f 484/5/5 828/5/5 832/682/5
f 828/5/5 484/5/5 827/683/5
f 829/2/6 831/3/6 830/11/6
f 831/3/6 829/2/6 486/1/6
f 835/3/1 834/2/1 833/1/1
f 834/3/1 835/2/1 836/1/1
f 798/3/2 835/2/2 833/1/2
f 835/3/2 798/2/2 800/1/2
f 837/5/3 834/5/3 836/684/3
f 834/5/3 837/5/3 838/685/3
f 837/5/4 798/5/4 838/686/4
f 798/5/4 837/5/4 800/687/4
f 798/5/5 834/5/5 838/688/5
f 834/5/5 798/5/5 833/689/5
f 835/2/6 837/3/6 836/11/6
f 837/3/6 835/2/6 800/1/6
f 841/3/1 840/2/1 839/1/1
f 840/3/1 841/2/1 842/1/1
f 843/3/2 841/2/2 839/1/2
f 841/3/2 843/2/2 844/1/2
f 845/5/3 840/5/3 842/690/3
f 840/5/3 845/5/3 846/691/3
f 845/5/4 843/5/4 846/692/4
f 843/5/4 845/5/4 844/693/4
f 843/5/5 840/5/5 846/694/5
f 840/5/5 843/5/5 839/695/5
f 841/2/6 845/3/6 842/11/6
f 845/3/6 841/2/6 844/1/6
f 848/3/1 818/2/1 847/1/1
f 818/3/1 848/2/1 817/1/1
f 849/3/2 848/2/2 847/1/2
f 848/3/2 849/2/2 850/1/2
f 820/670/3 818/667/3 817/5/3
f 818/667/3 820/670/3 819/5/3
f 820/5/4 849/5/4 819/696/4
f 849/5/4 820/5/4 850/697/4
f 849/5/5 818/669/5 819/5/5
f 818/669/5 849/5/5 847/698/5
f 848/2/6 820/3/6 817/11/6
f 820/3/6 848/2/6 850/1/6
f 502/3/1 822/2/1 501/1/1
f 822/3/1 502/2/1 821/1/1
f 506/3/2 502/2/2 501/1/2
f 502/3/2 506/2/2 505/1/2
f 544/429/3 822/671/3 821/5/3
f 822/671/3 544/429/3 543/5/3
f 544/5/4 506/398/4 543/699/4
f 506/398/4 544/5/4 505/5/4
f 506/400/5 822/673/5 543/5/5
f 822/673/5 506/400/5 501/5/5
f 502/2/6 544/3/6 821/11/6
f 544/3/6 502/2/6 505/1/6
f 554/3/1 556/2/1 553/1/1
f 556/3/1 554/2/1 555/1/1
f 824/3/2 554/2/2 553/1/2
f 554/3/2 824/2/2 826/1/2
f 851/5/3 556/438/3 555/5/3
f 556/438/3 851/5/3 852/700/3
f 851/5/4 824/5/4 852/701/4
f 824/5/4 851/5/4 826/702/4
f 824/5/5 556/441/5 852/703/5
f 556/441/5 824/5/5 553/5/5
f 554/2/6 851/3/6 555/11/6
f 851/3/6 554/2/6 826/1/6
f 855/3/1 854/2/1 853/1/1
f 854/3/1 855/2/1 856/1/1
f 828/3/2 855/2/2 853/1/2
f 855/3/2 828/2/2 830/1/2
f 857/5/3 854/5/3 856/704/3
f 854/5/3 857/5/3 858/705/3
f 857/5/4 828/5/4 858/706/4
f 828/5/4 857/5/4 830/707/4
f 828/5/5 854/5/5 858/708/5
f 854/5/5 828/5/5 853/709/5
f 855/2/6 857/3/6 856/11/6
f 857/3/6 855/2/6 830/1/6
f 375/3/1 598/2/1 376/1/1
f 598/3/1 375/2/1 597/1/1
f 556/3/2 375/2/2 376/1/2
f 375/3/2 556/2/2 555/1/2
f 859/5/3 598/478/3 597/5/3
f 598/478/3 859/5/3 860/710/3
f 859/5/4 556/439/4 860/711/4
f 556/439/4 859/5/4 555/5/4
f 556/441/5 598/480/5 860/712/5
f 598/480/5 556/441/5 376/295/5
f 375/2/6 859/3/6 597/11/6
f 859/3/6 375/2/6 555/1/6
f 863/3/1 862/2/1 861/1/1
f 862/3/1 863/2/1 864/1/1
f 589/3/2 863/2/2 861/1/2
f 863/3/2 589/2/2 590/1/2
f 865/5/3 862/5/3 864/713/3
f 862/5/3 865/5/3 866/714/3
f 865/5/4 589/5/4 866/715/4
f 589/5/4 865/5/4 590/716/4
f 589/5/5 862/5/5 866/717/5
f 862/5/5 589/5/5 861/718/5
f 863/2/6 865/3/6 864/11/6
f 865/3/6 863/2/6 590/1/6
f 869/3/1 868/2/1 867/1/1
f 868/3/1 869/2/1 870/1/1
f 871/3/2 869/2/2 867/1/2
f 869/3/2 871/2/2 872/1/2
f 873/5/3 868/5/3 870/719/3
f 868/5/3 873/5/3 874/720/3
f 873/5/4 871/5/4 874/721/4
f 871/5/4 873/5/4 872/722/4
f 871/5/5 868/5/5 874/723/5
f 868/5/5 871/5/5 867/724/5
f 869/2/6 873/3/6 870/11/6
f 873/3/6 869/2/6 872/1/6
f 876/3/1 377/2/1 875/1/1
f 377/3/1 876/2/1 379/1/1
f 877/3/2 876/2/2 875/1/2
f 876/3/2 877/2/2 878/1/2
f 382/5/3 377/5/3 379/725/3
f 377/5/3 382/5/3 381/726/3
f 382/300/4 877/5/4 381/5/4
f 877/5/4 382/300/4 878/727/4
f 877/5/5 377/302/5 381/5/5
f 377/302/5 877/5/5 875/728/5
f 876/2/6 382/3/6 379/11/6
f 382/3/6 876/2/6 878/1/6
f 880/3/1 385/2/1 879/1/1
f 385/3/1 880/2/1 387/1/1
f 881/3/2 880/2/2 879/1/2
f 880/3/2 881/2/2 882/1/2
f 390/5/3 385/5/3 387/729/3
f 385/5/3 390/5/3 389/730/3
f 390/306/4 881/5/4 389/5/4
f 881/5/4 390/306/4 882/731/4
f 881/5/5 385/308/5 389/5/5
f 385/308/5 881/5/5 879/732/5
f 880/2/6 390/3/6 387/11/6
f 390/3/6 880/2/6 882/1/6
f 229/3/1 663/2/1 230/1/1
f 663/3/1 229/2/1 665/1/1
f 883/3/2 229/2/2 230/1/2
f 229/3/2 883/2/2 884/1/2
f 668/5/3 663/5/3 665/733/3
f 663/5/3 668/5/3 667/734/3
f 668/535/4 883/5/4 667/5/4
f 883/5/4 668/535/4 884/735/4
f 883/5/5 663/537/5 667/5/5
f 663/537/5 883/5/5 230/179/5
f 229/2/6 668/3/6 665/11/6
f 668/3/6 229/2/6 884/1/6
f 887/3/1 886/2/1 885/1/1
f 886/3/1 887/2/1 888/1/1
f 889/3/2 887/2/2 885/1/2
f 887/3/2 889/2/2 890/1/2
f 891/5/3 886/5/3 888/736/3
f 886/5/3 891/5/3 892/737/3
f 891/5/4 889/5/4 892/738/4
f 889/5/4 891/5/4 890/739/4
f 889/5/5 886/5/5 892/740/5
f 886/5/5 889/5/5 885/741/5
f 887/2/6 891/3/6 888/11/6
f 891/3/6 887/2/6 890/1/6
f 895/3/1 894/2/1 893/1/1
f 894/3/1 895/2/1 896/1/1
f 262/3/2 895/2/2 893/1/2
f 895/3/2 262/2/2 264/1/2
f 897/5/3 894/5/3 896/742/3
f 894/5/3 897/5/3 898/743/3
f 897/5/4 262/5/4 898/744/4
f 262/5/4 897/5/4 264/745/4
f 262/5/5 894/5/5 898/746/5
f 894/5/5 262/5/5 893/747/5
f 895/2/6 897/3/6 896/11/6
f 897/3/6 895/2/6 264/1/6
f 901/3/1 900/2/1 899/1/1
f 900/3/1 901/2/1 902/1/1
f 903/3/2 901/2/2 899/1/2
f 901/3/2 903/2/2 904/1/2
f 905/5/3 900/5/3 902/748/3
f 900/5/3 905/5/3 906/749/3
f 905/5/4 903/5/4 906/750/4
f 903/5/4 905/5/4 904/751/4
f 903/5/5 900/5/5 906/752/5
f 900/5/5 903/5/5 899/753/5
f 901/2/6 905/3/6 902/11/6
f 905/3/6 901/2/6 904/1/6
f 909/3/1 908/2/1 907/1/1
f 908/3/1 909/2/1 910/1/1
f 911/3/2 909/2/2 907/1/2
f 909/3/2 911/2/2 912/1/2
f 913/5/3 908/5/3 910/754/3
f 908/5/3 913/5/3 914/755/3
f 913/5/4 911/5/4 914/756/4
f 911/5/4 913/5/4 912/757/4
f 911/5/5 908/5/5 914/758/5
f 908/5/5 911/5/5 907/759/5
f 909/2/6 913/3/6 910/11/6
f 913/3/6 909/2/6 912/1/6
f 917/3/1 916/2/1 915/1/1
f 916/3/1 917/2/1 918/1/1
f 671/3/2 917/2/2 915/1/2
f 917/3/2 671/2/2 673/1/2
f 674/538/3 916/5/3 918/760/3
f 916/5/3 674/538/3 672/5/3
f 674/5/4 671/5/4 672/761/4
f 671/5/4 674/5/4 673/762/4
f 671/543/5 916/5/5 672/5/5
f 916/5/5 671/543/5 915/763/5
f 917/2/6 674/3/6 918/11/6
f 674/3/6 917/2/6 673/1/6

usemtl color7

f 712/3/1 29/2/1 711/1/1
f 29/3/1 712/2/1 30/1/1
f 713/3/2 712/2/2 711/1/2
f 712/3/2 713/2/2 715/1/2
f 716/572/3 29/570/3 30/5/3
f 29/570/3 716/572/3 714/5/3
f 716/5/4 713/5/4 714/764/4
f 713/5/4 716/5/4 715/765/4
f 713/577/5 29/5/5 714/5/5
f 29/5/5 713/577/5 711/5/5
f 712/2/6 716/3/6 30/11/6
f 716/3/6 712/2/6 715/1/6
f 317/3/1 919/2/1 318/1/1
f 919/3/1 317/2/1 920/1/1
f 9/3/2 317/2/2 318/1/2
f 317/3/2 9/2/2 11/1/2
f 12/12/3 919/5/3 920/766/3
f 919/5/3 12/12/3 10/5/3
f 12/5/4 9/544/4 10/767/4
f 9/544/4 12/5/4 11/5/4
f 9/17/5 919/5/5 10/5/5
f 919/5/5 9/17/5 318/249/5
f 317/2/6 12/3/6 920/11/6
f 12/3/6 317/2/6 11/1/6
f 22/3/1 24/2/1 21/1/1
f 24/3/1 22/2/1 23/1/1
f 25/3/2 22/2/2 21/1/2
f 22/3/2 25/2/2 27/1/2
f 28/24/3 24/19/3 23/5/3
f 24/19/3 28/24/3 26/5/3
f 28/5/4 25/313/4 26/768/4
f 25/313/4 28/5/4 27/5/4
f 25/29/5 24/22/5 26/5/5
f 24/22/5 25/29/5 21/5/5
f 22/2/6 28/3/6 23/11/6
f 28/3/6 22/2/6 27/1/6
f 716/3/1 921/2/1 714/1/1
f 921/3/1 716/2/1 922/1/1
f 720/3/2 716/2/2 714/1/2
f 716/3/2 720/2/2 719/1/2
f 923/5/3 921/5/3 922/769/3
f 921/5/3 923/5/3 924/770/3
f 923/5/4 720/574/4 924/771/4
f 720/574/4 923/5/4 719/5/4
f 720/576/5 921/5/5 924/772/5
f 921/5/5 720/576/5 714/5/5
f 716/2/6 923/3/6 922/11/6
f 923/3/6 716/2/6 719/1/6
f 732/3/1 45/2/1 731/1/1
f 45/3/1 732/2/1 46/1/1
f 733/3/2 732/2/2 731/1/2
f 732/3/2 733/2/2 735/1/2
f 736/590/3 45/587/3 46/5/3
f 45/587/3 736/590/3 734/5/3
f 736/5/4 733/5/4 734/773/4
f 733/5/4 736/5/4 735/774/4
f 733/595/5 45/5/5 734/5/5
f 45/5/5 733/595/5 731/5/5
f 732/2/6 736/3/6 46/11/6
f 736/3/6 732/2/6 735/1/6
f 746/3/1 748/2/1 745/1/1
f 748/3/1 746/2/1 747/1/1
f 749/3/2 746/2/2 745/1/2
f 746/3/2 749/2/2 750/1/2
f 67/602/3 748/597/3 747/5/3
f 748/597/3 67/602/3 65/5/3
f 67/5/4 749/5/4 65/775/4
f 749/5/4 67/5/4 750/776/4
f 749/605/5 748/600/5 65/59/5
f 748/600/5 749/605/5 745/5/5
f 746/2/6 67/3/6 747/11/6
f 67/3/6 746/2/6 750/1/6
f 726/3/1 79/2/1 725/1/1
f 79/3/1 726/2/1 81/1/1
f 728/3/2 726/2/2 725/1/2
f 726/3/2 728/2/2 727/1/2
f 84/5/3 79/252/3 81/5/3
f 79/252/3 84/5/3 83/777/3
f 84/69/4 728/584/4 83/5/4
f 728/584/4 84/69/4 727/5/4
f 728/585/5 79/71/5 83/5/5
f 79/71/5 728/585/5 725/5/5
f 726/2/6 84/3/6 81/11/6
f 84/3/6 726/2/6 727/1/6
f 927/3/1 926/2/1 925/1/1
f 926/3/1 927/2/1 928/1/1
f 929/3/2 927/2/2 925/1/2
f 927/3/2 929/2/2 930/1/2
f 931/5/3 926/5/3 928/778/3
f 926/5/3 931/5/3 932/779/3
f 931/5/4 929/5/4 932/780/4
f 929/5/4 931/5/4 930/781/4
f 929/5/5 926/5/5 932/782/5
f 926/5/5 929/5/5 925/783/5
f 927/2/6 931/3/6 928/11/6
f 931/3/6 927/2/6 930/1/6
f 54/3/1 56/2/1 53/1/1
f 56/3/1 54/2/1 55/1/1
f 933/3/2 54/2/2 53/1/2
f 54/3/2 933/2/2 934/1/2
f 935/5/3 56/43/3 55/5/3
f 56/43/3 935/5/3 936/784/3
f 935/5/4 933/5/4 936/785/4
f 933/5/4 935/5/4 934/786/4
f 933/5/5 56/46/5 936/787/5
f 56/46/5 933/5/5 53/5/5
f 54/2/6 935/3/6 55/11/6
f 935/3/6 54/2/6 934/1/6
f 939/3/1 938/2/1 937/1/1
f 938/3/1 939/2/1 940/1/1
f 57/3/2 939/2/2 937/1/2
f 939/3/2 57/2/2 59/1/2
f 60/48/3 938/5/3 940/788/3
f 938/5/3 60/48/3 58/5/3
f 60/5/4 57/5/4 58/789/4
f 57/5/4 60/5/4 59/790/4
f 57/53/5 938/5/5 58/5/5
f 938/5/5 57/53/5 937/791/5
f 939/2/6 60/3/6 940/11/6
f 60/3/6 939/2/6 59/1/6
f 943/3/1 942/2/1 941/1/1
f 942/3/1 943/2/1 944/1/1
f 414/3/2 943/2/2 941/1/2
f 943/3/2 414/2/2 416/1/2
f 945/5/3 942/5/3 944/792/3
f 942/5/3 945/5/3 946/793/3
f 945/5/4 414/5/4 946/794/4
f 414/5/4 945/5/4 416/795/4
f 414/5/5 942/5/5 946/796/5
f 942/5/5 414/5/5 941/797/5
f 943/2/6 945/3/6 944/11/6
f 945/3/6 943/2/6 416/1/6
f 949/3/1 948/2/1 947/1/1
f 948/3/1 949/2/1 950/1/1
f 951/3/2 949/2/2 947/1/2
f 949/3/2 951/2/2 952/1/2
f 953/5/3 948/5/3 950/798/3
f 948/5/3 953/5/3 954/799/3
f 953/5/4 951/5/4 954/800/4
f 951/5/4 953/5/4 952/801/4
f 951/5/5 948/5/5 954/802/5
f 948/5/5 951/5/5 947/803/5
f 949/2/6 953/3/6 950/11/6
f 953/3/6 949/2/6 952/1/6
f 956/3/1 119/2/1 955/1/1
f 119/3/1 956/2/1 121/1/1
f 461/3/2 956/2/2 955/1/2
f 956/3/2 461/2/2 462/1/2
f 124/364/3 119/5/3 121/804/3
f 119/5/3 124/364/3 123/5/3
f 124/99/4 461/5/4 123/5/4
f 461/5/4 124/99/4 462/805/4
f 461/369/5 119/101/5 123/5/5
f 119/101/5 461/369/5 955/806/5
f 956/2/6 124/3/6 121/11/6
f 124/3/6 956/2/6 462/1/6
f 682/3/1 503/2/1 680/1/1
f 503/3/1 682/2/1 504/1/1
f 686/3/2 682/2/2 680/1/2
f 682/3/2 686/2/2 685/1/2
f 957/5/3 503/5/3 504/807/3
f 503/5/3 957/5/3 958/808/3
f 957/5/4 686/548/4 958/809/4
f 686/548/4 957/5/4 685/5/4
f 686/550/5 503/5/5 958/810/5
f 503/5/5 686/550/5 680/5/5
f 682/2/6 957/3/6 504/11/6
f 957/3/6 682/2/6 685/1/6
f 690/3/1 959/2/1 688/1/1
f 959/3/1 690/2/1 960/1/1
f 694/3/2 690/2/2 688/1/2
f 690/3/2 694/2/2 693/1/2
f 825/5/3 959/5/3 960/811/3
f 959/5/3 825/5/3 823/812/3
f 825/5/4 694/554/4 823/813/4
f 694/554/4 825/5/4 693/5/4
f 694/556/5 959/5/5 823/677/5
f 959/5/5 694/556/5 688/5/5
f 690/2/6 825/3/6 960/11/6
f 825/3/6 690/2/6 693/1/6
f 796/3/1 131/2/1 795/1/1
f 131/3/1 796/2/1 132/1/1
f 961/3/2 796/2/2 795/1/2
f 796/3/2 961/2/2 962/1/2
f 963/5/3 131/649/3 132/5/3
f 131/649/3 963/5/3 964/814/3
f 963/5/4 961/5/4 964/815/4
f 961/5/4 963/5/4 962/816/4
f 961/5/5 131/5/5 964/817/5
f 131/5/5 961/5/5 795/5/5
f 796/2/6 963/3/6 132/11/6
f 963/3/6 796/2/6 962/1/6
f 802/3/1 804/2/1 801/1/1
f 804/3/1 802/2/1 803/1/1
f 948/3/2 802/2/2 801/1/2
f 802/3/2 948/2/2 950/1/2
f 965/5/3 804/652/3 803/5/3
f 804/652/3 965/5/3 966/818/3
f 965/5/4 948/5/4 966/819/4
f 948/5/4 965/5/4 950/820/4
f 948/5/5 804/655/5 966/821/5
f 804/655/5 948/5/5 801/5/5
f 802/2/6 965/3/6 803/11/6
f 965/3/6 802/2/6 950/1/6
f 969/3/1 968/2/1 967/1/1
f 968/3/1 969/2/1 970/1/1
f 971/3/2 969/2/2 967/1/2
f 969/3/2 971/2/2 972/1/2
f 973/5/3 968/5/3 970/822/3
f 968/5/3 973/5/3 974/823/3
f 973/5/4 971/5/4 974/824/4
f 971/5/4 973/5/4 972/825/4
f 971/5/5 968/5/5 974/826/5
f 968/5/5 971/5/5 967/827/5
f 969/2/6 973/3/6 970/11/6
f 973/3/6 969/2/6 972/1/6
f 972/3/1 975/2/1 971/1/1
f 975/3/1 972/2/1 976/1/1
f 337/3/2 972/2/2 971/1/2
f 972/3/2 337/2/2 339/1/2
f 340/267/3 975/5/3 976/828/3
f 975/5/3 340/267/3 338/5/3
f 340/5/4 337/5/4 338/829/4
f 337/5/4 340/5/4 339/830/4
f 337/272/5 975/5/5 338/5/5
f 975/5/5 337/272/5 971/5/5
f 972/2/6 340/3/6 976/11/6
f 340/3/6 972/2/6 339/1/6
f 979/3/1 978/2/1 977/1/1
f 978/3/1 979/2/1 980/1/1
f 345/3/2 979/2/2 977/1/2
f 979/3/2 345/2/2 347/1/2
f 348/273/3 978/5/3 980/831/3
f 978/5/3 348/273/3 346/5/3
f 348/5/4 345/5/4 346/832/4
f 345/5/4 348/5/4 347/833/4
f 345/278/5 978/5/5 346/5/5
f 978/5/5 345/278/5 977/834/5
f 979/2/6 348/3/6 980/11/6
f 348/3/6 979/2/6 347/1/6
f 983/3/1 982/2/1 981/1/1
f 982/3/1 983/2/1 984/1/1
f 353/3/2 983/2/2 981/1/2
f 983/3/2 353/2/2 355/1/2
f 356/279/3 982/5/3 984/835/3
f 982/5/3 356/279/3 354/5/3
f 356/5/4 353/5/4 354/836/4
f 353/5/4 356/5/4 355/837/4
f 353/284/5 982/5/5 354/5/5
f 982/5/5 353/284/5 981/838/5
f 983/2/6 356/3/6 984/11/6
f 356/3/6 983/2/6 355/1/6
f 987/3/1 986/2/1 985/1/1
f 986/3/1 987/2/1 988/1/1
f 361/3/2 987/2/2 985/1/2
f 987/3/2 361/2/2 363/1/2
f 364/285/3 986/5/3 988/839/3
f 986/5/3 364/285/3 362/5/3
f 364/5/4 361/5/4 362/840/4
f 361/5/4 364/5/4 363/841/4
f 361/290/5 986/5/5 362/5/5
f 986/5/5 361/290/5 985/842/5
f 987/2/6 364/3/6 988/11/6
f 364/3/6 987/2/6 363/1/6
f 953/3/1 989/2/1 954/1/1
f 989/3/1 953/2/1 990/1/1
f 805/3/2 953/2/2 954/1/2
f 953/3/2 805/2/2 807/1/2
f 808/657/3 989/5/3 990/843/3
f 989/5/3 808/657/3 806/5/3
f 808/5/4 805/5/4 806/844/4
f 805/5/4 808/5/4 807/845/4
f 805/660/5 989/5/5 806/5/5
f 989/5/5 805/660/5 954/802/5
f 953/2/6 808/3/6 990/11/6
f 808/3/6 953/2/6 807/1/6
f 124/3/1 126/2/1 123/1/1
f 126/3/1 124/2/1 125/1/1
f 809/3/2 124/2/2 123/1/2
f 124/3/2 809/2/2 811/1/2
f 812/661/3 126/97/3 125/5/3
f 126/97/3 812/661/3 810/5/3
f 812/5/4 809/5/4 810/846/4
f 809/5/4 812/5/4 811/847/4
f 809/665/5 126/100/5 810/5/5
f 126/100/5 809/665/5 123/5/5
f 124/2/6 812/3/6 125/11/6
f 812/3/6 124/2/6 811/1/6
f 993/3/1 992/2/1 991/1/1
f 992/3/1 993/2/1 994/1/1
f 995/3/2 993/2/2 991/1/2
f 993/3/2 995/2/2 996/1/2
f 970/822/3 992/5/3 994/848/3
f 992/5/3 970/822/3 968/5/3
f 970/5/4 995/5/4 968/849/4
f 995/5/4 970/5/4 996/850/4
f 995/5/5 992/5/5 968/5/5
f 992/5/5 995/5/5 991/851/5
f 993/2/6 970/3/6 994/11/6
f 970/3/6 993/2/6 996/1/6
f 343/3/1 997/2/1 344/1/1
f 997/3/1 343/2/1 998/1/1
f 978/3/2 343/2/2 344/1/2
f 343/3/2 978/2/2 980/1/2
f 999/5/3 997/5/3 998/852/3
f 997/5/3 999/5/3 1000/853/3
f 999/5/4 978/5/4 1000/854/4
f 978/5/4 999/5/4 980/855/4
f 978/5/5 997/5/5 1000/856/5
f 997/5/5 978/5/5 344/271/5
f 343/2/6 999/3/6 998/11/6
f 999/3/6 343/2/6 980/1/6
f 351/3/1 1001/2/1 352/1/1
f 1001/3/1 351/2/1 1002/1/1
f 982/3/2 351/2/2 352/1/2
f 351/3/2 982/2/2 984/1/2
f 1003/5/3 1001/5/3 1002/857/3
f 1001/5/3 1003/5/3 1004/858/3
f 1003/5/4 982/5/4 1004/859/4
f 982/5/4 1003/5/4 984/860/4
f 982/5/5 1001/5/5 1004/861/5
f 1001/5/5 982/5/5 352/277/5
f 351/2/6 1003/3/6 1002/11/6
f 1003/3/6 351/2/6 984/1/6
f 359/3/1 1005/2/1 360/1/1
f 1005/3/1 359/2/1 1006/1/1
f 986/3/2 359/2/2 360/1/2
f 359/3/2 986/2/2 988/1/2
f 1007/5/3 1005/5/3 1006/862/3
f 1005/5/3 1007/5/3 1008/863/3
f 1007/5/4 986/5/4 1008/864/4
f 986/5/4 1007/5/4 988/865/4
f 986/5/5 1005/5/5 1008/866/5
f 1005/5/5 986/5/5 360/283/5
f 359/2/6 1007/3/6 1006/11/6
f 1007/3/6 359/2/6 988/1/6
f 367/3/1 1009/2/1 368/1/1
f 1009/3/1 367/2/1 1010/1/1
f 839/3/2 367/2/2 368/1/2
f 367/3/2 839/2/2 841/1/2
f 1011/5/3 1009/5/3 1010/867/3
f 1009/5/3 1011/5/3 1012/868/3
f 1011/5/4 839/5/4 1012/869/4
f 839/5/4 1011/5/4 841/870/4
f 839/695/5 1009/5/5 1012/871/5
f 1009/5/5 839/695/5 368/289/5
f 367/2/6 1011/3/6 1010/11/6
f 1011/3/6 367/2/6 841/1/6
f 812/3/1 167/2/1 810/1/1
f 167/3/1 812/2/1 169/1/1
f 814/3/2 812/2/2 810/1/2
f 812/3/2 814/2/2 813/1/2
f 172/5/3 167/5/3 169/872/3
f 167/5/3 172/5/3 171/873/3
f 172/135/4 814/663/4 171/5/4
f 814/663/4 172/135/4 813/5/4
f 814/664/5 167/137/5 171/5/5
f 167/137/5 814/664/5 810/5/5
f 812/2/6 172/3/6 169/11/6
f 172/3/6 812/2/6 813/1/6
f 1015/3/1 1014/2/1 1013/1/1
f 1014/3/1 1015/2/1 1016/1/1
f 834/3/2 1015/2/2 1013/1/2
f 1015/3/2 834/2/2 836/1/2
f 1017/5/3 1014/5/3 1016/874/3
f 1014/5/3 1017/5/3 1018/875/3
f 1017/5/4 834/5/4 1018/876/4
f 834/5/4 1017/5/4 836/877/4
f 834/5/5 1014/5/5 1018/878/5
f 1014/5/5 834/5/5 1013/879/5
f 1015/2/6 1017/3/6 1016/11/6
f 1017/3/6 1015/2/6 836/1/6
f 1021/3/1 1020/2/1 1019/1/1
f 1020/3/1 1021/2/1 1022/1/1
f 968/3/2 1021/2/2 1019/1/2
f 1021/3/2 968/2/2 970/1/2
f 1023/5/3 1020/5/3 1022/880/3
f 1020/5/3 1023/5/3 1024/881/3
f 1023/5/4 968/849/4 1024/882/4
f 968/849/4 1023/5/4 970/5/4
f 968/5/5 1020/5/5 1024/883/5
f 1020/5/5 968/5/5 1019/884/5
f 1021/2/6 1023/3/6 1022/11/6
f 1023/3/6 1021/2/6 970/1/6
f 1027/3/1 1026/2/1 1025/1/1
f 1026/3/1 1027/2/1 1028/1/1
f 997/3/2 1027/2/2 1025/1/2
f 1027/3/2 997/2/2 998/1/2
f 1029/5/3 1026/5/3 1028/885/3
f 1026/5/3 1029/5/3 1030/886/3
f 1029/5/4 997/5/4 1030/887/4
f 997/5/4 1029/5/4 998/888/4
f 997/5/5 1026/5/5 1030/889/5
f 1026/5/5 997/5/5 1025/890/5
f 1027/2/6 1029/3/6 1028/11/6
f 1029/3/6 1027/2/6 998/1/6
f 1033/3/1 1032/2/1 1031/1/1
f 1032/3/1 1033/2/1 1034/1/1
f 1001/3/2 1033/2/2 1031/1/2
f 1033/3/2 1001/2/2 1002/1/2
f 1035/5/3 1032/5/3 1034/891/3
f 1032/5/3 1035/5/3 1036/892/3
f 1035/5/4 1001/5/4 1036/893/4
f 1001/5/4 1035/5/4 1002/894/4
f 1001/5/5 1032/5/5 1036/895/5
f 1032/5/5 1001/5/5 1031/896/5
f 1033/2/6 1035/3/6 1034/11/6
f 1035/3/6 1033/2/6 1002/1/6
f 1039/3/1 1038/2/1 1037/1/1
f 1038/3/1 1039/2/1 1040/1/1
f 1005/3/2 1039/2/2 1037/1/2
f 1039/3/2 1005/2/2 1006/1/2
f 1041/5/3 1038/5/3 1040/897/3
f 1038/5/3 1041/5/3 1042/898/3
f 1041/5/4 1005/5/4 1042/899/4
f 1005/5/4 1041/5/4 1006/900/4
f 1005/5/5 1038/5/5 1042/901/5
f 1038/5/5 1005/5/5 1037/902/5
f 1039/2/6 1041/3/6 1040/11/6
f 1041/3/6 1039/2/6 1006/1/6
f 1045/3/1 1044/2/1 1043/1/1
f 1044/3/1 1045/2/1 1046/1/1
f 1047/3/2 1045/2/2 1043/1/2
f 1045/3/2 1047/2/2 1048/1/2
f 1010/867/3 1044/5/3 1046/903/3
f 1044/5/3 1010/867/3 1009/5/3
f 1010/5/4 1047/5/4 1009/904/4
f 1047/5/4 1010/5/4 1048/905/4
f 1047/5/5 1044/5/5 1009/5/5
f 1044/5/5 1047/5/5 1043/906/5
f 1045/2/6 1010/3/6 1046/11/6
f 1010/3/6 1045/2/6 1048/1/6
f 842/3/1 1049/2/1 840/1/1
f 1049/3/1 842/2/1 1050/1/1
f 846/3/2 842/2/2 840/1/2
f 842/3/2 846/2/2 845/1/2
f 1051/5/3 1049/5/3 1050/907/3
f 1049/5/3 1051/5/3 1052/908/3
f 1051/5/4 846/692/4 1052/909/4
f 846/692/4 1051/5/4 845/5/4
f 846/694/5 1049/5/5 1052/910/5
f 1049/5/5 846/694/5 840/5/5
f 842/2/6 1051/3/6 1050/11/6
f 1051/3/6 842/2/6 845/1/6
f 156/3/1 1053/2/1 155/1/1
f 1053/3/1 156/2/1 1054/1/1
f 159/3/2 156/2/2 155/1/2
f 156/3/2 159/2/2 161/1/2
f 186/5/3 1053/5/3 1054/911/3
f 1053/5/3 186/5/3 185/912/3
f 186/145/4 159/5/4 185/5/4
f 159/5/4 186/145/4 161/913/4
f 159/131/5 1053/5/5 185/5/5
f 1053/5/5 159/131/5 155/5/5
f 156/2/6 186/3/6 1054/11/6
f 186/3/6 156/2/6 161/1/6
f 1057/3/1 1056/2/1 1055/1/1
f 1056/3/1 1057/2/1 1058/1/1
f 1059/3/2 1057/2/2 1055/1/2
f 1057/3/2 1059/2/2 1060/1/2
f 1061/5/3 1056/5/3 1058/914/3
f 1056/5/3 1061/5/3 1062/915/3
f 1061/5/4 1059/5/4 1062/916/4
f 1059/5/4 1061/5/4 1060/917/4
f 1059/5/5 1056/5/5 1062/918/5
f 1056/5/5 1059/5/5 1055/919/5
f 1057/2/6 1061/3/6 1058/11/6
f 1061/3/6 1057/2/6 1060/1/6
f 172/3/1 174/2/1 171/1/1
f 174/3/1 172/2/1 173/1/1
f 815/3/2 172/2/2 171/1/2
f 172/3/2 815/2/2 816/1/2
f 1063/5/3 174/133/3 173/5/3
f 174/133/3 1063/5/3 1064/920/3
f 1063/5/4 815/5/4 1064/921/4
f 815/5/4 1063/5/4 816/922/4
f 815/5/5 174/136/5 1064/923/5
f 174/136/5 815/5/5 171/5/5
f 172/2/6 1063/3/6 173/11/6
f 1063/3/6 172/2/6 816/1/6
f 178/3/1 180/2/1 177/1/1
f 180/3/1 178/2/1 179/1/1
f 1065/3/2 178/2/2 177/1/2
f 178/3/2 1065/2/2 1066/1/2
f 1067/5/3 180/139/3 179/5/3
f 180/139/3 1067/5/3 1068/924/3
f 1067/5/4 1065/5/4 1068/925/4
f 1065/5/4 1067/5/4 1066/926/4
f 1065/5/5 180/142/5 1068/927/5
f 180/142/5 1065/5/5 177/5/5
f 178/2/6 1067/3/6 179/11/6
f 1067/3/6 178/2/6 1066/1/6
f 555/3/1 275/2/1 556/1/1
f 275/3/1 555/2/1 277/1/1
f 852/3/2 555/2/2 556/1/2
f 555/3/2 852/2/2 851/1/2
f 212/164/3 275/5/3 277/928/3
f 275/5/3 212/164/3 210/5/3
f 212/218/4 852/701/4 210/5/4
f 852/701/4 212/218/4 851/5/4
f 852/703/5 275/220/5 210/5/5
f 275/220/5 852/703/5 556/441/5
f 555/2/6 212/3/6 277/11/6
f 212/3/6 555/2/6 851/1/6
f 1070/3/1 1024/2/1 1069/1/1
f 1024/3/1 1070/2/1 1023/1/1
f 1071/3/2 1070/2/2 1069/1/2
f 1070/3/2 1071/2/2 1072/1/2
f 1028/885/3 1024/881/3 1023/5/3
f 1024/881/3 1028/885/3 1026/5/3
f 1028/5/4 1071/5/4 1026/929/4
f 1071/5/4 1028/5/4 1072/930/4
f 1071/5/5 1024/883/5 1026/5/5
f 1024/883/5 1071/5/5 1069/931/5
f 1070/2/6 1028/3/6 1023/11/6
f 1028/3/6 1070/2/6 1072/1/6
f 1074/3/1 1030/2/1 1073/1/1
f 1030/3/1 1074/2/1 1029/1/1
f 1075/3/2 1074/2/2 1073/1/2
f 1074/3/2 1075/2/2 1076/1/2
f 1034/891/3 1030/886/3 1029/5/3
f 1030/886/3 1034/891/3 1032/5/3
f 1034/5/4 1075/5/4 1032/932/4
f 1075/5/4 1034/5/4 1076/933/4
f 1075/5/5 1030/889/5 1032/5/5
f 1030/889/5 1075/5/5 1073/934/5
f 1074/2/6 1034/3/6 1029/11/6
f 1034/3/6 1074/2/6 1076/1/6
f 1078/3/1 1036/2/1 1077/1/1
f 1036/3/1 1078/2/1 1035/1/1
f 1079/3/2 1078/2/2 1077/1/2
f 1078/3/2 1079/2/2 1080/1/2
f 1040/897/3 1036/892/3 1035/5/3
f 1036/892/3 1040/897/3 1038/5/3
f 1040/5/4 1079/5/4 1038/935/4
f 1079/5/4 1040/5/4 1080/936/4
f 1079/5/5 1036/895/5 1038/5/5
f 1036/895/5 1079/5/5 1077/937/5
f 1078/2/6 1040/3/6 1035/11/6
f 1040/3/6 1078/2/6 1080/1/6
f 1082/3/1 1042/2/1 1081/1/1
f 1042/3/1 1082/2/1 1041/1/1
f 1083/3/2 1082/2/2 1081/1/2
f 1082/3/2 1083/2/2 1084/1/2
f 1046/903/3 1042/898/3 1041/5/3
f 1042/898/3 1046/903/3 1044/5/3
f 1046/5/4 1083/5/4 1044/938/4
f 1083/5/4 1046/5/4 1084/939/4
f 1083/5/5 1042/901/5 1044/5/5
f 1042/901/5 1083/5/5 1081/940/5
f 1082/2/6 1046/3/6 1041/11/6
f 1046/3/6 1082/2/6 1084/1/6
f 1063/3/1 1085/2/1 1064/1/1
f 1085/3/1 1063/2/1 1086/1/1
f 1087/3/2 1063/2/2 1064/1/2
f 1063/3/2 1087/2/2 1088/1/2
f 1089/5/3 1085/5/3 1086/941/3
f 1085/5/3 1089/5/3 1090/942/3
f 1089/5/4 1087/5/4 1090/943/4
f 1087/5/4 1089/5/4 1088/944/4
f 1087/5/5 1085/5/5 1090/945/5
f 1085/5/5 1087/5/5 1064/923/5
f 1063/2/6 1089/3/6 1086/11/6
f 1089/3/6 1063/2/6 1088/1/6
f 1067/3/1 1091/2/1 1068/1/1
f 1091/3/1 1067/2/1 1092/1/1
f 1093/3/2 1067/2/2 1068/1/2
f 1067/3/2 1093/2/2 1094/1/2
f 1095/5/3 1091/5/3 1092/946/3
f 1091/5/3 1095/5/3 1096/947/3
f 1095/5/4 1093/5/4 1096/948/4
f 1093/5/4 1095/5/4 1094/949/4
f 1093/5/5 1091/5/5 1096/950/5
f 1091/5/5 1093/5/5 1068/927/5
f 1067/2/6 1095/3/6 1092/11/6
f 1095/3/6 1067/2/6 1094/1/6
f 1099/3/1 1098/2/1 1097/1/1
f 1098/3/1 1099/2/1 1100/1/1
f 1101/3/2 1099/2/2 1097/1/2
f 1099/3/2 1101/2/2 1102/1/2
f 1103/5/3 1098/5/3 1100/951/3
f 1098/5/3 1103/5/3 1104/952/3
f 1103/5/4 1101/5/4 1104/953/4
f 1101/5/4 1103/5/4 1102/954/4
f 1101/5/5 1098/5/5 1104/955/5
f 1098/5/5 1101/5/5 1097/956/5
f 1099/2/6 1103/3/6 1100/11/6
f 1103/3/6 1099/2/6 1102/1/6
f 191/3/1 1105/2/1 192/1/1
f 1105/3/1 191/2/1 1106/1/1
f 201/3/2 191/2/2 192/1/2
f 191/3/2 201/2/2 203/1/2
f 204/158/3 1105/5/3 1106/957/3
f 1105/5/3 204/158/3 202/5/3
f 204/5/4 201/5/4 202/958/4
f 201/5/4 204/5/4 203/959/4
f 201/163/5 1105/5/5 202/5/5
f 1105/5/5 201/163/5 192/151/5
f 191/2/6 204/3/6 1106/11/6
f 204/3/6 191/2/6 203/1/6
f 1109/3/1 1108/2/1 1107/1/1
f 1108/3/1 1109/2/1 1110/1/1
f 1111/3/2 1109/2/2 1107/1/2
f 1109/3/2 1111/2/2 1112/1/2
f 1113/5/3 1108/5/3 1110/960/3
f 1108/5/3 1113/5/3 1114/961/3
f 1113/5/4 1111/5/4 1114/962/4
f 1111/5/4 1113/5/4 1112/963/4
f 1111/5/5 1108/5/5 1114/964/5
f 1108/5/5 1111/5/5 1107/965/5
f 1109/2/6 1113/3/6 1110/11/6
f 1113/3/6 1109/2/6 1112/1/6
f 1117/3/1 1116/2/1 1115/1/1
f 1116/3/1 1117/2/1 1118/1/1
f 1119/3/2 1117/2/2 1115/1/2
f 1117/3/2 1119/2/2 1120/1/2
f 1121/5/3 1116/5/3 1118/966/3
f 1116/5/3 1121/5/3 1122/967/3
f 1121/5/4 1119/5/4 1122/968/4
f 1119/5/4 1121/5/4 1120/969/4
f 1119/5/5 1116/5/5 1122/970/5
f 1116/5/5 1119/5/5 1115/971/5
f 1117/2/6 1121/3/6 1118/11/6
f 1121/3/6 1117/2/6 1120/1/6
f 1125/3/1 1124/2/1 1123/1/1
f 1124/3/1 1125/2/1 1126/1/1
f 1127/3/2 1125/2/2 1123/1/2
f 1125/3/2 1127/2/2 1128/1/2
f 1129/5/3 1124/5/3 1126/972/3
f 1124/5/3 1129/5/3 1130/973/3
f 1129/5/4 1127/5/4 1130/974/4
f 1127/5/4 1129/5/4 1128/975/4
f 1127/5/5 1124/5/5 1130/976/5
f 1124/5/5 1127/5/5 1123/977/5
f 1125/2/6 1129/3/6 1126/11/6
f 1129/3/6 1125/2/6 1128/1/6
f 1133/3/1 1132/2/1 1131/1/1
f 1132/3/1 1133/2/1 1134/1/1
f 1135/3/2 1133/2/2 1131/1/2
f 1133/3/2 1135/2/2 1136/1/2
f 1137/5/3 1132/5/3 1134/978/3
f 1132/5/3 1137/5/3 1138/979/3
f 1137/5/4 1135/5/4 1138/980/4
f 1135/5/4 1137/5/4 1136/981/4
f 1135/5/5 1132/5/5 1138/982/5
f 1132/5/5 1135/5/5 1131/983/5
f 1133/2/6 1137/3/6 1134/11/6
f 1137/3/6 1133/2/6 1136/1/6
f 1141/3/1 1140/2/1 1139/1/1
f 1140/3/1 1141/2/1 1142/1/1
f 621/3/2 1141/2/2 1139/1/2
f 1141/3/2 621/2/2 623/1/2
f 1143/5/3 1140/5/3 1142/984/3
f 1140/5/3 1143/5/3 1144/985/3
f 1143/5/4 621/5/4 1144/986/4
f 621/5/4 1143/5/4 623/987/4
f 621/504/5 1140/5/5 1144/988/5
f 1140/5/5 621/504/5 1139/989/5
f 1141/2/6 1143/3/6 1142/11/6
f 1143/3/6 1141/2/6 623/1/6
f 1146/3/1 653/2/1 1145/1/1
f 653/3/1 1146/2/1 654/1/1
f 629/3/2 1146/2/2 1145/1/2
f 1146/3/2 629/2/2 631/1/2
f 632/505/3 653/5/3 654/990/3
f 653/5/3 632/505/3 630/5/3
f 632/5/4 629/5/4 630/991/4
f 629/5/4 632/5/4 631/992/4
f 629/510/5 653/5/5 630/5/5
f 653/5/5 629/510/5 1145/993/5
f 1146/2/6 632/3/6 654/11/6
f 632/3/6 1146/2/6 631/1/6
f 232/3/1 230/2/1 231/1/1
f 230/3/1 232/2/1 229/1/1
f 236/3/2 232/2/2 231/1/2
f 232/3/2 236/2/2 235/1/2
f 884/5/3 230/176/3 229/5/3
f 230/176/3 884/5/3 883/994/3
f 884/735/4 236/183/4 883/5/4
f 236/183/4 884/735/4 235/5/4
f 236/185/5 230/179/5 883/5/5
f 230/179/5 236/185/5 231/5/5
f 232/2/6 884/3/6 229/11/6
f 884/3/6 232/2/6 235/1/6
f 240/3/1 1147/2/1 238/1/1
f 1147/3/1 240/2/1 1148/1/1
f 244/3/2 240/2/2 238/1/2
f 240/3/2 244/2/2 243/1/2
f 1149/5/3 1147/5/3 1148/995/3
f 1147/5/3 1149/5/3 1150/996/3
f 1149/5/4 244/188/4 1150/997/4
f 244/188/4 1149/5/4 243/5/4
f 244/190/5 1147/5/5 1150/998/5
f 1147/5/5 244/190/5 238/5/5
f 240/2/6 1149/3/6 1148/11/6
f 1149/3/6 240/2/6 243/1/6
f 1153/3/1 1152/2/1 1151/1/1
f 1152/3/1 1153/2/1 1154/1/1
f 246/3/2 1153/2/2 1151/1/2
f 1153/3/2 246/2/2 248/1/2
f 896/742/3 1152/5/3 1154/999/3
f 1152/5/3 896/742/3 894/5/3
f 896/5/4 246/5/4 894/1000/4
f 246/5/4 896/5/4 248/1001/4
f 246/5/5 1152/5/5 894/5/5
f 1152/5/5 246/5/5 1151/1002/5
f 1153/2/6 896/3/6 1154/11/6
f 896/3/6 1153/2/6 248/1/6
f 1157/3/1 1156/2/1 1155/1/1
f 1156/3/1 1157/2/1 1158/1/1
f 1159/3/2 1157/2/2 1155/1/2
f 1157/3/2 1159/2/2 1160/1/2
f 1161/5/3 1156/5/3 1158/1003/3
f 1156/5/3 1161/5/3 1162/1004/3
f 1161/5/4 1159/5/4 1162/1005/4
f 1159/5/4 1161/5/4 1160/1006/4
f 1159/5/5 1156/5/5 1162/1007/5
f 1156/5/5 1159/5/5 1155/1008/5
f 1157/2/6 1161/3/6 1158/11/6
f 1161/3/6 1157/2/6 1160/1/6
f 1165/3/1 1164/2/1 1163/1/1
f 1164/3/1 1165/2/1 1166/1/1
f 1167/3/2 1165/2/2 1163/1/2
f 1165/3/2 1167/2/2 1168/1/2
f 1169/5/3 1164/5/3 1166/1009/3
f 1164/5/3 1169/5/3 1170/1010/3
f 1169/5/4 1167/5/4 1170/1011/4
f 1167/5/4 1169/5/4 1168/1012/4
f 1167/5/5 1164/5/5 1170/1013/5
f 1164/5/5 1167/5/5 1163/1014/5
f 1165/2/6 1169/3/6 1166/11/6
f 1169/3/6 1165/2/6 1168/1/6
f 1172/3/1 281/2/1 1171/1/1
f 281/3/1 1172/2/1 283/1/1
f 275/3/2 1172/2/2 1171/1/2
f 1172/3/2 275/2/2 277/1/2
f 278/215/3 281/5/3 283/1015/3
f 281/5/3 278/215/3 276/5/3
f 278/224/4 275/5/4 276/5/4
f 275/5/4 278/224/4 277/1016/4
f 275/220/5 281/226/5 276/5/5
f 281/226/5 275/220/5 1171/1017/5
f 1172/2/6 278/3/6 283/11/6
f 278/3/6 1172/2/6 277/1/6
f 215/3/1 287/2/1 216/1/1
f 287/3/1 215/2/1 289/1/1
f 1173/3/2 215/2/2 216/1/2
f 215/3/2 1173/2/2 1174/1/2
f 1175/5/3 287/5/3 289/1018/3
f 287/5/3 1175/5/3 1176/1019/3
f 1175/5/4 1173/5/4 1176/1020/4
f 1173/5/4 1175/5/4 1174/1021/4
f 1173/5/5 287/232/5 1176/1022/5
f 287/232/5 1173/5/5 216/168/5
f 215/2/6 1175/3/6 289/11/6
f 1175/3/6 215/2/6 1174/1/6
f 1178/3/1 637/2/1 1177/1/1
f 637/3/1 1178/2/1 639/1/1
f 1179/3/2 1178/2/2 1177/1/2
f 1178/3/2 1179/2/2 1180/1/2
f 642/5/3 637/5/3 639/1023/3
f 637/5/3 642/5/3 641/1024/3
f 642/514/4 1179/5/4 641/5/4
f 1179/5/4 642/514/4 1180/1025/4
f 1179/5/5 637/516/5 641/5/5
f 637/516/5 1179/5/5 1177/1026/5
f 1178/2/6 642/3/6 639/11/6
f 642/3/6 1178/2/6 1180/1/6
f 226/3/1 659/2/1 224/1/1
f 659/3/1 226/2/1 660/1/1
f 230/3/2 226/2/2 224/1/2
f 226/3/2 230/2/2 229/1/2
f 665/733/3 659/5/3 660/1027/3
f 659/5/3 665/733/3 663/5/3
f 665/5/4 230/177/4 663/1028/4
f 230/177/4 665/5/4 229/5/4
f 230/179/5 659/5/5 663/537/5
f 659/5/5 230/179/5 224/5/5
f 226/2/6 665/3/6 660/11/6
f 665/3/6 226/2/6 229/1/6
f 1161/3/1 1181/2/1 1162/1/1
f 1181/3/1 1161/2/1 1182/1/1
f 1183/3/2 1161/2/2 1162/1/2
f 1161/3/2 1183/2/2 1184/1/2
f 1166/1009/3 1181/5/3 1182/1029/3
f 1181/5/3 1166/1009/3 1164/5/3
f 1166/5/4 1183/5/4 1164/1030/4
f 1183/5/4 1166/5/4 1184/1031/4
f 1183/5/5 1181/5/5 1164/5/5
f 1181/5/5 1183/5/5 1162/1007/5
f 1161/2/6 1166/3/6 1182/11/6
f 1166/3/6 1161/2/6 1184/1/6
f 1186/3/1 1170/2/1 1185/1/1
f 1170/3/1 1186/2/1 1169/1/1
f 281/3/2 1186/2/2 1185/1/2
f 1186/3/2 281/2/2 283/1/2
f 284/221/3 1170/1010/3 1169/5/3
f 1170/1010/3 284/221/3 282/5/3
f 284/5/4 281/5/4 282/1032/4
f 281/5/4 284/5/4 283/1033/4
f 281/226/5 1170/1013/5 282/5/5
f 1170/1013/5 281/226/5 1185/1034/5
f 1186/2/6 284/3/6 1169/11/6
f 284/3/6 1186/2/6 283/1/6
f 279/3/1 1187/2/1 280/1/1
f 1187/3/1 279/2/1 1188/1/1
f 287/3/2 279/2/2 280/1/2
f 279/3/2 287/2/2 289/1/2
f 290/227/3 1187/5/3 1188/1035/3
f 1187/5/3 290/227/3 288/5/3
f 290/5/4 287/5/4 288/1036/4
f 287/5/4 290/5/4 289/1037/4
f 287/232/5 1187/5/5 288/5/5
f 1187/5/5 287/232/5 280/219/5
f 279/2/6 290/3/6 1188/11/6
f 290/3/6 279/2/6 289/1/6
f 1191/3/1 1190/2/1 1189/1/1
f 1190/3/1 1191/2/1 1192/1/1
f 1193/3/2 1191/2/2 1189/1/2
f 1191/3/2 1193/2/2 1194/1/2
f 1195/5/3 1190/5/3 1192/1038/3
f 1190/5/3 1195/5/3 1196/1039/3
f 1195/5/4 1193/5/4 1196/1040/4
f 1193/5/4 1195/5/4 1194/1041/4
f 1193/5/5 1190/5/5 1196/1042/5
f 1190/5/5 1193/5/5 1189/1043/5
f 1191/2/6 1195/3/6 1192/11/6
f 1195/3/6 1191/2/6 1194/1/6
f 1199/3/1 1198/2/1 1197/1/1
f 1198/3/1 1199/2/1 1200/1/1
f 1201/3/2 1199/2/2 1197/1/2
f 1199/3/2 1201/2/2 1202/1/2
f 1203/5/3 1198/5/3 1200/1044/3
f 1198/5/3 1203/5/3 1204/1045/3
f 1203/5/4 1201/5/4 1204/1046/4
f 1201/5/4 1203/5/4 1202/1047/4
f 1201/5/5 1198/5/5 1204/1048/5
f 1198/5/5 1201/5/5 1197/1049/5
f 1199/2/6 1203/3/6 1200/11/6
f 1203/3/6 1199/2/6 1202/1/6
f 624/3/1 1205/2/1 622/1/1
f 1205/3/1 624/2/1 1206/1/1
f 628/3/2 624/2/2 622/1/2
f 624/3/2 628/2/2 627/1/2
f 652/522/3 1205/5/3 1206/1050/3
f 1205/5/3 652/522/3 651/5/3
f 652/5/4 628/501/4 651/1051/4
f 628/501/4 652/5/4 627/5/4
f 628/503/5 1205/5/5 651/5/5
f 1205/5/5 628/503/5 622/5/5
f 624/2/6 652/3/6 1206/11/6
f 652/3/6 624/2/6 627/1/6
f 632/3/1 1207/2/1 630/1/1
f 1207/3/1 632/2/1 1208/1/1
f 636/3/2 632/2/2 630/1/2
f 632/3/2 636/2/2 635/1/2
f 658/527/3 1207/5/3 1208/1052/3
f 1207/5/3 658/527/3 657/5/3
f 658/5/4 636/507/4 657/1053/4
f 636/507/4 658/5/4 635/5/4
f 636/509/5 1207/5/5 657/5/5
f 1207/5/5 636/509/5 630/5/5
f 632/2/6 658/3/6 1208/11/6
f 658/3/6 632/2/6 635/1/6
f 1211/3/1 1210/2/1 1209/1/1
f 1210/3/1 1211/2/1 1212/1/1
f 915/3/2 1211/2/2 1209/1/2
f 1211/3/2 915/2/2 917/1/2
f 918/760/3 1210/5/3 1212/1054/3
f 1210/5/3 918/760/3 916/5/3
f 918/5/4 915/5/4 916/1055/4
f 915/5/4 918/5/4 917/1056/4
f 915/763/5 1210/5/5 916/5/5
f 1210/5/5 915/763/5 1209/1057/5
f 1211/2/6 918/3/6 1212/11/6
f 918/3/6 1211/2/6 917/1/6
f 972/3/1 975/2/1 971/1/1
f 975/3/1 972/2/1 976/1/1
f 337/3/2 972/2/2 971/1/2
f 972/3/2 337/2/2 339/1/2
f 340/267/3 975/5/3 976/828/3
f 975/5/3 340/267/3 338/5/3
f 340/5/4 337/5/4 338/829/4
f 337/5/4 340/5/4 339/830/4
f 337/272/5 975/5/5 338/5/5
f 975/5/5 337/272/5 971/5/5
f 972/2/6 340/3/6 976/11/6
f 340/3/6 972/2/6 339/1/6

usemtl color3

f 718/3/1 924/2/1 717/1/1
f 924/3/1 718/2/1 923/1/1
f 1213/3/2 718/2/2 717/1/2
f 718/3/2 1213/2/2 1214/1/2
f 1215/5/3 924/770/3 923/5/3
f 924/770/3 1215/5/3 1216/1058/3
f 1215/5/4 1213/5/4 1216/1059/4
f 1213/5/4 1215/5/4 1214/1060/4
f 1213/5/5 924/772/5 1216/1061/5
f 924/772/5 1213/5/5 717/5/5
f 718/2/6 1215/3/6 923/11/6
f 1215/3/6 718/2/6 1214/1/6
f 309/3/1 728/2/1 310/1/1
f 728/3/1 309/2/1 727/1/1
f 312/3/2 309/2/2 310/1/2
f 309/3/2 312/2/2 314/1/2
f 1217/5/3 728/583/3 727/5/3
f 728/583/3 1217/5/3 1218/1062/3
f 1217/5/4 312/309/4 1218/1063/4
f 312/309/4 1217/5/4 314/5/4
f 312/5/5 728/585/5 1218/1064/5
f 728/585/5 312/5/5 310/243/5
f 309/2/6 1217/3/6 727/11/6
f 1217/3/6 309/2/6 314/1/6
f 1221/3/1 1220/2/1 1219/1/1
f 1220/3/1 1221/2/1 1222/1/1
f 1223/3/2 1221/2/2 1219/1/2
f 1221/3/2 1223/2/2 1224/1/2
f 1225/5/3 1220/5/3 1222/1065/3
f 1220/5/3 1225/5/3 1226/1066/3
f 1225/5/4 1223/5/4 1226/1067/4
f 1223/5/4 1225/5/4 1224/1068/4
f 1223/5/5 1220/5/5 1226/1069/5
f 1220/5/5 1223/5/5 1219/1070/5
f 1221/2/6 1225/3/6 1222/11/6
f 1225/3/6 1221/2/6 1224/1/6
f 930/3/1 932/2/1 929/1/1
f 932/3/1 930/2/1 931/1/1
f 1227/3/2 930/2/2 929/1/2
f 930/3/2 1227/2/2 1228/1/2
f 1229/5/3 932/779/3 931/5/3
f 932/779/3 1229/5/3 1230/1071/3
f 1229/5/4 1227/5/4 1230/1072/4
f 1227/5/4 1229/5/4 1228/1073/4
f 1227/5/5 932/782/5 1230/1074/5
f 932/782/5 1227/5/5 929/5/5
f 930/2/6 1229/3/6 931/11/6
f 1229/3/6 930/2/6 1228/1/6
f 416/3/1 946/2/1 414/1/1
f 946/3/1 416/2/1 945/1/1
f 1231/3/2 416/2/2 414/1/2
f 416/3/2 1231/2/2 1232/1/2
f 1233/5/3 946/793/3 945/5/3
f 946/793/3 1233/5/3 1234/1075/3
f 1233/5/4 1231/5/4 1234/1076/4
f 1231/5/4 1233/5/4 1232/1077/4
f 1231/5/5 946/796/5 1234/1078/5
f 946/796/5 1231/5/5 414/5/5
f 416/2/6 1233/3/6 945/11/6
f 1233/3/6 416/2/6 1232/1/6
f 1237/3/1 1236/2/1 1235/1/1
f 1236/3/1 1237/2/1 1238/1/1
f 1239/3/2 1237/2/2 1235/1/2
f 1237/3/2 1239/2/2 1240/1/2
f 1241/5/3 1236/5/3 1238/1079/3
f 1236/5/3 1241/5/3 1242/1080/3
f 1241/5/4 1239/5/4 1242/1081/4
f 1239/5/4 1241/5/4 1240/1082/4
f 1239/5/5 1236/5/5 1242/1083/5
f 1236/5/5 1239/5/5 1235/1084/5
f 1237/2/6 1241/3/6 1238/11/6
f 1241/3/6 1237/2/6 1240/1/6
f 1245/3/1 1244/2/1 1243/1/1
f 1244/3/1 1245/2/1 1246/1/1
f 1247/3/2 1245/2/2 1243/1/2
f 1245/3/2 1247/2/2 1248/1/2
f 1249/5/3 1244/5/3 1246/1085/3
f 1244/5/3 1249/5/3 1250/1086/3
f 1249/5/4 1247/5/4 1250/1087/4
f 1247/5/4 1249/5/4 1248/1088/4
f 1247/5/5 1244/5/5 1250/1089/5
f 1244/5/5 1247/5/5 1243/1090/5
f 1245/2/6 1249/3/6 1246/11/6
f 1249/3/6 1245/2/6 1248/1/6
f 944/3/1 1251/2/1 942/1/1
f 1251/3/1 944/2/1 1252/1/1
f 946/3/2 944/2/2 942/1/2
f 944/3/2 946/2/2 945/1/2
f 1253/5/3 1251/5/3 1252/1091/3
f 1251/5/3 1253/5/3 1254/1092/3
f 1253/5/4 946/794/4 1254/1093/4
f 946/794/4 1253/5/4 945/5/4
f 946/796/5 1251/5/5 1254/1094/5
f 1251/5/5 946/796/5 942/5/5
f 944/2/6 1253/3/6 1252/11/6
f 1253/3/6 944/2/6 945/1/6
f 500/3/1 1055/2/1 499/1/1
f 1055/3/1 500/2/1 1057/1/1
f 112/3/2 500/2/2 499/1/2
f 500/3/2 112/2/2 114/1/2
f 1060/5/3 1055/5/3 1057/1095/3
f 1055/5/3 1060/5/3 1059/1096/3
f 1060/917/4 112/395/4 1059/5/4
f 112/395/4 1060/917/4 114/5/4
f 112/5/5 1055/919/5 1059/5/5
f 1055/919/5 112/5/5 499/5/5
f 500/2/6 1060/3/6 1057/11/6
f 1060/3/6 500/2/6 114/1/6
f 1257/3/1 1256/2/1 1255/1/1
f 1256/3/1 1257/2/1 1258/1/1
f 1259/3/2 1257/2/2 1255/1/2
f 1257/3/2 1259/2/2 1260/1/2
f 1261/5/3 1256/5/3 1258/1097/3
f 1256/5/3 1261/5/3 1262/1098/3
f 1261/5/4 1259/5/4 1262/1099/4
f 1259/5/4 1261/5/4 1260/1100/4
f 1259/5/5 1256/5/5 1262/1101/5
f 1256/5/5 1259/5/5 1255/1102/5
f 1257/2/6 1261/3/6 1258/11/6
f 1261/3/6 1257/2/6 1260/1/6
f 851/3/1 209/2/1 852/1/1
f 209/3/1 851/2/1 211/1/1
f 1263/3/2 851/2/2 852/1/2
f 851/3/2 1263/2/2 1264/1/2
f 214/5/3 209/5/3 211/1103/3
f 209/5/3 214/5/3 213/1104/3
f 214/167/4 1263/5/4 213/5/4
f 1263/5/4 214/167/4 1264/1105/4
f 1263/5/5 209/169/5 213/5/5
f 209/169/5 1263/5/5 852/703/5
f 851/2/6 214/3/6 211/11/6
f 214/3/6 851/2/6 1264/1/6
f 1058/3/1 1097/2/1 1056/1/1
f 1097/3/1 1058/2/1 1099/1/1
f 1062/3/2 1058/2/2 1056/1/2
f 1058/3/2 1062/2/2 1061/1/2
f 1102/5/3 1097/5/3 1099/1106/3
f 1097/5/3 1102/5/3 1101/1107/3
f 1102/954/4 1062/916/4 1101/5/4
f 1062/916/4 1102/954/4 1061/5/4
f 1062/918/5 1097/956/5 1101/5/5
f 1097/956/5 1062/918/5 1056/5/5
f 1058/2/6 1102/3/6 1099/11/6
f 1102/3/6 1058/2/6 1061/1/6
f 1267/3/1 1266/2/1 1265/1/1
f 1266/3/1 1267/2/1 1268/1/1
f 1269/3/2 1267/2/2 1265/1/2
f 1267/3/2 1269/2/2 1270/1/2
f 1271/5/3 1266/5/3 1268/1108/3
f 1266/5/3 1271/5/3 1272/1109/3
f 1271/5/4 1269/5/4 1272/1110/4
f 1269/5/4 1271/5/4 1270/1111/4
f 1269/5/5 1266/5/5 1272/1112/5
f 1266/5/5 1269/5/5 1265/1113/5
f 1267/2/6 1271/3/6 1268/11/6
f 1271/3/6 1267/2/6 1270/1/6
f 1092/3/1 1273/2/1 1091/1/1
f 1273/3/1 1092/2/1 1274/1/1
f 1275/3/2 1092/2/2 1091/1/2
f 1092/3/2 1275/2/2 1276/1/2
f 1277/5/3 1273/5/3 1274/1114/3
f 1273/5/3 1277/5/3 1278/1115/3
f 1277/5/4 1275/5/4 1278/1116/4
f 1275/5/4 1277/5/4 1276/1117/4
f 1275/5/5 1273/5/5 1278/1118/5
f 1273/5/5 1275/5/5 1091/5/5
f 1092/2/6 1277/3/6 1274/11/6
f 1277/3/6 1092/2/6 1276/1/6
f 1277/3/1 1279/2/1 1278/1/1
f 1279/3/1 1277/2/1 1280/1/1
f 1281/3/2 1277/2/2 1278/1/2
f 1277/3/2 1281/2/2 1282/1/2
f 1283/5/3 1279/5/3 1280/1119/3
f 1279/5/3 1283/5/3 1284/1120/3
f 1283/5/4 1281/5/4 1284/1121/4
f 1281/5/4 1283/5/4 1282/1122/4
f 1281/5/5 1279/5/5 1284/1123/5
f 1279/5/5 1281/5/5 1278/1118/5
f 1277/2/6 1283/3/6 1280/11/6
f 1283/3/6 1277/2/6 1282/1/6
f 1287/3/1 1286/2/1 1285/1/1
f 1286/3/1 1287/2/1 1288/1/1
f 1289/3/2 1287/2/2 1285/1/2
f 1287/3/2 1289/2/2 1290/1/2
f 1291/5/3 1286/5/3 1288/1124/3
f 1286/5/3 1291/5/3 1292/1125/3
f 1291/5/4 1289/5/4 1292/1126/4
f 1289/5/4 1291/5/4 1290/1127/4
f 1289/5/5 1286/5/5 1292/1128/5
f 1286/5/5 1289/5/5 1285/1129/5
f 1287/2/6 1291/3/6 1288/11/6
f 1291/3/6 1287/2/6 1290/1/6
f 1295/3/1 1294/2/1 1293/1/1
f 1294/3/1 1295/2/1 1296/1/1
f 613/3/2 1295/2/2 1293/1/2
f 1295/3/2 613/2/2 615/1/2
f 1297/5/3 1294/5/3 1296/1130/3
f 1294/5/3 1297/5/3 1298/1131/3
f 1297/5/4 613/5/4 1298/1132/4
f 613/5/4 1297/5/4 615/1133/4
f 613/498/5 1294/5/5 1298/1134/5
f 1294/5/5 613/498/5 1293/1135/5
f 1295/2/6 1297/3/6 1296/11/6
f 1297/3/6 1295/2/6 615/1/6
f 1301/3/1 1300/2/1 1299/1/1
f 1300/3/1 1301/2/1 1302/1/1
f 1303/3/2 1301/2/2 1299/1/2
f 1301/3/2 1303/2/2 1304/1/2
f 1194/5/3 1300/5/3 1302/1136/3
f 1300/5/3 1194/5/3 1193/1137/3
f 1194/1041/4 1303/5/4 1193/5/4
f 1303/5/4 1194/1041/4 1304/1138/4
f 1303/5/5 1300/5/5 1193/5/5
f 1300/5/5 1303/5/5 1299/1139/5
f 1301/2/6 1194/3/6 1302/11/6
f 1194/3/6 1301/2/6 1304/1/6
f 1306/3/1 899/2/1 1305/1/1
f 899/3/1 1306/2/1 901/1/1
f 1307/3/2 1306/2/2 1305/1/2
f 1306/3/2 1307/2/2 1308/1/2
f 904/5/3 899/5/3 901/1140/3
f 899/5/3 904/5/3 903/1141/3
f 904/751/4 1307/5/4 903/5/4
f 1307/5/4 904/751/4 1308/1142/4
f 1307/5/5 899/753/5 903/5/5
f 899/753/5 1307/5/5 1305/1143/5
f 1306/2/6 904/3/6 901/11/6
f 904/3/6 1306/2/6 1308/1/6
f 1310/3/1 907/2/1 1309/1/1
f 907/3/1 1310/2/1 909/1/1
f 1311/3/2 1310/2/2 1309/1/2
f 1310/3/2 1311/2/2 1312/1/2
f 912/5/3 907/5/3 909/1144/3
f 907/5/3 912/5/3 911/1145/3
f 912/757/4 1311/5/4 911/5/4
f 1311/5/4 912/757/4 1312/1146/4
f 1311/5/5 907/759/5 911/5/5
f 907/759/5 1311/5/5 1309/1147/5
f 1310/2/6 912/3/6 909/11/6
f 912/3/6 1310/2/6 1312/1/6
f 1314/3/1 1197/2/1 1313/1/1
f 1197/3/1 1314/2/1 1199/1/1
f 1315/3/2 1314/2/2 1313/1/2
f 1314/3/2 1315/2/2 1316/1/2
f 1202/5/3 1197/5/3 1199/1148/3
f 1197/5/3 1202/5/3 1201/1149/3
f 1202/1047/4 1315/5/4 1201/5/4
f 1315/5/4 1202/1047/4 1316/1150/4
f 1315/5/5 1197/1049/5 1201/5/5
f 1197/1049/5 1315/5/5 1313/1151/5
f 1314/2/6 1202/3/6 1199/11/6
f 1202/3/6 1314/2/6 1316/1/6
f 1142/3/1 647/2/1 1140/1/1
f 647/3/1 1142/2/1 648/1/1
f 1144/3/2 1142/2/2 1140/1/2
f 1142/3/2 1144/2/2 1143/1/2
f 624/499/3 647/5/3 648/1152/3
f 647/5/3 624/499/3 622/5/3
f 624/5/4 1144/986/4 622/1153/4
f 1144/986/4 624/5/4 1143/5/4
f 1144/988/5 647/5/5 622/5/5
f 647/5/5 1144/988/5 1140/5/5
f 1142/2/6 624/3/6 648/11/6
f 624/3/6 1142/2/6 1143/1/6
f 616/3/1 1317/2/1 614/1/1
f 1317/3/1 616/2/1 1318/1/1
f 620/3/2 616/2/2 614/1/2
f 616/3/2 620/2/2 619/1/2
f 646/517/3 1317/5/3 1318/1154/3
f 1317/5/3 646/517/3 645/5/3
f 646/5/4 620/495/4 645/1155/4
f 620/495/4 646/5/4 619/5/4
f 620/497/5 1317/5/5 645/5/5
f 1317/5/5 620/497/5 614/5/5
f 616/2/6 646/3/6 1318/11/6
f 646/3/6 616/2/6 619/1/6
f 1321/3/1 1320/2/1 1319/1/1
f 1320/3/1 1321/2/1 1322/1/1
f 1209/3/2 1321/2/2 1319/1/2
f 1321/3/2 1209/2/2 1211/1/2
f 1212/1054/3 1320/5/3 1322/1156/3
f 1320/5/3 1212/1054/3 1210/5/3
f 1212/5/4 1209/5/4 1210/1157/4
f 1209/5/4 1212/5/4 1211/1158/4
f 1209/1057/5 1320/5/5 1210/5/5
f 1320/5/5 1209/1057/5 1319/1159/5
f 1321/2/6 1212/3/6 1322/11/6
f 1212/3/6 1321/2/6 1211/1/6
f 300/3/1 302/2/1 299/1/1
f 302/3/1 300/2/1 301/1/1
f 1323/3/2 300/2/2 299/1/2
f 300/3/2 1323/2/2 1324/1/2
f 1325/5/3 302/234/3 301/5/3
f 302/234/3 1325/5/3 1326/1160/3
f 1325/5/4 1323/5/4 1326/1161/4
f 1323/5/4 1325/5/4 1324/1162/4
f 1323/5/5 302/237/5 1326/1163/5
f 302/237/5 1323/5/5 299/5/5
f 300/2/6 1325/3/6 301/11/6
f 1325/3/6 300/2/6 1324/1/6

usemtl color4

f 1329/3/1 1328/2/1 1327/1/1
f 1328/3/1 1329/2/1 1330/1/1
f 1331/3/2 1329/2/2 1327/1/2
f 1329/3/2 1331/2/2 1332/1/2
f 1333/5/3 1328/5/3 1330/1164/3
f 1328/5/3 1333/5/3 1334/1165/3
f 1333/5/4 1331/5/4 1334/1166/4
f 1331/5/4 1333/5/4 1332/1167/4
f 1331/5/5 1328/5/5 1334/1168/5
f 1328/5/5 1331/5/5 1327/1169/5
f 1329/2/6 1333/3/6 1330/11/6
f 1333/3/6 1329/2/6 1332/1/6
f 1337/3/1 1336/2/1 1335/1/1
f 1336/3/1 1337/2/1 1338/1/1
f 1339/3/2 1337/2/2 1335/1/2
f 1337/3/2 1339/2/2 1340/1/2
f 1341/5/3 1336/5/3 1338/1170/3
f 1336/5/3 1341/5/3 1342/1171/3
f 1341/5/4 1339/5/4 1342/1172/4
f 1339/5/4 1341/5/4 1340/1173/4
f 1339/5/5 1336/5/5 1342/1174/5
f 1336/5/5 1339/5/5 1335/1175/5
f 1337/2/6 1341/3/6 1338/11/6
f 1341/3/6 1337/2/6 1340/1/6
f 727/3/1 83/2/1 728/1/1
f 83/3/1 727/2/1 84/1/1
f 1218/3/2 727/2/2 728/1/2
f 727/3/2 1218/2/2 1217/1/2
f 1343/5/3 83/777/3 84/5/3
f 83/777/3 1343/5/3 1344/1176/3
f 1343/5/4 1218/1063/4 1344/1177/4
f 1218/1063/4 1343/5/4 1217/5/4
f 1218/1064/5 83/5/5 1344/1178/5
f 83/5/5 1218/1064/5 728/585/5
f 727/2/6 1343/3/6 84/11/6
f 1343/3/6 727/2/6 1217/1/6
f 1232/3/1 1234/2/1 1231/1/1
f 1234/3/1 1232/2/1 1233/1/1
f 1345/3/2 1232/2/2 1231/1/2
f 1232/3/2 1345/2/2 1346/1/2
f 1347/5/3 1234/1075/3 1233/5/3
f 1234/1075/3 1347/5/3 1348/1179/3
f 1347/5/4 1345/5/4 1348/1180/4
f 1345/5/4 1347/5/4 1346/1181/4
f 1345/5/5 1234/1078/5 1348/1182/5
f 1234/1078/5 1345/5/5 1231/5/5
f 1232/2/6 1347/3/6 1233/11/6
f 1347/3/6 1232/2/6 1346/1/6
f 1351/3/1 1350/2/1 1349/1/1
f 1350/3/1 1351/2/1 1352/1/1
f 1353/3/2 1351/2/2 1349/1/2
f 1351/3/2 1353/2/2 1354/1/2
f 1355/5/3 1350/5/3 1352/1183/3
f 1350/5/3 1355/5/3 1356/1184/3
f 1355/5/4 1353/5/4 1356/1185/4
f 1353/5/4 1355/5/4 1354/1186/4
f 1353/5/5 1350/5/5 1356/1187/5
f 1350/5/5 1353/5/5 1349/1188/5
f 1351/2/6 1355/3/6 1352/11/6
f 1355/3/6 1351/2/6 1354/1/6
f 1359/3/1 1358/2/1 1357/1/1
f 1358/3/1 1359/2/1 1360/1/1
f 1361/3/2 1359/2/2 1357/1/2
f 1359/3/2 1361/2/2 1362/1/2
f 1363/5/3 1358/5/3 1360/1189/3
f 1358/5/3 1363/5/3 1364/1190/3
f 1363/5/4 1361/5/4 1364/1191/4
f 1361/5/4 1363/5/4 1362/1192/4
f 1361/5/5 1358/5/5 1364/1193/5
f 1358/5/5 1361/5/5 1357/1194/5
f 1359/2/6 1363/3/6 1360/11/6
f 1363/3/6 1359/2/6 1362/1/6
f 1367/3/1 1366/2/1 1365/1/1
f 1366/3/1 1367/2/1 1368/1/1
f 1369/3/2 1367/2/2 1365/1/2
f 1367/3/2 1369/2/2 1370/1/2
f 1371/5/3 1366/5/3 1368/1195/3
f 1366/5/3 1371/5/3 1372/1196/3
f 1371/5/4 1369/5/4 1372/1197/4
f 1369/5/4 1371/5/4 1370/1198/4
f 1369/5/5 1366/5/5 1372/1199/5
f 1366/5/5 1369/5/5 1365/1200/5
f 1367/2/6 1371/3/6 1368/11/6
f 1371/3/6 1367/2/6 1370/1/6
f 1375/3/1 1374/2/1 1373/1/1
f 1374/3/1 1375/2/1 1376/1/1
f 954/3/2 1375/2/2 1373/1/2
f 1375/3/2 954/2/2 953/1/2
f 990/843/3 1374/5/3 1376/1201/3
f 1374/5/3 990/843/3 989/5/3
f 990/5/4 954/800/4 989/1202/4
f 954/800/4 990/5/4 953/5/4
f 954/802/5 1374/5/5 989/5/5
f 1374/5/5 954/802/5 1373/1203/5
f 1375/2/6 990/3/6 1376/11/6
f 990/3/6 1375/2/6 953/1/6
f 1379/3/1 1378/2/1 1377/1/1
f 1378/3/1 1379/2/1 1380/1/1
f 1381/3/2 1379/2/2 1377/1/2
f 1379/3/2 1381/2/2 1382/1/2
f 1383/5/3 1378/5/3 1380/1204/3
f 1378/5/3 1383/5/3 1384/1205/3
f 1383/5/4 1381/5/4 1384/1206/4
f 1381/5/4 1383/5/4 1382/1207/4
f 1381/5/5 1378/5/5 1384/1208/5
f 1378/5/5 1381/5/5 1377/1209/5
f 1379/2/6 1383/3/6 1380/11/6
f 1383/3/6 1379/2/6 1382/1/6
f 1386/3/1 143/2/1 1385/1/1
f 143/3/1 1386/2/1 145/1/1
f 1387/3/2 1386/2/2 1385/1/2
f 1386/3/2 1387/2/2 1388/1/2
f 148/5/3 143/5/3 145/1210/3
f 143/5/3 148/5/3 147/1211/3
f 148/117/4 1387/5/4 147/5/4
f 1387/5/4 148/117/4 1388/1212/4
f 1387/5/5 143/119/5 147/5/5
f 143/119/5 1387/5/5 1385/1213/5
f 1386/2/6 148/3/6 145/11/6
f 148/3/6 1386/2/6 1388/1/6
f 106/3/1 1389/2/1 104/1/1
f 1389/3/1 106/2/1 1390/1/1
f 110/3/2 106/2/2 104/1/2
f 106/3/2 110/2/2 109/1/2
f 1391/5/3 1389/5/3 1390/1214/3
f 1389/5/3 1391/5/3 1392/1215/3
f 1391/5/4 110/86/4 1392/1216/4
f 110/86/4 1391/5/4 109/5/4
f 110/88/5 1389/5/5 1392/1217/5
f 1389/5/5 110/88/5 104/5/5
f 106/2/6 1391/3/6 1390/11/6
f 1391/3/6 106/2/6 109/1/6
f 1395/3/1 1394/2/1 1393/1/1
f 1394/3/1 1395/2/1 1396/1/1
f 1397/3/2 1395/2/2 1393/1/2
f 1395/3/2 1397/2/2 1398/1/2
f 1015/5/3 1394/5/3 1396/1218/3
f 1394/5/3 1015/5/3 1013/1219/3
f 1015/5/4 1397/5/4 1013/1220/4
f 1397/5/4 1015/5/4 1398/1221/4
f 1397/5/5 1394/5/5 1013/879/5
f 1394/5/5 1397/5/5 1393/1222/5
f 1395/2/6 1015/3/6 1396/11/6
f 1015/3/6 1395/2/6 1398/1/6
f 1401/3/1 1400/2/1 1399/1/1
f 1400/3/1 1401/2/1 1402/1/1
f 1350/3/2 1401/2/2 1399/1/2
f 1401/3/2 1350/2/2 1352/1/2
f 1403/5/3 1400/5/3 1402/1223/3
f 1400/5/3 1403/5/3 1404/1224/3
f 1403/5/4 1350/5/4 1404/1225/4
f 1350/5/4 1403/5/4 1352/1226/4
f 1350/5/5 1400/5/5 1404/1227/5
f 1400/5/5 1350/5/5 1399/1228/5
f 1401/2/6 1403/3/6 1402/11/6
f 1403/3/6 1401/2/6 1352/1/6
f 1407/3/1 1406/2/1 1405/1/1
f 1406/3/1 1407/2/1 1408/1/1
f 1358/3/2 1407/2/2 1405/1/2
f 1407/3/2 1358/2/2 1360/1/2
f 1409/5/3 1406/5/3 1408/1229/3
f 1406/5/3 1409/5/3 1410/1230/3
f 1409/5/4 1358/5/4 1410/1231/4
f 1358/5/4 1409/5/4 1360/1232/4
f 1358/5/5 1406/5/5 1410/1233/5
f 1406/5/5 1358/5/5 1405/1234/5
f 1407/2/6 1409/3/6 1408/11/6
f 1409/3/6 1407/2/6 1360/1/6
f 1413/3/1 1412/2/1 1411/1/1
f 1412/3/1 1413/2/1 1414/1/1
f 1366/3/2 1413/2/2 1411/1/2
f 1413/3/2 1366/2/2 1368/1/2
f 1415/5/3 1412/5/3 1414/1235/3
f 1412/5/3 1415/5/3 1416/1236/3
f 1415/5/4 1366/5/4 1416/1237/4
f 1366/5/4 1415/5/4 1368/1238/4
f 1366/5/5 1412/5/5 1416/1239/5
f 1412/5/5 1366/5/5 1411/1240/5
f 1413/2/6 1415/3/6 1414/11/6
f 1415/3/6 1413/2/6 1368/1/6
f 1419/3/1 1418/2/1 1417/1/1
f 1418/3/1 1419/2/1 1420/1/1
f 1374/3/2 1419/2/2 1417/1/2
f 1419/3/2 1374/2/2 1376/1/2
f 1421/5/3 1418/5/3 1420/1241/3
f 1418/5/3 1421/5/3 1422/1242/3
f 1421/5/4 1374/5/4 1422/1243/4
f 1374/5/4 1421/5/4 1376/1244/4
f 1374/5/5 1418/5/5 1422/1245/5
f 1418/5/5 1374/5/5 1417/1246/5
f 1419/2/6 1421/3/6 1420/11/6
f 1421/3/6 1419/2/6 1376/1/6
f 844/3/1 1423/2/1 843/1/1
f 1423/3/1 844/2/1 1424/1/1
f 1425/3/2 844/2/2 843/1/2
f 844/3/2 1425/2/2 1426/1/2
f 1427/5/3 1423/5/3 1424/1247/3
f 1423/5/3 1427/5/3 1428/1248/3
f 1427/5/4 1425/5/4 1428/1249/4
f 1425/5/4 1427/5/4 1426/1250/4
f 1425/5/5 1423/5/5 1428/1251/5
f 1423/5/5 1425/5/5 843/5/5
f 844/2/6 1427/3/6 1424/11/6
f 1427/3/6 844/2/6 1426/1/6
f 1431/3/1 1430/2/1 1429/1/1
f 1430/3/1 1431/2/1 1432/1/1
f 1433/3/2 1431/2/2 1429/1/2
f 1431/3/2 1433/2/2 1434/1/2
f 1435/5/3 1430/5/3 1432/1252/3
f 1430/5/3 1435/5/3 1436/1253/3
f 1435/5/4 1433/5/4 1436/1254/4
f 1433/5/4 1435/5/4 1434/1255/4
f 1433/5/5 1430/5/5 1436/1256/5
f 1430/5/5 1433/5/5 1429/1257/5
f 1431/2/6 1435/3/6 1432/11/6
f 1435/3/6 1431/2/6 1434/1/6
f 1439/3/1 1438/2/1 1437/1/1
f 1438/3/1 1439/2/1 1440/1/1
f 1394/3/2 1439/2/2 1437/1/2
f 1439/3/2 1394/2/2 1396/1/2
f 1441/5/3 1438/5/3 1440/1258/3
f 1438/5/3 1441/5/3 1442/1259/3
f 1441/5/4 1394/5/4 1442/1260/4
f 1394/5/4 1441/5/4 1396/1261/4
f 1394/5/5 1438/5/5 1442/1262/5
f 1438/5/5 1394/5/5 1437/1263/5
f 1439/2/6 1441/3/6 1440/11/6
f 1441/3/6 1439/2/6 1396/1/6
f 836/3/1 1443/2/1 834/1/1
f 1443/3/1 836/2/1 1444/1/1
f 838/3/2 836/2/2 834/1/2
f 836/3/2 838/2/2 837/1/2
f 1445/5/3 1443/5/3 1444/1264/3
f 1443/5/3 1445/5/3 1446/1265/3
f 1445/5/4 838/686/4 1446/1266/4
f 838/686/4 1445/5/4 837/5/4
f 838/688/5 1443/5/5 1446/1267/5
f 1443/5/5 838/688/5 834/5/5
f 836/2/6 1445/3/6 1444/11/6
f 1445/3/6 836/2/6 837/1/6
f 1449/3/1 1448/2/1 1447/1/1
f 1448/3/1 1449/2/1 1450/1/1
f 1451/3/2 1449/2/2 1447/1/2
f 1449/3/2 1451/2/2 1452/1/2
f 1453/5/3 1448/5/3 1450/1268/3
f 1448/5/3 1453/5/3 1454/1269/3
f 1453/5/4 1451/5/4 1454/1270/4
f 1451/5/4 1453/5/4 1452/1271/4
f 1451/5/5 1448/5/5 1454/1272/5
f 1448/5/5 1451/5/5 1447/1273/5
f 1449/2/6 1453/3/6 1450/11/6
f 1453/3/6 1449/2/6 1452/1/6
f 1457/3/1 1456/2/1 1455/1/1
f 1456/3/1 1457/2/1 1458/1/1
f 1400/3/2 1457/2/2 1455/1/2
f 1457/3/2 1400/2/2 1402/1/2
f 1459/5/3 1456/5/3 1458/1274/3
f 1456/5/3 1459/5/3 1460/1275/3
f 1459/5/4 1400/5/4 1460/1276/4
f 1400/5/4 1459/5/4 1402/1277/4
f 1400/5/5 1456/5/5 1460/1278/5
f 1456/5/5 1400/5/5 1455/1279/5
f 1457/2/6 1459/3/6 1458/11/6
f 1459/3/6 1457/2/6 1402/1/6
f 1463/3/1 1462/2/1 1461/1/1
f 1462/3/1 1463/2/1 1464/1/1
f 1406/3/2 1463/2/2 1461/1/2
f 1463/3/2 1406/2/2 1408/1/2
f 1465/5/3 1462/5/3 1464/1280/3
f 1462/5/3 1465/5/3 1466/1281/3
f 1465/5/4 1406/5/4 1466/1282/4
f 1406/5/4 1465/5/4 1408/1283/4
f 1406/5/5 1462/5/5 1466/1284/5
f 1462/5/5 1406/5/5 1461/1285/5
f 1463/2/6 1465/3/6 1464/11/6
f 1465/3/6 1463/2/6 1408/1/6
f 1469/3/1 1468/2/1 1467/1/1
f 1468/3/1 1469/2/1 1470/1/1
f 1412/3/2 1469/2/2 1467/1/2
f 1469/3/2 1412/2/2 1414/1/2
f 1471/5/3 1468/5/3 1470/1286/3
f 1468/5/3 1471/5/3 1472/1287/3
f 1471/5/4 1412/5/4 1472/1288/4
f 1412/5/4 1471/5/4 1414/1289/4
f 1412/5/5 1468/5/5 1472/1290/5
f 1468/5/5 1412/5/5 1467/1291/5
f 1469/2/6 1471/3/6 1470/11/6
f 1471/3/6 1469/2/6 1414/1/6
f 1475/3/1 1474/2/1 1473/1/1
f 1474/3/1 1475/2/1 1476/1/1
f 1418/3/2 1475/2/2 1473/1/2
f 1475/3/2 1418/2/2 1420/1/2
f 1477/5/3 1474/5/3 1476/1292/3
f 1474/5/3 1477/5/3 1478/1293/3
f 1477/5/4 1418/5/4 1478/1294/4
f 1418/5/4 1477/5/4 1420/1295/4
f 1418/5/5 1474/5/5 1478/1296/5
f 1474/5/5 1418/5/5 1473/1297/5
f 1475/2/6 1477/3/6 1476/11/6
f 1477/3/6 1475/2/6 1420/1/6
f 1481/3/1 1480/2/1 1479/1/1
f 1480/3/1 1481/2/1 1482/1/1
f 1483/3/2 1481/2/2 1479/1/2
f 1481/3/2 1483/2/2 1484/1/2
f 1485/5/3 1480/5/3 1482/1298/3
f 1480/5/3 1485/5/3 1486/1299/3
f 1485/5/4 1483/5/4 1486/1300/4
f 1483/5/4 1485/5/4 1484/1301/4
f 1483/5/5 1480/5/5 1486/1302/5
f 1480/5/5 1483/5/5 1479/1303/5
f 1481/2/6 1485/3/6 1482/11/6
f 1485/3/6 1481/2/6 1484/1/6
f 1489/3/1 1488/2/1 1487/1/1
f 1488/3/1 1489/2/1 1490/1/1
f 187/3/2 1489/2/2 1487/1/2
f 1489/3/2 187/2/2 188/1/2
f 1491/5/3 1488/5/3 1490/1304/3
f 1488/5/3 1491/5/3 1492/1305/3
f 1491/5/4 187/5/4 1492/1306/4
f 187/5/4 1491/5/4 188/1307/4
f 187/5/5 1488/5/5 1492/1308/5
f 1488/5/5 187/5/5 1487/1309/5
f 1489/2/6 1491/3/6 1490/11/6
f 1491/3/6 1489/2/6 188/1/6
f 199/3/1 1493/2/1 200/1/1
f 1493/3/1 199/2/1 1494/1/1
f 1495/3/2 199/2/2 200/1/2
f 199/3/2 1495/2/2 1496/1/2
f 1497/5/3 1493/5/3 1494/1310/3
f 1493/5/3 1497/5/3 1498/1311/3
f 1497/5/4 1495/5/4 1498/1312/4
f 1495/5/4 1497/5/4 1496/1313/4
f 1495/5/5 1493/5/5 1498/1314/5
f 1493/5/5 1495/5/5 200/156/5
f 199/2/6 1497/3/6 1494/11/6
f 1497/3/6 199/2/6 1496/1/6
f 1500/3/1 1442/2/1 1499/1/1
f 1442/3/1 1500/2/1 1441/1/1
f 1501/3/2 1500/2/2 1499/1/2
f 1500/3/2 1501/2/2 1502/1/2
f 239/5/3 1442/1259/3 1441/5/3
f 1442/1259/3 239/5/3 237/1315/3
f 239/5/4 1501/5/4 237/1316/4
f 1501/5/4 239/5/4 1502/1317/4
f 1501/5/5 1442/1262/5 237/191/5
f 1442/1262/5 1501/5/5 1499/1318/5
f 1500/2/6 239/3/6 1441/11/6
f 239/3/6 1500/2/6 1502/1/6
f 1505/3/1 1504/2/1 1503/1/1
f 1504/3/1 1505/2/1 1506/1/1
f 1507/3/2 1505/2/2 1503/1/2
f 1505/3/2 1507/2/2 1508/1/2
f 1509/5/3 1504/5/3 1506/1319/3
f 1504/5/3 1509/5/3 1510/1320/3
f 1509/5/4 1507/5/4 1510/1321/4
f 1507/5/4 1509/5/4 1508/1322/4
f 1507/5/5 1504/5/5 1510/1323/5
f 1504/5/5 1507/5/5 1503/1324/5
f 1505/2/6 1509/3/6 1506/11/6
f 1509/3/6 1505/2/6 1508/1/6
f 1513/3/1 1512/2/1 1511/1/1
f 1512/3/1 1513/2/1 1514/1/1
f 1515/3/2 1513/2/2 1511/1/2
f 1513/3/2 1515/2/2 1516/1/2
f 1517/5/3 1512/5/3 1514/1325/3
f 1512/5/3 1517/5/3 1518/1326/3
f 1517/5/4 1515/5/4 1518/1327/4
f 1515/5/4 1517/5/4 1516/1328/4
f 1515/5/5 1512/5/5 1518/1329/5
f 1512/5/5 1515/5/5 1511/1330/5
f 1513/2/6 1517/3/6 1514/11/6
f 1517/3/6 1513/2/6 1516/1/6
f 1521/3/1 1520/2/1 1519/1/1
f 1520/3/1 1521/2/1 1522/1/1
f 1523/3/2 1521/2/2 1519/1/2
f 1521/3/2 1523/2/2 1524/1/2
f 1525/5/3 1520/5/3 1522/1331/3
f 1520/5/3 1525/5/3 1526/1332/3
f 1525/5/4 1523/5/4 1526/1333/4
f 1523/5/4 1525/5/4 1524/1334/4
f 1523/5/5 1520/5/5 1526/1335/5
f 1520/5/5 1523/5/5 1519/1336/5
f 1521/2/6 1525/3/6 1522/11/6
f 1525/3/6 1521/2/6 1524/1/6
f 207/3/1 1527/2/1 208/1/1
f 1527/3/1 207/2/1 1528/1/1
f 1278/3/2 207/2/2 208/1/2
f 207/3/2 1278/2/2 1277/1/2
f 1280/1119/3 1527/5/3 1528/1337/3
f 1527/5/3 1280/1119/3 1279/5/3
f 1280/5/4 1278/1116/4 1279/1338/4
f 1278/1116/4 1280/5/4 1277/5/4
f 1278/1118/5 1527/5/5 1279/5/5
f 1527/5/5 1278/1118/5 208/162/5
f 207/2/6 1280/3/6 1528/11/6
f 1280/3/6 207/2/6 1277/1/6
f 1531/3/1 1530/2/1 1529/1/1
f 1530/3/1 1531/2/1 1532/1/1
f 1533/3/2 1531/2/2 1529/1/2
f 1531/3/2 1533/2/2 1534/1/2
f 1535/5/3 1530/5/3 1532/1339/3
f 1530/5/3 1535/5/3 1536/1340/3
f 1535/5/4 1533/5/4 1536/1341/4
f 1533/5/4 1535/5/4 1534/1342/4
f 1533/5/5 1530/5/5 1536/1343/5
f 1530/5/5 1533/5/5 1529/1344/5
f 1531/2/6 1535/3/6 1532/11/6
f 1535/3/6 1531/2/6 1534/1/6
f 1538/3/1 881/2/1 1537/1/1
f 881/3/1 1538/2/1 882/1/1
f 1539/3/2 1538/2/2 1537/1/2
f 1538/3/2 1539/2/2 1540/1/2
f 1296/1130/3 881/5/3 882/1345/3
f 881/5/3 1296/1130/3 1294/5/3
f 1296/5/4 1539/5/4 1294/1346/4
f 1539/5/4 1296/5/4 1540/1347/4
f 1539/5/5 881/5/5 1294/5/5
f 881/5/5 1539/5/5 1537/1348/5
f 1538/2/6 1296/3/6 882/11/6
f 1296/3/6 1538/2/6 1540/1/6
f 1543/3/1 1542/2/1 1541/1/1
f 1542/3/1 1543/2/1 1544/1/1
f 1545/3/2 1543/2/2 1541/1/2
f 1543/3/2 1545/2/2 1546/1/2
f 888/736/3 1542/5/3 1544/1349/3
f 1542/5/3 888/736/3 886/5/3
f 888/5/4 1545/5/4 886/1350/4
f 1545/5/4 888/5/4 1546/1351/4
f 1545/5/5 1542/5/5 886/5/5
f 1542/5/5 1545/5/5 1541/1352/5
f 1543/2/6 888/3/6 1544/11/6
f 888/3/6 1543/2/6 1546/1/6
f 1548/3/1 1510/2/1 1547/1/1
f 1510/3/1 1548/2/1 1509/1/1
f 1549/3/2 1548/2/2 1547/1/2
f 1548/3/2 1549/2/2 1550/1/2
f 1551/5/3 1510/1320/3 1509/5/3
f 1510/1320/3 1551/5/3 1552/1353/3
f 1551/5/4 1549/5/4 1552/1354/4
f 1549/5/4 1551/5/4 1550/1355/4
f 1549/5/5 1510/1323/5 1552/1356/5
f 1510/1323/5 1549/5/5 1547/1357/5
f 1548/2/6 1551/3/6 1509/11/6
f 1551/3/6 1548/2/6 1550/1/6
f 1554/3/1 1536/2/1 1553/1/1
f 1536/3/1 1554/2/1 1535/1/1
f 1555/3/2 1554/2/2 1553/1/2
f 1554/3/2 1555/2/2 1556/1/2
f 882/1345/3 1536/1340/3 1535/5/3
f 1536/1340/3 882/1345/3 881/5/3
f 882/731/4 1555/5/4 881/5/4
f 1555/5/4 882/731/4 1556/1358/4
f 1555/5/5 1536/1343/5 881/5/5
f 1536/1343/5 1555/5/5 1553/1359/5
f 1554/2/6 882/3/6 1535/11/6
f 882/3/6 1554/2/6 1556/1/6
f 1559/3/1 1558/2/1 1557/1/1
f 1558/3/1 1559/2/1 1560/1/1
f 1561/3/2 1559/2/2 1557/1/2
f 1559/3/2 1561/2/2 1562/1/2
f 1563/5/3 1558/5/3 1560/1360/3
f 1558/5/3 1563/5/3 1564/1361/3
f 1563/5/4 1561/5/4 1564/1362/4
f 1561/5/4 1563/5/4 1562/1363/4
f 1561/5/5 1558/5/5 1564/1364/5
f 1558/5/5 1561/5/5 1557/1365/5
f 1559/2/6 1563/3/6 1560/11/6
f 1563/3/6 1559/2/6 1562/1/6
f 1567/3/1 1566/2/1 1565/1/1
f 1566/3/1 1567/2/1 1568/1/1
f 1569/3/2 1567/2/2 1565/1/2
f 1567/3/2 1569/2/2 1570/1/2
f 1571/5/3 1566/5/3 1568/1366/3
f 1566/5/3 1571/5/3 1572/1367/3
f 1571/5/4 1569/5/4 1572/1368/4
f 1569/5/4 1571/5/4 1570/1369/4
f 1569/5/5 1566/5/5 1572/1370/5
f 1566/5/5 1569/5/5 1565/1371/5
f 1567/2/6 1571/3/6 1568/11/6
f 1571/3/6 1567/2/6 1570/1/6
f 1575/3/1 1574/2/1 1573/1/1
f 1574/3/1 1575/2/1 1576/1/1
f 1577/3/2 1575/2/2 1573/1/2
f 1575/3/2 1577/2/2 1578/1/2
f 1579/5/3 1574/5/3 1576/1372/3
f 1574/5/3 1579/5/3 1580/1373/3
f 1579/5/4 1577/5/4 1580/1374/4
f 1577/5/4 1579/5/4 1578/1375/4
f 1577/5/5 1574/5/5 1580/1376/5
f 1574/5/5 1577/5/5 1573/1377/5
f 1575/2/6 1579/3/6 1576/11/6
f 1579/3/6 1575/2/6 1578/1/6
f 248/3/1 893/2/1 246/1/1
f 893/3/1 248/2/1 895/1/1
f 261/3/2 248/2/2 246/1/2
f 248/3/2 261/2/2 263/1/2
f 264/204/3 893/5/3 895/1378/3
f 893/5/3 264/204/3 262/5/3
f 264/745/4 261/5/4 262/5/4
f 261/5/4 264/745/4 263/1379/4
f 261/208/5 893/747/5 262/5/5
f 893/747/5 261/208/5 246/5/5
f 248/2/6 264/3/6 895/11/6
f 264/3/6 248/2/6 263/1/6
f 1582/3/1 1189/2/1 1581/1/1
f 1189/3/1 1582/2/1 1191/1/1
f 1299/3/2 1582/2/2 1581/1/2
f 1582/3/2 1299/2/2 1301/1/2
f 1302/1136/3 1189/5/3 1191/1380/3
f 1189/5/3 1302/1136/3 1300/5/3
f 1302/5/4 1299/5/4 1300/1381/4
f 1299/5/4 1302/5/4 1301/1382/4
f 1299/1139/5 1189/1043/5 1300/5/5
f 1189/1043/5 1299/1139/5 1581/1383/5
f 1582/2/6 1302/3/6 1191/11/6
f 1302/3/6 1582/2/6 1301/1/6
f 1296/3/1 1583/2/1 1294/1/1
f 1583/3/1 1296/2/1 1584/1/1
f 1298/3/2 1296/2/2 1294/1/2
f 1296/3/2 1298/2/2 1297/1/2
f 1318/1154/3 1583/5/3 1584/1384/3
f 1583/5/3 1318/1154/3 1317/5/3
f 1318/5/4 1298/1132/4 1317/1385/4
f 1298/1132/4 1318/5/4 1297/5/4
f 1298/1134/5 1583/5/5 1317/5/5
f 1583/5/5 1298/1134/5 1294/5/5
f 1296/2/6 1318/3/6 1584/11/6
f 1318/3/6 1296/2/6 1297/1/6
f 1587/3/1 1586/2/1 1585/1/1
f 1586/3/1 1587/2/1 1588/1/1
f 1589/3/2 1587/2/2 1585/1/2
f 1587/3/2 1589/2/2 1590/1/2
f 1591/5/3 1586/5/3 1588/1386/3
f 1586/5/3 1591/5/3 1592/1387/3
f 1591/5/4 1589/5/4 1592/1388/4
f 1589/5/4 1591/5/4 1590/1389/4
f 1589/5/5 1586/5/5 1592/1390/5
f 1586/5/5 1589/5/5 1585/1391/5
f 1587/2/6 1591/3/6 1588/11/6
f 1591/3/6 1587/2/6 1590/1/6
f 1595/3/1 1594/2/1 1593/1/1
f 1594/3/1 1595/2/1 1596/1/1
f 1597/3/2 1595/2/2 1593/1/2
f 1595/3/2 1597/2/2 1598/1/2
f 1599/5/3 1594/5/3 1596/1392/3
f 1594/5/3 1599/5/3 1600/1393/3
f 1599/5/4 1597/5/4 1600/1394/4
f 1597/5/4 1599/5/4 1598/1395/4
f 1597/5/5 1594/5/5 1600/1396/5
f 1594/5/5 1597/5/5 1593/1397/5
f 1595/2/6 1599/3/6 1596/11/6
f 1599/3/6 1595/2/6 1598/1/6
f 1571/3/1 1601/2/1 1572/1/1
f 1601/3/1 1571/2/1 1602/1/1
f 1603/3/2 1571/2/2 1572/1/2
f 1571/3/2 1603/2/2 1604/1/2
f 917/5/3 1601/5/3 1602/1398/3
f 1601/5/3 917/5/3 915/1399/3
f 917/1056/4 1603/5/4 915/5/4
f 1603/5/4 917/1056/4 1604/1400/4
f 1603/5/5 1601/5/5 915/763/5
f 1601/5/5 1603/5/5 1572/1370/5
f 1571/2/6 917/3/6 1602/11/6
f 917/3/6 1571/2/6 1604/1/6
f 1579/3/1 1605/2/1 1580/1/1
f 1605/3/1 1579/2/1 1606/1/1
f 1607/3/2 1579/2/2 1580/1/2
f 1579/3/2 1607/2/2 1608/1/2
f 673/5/3 1605/5/3 1606/1401/3
f 1605/5/3 673/5/3 671/1402/3
f 673/762/4 1607/5/4 671/5/4
f 1607/5/4 673/762/4 1608/1403/4
f 1607/5/5 1605/5/5 671/543/5
f 1605/5/5 1607/5/5 1580/1376/5
f 1579/2/6 673/3/6 1606/11/6
f 673/3/6 1579/2/6 1608/1/6
f 1611/3/1 1610/2/1 1609/1/1
f 1610/3/1 1611/2/1 1612/1/1
f 1613/3/2 1611/2/2 1609/1/2
f 1611/3/2 1613/2/2 1614/1/2
f 1615/5/3 1610/5/3 1612/1404/3
f 1610/5/3 1615/5/3 1616/1405/3
f 1615/5/4 1613/5/4 1616/1406/4
f 1613/5/4 1615/5/4 1614/1407/4
f 1613/5/5 1610/5/5 1616/1408/5
f 1610/5/5 1613/5/5 1609/1409/5
f 1611/2/6 1615/3/6 1612/11/6
f 1615/3/6 1611/2/6 1614/1/6
f 1618/3/1 295/2/1 1617/1/1
f 295/3/1 1618/2/1 297/1/1
f 894/3/2 1618/2/2 1617/1/2
f 1618/3/2 894/2/2 896/1/2
f 1324/5/3 295/5/3 297/1410/3
f 295/5/3 1324/5/3 1323/1411/3
f 1324/1162/4 894/1000/4 1323/5/4
f 894/1000/4 1324/1162/4 896/5/4
f 894/5/5 295/238/5 1323/5/5
f 295/238/5 894/5/5 1617/1412/5
f 1618/2/6 1324/3/6 297/11/6
f 1324/3/6 1618/2/6 896/1/6

usemtl color5

f 1621/3/1 1620/2/1 1619/1/1
f 1620/3/1 1621/2/1 1622/1/1
f 1623/3/2 1621/2/2 1619/1/2
f 1621/3/2 1623/2/2 1624/1/2
f 1625/5/3 1620/5/3 1622/1413/3
f 1620/5/3 1625/5/3 1626/1414/3
f 1625/5/4 1623/5/4 1626/1415/4
f 1623/5/4 1625/5/4 1624/1416/4
f 1623/5/5 1620/5/5 1626/1417/5
f 1620/5/5 1623/5/5 1619/1418/5
f 1621/2/6 1625/3/6 1622/11/6
f 1625/3/6 1621/2/6 1624/1/6
f 1228/3/1 1230/2/1 1227/1/1
f 1230/3/1 1228/2/1 1229/1/1
f 1627/3/2 1228/2/2 1227/1/2
f 1228/3/2 1627/2/2 1628/1/2
f 1629/5/3 1230/1071/3 1229/5/3
f 1230/1071/3 1629/5/3 1630/1419/3
f 1629/5/4 1627/5/4 1630/1420/4
f 1627/5/4 1629/5/4 1628/1421/4
f 1627/5/5 1230/1074/5 1630/1422/5
f 1230/1074/5 1627/5/5 1227/5/5
f 1228/2/6 1629/3/6 1229/11/6
f 1629/3/6 1228/2/6 1628/1/6
f 84/3/1 86/2/1 83/1/1
f 86/3/1 84/2/1 85/1/1
f 1344/3/2 84/2/2 83/1/2
f 84/3/2 1344/2/2 1343/1/2
f 1631/5/3 86/67/3 85/5/3
f 86/67/3 1631/5/3 1632/1423/3
f 1631/5/4 1344/1177/4 1632/1424/4
f 1344/1177/4 1631/5/4 1343/5/4
f 1344/1178/5 86/70/5 1632/1425/5
f 86/70/5 1344/1178/5 83/5/5
f 84/2/6 1631/3/6 85/11/6
f 1631/3/6 84/2/6 1343/1/6
f 1346/3/1 1348/2/1 1345/1/1
f 1348/3/1 1346/2/1 1347/1/1
f 1235/3/2 1346/2/2 1345/1/2
f 1346/3/2 1235/2/2 1237/1/2
f 1238/1079/3 1348/1179/3 1347/5/3
f 1348/1179/3 1238/1079/3 1236/5/3
f 1238/5/4 1235/5/4 1236/1426/4
f 1235/5/4 1238/5/4 1237/1427/4
f 1235/1084/5 1348/1182/5 1236/5/5
f 1348/1182/5 1235/1084/5 1345/5/5
f 1346/2/6 1238/3/6 1347/11/6
f 1238/3/6 1346/2/6 1237/1/6
f 1634/3/1 1429/2/1 1633/1/1
f 1429/3/1 1634/2/1 1431/1/1
f 1220/3/2 1634/2/2 1633/1/2
f 1634/3/2 1220/2/2 1222/1/2
f 1434/5/3 1429/5/3 1431/1428/3
f 1429/5/3 1434/5/3 1433/1429/3
f 1434/1255/4 1220/5/4 1433/5/4
f 1220/5/4 1434/1255/4 1222/1430/4
f 1220/5/5 1429/1257/5 1433/5/5
f 1429/1257/5 1220/5/5 1633/1431/5
f 1634/2/6 1434/3/6 1431/11/6
f 1434/3/6 1634/2/6 1222/1/6
f 82/3/1 115/2/1 80/1/1
f 115/3/1 82/2/1 116/1/1
f 86/3/2 82/2/2 80/1/2
f 82/3/2 86/2/2 85/1/2
f 1635/5/3 115/625/3 116/5/3
f 115/625/3 1635/5/3 1636/1432/3
f 1635/5/4 86/68/4 1636/1433/4
f 86/68/4 1635/5/4 85/5/4
f 86/70/5 115/5/5 1636/1434/5
f 115/5/5 86/70/5 80/5/5
f 82/2/6 1635/3/6 116/11/6
f 1635/3/6 82/2/6 85/1/6
f 945/3/1 1254/2/1 946/1/1
f 1254/3/1 945/2/1 1253/1/1
f 1234/3/2 945/2/2 946/1/2
f 945/3/2 1234/2/2 1233/1/2
f 1637/5/3 1254/1092/3 1253/5/3
f 1254/1092/3 1637/5/3 1638/1435/3
f 1637/5/4 1234/1076/4 1638/1436/4
f 1234/1076/4 1637/5/4 1233/5/4
f 1234/1078/5 1254/1094/5 1638/1437/5
f 1254/1094/5 1234/1078/5 946/796/5
f 945/2/6 1637/3/6 1253/11/6
f 1637/3/6 945/2/6 1233/1/6
f 1641/3/1 1640/2/1 1639/1/1
f 1640/3/1 1641/2/1 1642/1/1
f 1643/3/2 1641/2/2 1639/1/2
f 1641/3/2 1643/2/2 1644/1/2
f 1645/5/3 1640/5/3 1642/1438/3
f 1640/5/3 1645/5/3 1646/1439/3
f 1645/5/4 1643/5/4 1646/1440/4
f 1643/5/4 1645/5/4 1644/1441/4
f 1643/5/5 1640/5/5 1646/1442/5
f 1640/5/5 1643/5/5 1639/1443/5
f 1641/2/6 1645/3/6 1642/11/6
f 1645/3/6 1641/2/6 1644/1/6
f 1649/3/1 1648/2/1 1647/1/1
f 1648/3/1 1649/2/1 1650/1/1
f 1651/3/2 1649/2/2 1647/1/2
f 1649/3/2 1651/2/2 1652/1/2
f 1653/5/3 1648/5/3 1650/1444/3
f 1648/5/3 1653/5/3 1654/1445/3
f 1653/5/4 1651/5/4 1654/1446/4
f 1651/5/4 1653/5/4 1652/1447/4
f 1651/5/5 1648/5/5 1654/1448/5
f 1648/5/5 1651/5/5 1647/1449/5
f 1649/2/6 1653/3/6 1650/11/6
f 1653/3/6 1649/2/6 1652/1/6
f 1657/3/1 1656/2/1 1655/1/1
f 1656/3/1 1657/2/1 1658/1/1
f 1638/3/2 1657/2/2 1655/1/2
f 1657/3/2 1638/2/2 1637/1/2
f 1659/5/3 1656/5/3 1658/1450/3
f 1656/5/3 1659/5/3 1660/1451/3
f 1659/5/4 1638/1436/4 1660/1452/4
f 1638/1436/4 1659/5/4 1637/5/4
f 1638/1437/5 1656/5/5 1660/1453/5
f 1656/5/5 1638/1437/5 1655/1454/5
f 1657/2/6 1659/3/6 1658/11/6
f 1659/3/6 1657/2/6 1637/1/6
f 1645/3/1 1661/2/1 1646/1/1
f 1661/3/1 1645/2/1 1662/1/1
f 1648/3/2 1645/2/2 1646/1/2
f 1645/3/2 1648/2/2 1650/1/2
f 1663/5/3 1661/5/3 1662/1455/3
f 1661/5/3 1663/5/3 1664/1456/3
f 1663/5/4 1648/5/4 1664/1457/4
f 1648/5/4 1663/5/4 1650/1458/4
f 1648/5/5 1661/5/5 1664/1459/5
f 1661/5/5 1648/5/5 1646/1442/5
f 1645/2/6 1663/3/6 1662/11/6
f 1663/3/6 1645/2/6 1650/1/6
f 114/3/1 1059/2/1 112/1/1
f 1059/3/1 114/2/1 1060/1/1
f 118/3/2 114/2/2 112/1/2
f 114/3/2 118/2/2 117/1/2
f 1665/5/3 1059/1096/3 1060/5/3
f 1059/1096/3 1665/5/3 1666/1460/3
f 1665/5/4 118/92/4 1666/1461/4
f 118/92/4 1665/5/4 117/5/4
f 118/94/5 1059/5/5 1666/1462/5
f 1059/5/5 118/94/5 112/5/5
f 114/2/6 1665/3/6 1060/11/6
f 1665/3/6 114/2/6 117/1/6
f 1659/3/1 1667/2/1 1660/1/1
f 1667/3/1 1659/2/1 1668/1/1
f 1669/3/2 1659/2/2 1660/1/2
f 1659/3/2 1669/2/2 1670/1/2
f 1671/5/3 1667/5/3 1668/1463/3
f 1667/5/3 1671/5/3 1672/1464/3
f 1671/5/4 1669/5/4 1672/1465/4
f 1669/5/4 1671/5/4 1670/1466/4
f 1669/5/5 1667/5/5 1672/1467/5
f 1667/5/5 1669/5/5 1660/1453/5
f 1659/2/6 1671/3/6 1668/11/6
f 1671/3/6 1659/2/6 1670/1/6
f 1674/3/1 1065/2/1 1673/1/1
f 1065/3/1 1674/2/1 1066/1/1
f 1675/3/2 1674/2/2 1673/1/2
f 1674/3/2 1675/2/2 1676/1/2
f 1677/5/3 1065/5/3 1066/1468/3
f 1065/5/3 1677/5/3 1678/1469/3
f 1677/5/4 1675/5/4 1678/1470/4
f 1675/5/4 1677/5/4 1676/1471/4
f 1675/5/5 1065/5/5 1678/1472/5
f 1065/5/5 1675/5/5 1673/1473/5
f 1674/2/6 1677/3/6 1066/11/6
f 1677/3/6 1674/2/6 1676/1/6
f 1432/3/1 1503/2/1 1430/1/1
f 1503/3/1 1432/2/1 1505/1/1
f 1436/3/2 1432/2/2 1430/1/2
f 1432/3/2 1436/2/2 1435/1/2
f 1508/5/3 1503/5/3 1505/1474/3
f 1503/5/3 1508/5/3 1507/1475/3
f 1508/1322/4 1436/1254/4 1507/5/4
f 1436/1254/4 1508/1322/4 1435/5/4
f 1436/1256/5 1503/1324/5 1507/5/5
f 1503/1324/5 1436/1256/5 1430/5/5
f 1432/2/6 1508/3/6 1505/11/6
f 1508/3/6 1432/2/6 1435/1/6
f 1671/3/1 1679/2/1 1672/1/1
f 1679/3/1 1671/2/1 1680/1/1
f 1681/3/2 1671/2/2 1672/1/2
f 1671/3/2 1681/2/2 1682/1/2
f 1683/5/3 1679/5/3 1680/1476/3
f 1679/5/3 1683/5/3 1684/1477/3
f 1683/5/4 1681/5/4 1684/1478/4
f 1681/5/4 1683/5/4 1682/1479/4
f 1681/5/5 1679/5/5 1684/1480/5
f 1679/5/5 1681/5/5 1672/1467/5
f 1671/2/6 1683/3/6 1680/11/6
f 1683/3/6 1671/2/6 1682/1/6
f 1677/3/1 1093/2/1 1678/1/1
f 1093/3/1 1677/2/1 1094/1/1
f 1685/3/2 1677/2/2 1678/1/2
f 1677/3/2 1685/2/2 1686/1/2
f 1687/5/3 1093/5/3 1094/1481/3
f 1093/5/3 1687/5/3 1688/1482/3
f 1687/5/4 1685/5/4 1688/1483/4
f 1685/5/4 1687/5/4 1686/1484/4
f 1685/5/5 1093/5/5 1688/1485/5
f 1093/5/5 1685/5/5 1678/1472/5
f 1677/2/6 1687/3/6 1094/11/6
f 1687/3/6 1677/2/6 1686/1/6
f 372/3/1 601/2/1 370/1/1
f 601/3/1 372/2/1 602/1/1
f 593/3/2 372/2/2 370/1/2
f 372/3/2 593/2/2 595/1/2
f 596/477/3 601/5/3 602/1486/3
f 601/5/3 596/477/3 594/5/3
f 596/5/4 593/5/4 594/1487/4
f 593/5/4 596/5/4 595/1488/4
f 593/481/5 601/5/5 594/5/5
f 601/5/5 593/481/5 370/5/5
f 372/2/6 596/3/6 602/11/6
f 596/3/6 372/2/6 595/1/6
f 1444/3/1 1018/2/1 1443/1/1
f 1018/3/1 1444/2/1 1017/1/1
f 1446/3/2 1444/2/2 1443/1/2
f 1444/3/2 1446/2/2 1445/1/2
f 1689/5/3 1018/875/3 1017/5/3
f 1018/875/3 1689/5/3 1690/1489/3
f 1689/5/4 1446/1266/4 1690/1490/4
f 1446/1266/4 1689/5/4 1445/5/4
f 1446/1267/5 1018/878/5 1690/1491/5
f 1018/878/5 1446/1267/5 1443/5/5
f 1444/2/6 1689/3/6 1017/11/6
f 1689/3/6 1444/2/6 1445/1/6
f 1683/3/1 1691/2/1 1684/1/1
f 1691/3/1 1683/2/1 1692/1/1
f 1693/3/2 1683/2/2 1684/1/2
f 1683/3/2 1693/2/2 1694/1/2
f 1695/5/3 1691/5/3 1692/1492/3
f 1691/5/3 1695/5/3 1696/1493/3
f 1695/5/4 1693/5/4 1696/1494/4
f 1693/5/4 1695/5/4 1694/1495/4
f 1693/5/5 1691/5/5 1696/1496/5
f 1691/5/5 1693/5/5 1684/1480/5
f 1683/2/6 1695/3/6 1692/11/6
f 1695/3/6 1683/2/6 1694/1/6
f 1687/3/1 1278/2/1 1688/1/1
f 1278/3/1 1687/2/1 1277/1/1
f 193/3/2 1687/2/2 1688/1/2
f 1687/3/2 193/2/2 195/1/2
f 1282/5/3 1278/1115/3 1277/5/3
f 1278/1115/3 1282/5/3 1281/1497/3
f 1282/1122/4 193/5/4 1281/5/4
f 193/5/4 1282/1122/4 195/1498/4
f 193/157/5 1278/1118/5 1281/5/5
f 1278/1118/5 193/157/5 1688/1485/5
f 1687/2/6 1282/3/6 1277/11/6
f 1282/3/6 1687/2/6 195/1/6
f 198/3/1 200/2/1 197/1/1
f 200/3/1 198/2/1 199/1/1
f 1697/3/2 198/2/2 197/1/2
f 198/3/2 1697/2/2 1698/1/2
f 1496/5/3 200/153/3 199/5/3
f 200/153/3 1496/5/3 1495/1499/3
f 1496/1313/4 1697/5/4 1495/5/4
f 1697/5/4 1496/1313/4 1698/1500/4
f 1697/5/5 200/156/5 1495/5/5
f 200/156/5 1697/5/5 197/5/5
f 198/2/6 1496/3/6 199/11/6
f 1496/3/6 198/2/6 1698/1/6
f 1022/3/1 1699/2/1 1020/1/1
f 1699/3/1 1022/2/1 1700/1/1
f 1701/3/2 1022/2/2 1020/1/2
f 1022/3/2 1701/2/2 1702/1/2
f 1703/5/3 1699/5/3 1700/1501/3
f 1699/5/3 1703/5/3 1704/1502/3
f 1703/5/4 1701/5/4 1704/1503/4
f 1701/5/4 1703/5/4 1702/1504/4
f 1701/5/5 1699/5/5 1704/1505/5
f 1699/5/5 1701/5/5 1020/5/5
f 1022/2/6 1703/3/6 1700/11/6
f 1703/3/6 1022/2/6 1702/1/6
f 1706/3/1 1501/2/1 1705/1/1
f 1501/3/1 1706/2/1 1502/1/1
f 1707/3/2 1706/2/2 1705/1/2
f 1706/3/2 1707/2/2 1708/1/2
f 1709/5/3 1501/5/3 1502/1506/3
f 1501/5/3 1709/5/3 1710/1507/3
f 1709/5/4 1707/5/4 1710/1508/4
f 1707/5/4 1709/5/4 1708/1509/4
f 1707/5/5 1501/5/5 1710/1510/5
f 1501/5/5 1707/5/5 1705/1511/5
f 1706/2/6 1709/3/6 1502/11/6
f 1709/3/6 1706/2/6 1708/1/6
f 1695/3/1 1711/2/1 1696/1/1
f 1711/3/1 1695/2/1 1712/1/1
f 1487/3/2 1695/2/2 1696/1/2
f 1695/3/2 1487/2/2 1489/1/2
f 1490/1304/3 1711/5/3 1712/1512/3
f 1711/5/3 1490/1304/3 1488/5/3
f 1490/5/4 1487/5/4 1488/1513/4
f 1487/5/4 1490/5/4 1489/1514/4
f 1487/1309/5 1711/5/5 1488/5/5
f 1711/5/5 1487/1309/5 1696/1496/5
f 1695/2/6 1490/3/6 1712/11/6
f 1490/3/6 1695/2/6 1489/1/6
f 1714/3/1 245/2/1 1713/1/1
f 245/3/1 1714/2/1 247/1/1
f 1715/3/2 1714/2/2 1713/1/2
f 1714/3/2 1715/2/2 1716/1/2
f 250/5/3 245/5/3 247/1515/3
f 245/5/3 250/5/3 249/1516/3
f 250/195/4 1715/5/4 249/5/4
f 1715/5/4 250/195/4 1716/1517/4
f 1715/5/5 245/197/5 249/5/5
f 245/197/5 1715/5/5 1713/1518/5
f 1714/2/6 250/3/6 247/11/6
f 250/3/6 1714/2/6 1716/1/6
f 1494/3/1 1717/2/1 1493/1/1
f 1717/3/1 1494/2/1 1718/1/1
f 1498/3/2 1494/2/2 1493/1/2
f 1494/3/2 1498/2/2 1497/1/2
f 1290/5/3 1717/5/3 1718/1519/3
f 1717/5/3 1290/5/3 1289/1520/3
f 1290/1127/4 1498/1312/4 1289/5/4
f 1498/1312/4 1290/1127/4 1497/5/4
f 1498/1314/5 1717/5/5 1289/5/5
f 1717/5/5 1498/1314/5 1493/5/5
f 1494/2/6 1290/3/6 1718/11/6
f 1290/3/6 1494/2/6 1497/1/6
f 1540/3/1 1293/2/1 1539/1/1
f 1293/3/1 1540/2/1 1295/1/1
f 1719/3/2 1540/2/2 1539/1/2
f 1540/3/2 1719/2/2 1720/1/2
f 615/5/3 1293/5/3 1295/1521/3
f 1293/5/3 615/5/3 613/1522/3
f 615/1133/4 1719/5/4 613/5/4
f 1719/5/4 615/1133/4 1720/1523/4
f 1719/5/5 1293/1135/5 613/498/5
f 1293/1135/5 1719/5/5 1539/5/5
f 1540/2/6 615/3/6 1295/11/6
f 615/3/6 1540/2/6 1720/1/6
f 1514/3/1 257/2/1 1512/1/1
f 257/3/1 1514/2/1 258/1/1
f 1518/3/2 1514/2/2 1512/1/2
f 1514/3/2 1518/2/2 1517/1/2
f 1721/5/3 257/5/3 258/1524/3
f 257/5/3 1721/5/3 1722/1525/3
f 1721/5/4 1518/1327/4 1722/1526/4
f 1518/1327/4 1721/5/4 1517/5/4
f 1518/1329/5 257/5/5 1722/1527/5
f 257/5/5 1518/1329/5 1512/5/5
f 1514/2/6 1721/3/6 258/11/6
f 1721/3/6 1514/2/6 1517/1/6
f 1725/3/1 1724/2/1 1723/1/1
f 1724/3/1 1725/2/1 1726/1/1
f 1727/3/2 1725/2/2 1723/1/2
f 1725/3/2 1727/2/2 1728/1/2
f 272/5/3 1724/5/3 1726/1528/3
f 1724/5/3 272/5/3 271/1529/3
f 272/212/4 1727/5/4 271/5/4
f 1727/5/4 272/212/4 1728/1530/4
f 1727/5/5 1724/5/5 271/5/5
f 1724/5/5 1727/5/5 1723/1531/5
f 1725/2/6 272/3/6 1726/11/6
f 272/3/6 1725/2/6 1728/1/6
f 1528/3/1 1729/2/1 1527/1/1
f 1729/3/1 1528/2/1 1730/1/1
f 1731/3/2 1528/2/2 1527/1/2
f 1528/3/2 1731/2/2 1732/1/2
f 1588/1386/3 1729/5/3 1730/1532/3
f 1729/5/3 1588/1386/3 1586/5/3
f 1588/5/4 1731/5/4 1586/1533/4
f 1731/5/4 1588/5/4 1732/1534/4
f 1731/5/5 1729/5/5 1586/5/5
f 1729/5/5 1731/5/5 1527/5/5
f 1528/2/6 1588/3/6 1730/11/6
f 1588/3/6 1528/2/6 1732/1/6
f 1732/3/1 1733/2/1 1731/1/1
f 1733/3/1 1732/2/1 1734/1/1
f 1285/3/2 1732/2/2 1731/1/2
f 1732/3/2 1285/2/2 1287/1/2
f 1288/1124/3 1733/5/3 1734/1535/3
f 1733/5/3 1288/1124/3 1286/5/3
f 1288/5/4 1285/5/4 1286/1536/4
f 1285/5/4 1288/5/4 1287/1537/4
f 1285/1129/5 1733/5/5 1286/5/5
f 1733/5/5 1285/1129/5 1731/5/5
f 1732/2/6 1288/3/6 1734/11/6
f 1288/3/6 1732/2/6 1287/1/6
f 256/3/1 1613/2/1 254/1/1
f 1613/3/1 256/2/1 1614/1/1
f 260/3/2 256/2/2 254/1/2
f 256/3/2 260/2/2 259/1/2
f 1735/5/3 1613/5/3 1614/1538/3
f 1613/5/3 1735/5/3 1736/1539/3
f 1735/5/4 260/200/4 1736/1540/4
f 260/200/4 1735/5/4 259/5/4
f 260/202/5 1613/5/5 1736/1541/5
f 1613/5/5 260/202/5 254/5/5
f 256/2/6 1735/3/6 1614/11/6
f 1735/3/6 256/2/6 259/1/6
f 1563/3/1 1737/2/1 1564/1/1
f 1737/3/1 1563/2/1 1738/1/1
f 1739/3/2 1563/2/2 1564/1/2
f 1563/3/2 1739/2/2 1740/1/2
f 1741/5/3 1737/5/3 1738/1542/3
f 1737/5/3 1741/5/3 1742/1543/3
f 1741/5/4 1739/5/4 1742/1544/4
f 1739/5/4 1741/5/4 1740/1545/4
f 1739/5/5 1737/5/5 1742/1546/5
f 1737/5/5 1739/5/5 1564/1364/5
f 1563/2/6 1741/3/6 1738/11/6
f 1741/3/6 1563/2/6 1740/1/6
f 1591/3/1 1743/2/1 1592/1/1
f 1743/3/1 1591/2/1 1744/1/1
f 1745/3/2 1591/2/2 1592/1/2
f 1591/3/2 1745/2/2 1746/1/2
f 1747/5/3 1743/5/3 1744/1547/3
f 1743/5/3 1747/5/3 1748/1548/3
f 1747/5/4 1745/5/4 1748/1549/4
f 1745/5/4 1747/5/4 1746/1550/4
f 1745/5/5 1743/5/5 1748/1551/5
f 1743/5/5 1745/5/5 1592/1390/5
f 1591/2/6 1747/3/6 1744/11/6
f 1747/3/6 1591/2/6 1746/1/6
f 1751/3/1 1750/2/1 1749/1/1
f 1750/3/1 1751/2/1 1752/1/1
f 1753/3/2 1751/2/2 1749/1/2
f 1751/3/2 1753/2/2 1754/1/2
f 1755/5/3 1750/5/3 1752/1552/3
f 1750/5/3 1755/5/3 1756/1553/3
f 1755/5/4 1753/5/4 1756/1554/4
f 1753/5/4 1755/5/4 1754/1555/4
f 1753/5/5 1750/5/5 1756/1556/5
f 1750/5/5 1753/5/5 1749/1557/5
f 1751/2/6 1755/3/6 1752/11/6
f 1755/3/6 1751/2/6 1754/1/6
f 1732/3/1 1733/2/1 1731/1/1
f 1733/3/1 1732/2/1 1734/1/1
f 1285/3/2 1732/2/2 1731/1/2
f 1732/3/2 1285/2/2 1287/1/2
f 1288/1124/3 1733/5/3 1734/1535/3
f 1733/5/3 1288/1124/3 1286/5/3
f 1288/5/4 1285/5/4 1286/1536/4
f 1285/5/4 1288/5/4 1287/1537/4
f 1285/1129/5 1733/5/5 1286/5/5
f 1733/5/5 1285/1129/5 1731/5/5
f 1732/2/6 1288/3/6 1734/11/6
f 1288/3/6 1732/2/6 1287/1/6

usemtl color23

f 403/3/1 1757/2/1 404/1/1
f 1757/3/1 403/2/1 1758/1/1
f 724/3/2 403/2/2 404/1/2
f 403/3/2 724/2/2 723/1/2
f 1759/5/3 1757/5/3 1758/1558/3
f 1757/5/3 1759/5/3 1760/1559/3
f 1759/5/4 724/579/4 1760/1560/4
f 724/579/4 1759/5/4 723/5/4
f 724/581/5 1757/5/5 1760/1561/5
f 1757/5/5 724/581/5 404/320/5
f 403/2/6 1759/3/6 1758/11/6
f 1759/3/6 403/2/6 723/1/6

usemtl color22

f 756/3/1 758/2/1 755/1/1
f 758/3/1 756/2/1 757/1/1
f 759/3/2 756/2/2 755/1/2
f 756/3/2 759/2/2 761/1/2
f 762/613/3 758/609/3 757/5/3
f 758/609/3 762/613/3 760/5/3
f 762/5/4 759/5/4 760/1562/4
f 759/5/4 762/5/4 761/1563/4
f 759/618/5 758/612/5 760/5/5
f 758/612/5 759/618/5 755/5/5
f 756/2/6 762/3/6 757/11/6
f 762/3/6 756/2/6 761/1/6

usemtl color18

f 1763/3/1 1762/2/1 1761/1/1
f 1762/3/1 1763/2/1 1764/1/1
f 1765/3/2 1763/2/2 1761/1/2
f 1763/3/2 1765/2/2 1766/1/2
f 789/5/3 1762/5/3 1764/1564/3
f 1762/5/3 789/5/3 787/1565/3
f 789/5/4 1765/5/4 787/1566/4
f 1765/5/4 789/5/4 1766/1567/4
f 1765/5/5 1762/5/5 787/647/5
f 1762/5/5 1765/5/5 1761/1568/5
f 1763/2/6 789/3/6 1764/11/6
f 789/3/6 1763/2/6 1766/1/6
f 1769/3/1 1768/2/1 1767/1/1
f 1768/3/1 1769/2/1 1770/1/1
f 1771/3/2 1769/2/2 1767/1/2
f 1769/3/2 1771/2/2 1772/1/2
f 1773/5/3 1768/5/3 1770/1569/3
f 1768/5/3 1773/5/3 1774/1570/3
f 1773/5/4 1771/5/4 1774/1571/4
f 1771/5/4 1773/5/4 1772/1572/4
f 1771/5/5 1768/5/5 1774/1573/5
f 1768/5/5 1771/5/5 1767/1574/5
f 1769/2/6 1773/3/6 1770/11/6
f 1773/3/6 1769/2/6 1772/1/6
f 1776/3/1 695/2/1 1775/1/1
f 695/3/1 1776/2/1 697/1/1
f 1777/3/2 1776/2/2 1775/1/2
f 1776/3/2 1777/2/2 1778/1/2
f 700/5/3 695/5/3 697/1575/3
f 695/5/3 700/5/3 699/1576/3
f 700/561/4 1777/5/4 699/5/4
f 1777/5/4 700/561/4 1778/1577/4
f 1777/5/5 695/563/5 699/5/5
f 695/563/5 1777/5/5 1775/1578/5
f 1776/2/6 700/3/6 697/11/6
f 700/3/6 1776/2/6 1778/1/6
f 1781/3/1 1780/2/1 1779/1/1
f 1780/3/1 1781/2/1 1782/1/1
f 1783/3/2 1781/2/2 1779/1/2
f 1781/3/2 1783/2/2 1784/1/2
f 1785/5/3 1780/5/3 1782/1579/3
f 1780/5/3 1785/5/3 1786/1580/3
f 1785/5/4 1783/5/4 1786/1581/4
f 1783/5/4 1785/5/4 1784/1582/4
f 1783/5/5 1780/5/5 1786/1583/5
f 1780/5/5 1783/5/5 1779/1584/5
f 1781/2/6 1785/3/6 1782/11/6
f 1785/3/6 1781/2/6 1784/1/6
f 700/3/1 702/2/1 699/1/1
f 702/3/1 700/2/1 701/1/1
f 1787/3/2 700/2/2 699/1/2
f 700/3/2 1787/2/2 1788/1/2
f 1789/5/3 702/559/3 701/5/3
f 702/559/3 1789/5/3 1790/1585/3
f 1789/5/4 1787/5/4 1790/1586/4
f 1787/5/4 1789/5/4 1788/1587/4
f 1787/5/5 702/562/5 1790/1588/5
f 702/562/5 1787/5/5 699/5/5
f 700/2/6 1789/3/6 701/11/6
f 1789/3/6 700/2/6 1788/1/6
f 1792/3/1 703/2/1 1791/1/1
f 703/3/1 1792/2/1 705/1/1
f 1793/3/2 1792/2/2 1791/1/2
f 1792/3/2 1793/2/2 1794/1/2
f 708/5/3 703/5/3 705/1589/3
f 703/5/3 708/5/3 707/1590/3
f 708/567/4 1793/5/4 707/5/4
f 1793/5/4 708/567/4 1794/1591/4
f 1793/5/5 703/569/5 707/5/5
f 703/569/5 1793/5/5 1791/1592/5
f 1792/2/6 708/3/6 705/11/6
f 708/3/6 1792/2/6 1794/1/6
f 708/3/1 710/2/1 707/1/1
f 710/3/1 708/2/1 709/1/1
f 1795/3/2 708/2/2 707/1/2
f 708/3/2 1795/2/2 1796/1/2
f 1797/5/3 710/565/3 709/5/3
f 710/565/3 1797/5/3 1798/1593/3
f 1797/5/4 1795/5/4 1798/1594/4
f 1795/5/4 1797/5/4 1796/1595/4
f 1795/5/5 710/568/5 1798/1596/5
f 710/568/5 1795/5/5 707/5/5
f 708/2/6 1797/3/6 709/11/6
f 1797/3/6 708/2/6 1796/1/6

usemtl color11

f 1766/3/1 787/2/1 1765/1/1
f 787/3/1 1766/2/1 789/1/1
f 1799/3/2 1766/2/2 1765/1/2
f 1766/3/2 1799/2/2 1800/1/2
f 1801/5/3 787/1565/3 789/5/3
f 787/1565/3 1801/5/3 1802/1597/3
f 1801/5/4 1799/5/4 1802/1598/4
f 1799/5/4 1801/5/4 1800/1599/4
f 1799/5/5 787/647/5 1802/1600/5
f 787/647/5 1799/5/5 1765/5/5
f 1766/2/6 1801/3/6 789/11/6
f 1801/3/6 1766/2/6 1800/1/6
f 1778/3/1 699/2/1 1777/1/1
f 699/3/1 1778/2/1 700/1/1
f 1803/3/2 1778/2/2 1777/1/2
f 1778/3/2 1803/2/2 1804/1/2
f 1788/5/3 699/1576/3 700/5/3
f 699/1576/3 1788/5/3 1787/1601/3
f 1788/1587/4 1803/5/4 1787/5/4
f 1803/5/4 1788/1587/4 1804/1602/4
f 1803/5/5 699/5/5 1787/5/5
f 699/5/5 1803/5/5 1777/5/5
f 1778/2/6 1788/3/6 700/11/6
f 1788/3/6 1778/2/6 1804/1/6
f 1794/3/1 707/2/1 1793/1/1
f 707/3/1 1794/2/1 708/1/1
f 1805/3/2 1794/2/2 1793/1/2
f 1794/3/2 1805/2/2 1806/1/2
f 1796/5/3 707/1590/3 708/5/3
f 707/1590/3 1796/5/3 1795/1603/3
f 1796/1595/4 1805/5/4 1795/5/4
f 1805/5/4 1796/1595/4 1806/1604/4
f 1805/5/5 707/5/5 1795/5/5
f 707/5/5 1805/5/5 1793/5/5
f 1794/2/6 1796/3/6 708/11/6
f 1796/3/6 1794/2/6 1806/1/6
f 1160/3/1 1162/2/1 1159/1/1
f 1162/3/1 1160/2/1 1161/1/1
f 1163/3/2 1160/2/2 1159/1/2
f 1160/3/2 1163/2/2 1165/1/2
f 1184/5/3 1162/1004/3 1161/5/3
f 1162/1004/3 1184/5/3 1183/1605/3
f 1184/1031/4 1163/5/4 1183/5/4
f 1163/5/4 1184/1031/4 1165/1606/4
f 1163/1014/5 1162/1007/5 1183/5/5
f 1162/1007/5 1163/1014/5 1159/5/5
f 1160/2/6 1184/3/6 1161/11/6
f 1184/3/6 1160/2/6 1165/1/6
f 1168/3/1 1185/2/1 1167/1/1
f 1185/3/1 1168/2/1 1186/1/1
f 1171/3/2 1168/2/2 1167/1/2
f 1168/3/2 1171/2/2 1172/1/2
f 283/1015/3 1185/5/3 1186/1607/3
f 1185/5/3 283/1015/3 281/5/3
f 283/1033/4 1171/5/4 281/5/4
f 1171/5/4 283/1033/4 1172/1608/4
f 1171/1017/5 1185/1034/5 281/226/5
f 1185/1034/5 1171/1017/5 1167/5/5
f 1168/2/6 283/3/6 1186/11/6
f 283/3/6 1168/2/6 1172/1/6

usemtl color16

f 1241/3/1 1385/2/1 1242/1/1
f 1385/3/1 1241/2/1 1386/1/1
f 1807/3/2 1241/2/2 1242/1/2
f 1241/3/2 1807/2/2 1808/1/2
f 1388/5/3 1385/5/3 1386/1609/3
f 1385/5/3 1388/5/3 1387/1610/3
f 1388/1212/4 1807/5/4 1387/5/4
f 1807/5/4 1388/1212/4 1808/1611/4
f 1807/5/5 1385/1213/5 1387/5/5
f 1385/1213/5 1807/5/5 1242/1083/5
f 1241/2/6 1388/3/6 1386/11/6
f 1388/3/6 1241/2/6 1808/1/6
f 1050/3/1 1012/2/1 1049/1/1
f 1012/3/1 1050/2/1 1011/1/1
f 1052/3/2 1050/2/2 1049/1/2
f 1050/3/2 1052/2/2 1051/1/2
f 1424/1247/3 1012/868/3 1011/5/3
f 1012/868/3 1424/1247/3 1423/5/3
f 1424/5/4 1052/909/4 1423/1612/4
f 1052/909/4 1424/5/4 1051/5/4
f 1052/910/5 1012/871/5 1423/5/5
f 1012/871/5 1052/910/5 1049/5/5
f 1050/2/6 1424/3/6 1011/11/6
f 1424/3/6 1050/2/6 1051/1/6
f 856/3/1 1809/2/1 854/1/1
f 1809/3/1 856/2/1 1810/1/1
f 858/3/2 856/2/2 854/1/2
f 856/3/2 858/2/2 857/1/2
f 1811/5/3 1809/5/3 1810/1613/3
f 1809/5/3 1811/5/3 1812/1614/3
f 1811/5/4 858/706/4 1812/1615/4
f 858/706/4 1811/5/4 857/5/4
f 858/708/5 1809/5/5 1812/1616/5
f 1809/5/5 858/708/5 854/5/5
f 856/2/6 1811/3/6 1810/11/6
f 1811/3/6 856/2/6 857/1/6
f 1814/3/1 633/2/1 1813/1/1
f 633/3/1 1814/2/1 634/1/1
f 223/3/2 1814/2/2 1813/1/2
f 1814/3/2 223/2/2 225/1/2
f 1815/5/3 633/5/3 634/1617/3
f 633/5/3 1815/5/3 1816/1618/3
f 1815/5/4 223/5/4 1816/1619/4
f 223/5/4 1815/5/4 225/1620/4
f 223/180/5 633/5/5 1816/1621/5
f 633/5/5 223/180/5 1813/1622/5
f 1814/2/6 1815/3/6 634/11/6
f 1815/3/6 1814/2/6 225/1/6

usemtl color21

f 1764/3/1 1817/2/1 1762/1/1
f 1817/3/1 1764/2/1 1818/1/1
f 787/3/2 1764/2/2 1762/1/2
f 1764/3/2 787/2/2 789/1/2
f 790/642/3 1817/5/3 1818/1623/3
f 1817/5/3 790/642/3 788/5/3
f 790/5/4 787/1566/4 788/1624/4
f 787/1566/4 790/5/4 789/5/4
f 787/647/5 1817/5/5 788/5/5
f 1817/5/5 787/647/5 1762/5/5
f 1764/2/6 790/3/6 1818/11/6
f 790/3/6 1764/2/6 789/1/6
f 792/3/1 794/2/1 791/1/1
f 794/3/1 792/2/1 793/1/1
f 1802/3/2 792/2/2 791/1/2
f 792/3/2 1802/2/2 1801/1/2
f 1819/5/3 794/643/3 793/5/3
f 794/643/3 1819/5/3 1820/1625/3
f 1819/5/4 1802/1598/4 1820/1626/4
f 1802/1598/4 1819/5/4 1801/5/4
f 1802/1600/5 794/646/5 1820/1627/5
f 794/646/5 1802/1600/5 791/5/5
f 792/2/6 1819/3/6 793/11/6
f 1819/3/6 792/2/6 1801/1/6

usemtl color13

f 1822/3/1 1397/2/1 1821/1/1
f 1397/3/1 1822/2/1 1398/1/1
f 1823/3/2 1822/2/2 1821/1/2
f 1822/3/2 1823/2/2 1824/1/2
f 835/5/3 1397/5/3 1398/1628/3
f 1397/5/3 835/5/3 833/1629/3
f 835/5/4 1823/5/4 833/1630/4
f 1823/5/4 835/5/4 1824/1631/4
f 1823/5/5 1397/5/5 833/689/5
f 1397/5/5 1823/5/5 1821/1632/5
f 1822/2/6 835/3/6 1398/11/6
f 835/3/6 1822/2/6 1824/1/6
f 837/3/1 1446/2/1 838/1/1
f 1446/3/1 837/2/1 1445/1/1
f 1447/3/2 837/2/2 838/1/2
f 837/3/2 1447/2/2 1449/1/2
f 1450/1268/3 1446/1265/3 1445/5/3
f 1446/1265/3 1450/1268/3 1448/5/3
f 1450/5/4 1447/5/4 1448/1633/4
f 1447/5/4 1450/5/4 1449/1634/4
f 1447/1273/5 1446/1267/5 1448/5/5
f 1446/1267/5 1447/1273/5 838/688/5
f 837/2/6 1450/3/6 1445/11/6
f 1450/3/6 837/2/6 1449/1/6
f 1450/3/1 1825/2/1 1448/1/1
f 1825/3/1 1450/2/1 1826/1/1
f 1454/3/2 1450/2/2 1448/1/2
f 1450/3/2 1454/2/2 1453/1/2
f 1827/5/3 1825/5/3 1826/1635/3
f 1825/5/3 1827/5/3 1828/1636/3
f 1827/5/4 1454/1270/4 1828/1637/4
f 1454/1270/4 1827/5/4 1453/5/4
f 1454/1272/5 1825/5/5 1828/1638/5
f 1825/5/5 1454/1272/5 1448/5/5
f 1450/2/6 1827/3/6 1826/11/6
f 1827/3/6 1450/2/6 1453/1/6
f 1017/3/1 1829/2/1 1018/1/1
f 1829/3/1 1017/2/1 1830/1/1
f 1690/3/2 1017/2/2 1018/1/2
f 1017/3/2 1690/2/2 1689/1/2
f 1831/5/3 1829/5/3 1830/1639/3
f 1829/5/3 1831/5/3 1832/1640/3
f 1831/5/4 1690/1490/4 1832/1641/4
f 1690/1490/4 1831/5/4 1689/5/4
f 1690/1491/5 1829/5/5 1832/1642/5
f 1829/5/5 1690/1491/5 1018/878/5
f 1017/2/6 1831/3/6 1830/11/6
f 1831/3/6 1017/2/6 1689/1/6
f 1834/3/1 629/2/1 1833/1/1
f 629/3/1 1834/2/1 631/1/1
f 1813/3/2 1834/2/2 1833/1/2
f 1834/3/2 1813/2/2 1814/1/2
f 634/1617/3 629/5/3 631/1643/3
f 629/5/3 634/1617/3 633/5/3
f 634/508/4 1813/5/4 633/5/4
f 1813/5/4 634/508/4 1814/1644/4
f 1813/1622/5 629/510/5 633/5/5
f 629/510/5 1813/1622/5 1833/1645/5
f 1834/2/6 634/3/6 631/11/6
f 634/3/6 1834/2/6 1814/1/6
f 870/3/1 1835/2/1 868/1/1
f 1835/3/1 870/2/1 1836/1/1
f 874/3/2 870/2/2 868/1/2
f 870/3/2 874/2/2 873/1/2
f 1837/5/3 1835/5/3 1836/1646/3
f 1835/5/3 1837/5/3 1838/1647/3
f 1837/5/4 874/721/4 1838/1648/4
f 874/721/4 1837/5/4 873/5/4
f 874/723/5 1835/5/5 1838/1649/5
f 1835/5/5 874/723/5 868/5/5
f 870/2/6 1837/3/6 1836/11/6
f 1837/3/6 870/2/6 873/1/6

usemtl color0

f 140/3/1 142/2/1 139/1/1
f 142/3/1 140/2/1 141/1/1
f 1839/3/2 140/2/2 139/1/2
f 140/3/2 1839/2/2 1840/1/2
f 1841/5/3 142/109/3 141/5/3
f 142/109/3 1841/5/3 1842/1650/3
f 1841/5/4 1839/5/4 1842/1651/4
f 1839/5/4 1841/5/4 1840/1652/4
f 1839/5/5 142/112/5 1842/1653/5
f 142/112/5 1839/5/5 139/5/5
f 140/2/6 1841/3/6 141/11/6
f 1841/3/6 140/2/6 1840/1/6
f 164/3/1 1843/2/1 163/1/1
f 1843/3/1 164/2/1 1844/1/1
f 1845/3/2 164/2/2 163/1/2
f 164/3/2 1845/2/2 1846/1/2
f 1847/5/3 1843/5/3 1844/1654/3
f 1843/5/3 1847/5/3 1848/1655/3
f 1847/5/4 1845/5/4 1848/1656/4
f 1845/5/4 1847/5/4 1846/1657/4
f 1845/5/5 1843/5/5 1848/1658/5
f 1843/5/5 1845/5/5 163/5/5
f 164/2/6 1847/3/6 1844/11/6
f 1847/3/6 164/2/6 1846/1/6
f 1851/3/1 1850/2/1 1849/1/1
f 1850/3/1 1851/2/1 1852/1/1
f 1853/3/2 1851/2/2 1849/1/2
f 1851/3/2 1853/2/2 1854/1/2
f 1855/5/3 1850/5/3 1852/1659/3
f 1850/5/3 1855/5/3 1856/1660/3
f 1855/5/4 1853/5/4 1856/1661/4
f 1853/5/4 1855/5/4 1854/1662/4
f 1853/5/5 1850/5/5 1856/1663/5
f 1850/5/5 1853/5/5 1849/1664/5
f 1851/2/6 1855/3/6 1852/11/6
f 1855/3/6 1851/2/6 1854/1/6
f 872/3/1 874/2/1 871/1/1
f 874/3/1 872/2/1 873/1/1
f 1857/3/2 872/2/2 871/1/2
f 872/3/2 1857/2/2 1858/1/2
f 1859/5/3 874/720/3 873/5/3
f 874/720/3 1859/5/3 1860/1665/3
f 1859/5/4 1857/5/4 1860/1666/4
f 1857/5/4 1859/5/4 1858/1667/4
f 1857/5/5 874/723/5 1860/1668/5
f 874/723/5 1857/5/5 871/5/5
f 872/2/6 1859/3/6 873/11/6
f 1859/3/6 872/2/6 1858/1/6
f 1863/3/1 1862/2/1 1861/1/1
f 1862/3/1 1863/2/1 1864/1/1
f 1865/3/2 1863/2/2 1861/1/2
f 1863/3/2 1865/2/2 1866/1/2
f 1867/5/3 1862/5/3 1864/1669/3
f 1862/5/3 1867/5/3 1868/1670/3
f 1867/5/4 1865/5/4 1868/1671/4
f 1865/5/4 1867/5/4 1866/1672/4
f 1865/5/5 1862/5/5 1868/1673/5
f 1862/5/5 1865/5/5 1861/1674/5
f 1863/2/6 1867/3/6 1864/11/6
f 1867/3/6 1863/2/6 1866/1/6

usemtl color20

f 826/3/1 852/2/1 824/1/1
f 852/3/1 826/2/1 851/1/1
f 128/3/2 826/2/2 824/1/2
f 826/3/2 128/2/2 130/1/2
f 1264/5/3 852/700/3 851/5/3
f 852/700/3 1264/5/3 1263/1675/3
f 1264/1105/4 128/675/4 1263/5/4
f 128/675/4 1264/1105/4 130/5/4
f 128/5/5 852/703/5 1263/5/5
f 852/703/5 128/5/5 824/5/5
f 826/2/6 1264/3/6 851/11/6
f 1264/3/6 826/2/6 130/1/6

usemtl color17

f 1016/3/1 1869/2/1 1014/1/1
f 1869/3/1 1016/2/1 1870/1/1
f 1018/3/2 1016/2/2 1014/1/2
f 1016/3/2 1018/2/2 1017/1/2
f 1830/1639/3 1869/5/3 1870/1676/3
f 1869/5/3 1830/1639/3 1829/5/3
f 1830/5/4 1018/876/4 1829/1677/4
f 1018/876/4 1830/5/4 1017/5/4
f 1018/878/5 1869/5/5 1829/5/5
f 1869/5/5 1018/878/5 1014/5/5
f 1016/2/6 1830/3/6 1870/11/6
f 1830/3/6 1016/2/6 1017/1/6
f 206/3/1 208/2/1 205/1/1
f 208/3/1 206/2/1 207/1/1
f 1091/3/2 206/2/2 205/1/2
f 206/3/2 1091/2/2 1092/1/2
f 1274/1114/3 208/159/3 207/5/3
f 208/159/3 1274/1114/3 1273/5/3
f 1274/5/4 1091/5/4 1273/1678/4
f 1091/5/4 1274/5/4 1092/1679/4
f 1091/5/5 208/162/5 1273/5/5
f 208/162/5 1091/5/5 205/5/5
f 206/2/6 1274/3/6 207/11/6
f 1274/3/6 206/2/6 1092/1/6

usemtl color14

f 188/3/1 1492/2/1 187/1/1
f 1492/3/1 188/2/1 1491/1/1
f 192/3/2 188/2/2 187/1/2
f 188/3/2 192/2/2 191/1/2
f 1106/957/3 1492/1305/3 1491/5/3
f 1492/1305/3 1106/957/3 1105/5/3
f 1106/5/4 192/149/4 1105/1680/4
f 192/149/4 1106/5/4 191/5/4
f 192/151/5 1492/1308/5 1105/5/5
f 1492/1308/5 192/151/5 187/5/5
f 188/2/6 1106/3/6 1491/11/6
f 1106/3/6 188/2/6 191/1/6
f 1716/3/1 249/2/1 1715/1/1
f 249/3/1 1716/2/1 250/1/1
f 1519/3/2 1716/2/2 1715/1/2
f 1716/3/2 1519/2/2 1521/1/2
f 1522/1331/3 249/1516/3 250/5/3
f 249/1516/3 1522/1331/3 1520/5/3
f 1522/5/4 1519/5/4 1520/1681/4
f 1519/5/4 1522/5/4 1521/1682/4
f 1519/1336/5 249/5/5 1520/5/5
f 249/5/5 1519/1336/5 1715/5/5
f 1716/2/6 1522/3/6 250/11/6
f 1522/3/6 1716/2/6 1521/1/6
f 1873/3/1 1872/2/1 1871/1/1
f 1872/3/1 1873/2/1 1874/1/1
f 1875/3/2 1873/2/2 1871/1/2
f 1873/3/2 1875/2/2 1876/1/2
f 1877/5/3 1872/5/3 1874/1683/3
f 1872/5/3 1877/5/3 1878/1684/3
f 1877/5/4 1875/5/4 1878/1685/4
f 1875/5/4 1877/5/4 1876/1686/4
f 1875/5/5 1872/5/5 1878/1687/5
f 1872/5/5 1875/5/5 1871/1688/5
f 1873/2/6 1877/3/6 1874/11/6
f 1877/3/6 1873/2/6 1876/1/6
f 1881/3/1 1880/2/1 1879/1/1
f 1880/3/1 1881/2/1 1882/1/1
f 1883/3/2 1881/2/2 1879/1/2
f 1881/3/2 1883/2/2 1884/1/2
f 1885/5/3 1880/5/3 1882/1689/3
f 1880/5/3 1885/5/3 1886/1690/3
f 1885/5/4 1883/5/4 1886/1691/4
f 1883/5/4 1885/5/4 1884/1692/4
f 1883/5/5 1880/5/5 1886/1693/5
f 1880/5/5 1883/5/5 1879/1694/5
f 1881/2/6 1885/3/6 1882/11/6
f 1885/3/6 1881/2/6 1884/1/6
f 1889/3/1 1888/2/1 1887/1/1
f 1888/3/1 1889/2/1 1890/1/1
f 1891/3/2 1889/2/2 1887/1/2
f 1889/3/2 1891/2/2 1892/1/2
f 1893/5/3 1888/5/3 1890/1695/3
f 1888/5/3 1893/5/3 1894/1696/3
f 1893/5/4 1891/5/4 1894/1697/4
f 1891/5/4 1893/5/4 1892/1698/4
f 1891/5/5 1888/5/5 1894/1699/5
f 1888/5/5 1891/5/5 1887/1700/5
f 1889/2/6 1893/3/6 1890/11/6
f 1893/3/6 1889/2/6 1892/1/6
f 1720/3/1 613/2/1 1719/1/1
f 613/3/1 1720/2/1 615/1/1
f 1895/3/2 1720/2/2 1719/1/2
f 1720/3/2 1895/2/2 1896/1/2
f 1141/5/3 613/1522/3 615/5/3
f 613/1522/3 1141/5/3 1139/1701/3
f 1141/5/4 1895/5/4 1139/1702/4
f 1895/5/4 1141/5/4 1896/1703/4
f 1895/5/5 613/498/5 1139/989/5
f 613/498/5 1895/5/5 1719/5/5
f 1720/2/6 1141/3/6 615/11/6
f 1141/3/6 1720/2/6 1896/1/6

usemtl color15

f 1896/3/1 1139/2/1 1895/1/1
f 1139/3/1 1896/2/1 1141/1/1
f 1833/3/2 1896/2/2 1895/1/2
f 1896/3/2 1833/2/2 1834/1/2
f 631/1643/3 1139/1701/3 1141/5/3
f 1139/1701/3 631/1643/3 629/5/3
f 631/992/4 1833/5/4 629/5/4
f 1833/5/4 631/992/4 1834/1704/4
f 1833/1645/5 1139/989/5 629/510/5
f 1139/989/5 1833/1645/5 1895/5/5
f 1896/2/6 631/3/6 1141/11/6
f 631/3/6 1896/2/6 1834/1/6

usemtl color12

f 218/3/1 216/2/1 217/1/1
f 216/3/1 218/2/1 215/1/1
f 1897/3/2 218/2/2 217/1/2
f 218/3/2 1897/2/2 1898/1/2
f 1899/5/3 216/165/3 215/5/3
f 216/165/3 1899/5/3 1900/1705/3
f 1899/5/4 1897/5/4 1900/1706/4
f 1897/5/4 1899/5/4 1898/1707/4
f 1897/5/5 216/168/5 1900/1708/5
f 216/168/5 1897/5/5 217/5/5
f 218/2/6 1899/3/6 215/11/6
f 1899/3/6 218/2/6 1898/1/6
f 212/3/1 280/2/1 210/1/1
f 280/3/1 212/2/1 279/1/1
f 216/3/2 212/2/2 210/1/2
f 212/3/2 216/2/2 215/1/2
f 289/1018/3 280/216/3 279/5/3
f 280/216/3 289/1018/3 287/5/3
f 289/1037/4 216/166/4 287/5/4
f 216/166/4 289/1037/4 215/5/4
f 216/168/5 280/219/5 287/232/5
f 280/219/5 216/168/5 210/5/5
f 212/2/6 289/3/6 279/11/6
f 289/3/6 212/2/6 215/1/6

usemtl color6

f 1898/3/1 1900/2/1 1897/1/1
f 1900/3/1 1898/2/1 1899/1/1
f 222/3/2 1898/2/2 1897/1/2
f 1898/3/2 222/2/2 221/1/2
f 1174/5/3 1900/1705/3 1899/5/3
f 1900/1705/3 1174/5/3 1173/1709/3
f 1174/1021/4 222/172/4 1173/5/4
f 222/172/4 1174/1021/4 221/5/4
f 222/174/5 1900/1708/5 1173/5/5
f 1900/1708/5 222/174/5 1897/5/5
f 1898/2/6 1174/3/6 1899/11/6
f 1174/3/6 1898/2/6 221/1/6
f 278/3/1 286/2/1 276/1/1
f 286/3/1 278/2/1 285/1/1
f 280/3/2 278/2/2 276/1/2
f 278/3/2 280/2/2 279/1/2
f 1188/1035/3 286/222/3 285/5/3
f 286/222/3 1188/1035/3 1187/5/3
f 1188/5/4 280/217/4 1187/1710/4
f 280/217/4 1188/5/4 279/5/4
f 280/219/5 286/225/5 1187/5/5
f 286/225/5 280/219/5 276/5/5
f 278/2/6 1188/3/6 285/11/6
f 1188/3/6 278/2/6 279/1/6
f 1746/3/1 1748/2/1 1745/1/1
f 1748/3/1 1746/2/1 1747/1/1
f 1749/3/2 1746/2/2 1745/1/2
f 1746/3/2 1749/2/2 1751/1/2
f 1752/1552/3 1748/1548/3 1747/5/3
f 1748/1548/3 1752/1552/3 1750/5/3
f 1752/5/4 1749/5/4 1750/1711/4
f 1749/5/4 1752/5/4 1751/1712/4
f 1749/1557/5 1748/1551/5 1750/5/5
f 1748/1551/5 1749/1557/5 1745/5/5
f 1746/2/6 1752/3/6 1747/11/6
f 1752/3/6 1746/2/6 1751/1/6

