# Created by Kenney (www.kenney.nl)

mtllib Cannon LHD Feandra.mtl

v 8 9 -2.1
v 8 8 -2.1
v 8 9 2.1
v 8 8 2.1
v 7 9 -2.1
v 7 9 2.1
v 7 8 2.1
v 7 8 -2.1
v 4 9 -2.1
v 4 8 -2.1
v 4 9 2.1
v 4 8 2.1
v 3 9 -2.1
v 3 9 2.1
v 3 8 2.1
v 3 8 -2.1
v 26 1 -1.4
v 26 0 -1.4
v 26 1 1.4
v 26 0 1.4
v 25 1 -1.4
v 25 1 1.4
v 25 0 1.4
v 25 0 -1.4
v 15 1 -3.5
v 15 0 -3.5
v 15 1 3.5
v 15 0 3.5
v 9 1 -3.5
v 9 1 3.5
v 9 0 3.5
v 9 0 -3.5
v -3 -5 -2.1
v -3 -6 -2.1
v -3 -5 2.1
v -3 -6 2.1
v -4 -5 -2.1
v -4 -5 2.1
v -4 -6 2.1
v -4 -6 -2.1
v -6 -5 -2.1
v -6 -6 -2.1
v -6 -5 2.1
v -6 -6 2.1
v -7 -5 -2.1
v -7 -5 2.1
v -7 -6 2.1
v -7 -6 -2.1
v -9 -5 -2.1
v -9 -6 -2.1
v -9 -5 2.1
v -9 -6 2.1
v -10 -5 -2.1
v -10 -5 2.1
v -10 -6 2.1
v -10 -6 -2.1
v -2 -6 -1.4
v -2 -7 -1.4
v -2 -6 1.4
v -2 -7 1.4
v -3 -6 -1.4
v -3 -6 1.4
v -3 -7 1.4
v -3 -7 -1.4
v -5 -6 -1.4
v -5 -7 -1.4
v -5 -6 1.4
v -5 -7 1.4
v -6 -6 -1.4
v -6 -6 1.4
v -6 -7 1.4
v -6 -7 -1.4
v -8 -6 -1.4
v -8 -7 -1.4
v -8 -6 1.4
v -8 -7 1.4
v -9 -6 -1.4
v -9 -6 1.4
v -9 -7 1.4
v -9 -7 -1.4
v 6 9 -2.1
v 6 9 2.1
v 6 8 2.1
v 6 8 -2.1
v 0 8 -2.1
v 0 3 -2.1
v 0 8 2.1
v 0 3 2.1
v -1 8 -2.1
v -1 8 2.1
v -1 3 2.1
v -1 3 -2.1
v 23 3 -2.8
v 23 2 -2.8
v 23 3 2.8
v 23 2 2.8
v 22 3 -2.8
v 22 3 2.8
v 22 2 2.8
v 22 2 -2.8
v 21 3 -2.8
v 21 2 -2.8
v 21 3 2.8
v 21 2 2.8
v 20 3 -2.8
v 20 3 2.8
v 20 2 2.8
v 20 2 -2.8
v 19 3 -2.8
v 19 2 -2.8
v 19 3 2.8
v 19 2 2.8
v 18 3 -2.8
v 18 3 2.8
v 18 2 2.8
v 18 2 -2.8
v 17 3 -2.8
v 17 2 -2.8
v 17 3 2.8
v 17 2 2.8
v 16 3 -2.8
v 16 3 2.8
v 16 2 2.8
v 16 2 -2.8
v -25 2 -2.1
v -25 1 -2.1
v -25 2 2.1
v -25 1 2.1
v -26 2 -2.1
v -26 2 2.1
v -26 1 2.1
v -26 1 -2.1
v 27 1 -1.4
v 27 0 -1.4
v 27 1 1.4
v 27 0 1.4
v 9 -4 -0.7
v 9 -5 -0.7
v 9 -4 0.7
v 9 -5 0.7
v 8 -4 -0.7
v 8 -4 0.7
v 8 -5 0.7
v 8 -5 -0.7
v 10 -6 -0.7
v 10 -7 -0.7
v 10 -6 0.7
v 10 -7 0.7
v 9 -6 -0.7
v 9 -6 0.7
v 9 -7 0.7
v 9 -7 -0.7
v 8 -6 -0.7
v 8 -7 -0.7
v 8 -6 0.7
v 8 -7 0.7
v 7 -6 -0.7
v 7 -6 0.7
v 7 -7 0.7
v 7 -7 -0.7
v 2 9 -2.1
v 2 9 2.1
v 2 8 2.1
v 2 8 -2.1
v 1 9 -2.1
v 1 8 -2.1
v 1 9 2.1
v 1 8 2.1
v 0 9 -2.1
v 0 9 2.1
v -22 2 -2.1
v -22 1 -2.1
v -22 2 2.1
v -22 1 2.1
v -23 2 -2.1
v -23 2 2.1
v -23 1 2.1
v -23 1 -2.1
v 13 3 -3.5
v 13 1 -3.5
v 13 3 3.5
v 13 1 3.5
v 12 3 -3.5
v 12 3 3.5
v 12 1 3.5
v 12 1 -3.5
v 8 3 -3.5
v 8 2 -3.5
v 8 3 3.5
v 8 2 3.5
v 7 3 -3.5
v 7 3 3.5
v 7 2 3.5
v 7 2 -3.5
v 0 3 -3.5
v 0 2 -3.5
v 0 3 3.5
v 0 2 3.5
v -1 3 -3.5
v -1 3 3.5
v -1 2 3.5
v -1 2 -3.5
v 27 2 -2.1
v 27 1 -2.1
v 27 2 2.1
v 27 1 2.1
v 26 2 -2.1
v 26 2 2.1
v 26 1 2.1
v 26 1 -2.1
v 26 -2 -0.7
v 26 -3 -0.7
v 26 -2 0.7
v 26 -3 0.7
v 25 -2 -0.7
v 25 -2 0.7
v 25 -3 0.7
v 25 -3 -0.7
v -19 -3 -2.1
v -19 -4 -2.1
v -19 -3 2.1
v -19 -4 2.1
v -20 -3 -2.1
v -20 -3 2.1
v -20 -4 2.1
v -20 -4 -2.1
v -1 -4 -2.1
v -1 -5 -2.1
v -1 -4 2.1
v -1 -5 2.1
v -2 -4 -2.1
v -2 -4 2.1
v -2 -5 2.1
v -2 -5 -2.1
v -14 -6 -1.4
v -14 -7 -1.4
v -14 -6 1.4
v -14 -7 1.4
v -15 -6 -1.4
v -15 -6 1.4
v -15 -7 1.4
v -15 -7 -1.4
v -17 -6 -1.4
v -17 -7 -1.4
v -17 -6 1.4
v -17 -7 1.4
v -18 -6 -1.4
v -18 -6 1.4
v -18 -7 1.4
v -18 -7 -1.4
v 8 8 -2.8
v 8 7 -2.8
v 8 8 2.8
v 8 7 2.8
v 7 8 -2.8
v 7 8 2.8
v 7 7 2.8
v 7 7 -2.8
v 4 8 -2.8
v 4 8 2.8
v 4 7 2.8
v 4 7 -2.8
v 3 8 -2.8
v 3 7 -2.8
v 3 8 2.8
v 3 7 2.8
v 0 8 -2.8
v 0 8 2.8
v 0 7 2.8
v 0 7 -2.8
v -16 0 -3.5
v -16 -1 -3.5
v -16 0 3.5
v -16 -1 3.5
v -17 0 -3.5
v -17 0 3.5
v -17 -1 3.5
v -17 -1 -3.5
v -18 0 -3.5
v -18 -1 -3.5
v -18 0 3.5
v -18 -1 3.5
v -20 0 -3.5
v -20 0 3.5
v -20 -1 3.5
v -20 -1 -3.5
v 4 3 -2.8
v 4 3 2.8
v 3 3 2.8
v 3 3 -2.8
v 8 3 -2.8
v 8 3 2.8
v 7 3 2.8
v 7 3 -2.8
v 22 4 -1.4
v 22 3 -1.4
v 22 4 1.4
v 22 3 1.4
v 21 4 -1.4
v 21 4 1.4
v 21 3 1.4
v 21 3 -1.4
v 20 4 -1.4
v 20 3 -1.4
v 20 4 1.4
v 20 3 1.4
v 19 4 -1.4
v 19 4 1.4
v 19 3 1.4
v 19 3 -1.4
v 18 4 -1.4
v 18 3 -1.4
v 18 4 1.4
v 18 3 1.4
v 17 4 -1.4
v 17 4 1.4
v 17 3 1.4
v 17 3 -1.4
v 22 3 -2.1
v 22 2 -2.1
v 22 3 2.1
v 22 2 2.1
v 21 3 -2.1
v 21 3 2.1
v 21 2 2.1
v 21 2 -2.1
v 20 3 -2.1
v 20 2 -2.1
v 20 3 2.1
v 20 2 2.1
v 19 3 -2.1
v 19 3 2.1
v 19 2 2.1
v 19 2 -2.1
v 18 3 -2.1
v 18 2 -2.1
v 18 3 2.1
v 18 2 2.1
v 17 3 -2.1
v 17 3 2.1
v 17 2 2.1
v 17 2 -2.1
v -6 3 -2.8
v -6 2 -2.8
v -6 3 2.8
v -6 2 2.8
v -9 3 -2.8
v -9 3 2.8
v -9 2 2.8
v -9 2 -2.8
v -11 3 -2.8
v -11 2 -2.8
v -11 3 2.8
v -11 2 2.8
v -14 3 -2.8
v -14 3 2.8
v -14 2 2.8
v -14 2 -2.8
v 15 0 -2.8
v 15 -1 -2.8
v 15 0 2.8
v 15 -1 2.8
v 8 0 -2.8
v 8 0 2.8
v 8 -1 2.8
v 8 -1 -2.8
v 12 -2 -2.1
v 12 -3 -2.1
v 12 -2 2.1
v 12 -3 2.1
v 11 -2 -2.1
v 11 -2 2.1
v 11 -3 2.1
v 11 -3 -2.1
v 0 3 2.8
v 0 3 -2.8
v 12 4 -2.8
v 12 3 -2.8
v 12 4 2.8
v 12 3 2.8
v 11 4 -2.8
v 11 4 2.8
v 11 3 2.8
v 11 3 -2.8
v 10 4 -2.8
v 10 3 -2.8
v 10 4 2.8
v 10 3 2.8
v 9 4 -2.8
v 9 4 2.8
v 9 3 2.8
v 9 3 -2.8
v -1 4 -2.8
v -1 3 -2.8
v -1 4 2.8
v -1 3 2.8
v -2 4 -2.8
v -2 4 2.8
v -2 3 2.8
v -2 3 -2.8
v -4 4 -2.8
v -4 3 -2.8
v -4 4 2.8
v -4 3 2.8
v -16 4 -2.8
v -16 4 2.8
v -16 3 2.8
v -16 3 -2.8
v -17 4 -2.8
v -17 3 -2.8
v -17 4 2.8
v -17 3 2.8
v -18 4 -2.8
v -18 4 2.8
v -18 3 2.8
v -18 3 -2.8
v 15 3 -3.5
v 15 3 3.5
v 14 3 -3.5
v 14 3 3.5
v 14 1 3.5
v 14 1 -3.5
v 11 1 -2.8
v 11 1 2.8
v 10 1 2.8
v 10 1 -2.8
v -21 3 -3.5
v -21 -1 -3.5
v -21 3 3.5
v -21 -1 3.5
v -22 3 -3.5
v -22 3 3.5
v -22 -1 3.5
v -22 -1 -3.5
v -22 3 -1.4
v -22 2 -1.4
v -22 3 1.4
v -22 2 1.4
v -25 3 -1.4
v -25 3 1.4
v -25 2 1.4
v -25 2 -1.4
v 0 0 -4.2
v 0 -1 -4.2
v 0 0 4.2
v 0 -1 4.2
v -1 0 -4.2
v -1 0 4.2
v -1 -1 4.2
v -1 -1 -4.2
v -22 -3 -1.4
v -22 -4 -1.4
v -22 -3 1.4
v -22 -4 1.4
v -23 -3 -1.4
v -23 -3 1.4
v -23 -4 1.4
v -23 -4 -1.4
v -19 -4 -1.4
v -19 -5 -1.4
v -19 -4 1.4
v -19 -5 1.4
v -20 -4 -1.4
v -20 -4 1.4
v -20 -5 1.4
v -20 -5 -1.4
v 4 -5 -2.1
v 4 -6 -2.1
v 4 -5 2.1
v 4 -6 2.1
v 3 -5 -2.1
v 3 -5 2.1
v 3 -6 2.1
v 3 -6 -2.1
v 1 -5 -2.1
v 1 -6 -2.1
v 1 -5 2.1
v 1 -6 2.1
v 0 -5 -2.1
v 0 -5 2.1
v 0 -6 2.1
v 0 -6 -2.1
v 22 5 -2.1
v 22 4 -2.1
v 22 5 2.1
v 22 4 2.1
v 21 5 -2.1
v 21 5 2.1
v 21 4 2.1
v 21 4 -2.1
v 20 5 -2.1
v 20 4 -2.1
v 20 5 2.1
v 20 4 2.1
v 19 5 -2.1
v 19 5 2.1
v 19 4 2.1
v 19 4 -2.1
v 18 5 -2.1
v 18 4 -2.1
v 18 5 2.1
v 18 4 2.1
v 17 5 -2.1
v 17 5 2.1
v 17 4 2.1
v 17 4 -2.1
v 9 5 -2.8
v 9 5 2.8
v 8 5 -2.8
v 8 5 2.8
v 8 4 2.8
v 8 4 -2.8
v 23 4 -2.1
v 23 3 -2.1
v 23 4 2.1
v 23 3 2.1
v 16 4 -2.1
v 16 4 2.1
v 16 3 2.1
v 16 3 -2.1
v 15 4 -2.8
v 15 3 -2.8
v 15 4 2.8
v 15 3 2.8
v 14 4 -2.8
v 14 4 2.8
v 14 3 2.8
v 14 3 -2.8
v 9 4 -3.5
v 9 4 3.5
v 8 4 -3.5
v 8 4 3.5
v 8 1 3.5
v 8 1 -3.5
v 7 1 -3.5
v 7 1 3.5
v 6 3 -3.5
v 6 3 3.5
v 6 1 3.5
v 6 1 -3.5
v 6 2 -3.5
v 6 2 3.5
v 4 3 -3.5
v 4 3 3.5
v 4 2 3.5
v 4 2 -3.5
v 1 3 -3.5
v 1 1 -3.5
v 1 3 3.5
v 1 1 3.5
v 0 1 3.5
v 0 1 -3.5
v -24 2 -2.1
v -24 2 2.1
v -24 1 2.1
v -24 1 -2.1
v -21 -3 -2.1
v -21 -4 -2.1
v -21 -3 2.1
v -21 -4 2.1
v -22 -3 -2.1
v -22 -3 2.1
v -22 -4 2.1
v -22 -4 -2.1
v -3 -4 -2.1
v -3 -4 2.1
v -5 -4 -2.1
v -5 -4 2.1
v -5 -5 2.1
v -5 -5 -2.1
v -6 -4 -2.1
v -6 -4 2.1
v -8 -4 -2.1
v -8 -4 2.1
v -8 -5 2.1
v -8 -5 -2.1
v -9 -4 -2.1
v -9 -4 2.1
v -11 -4 -2.1
v -11 -4 2.1
v -11 -5 2.1
v -11 -5 -2.1
v -11 -6 -2.1
v -11 -6 2.1
v -12 -5 -2.1
v -12 -5 2.1
v -12 -6 2.1
v -12 -6 -2.1
v 13 5 -2.8
v 13 4 -2.8
v 13 5 2.8
v 13 4 2.8
v 12 5 -2.8
v 12 5 2.8
v 10 5 -2.8
v 10 5 2.8
v 13 3 2.8
v 13 3 -2.8
v 27 3 -1.4
v 27 2 -1.4
v 27 3 1.4
v 27 2 1.4
v 26 3 -1.4
v 26 3 1.4
v 26 2 1.4
v 26 2 -1.4
v 1 2 3.5
v 1 2 -3.5
v 11 5 -2.8
v 11 5 2.8
v 26 -1 -1.4
v 26 -2 -1.4
v 26 -1 1.4
v 26 -2 1.4
v 25 -1 -1.4
v 25 -1 1.4
v 25 -2 1.4
v 25 -2 -1.4
v -12 -4 -2.1
v -12 -4 2.1
v -13 -5 -2.1
v -13 -6 -2.1
v -13 -5 2.1
v -13 -6 2.1
v -14 -5 -2.1
v -14 -5 2.1
v -14 -6 2.1
v -14 -6 -2.1
v -16 -5 -2.1
v -16 -6 -2.1
v -16 -5 2.1
v -16 -6 2.1
v -17 -5 -2.1
v -17 -5 2.1
v -17 -6 2.1
v -17 -6 -2.1
v 5 0 -4.2
v 5 -1 -4.2
v 5 0 4.2
v 5 -1 4.2
v 4 0 -4.2
v 4 0 4.2
v 4 -1 4.2
v 4 -1 -4.2
v 3 0 -4.2
v 3 -1 -4.2
v 3 0 4.2
v 3 -1 4.2
v 1 0 -4.2
v 1 0 4.2
v 1 -1 4.2
v 1 -1 -4.2
v 3 -4 -2.1
v 3 -4 2.1
v 2 -4 -2.1
v 2 -4 2.1
v 2 -5 2.1
v 2 -5 -2.1
v -15 -5 -2.1
v -15 -5 2.1
v -15 -6 2.1
v -15 -6 -2.1
v -18 -5 -2.1
v -18 -5 2.1
v -18 -6 2.1
v -18 -6 -2.1
v -19 5 -0.7
v -19 4 -0.7
v -19 5 0.7
v -19 4 0.7
v -20 5 -0.7
v -20 5 0.7
v -20 4 0.7
v -20 4 -0.7
v 24 4 -2.1
v 24 3 -2.1
v 24 4 2.1
v 24 3 2.1
v 15 4 -2.1
v 15 4 2.1
v 15 3 2.1
v 15 3 -2.1
v -3 4 -2.8
v -3 4 2.8
v -3 3 2.8
v -3 3 -2.8
v -1 2 -2.8
v -1 2 2.8
v -2 2 2.8
v -2 2 -2.8
v -4 3 -3.5
v -4 -1 -3.5
v -4 3 3.5
v -4 -1 3.5
v -6 3 -3.5
v -6 3 3.5
v -6 -1 3.5
v -6 -1 -3.5
v -9 3 -3.5
v -9 -1 -3.5
v -9 3 3.5
v -9 -1 3.5
v -11 3 -3.5
v -11 3 3.5
v -11 -1 3.5
v -11 -1 -3.5
v -14 3 -3.5
v -14 -1 -3.5
v -14 3 3.5
v -14 -1 3.5
v -16 3 -3.5
v -16 3 3.5
v -17 3 -3.5
v -17 3 3.5
v -18 3 -3.5
v -18 3 3.5
v -20 3 -3.5
v -20 3 3.5
v -26 3 -1.4
v -26 3 1.4
v -26 2 1.4
v -26 2 -1.4
v 5 2 -2.8
v 5 1 -2.8
v 5 2 2.8
v 5 1 2.8
v 2 2 -2.8
v 2 2 2.8
v 2 1 2.8
v 2 1 -2.8
v -3 2 -3.5
v -3 -1 -3.5
v -3 2 3.5
v -3 -1 3.5
v -4 2 -3.5
v -4 2 3.5
v -6 2 -3.5
v -6 2 3.5
v -9 2 -3.5
v -9 2 3.5
v -11 2 -3.5
v -11 2 3.5
v -14 2 -3.5
v -14 2 3.5
v 23 1 -2.1
v 23 -2 -2.1
v 23 1 2.1
v 23 -2 2.1
v 22 1 -2.1
v 22 1 2.1
v 22 -2 2.1
v 22 -2 -2.1
v 22 0 -2.1
v 22 0 2.1
v 16 1 -2.1
v 16 1 2.1
v 16 0 2.1
v 16 0 -2.1
v 0 1 -4.2
v 0 1 4.2
v -1 1 -4.2
v -1 1 4.2
v -22 0 -2.1
v -22 0 2.1
v -25 0 2.1
v -25 0 -2.1
v 24 0 -2.1
v 24 -2 -2.1
v 24 0 2.1
v 24 -2 2.1
v 23 0 -2.1
v 23 0 2.1
v 21 0 -2.1
v 21 -1 -2.1
v 21 0 2.1
v 21 -1 2.1
v 20 0 -2.1
v 20 0 2.1
v 20 -1 2.1
v 20 -1 -2.1
v 19 0 -2.1
v 19 -1 -2.1
v 19 0 2.1
v 19 -1 2.1
v 18 0 -2.1
v 18 0 2.1
v 18 -1 2.1
v 18 -1 -2.1
v 17 0 -2.1
v 17 -1 -2.1
v 17 0 2.1
v 17 -1 2.1
v 15 0 -2.1
v 15 0 2.1
v 15 -1 2.1
v 15 -1 -2.1
v 7 0 -4.2
v 7 -1 -4.2
v 7 0 4.2
v 7 -1 4.2
v 22 -1 -2.1
v 22 -1 2.1
v 21 -2 2.1
v 21 -2 -2.1
v 13 -1 -2.8
v 13 -2 -2.8
v 13 -1 2.8
v 13 -2 2.8
v 12 -1 -2.8
v 12 -1 2.8
v 12 -2 2.8
v 12 -2 -2.8
v 11 -1 -2.8
v 11 -2 -2.8
v 11 -1 2.8
v 11 -2 2.8
v 10 -1 -2.8
v 10 -1 2.8
v 10 -2 2.8
v 10 -2 -2.8
v 8 -1 -4.2
v 8 -2 -4.2
v 8 -1 4.2
v 8 -2 4.2
v 7 -2 4.2
v 7 -2 -4.2
v 0 -2 -4.2
v 0 -2 4.2
v -1 -2 4.2
v -1 -2 -4.2
v -21 -1 -2.8
v -21 -2 -2.8
v -21 -1 2.8
v -21 -2 2.8
v -22 -1 -2.8
v -22 -1 2.8
v -22 -2 2.8
v -22 -2 -2.8
v 3 -3 -1.4
v 3 -4 -1.4
v 3 -3 1.4
v 3 -4 1.4
v 2 -3 -1.4
v 2 -3 1.4
v 2 -4 1.4
v 2 -4 -1.4
v 1 -3 -1.4
v 1 -5 -1.4
v 1 -3 1.4
v 1 -5 1.4
v 0 -3 -1.4
v 0 -3 1.4
v 0 -5 1.4
v 0 -5 -1.4
v -11 -3 -1.4
v -11 -4 -1.4
v -11 -3 1.4
v -11 -4 1.4
v -19 -3 -1.4
v -19 -3 1.4
v -20 -3 -1.4
v -20 -3 1.4
v -21 -3 -1.4
v -21 -3 1.4
v -21 -4 1.4
v -21 -4 -1.4
v 4 -4 -1.4
v 4 -5 -1.4
v 4 -4 1.4
v 4 -5 1.4
v 3 -5 1.4
v 3 -5 -1.4
v 2 -5 -1.4
v 2 -5 1.4
v 1 -4 -1.4
v 1 -4 1.4
v 0 -4 -1.4
v 0 -4 1.4
v -1 -4 -1.4
v -1 -4 1.4
v -1 -5 1.4
v -1 -5 -1.4
v 9 -6 -1.4
v 9 -7 -1.4
v 9 -6 1.4
v 9 -7 1.4
v 8 -6 -1.4
v 8 -6 1.4
v 8 -7 1.4
v 8 -7 -1.4
v 10 -8 -0.7
v 10 -8 0.7
v 9 -8 0.7
v 9 -8 -0.7
v 8 -8 -0.7
v 8 -8 0.7
v 7 -8 0.7
v 7 -8 -0.7
v 7 -9 -0.7
v 7 -9 0.7
v 6 -8 -0.7
v 6 -8 0.7
v 6 -9 0.7
v 6 -9 -0.7
v -21 5 -0.7
v -21 5 0.7
v -21 4 0.7
v -21 4 -0.7
v 26 4 -2.1
v 26 3 -2.1
v 26 4 2.1
v 26 3 2.1
v 25 4 -2.1
v 25 4 2.1
v 25 3 2.1
v 25 3 -2.1
v 25 2 -2.1
v 25 2 2.1
v 25 1 2.1
v 25 1 -2.1
v 25 0 -2.1
v 25 -1 -2.1
v 25 0 2.1
v 25 -1 2.1
v 24 -1 2.1
v 24 -1 -2.1
v -2 -1 -2.8
v -2 -2 -2.8
v -2 -1 2.8
v -2 -2 2.8
v 25 -3 -1.4
v 25 -3 1.4
v 24 -2 -1.4
v 24 -2 1.4
v 24 -3 1.4
v 24 -3 -1.4
v 25 4 -1.4
v 25 3 -1.4
v 25 4 1.4
v 25 3 1.4
v 24 4 -1.4
v 24 4 1.4
v 24 3 1.4
v 24 3 -1.4
v 24 2 -2.1
v 24 2 2.1
v 24 1 2.1
v 24 1 -2.1
v 13 4 -3.5
v 13 4 3.5
v 12 4 -3.5
v 12 4 3.5
v 11 4 -3.5
v 11 3 -3.5
v 11 4 3.5
v 11 3 3.5
v 10 4 -3.5
v 10 4 3.5
v 10 3 3.5
v 10 3 -3.5
v -20 4 -2.8
v -20 3 -2.8
v -20 4 2.8
v -20 3 2.8
v -22 4 -2.8
v -22 4 2.8
v -22 3 2.8
v -22 3 -2.8
v 11 1 3.5
v 11 1 -3.5
v 10 1 -3.5
v 10 1 3.5
v 9 3 -3.5
v 9 3 3.5
v 8 0 3.5
v 8 0 -3.5
v -21 -5 -1.4
v -21 -5 1.4
v -22 -5 1.4
v -22 -5 -1.4
v -1 -6 -2.1
v -1 -6 2.1
v -2 -6 2.1
v -2 -6 -2.1
v -2 -5 -2.8
v -2 -6 -2.8
v -2 -5 2.8
v -2 -6 2.8
v -3 -5 -2.8
v -3 -5 2.8
v -3 -6 2.8
v -3 -6 -2.8
v -4 -5 -2.8
v -4 -6 -2.8
v -4 -5 2.8
v -4 -6 2.8
v -6 -5 -2.8
v -6 -5 2.8
v -6 -6 2.8
v -6 -6 -2.8
v -7 -5 -2.8
v -7 -6 -2.8
v -7 -5 2.8
v -7 -6 2.8
v -9 -5 -2.8
v -9 -5 2.8
v -9 -6 2.8
v -9 -6 -2.8
v -10 -5 -2.8
v -10 -6 -2.8
v -10 -5 2.8
v -10 -6 2.8
v -11 -5 -2.8
v -11 -5 2.8
v -11 -6 2.8
v -11 -6 -2.8
v -11 -6 -1.4
v -11 -7 -1.4
v -11 -6 1.4
v -11 -7 1.4
v -12 -6 -1.4
v -12 -6 1.4
v -12 -7 1.4
v -12 -7 -1.4
v -13 -6 -1.4
v -13 -7 -1.4
v -13 -6 1.4
v -13 -7 1.4
v -16 -6 -1.4
v -16 -7 -1.4
v -16 -6 1.4
v -16 -7 1.4
v -3 4 -2.1
v -3 3 -2.1
v -3 4 2.1
v -3 3 2.1
v -4 4 -2.1
v -4 4 2.1
v -4 3 2.1
v -4 3 -2.1
v -2 3 -2.1
v -2 2 -2.1
v -2 3 2.1
v -2 2 2.1
v -3 2 2.1
v -3 2 -2.1
v -1 0 -2.1
v -1 -1 -2.1
v -1 0 2.1
v -1 -1 2.1
v -2 0 -2.1
v -2 0 2.1
v -2 -1 2.1
v -2 -1 -2.1
v 25 -2 -2.1
v 25 -2 2.1
v 14 -2 -2.1
v 14 -3 -2.1
v 14 -2 2.1
v 14 -3 2.1
v 13 -2 -2.1
v 13 -2 2.1
v 13 -3 2.1
v 13 -3 -2.1
v 10 -2 -2.1
v 10 -3 -2.1
v 10 -2 2.1
v 10 -3 2.1
v -22 -2 -2.1
v -22 -2 2.1
v -12 -5 -0.7
v -12 -6 -0.7
v -12 -5 0.7
v -12 -6 0.7
v -13 -5 -0.7
v -13 -5 0.7
v -13 -6 0.7
v -13 -6 -0.7
v -15 -5 -0.7
v -15 -6 -0.7
v -15 -5 0.7
v -15 -6 0.7
v -16 -5 -0.7
v -16 -5 0.7
v -16 -6 0.7
v -16 -6 -0.7
v -18 -5 -0.7
v -18 -6 -0.7
v -18 -5 0.7
v -18 -6 0.7
v -21 -5 -0.7
v -21 -5 0.7
v -21 -6 0.7
v -21 -6 -0.7
v 8 1 -4.2
v 8 0 -4.2
v 8 1 4.2
v 8 0 4.2
v 7 1 -4.2
v 7 1 4.2
v -22 0 -1.4
v -22 -1 -1.4
v -22 0 1.4
v -22 -1 1.4
v -26 0 -1.4
v -26 0 1.4
v -26 -1 1.4
v -26 -1 -1.4
v 14 -1 -2.1
v 14 -1 2.1
v 13 -1 -2.1
v 13 -1 2.1
v 10 -1 -2.1
v 10 -1 2.1
v 8 -1 -2.1
v 8 -1 2.1
v 8 -2 2.1
v 8 -2 -2.1
v -12 -4 -1.4
v -12 -5 -1.4
v -12 -4 1.4
v -12 -5 1.4
v 10 -8 -1.4
v 10 -9 -1.4
v 10 -8 1.4
v 10 -9 1.4
v 7 -8 -1.4
v 7 -8 1.4
v 7 -9 1.4
v 7 -9 -1.4
v 24 3 -2.8
v 24 1 -2.8
v 24 3 2.8
v 24 1 2.8
v 23 1 2.8
v 23 1 -2.8
v 16 0 -2.8
v 16 0 2.8
v -3 3 -3.5
v -3 3 3.5
v 16 1 2.8
v 16 1 -2.8
v 8 2 -4.2
v 8 2 4.2
v 7 2 -4.2
v 7 2 4.2
v 6 2 -2.8
v 6 1 -2.8
v 6 2 2.8
v 6 1 2.8
v 1 2 -2.8
v 1 2 2.8
v 1 1 2.8
v 1 1 -2.8
v 0 2 -4.2
v 0 2 4.2
v -1 2 -4.2
v -1 2 4.2
v -2 2 -3.5
v -2 -1 -3.5
v -2 2 3.5
v -2 -1 3.5
v -26 0 2.1
v -26 0 -2.1
v 22 0 -1.4
v 22 -1 -1.4
v 22 0 1.4
v 22 -1 1.4
v 21 0 -1.4
v 21 0 1.4
v 21 -1 1.4
v 21 -1 -1.4
v 20 0 -1.4
v 20 -1 -1.4
v 20 0 1.4
v 20 -1 1.4
v 19 0 -1.4
v 19 0 1.4
v 19 -1 1.4
v 19 -1 -1.4
v 18 0 -1.4
v 18 -1 -1.4
v 18 0 1.4
v 18 -1 1.4
v 17 0 -1.4
v 17 0 1.4
v 17 -1 1.4
v 17 -1 -1.4
v 12 -1 -2.1
v 12 -1 2.1
v 11 -1 -2.1
v 11 -1 2.1
v 24 -3 -2.1
v 24 -3 2.1
v 22 -3 2.1
v 22 -3 -2.1
v 10 -3 -0.7
v 10 -4 -0.7
v 10 -3 0.7
v 10 -4 0.7
v 9 -3 -0.7
v 9 -3 0.7
v 9 -3 -1.4
v 9 -4 -1.4
v 9 -3 1.4
v 9 -4 1.4
v 8 -3 -1.4
v 8 -3 1.4
v 8 -4 1.4
v 8 -4 -1.4
v 8 -3 -2.1
v 8 -4 -2.1
v 8 -3 2.1
v 8 -4 2.1
v 4 -3 -2.1
v 4 -3 2.1
v 4 -4 2.1
v 4 -4 -2.1
v 4 -3 -1.4
v 4 -3 1.4
v 7 -4 -1.4
v 7 -4 1.4
v 7 -6 1.4
v 7 -6 -1.4
v 5 -4 -0.7
v 5 -6 -0.7
v 5 -4 0.7
v 5 -6 0.7
v 4 -4 -0.7
v 4 -4 0.7
v 4 -6 0.7
v 4 -6 -0.7
v -23 -5 1.4
v -23 -5 -1.4
v 7 -5 -0.7
v 7 -5 0.7
v 5 -5 -0.7
v 5 -5 0.7
v 3 -6 -1.4
v 3 -6 1.4
v 1 -6 1.4
v 1 -6 -1.4
v 0 -6 -1.4
v 0 -6 1.4
v -1 -6 1.4
v -1 -6 -1.4
v -3 -7 -2.1
v -3 -7 2.1
v -5 -6 -2.1
v -5 -6 2.1
v -5 -7 2.1
v -5 -7 -2.1
v -6 -7 -2.1
v -6 -7 2.1
v -8 -6 -2.1
v -8 -6 2.1
v -8 -7 2.1
v -8 -7 -2.1
v -9 -7 -2.1
v -9 -7 2.1
v -11 -7 2.1
v -11 -7 -2.1
v 9 -8 -1.4
v 9 -8 1.4
v 8 -8 1.4
v 8 -8 -1.4
v -26 3 -0.7
v -26 2 -0.7
v -26 3 0.7
v -26 2 0.7
v -27 3 -0.7
v -27 3 0.7
v -27 2 0.7
v -27 2 -0.7
v -27 2 -1.4
v -27 2 1.4
v -27 0 1.4
v -27 0 -1.4
v -26 0 -0.7
v -26 -1 -0.7
v -26 0 0.7
v -26 -1 0.7
v -27 0 -0.7
v -27 0 0.7
v -27 -1 0.7
v -27 -1 -0.7
v -1 2 -2.1
v -1 2 2.1
v -1 -2 -2.1
v -1 -2 2.1
v -2 -2 2.1
v -2 -2 -2.1
v 21 -1 -2.8
v 21 -2 -2.8
v 21 -1 2.8
v 21 -2 2.8
v 15 -2 2.8
v 15 -2 -2.8
v 22 -2 -2.8
v 22 -3 -2.8
v 22 -2 2.8
v 22 -3 2.8
v 21 -3 2.8
v 21 -3 -2.8
v 15 -3 -2.8
v 15 -3 2.8
v 14 -2 -2.8
v 14 -2 2.8
v 14 -3 2.8
v 14 -3 -2.8
v 24 -4 -2.1
v 24 -4 2.1
v 23 -3 -2.1
v 23 -3 2.1
v 23 -4 2.1
v 23 -4 -2.1
v 23 -3 -2.8
v 23 -4 -2.8
v 23 -3 2.8
v 23 -4 2.8
v 22 -4 2.8
v 22 -4 -2.8
v 15 -2 -2.1
v 15 -2 2.1
v 21 -3 -2.1
v 21 -3 2.1
v 15 -3 2.1
v 15 -3 -2.1
v 22 -4 -2.1
v 22 -4 2.1
v 21 -4 2.1
v 21 -4 -2.1
v 15 -4 -2.1
v 15 -4 2.1
v 14 -4 2.1
v 14 -4 -2.1
v 23 -5 -2.1
v 23 -5 2.1
v 22 -5 2.1
v 22 -5 -2.1
v 13 -3 -2.8
v 13 -3 2.8
v 12 -3 2.8
v 12 -3 -2.8
v 11 -3 -2.8
v 11 -3 2.8
v 10 -3 2.8
v 10 -3 -2.8
v 14 -3 -1.4
v 14 -4 -1.4
v 14 -3 1.4
v 14 -4 1.4
v 13 -3 -1.4
v 13 -3 1.4
v 13 -4 1.4
v 13 -4 -1.4
v 2 -3 -2.1
v 2 -3 2.1
v 1 -3 -2.1
v 1 -3 2.1
v 1 -4 2.1
v 1 -4 -2.1

vn 1 0 0
vn 0 1 0
vn 0 -1 0
vn -1 0 0
vn 0 0 -1
vn 0 0 1

vt -19.68504 19.68504
vt 19.68504 19.68504
vt -19.68504 -19.68504
vt 0 NaN
vt 0 0
vt 0 NaN
vt 0 NaN
vt 0 NaN
vt 0 NaN
vt 0 NaN
vt 19.68504 -19.68504
vt 0 NaN
vt 0 NaN
vt 0 NaN
vt 0 NaN
vt 0 NaN
vt 0 NaN
vt 0 NaN
vt 0 NaN
vt 0 NaN
vt 0 NaN
vt 0 NaN
vt 0 NaN
vt 0 NaN
vt 0 NaN
vt 0 NaN
vt 0 NaN
vt 0 NaN
vt 0 NaN
vt 0 NaN
vt 0 NaN
vt 0 NaN
vt 0 NaN
vt 0 NaN
vt 0 NaN
vt 0 NaN
vt 0 NaN
vt 0 NaN
vt 0 NaN
vt 0 NaN
vt 0 NaN
vt 0 NaN
vt 0 NaN
vt 0 NaN
vt 0 NaN
vt 0 NaN
vt 0 NaN
vt 0 NaN
vt 0 NaN
vt 0 NaN
vt 0 NaN
vt 0 NaN
vt 0 NaN
vt 0 NaN
vt 0 NaN
vt 0 NaN
vt 0 NaN
vt 0 NaN
vt 0 NaN
vt 0 NaN
vt 0 NaN
vt 0 NaN
vt 0 NaN
vt 0 NaN
vt 0 NaN
vt 0 NaN
vt 0 NaN
vt 0 NaN
vt 0 NaN
vt 0 NaN
vt 0 NaN
vt 0 NaN
vt 0 NaN
vt 0 NaN
vt 0 NaN
vt 0 NaN
vt 0 NaN
vt 0 NaN
vt 0 NaN
vt 0 NaN
vt 0 NaN
vt 0 NaN
vt 0 NaN
vt 0 NaN
vt 0 NaN
vt 0 NaN
vt 0 NaN
vt 0 NaN
vt 0 NaN
vt 0 NaN
vt 0 NaN
vt 0 NaN
vt 0 NaN
vt 0 NaN
vt 0 NaN
vt 0 NaN
vt 0 NaN
vt 0 NaN
vt 0 NaN
vt 0 NaN
vt 0 NaN
vt 0 NaN
vt 0 NaN
vt 0 NaN
vt 0 NaN
vt 0 NaN
vt 0 NaN
vt 0 NaN
vt 0 NaN
vt 0 NaN
vt 0 NaN
vt 0 NaN
vt 0 NaN
vt 0 NaN
vt 0 NaN
vt 0 NaN
vt 0 NaN
vt 0 NaN
vt 0 NaN
vt 0 NaN
vt 0 NaN
vt 0 NaN
vt 0 NaN
vt 0 NaN
vt 0 NaN
vt 0 NaN
vt 0 NaN
vt 0 NaN
vt 0 NaN
vt 0 NaN
vt 0 NaN
vt 0 NaN
vt 0 NaN
vt 0 NaN
vt 0 NaN
vt 0 NaN
vt 0 NaN
vt 0 NaN
vt 0 NaN
vt 0 NaN
vt 0 NaN
vt 0 NaN
vt 0 NaN
vt 0 NaN
vt 0 NaN
vt 0 NaN
vt 0 NaN
vt 0 NaN
vt 0 NaN
vt 0 NaN
vt 0 NaN
vt 0 NaN
vt 0 NaN
vt 0 NaN
vt 0 NaN
vt 0 NaN
vt 0 NaN
vt 0 NaN
vt 0 NaN
vt 0 NaN
vt 0 NaN
vt 0 NaN
vt 0 NaN
vt 0 NaN
vt 0 NaN
vt 0 NaN
vt 0 NaN
vt 0 NaN
vt 0 NaN
vt 0 NaN
vt 0 NaN
vt 0 NaN
vt 0 NaN
vt 0 NaN
vt 0 NaN
vt 0 NaN
vt 0 NaN
vt 0 NaN
vt 0 NaN
vt 0 NaN
vt 0 NaN
vt 0 NaN
vt 0 NaN
vt 0 NaN
vt 0 NaN
vt 0 NaN
vt 0 NaN
vt 0 NaN
vt 0 NaN
vt 0 NaN
vt 0 NaN
vt 0 NaN
vt 0 NaN
vt 0 NaN
vt 0 NaN
vt 0 NaN
vt 0 NaN
vt 0 NaN
vt 0 NaN
vt 0 NaN
vt 0 NaN
vt 0 NaN
vt 0 NaN
vt 0 NaN
vt 0 NaN
vt 0 NaN
vt 0 NaN
vt 0 NaN
vt 0 NaN
vt 0 NaN
vt 0 NaN
vt 0 NaN
vt 0 NaN
vt 0 NaN
vt 0 NaN
vt 0 NaN
vt 0 NaN
vt 0 NaN
vt 0 NaN
vt 0 NaN
vt 0 NaN
vt 0 NaN
vt 0 NaN
vt 0 NaN
vt 0 NaN
vt 0 NaN
vt 0 NaN
vt 0 NaN
vt 0 NaN
vt 0 NaN
vt 0 NaN
vt 0 NaN
vt 0 NaN
vt 0 NaN
vt 0 NaN
vt 0 NaN
vt 0 NaN
vt 0 NaN
vt 0 NaN
vt 0 NaN
vt 0 NaN
vt 0 NaN
vt 0 NaN
vt 0 NaN
vt 0 NaN
vt 0 NaN
vt 0 NaN
vt 0 NaN
vt 0 NaN
vt 0 NaN
vt 0 NaN
vt 0 NaN
vt 0 NaN
vt 0 NaN
vt 0 NaN
vt 0 NaN
vt 0 NaN
vt 0 NaN
vt 0 NaN
vt 0 NaN
vt 0 NaN
vt 0 NaN
vt 0 NaN
vt 0 NaN
vt 0 NaN
vt 0 NaN
vt 0 NaN
vt 0 NaN
vt 0 NaN
vt 0 NaN
vt 0 NaN
vt 0 NaN
vt 0 NaN
vt 0 NaN
vt 0 NaN
vt 0 NaN
vt 0 NaN
vt 0 NaN
vt 0 NaN
vt 0 NaN
vt 0 NaN
vt 0 NaN
vt 0 NaN
vt 0 NaN
vt 0 NaN
vt 0 NaN
vt 0 NaN
vt 0 NaN
vt 0 NaN
vt 0 NaN
vt 0 NaN
vt 0 NaN
vt 0 NaN
vt 0 NaN
vt 0 NaN
vt 0 NaN
vt 0 NaN
vt 0 NaN
vt 0 NaN
vt 0 NaN
vt 0 NaN
vt 0 NaN
vt 0 NaN
vt 0 NaN
vt 0 NaN
vt 0 NaN
vt 0 NaN
vt 0 NaN
vt 0 NaN
vt 0 NaN
vt 0 NaN
vt 0 NaN
vt 0 NaN
vt 0 NaN
vt 0 NaN
vt 0 NaN
vt 0 NaN
vt 0 NaN
vt 0 NaN
vt 0 NaN
vt 0 NaN
vt 0 NaN
vt 0 NaN
vt 0 NaN
vt 0 NaN
vt 0 NaN
vt 0 NaN
vt 0 NaN
vt 0 NaN
vt 0 NaN
vt 0 NaN
vt 0 NaN
vt 0 NaN
vt 0 NaN
vt 0 NaN
vt 0 NaN
vt 0 NaN
vt 0 NaN
vt 0 NaN
vt 0 NaN
vt 0 NaN
vt 0 NaN
vt 0 NaN
vt 0 NaN
vt 0 NaN
vt 0 NaN
vt 0 NaN
vt 0 NaN
vt 0 NaN
vt 0 NaN
vt 0 NaN
vt 0 NaN
vt 0 NaN
vt 0 NaN
vt 0 NaN
vt 0 NaN
vt 0 NaN
vt 0 NaN
vt 0 NaN
vt 0 NaN
vt 0 NaN
vt 0 NaN
vt 0 NaN
vt 0 NaN
vt 0 NaN
vt 0 NaN
vt 0 NaN
vt 0 NaN
vt 0 NaN
vt 0 NaN
vt 0 NaN
vt 0 NaN
vt 0 NaN
vt 0 NaN
vt 0 NaN
vt 0 NaN
vt 0 NaN
vt 0 NaN
vt 0 NaN
vt 0 NaN
vt 0 NaN
vt 0 NaN
vt 0 NaN
vt 0 NaN
vt 0 NaN
vt 0 NaN
vt 0 NaN
vt 0 NaN
vt 0 NaN
vt 0 NaN
vt 0 NaN
vt 0 NaN
vt 0 NaN
vt 0 NaN
vt 0 NaN
vt 0 NaN
vt 0 NaN
vt 0 NaN
vt 0 NaN
vt 0 NaN
vt 0 NaN
vt 0 NaN
vt 0 NaN
vt 0 NaN
vt 0 NaN
vt 0 NaN
vt 0 NaN
vt 0 NaN
vt 0 NaN
vt 0 NaN
vt 0 NaN
vt 0 NaN
vt 0 NaN
vt 0 NaN
vt 0 NaN
vt 0 NaN
vt 0 NaN
vt 0 NaN
vt 0 NaN
vt 0 NaN
vt 0 NaN
vt 0 NaN
vt 0 NaN
vt 0 NaN
vt 0 NaN
vt 0 NaN
vt 0 NaN
vt 0 NaN
vt 0 NaN
vt 0 NaN
vt 0 NaN
vt 0 NaN
vt 0 NaN
vt 0 NaN
vt 0 NaN
vt 0 NaN
vt 0 NaN
vt 0 NaN
vt 0 NaN
vt 0 NaN
vt 0 NaN
vt 0 NaN
vt 0 NaN
vt 0 NaN
vt 0 NaN
vt 0 NaN
vt 0 NaN
vt 0 NaN
vt 0 NaN
vt 0 NaN
vt 0 NaN
vt 0 NaN
vt 0 NaN
vt 0 NaN
vt 0 NaN
vt 0 NaN
vt 0 NaN
vt 0 NaN
vt 0 NaN
vt 0 NaN
vt 0 NaN
vt 0 NaN
vt 0 NaN
vt 0 NaN
vt 0 NaN
vt 0 NaN
vt 0 NaN
vt 0 NaN
vt 0 NaN
vt 0 NaN
vt 0 NaN
vt 0 NaN
vt 0 NaN
vt 0 NaN
vt 0 NaN
vt 0 NaN
vt 0 NaN
vt 0 NaN
vt 0 NaN
vt 0 NaN
vt 0 NaN
vt 0 NaN
vt 0 NaN
vt 0 NaN
vt 0 NaN
vt 0 NaN
vt 0 NaN
vt 0 NaN
vt 0 NaN
vt 0 NaN
vt 0 NaN
vt 0 NaN
vt 0 NaN
vt 0 NaN
vt 0 NaN
vt 0 NaN
vt 0 NaN
vt 0 NaN
vt 0 NaN
vt 0 NaN
vt 0 NaN
vt 0 NaN
vt 0 NaN
vt 0 NaN
vt 0 NaN
vt 0 NaN
vt 0 NaN
vt 0 NaN
vt 0 NaN
vt 0 NaN
vt 0 NaN
vt 0 NaN
vt 0 NaN
vt 0 NaN
vt 0 NaN
vt 0 NaN
vt 0 NaN
vt 0 NaN
vt 0 NaN
vt 0 NaN
vt 0 NaN
vt 0 NaN
vt 0 NaN
vt 0 NaN
vt 0 NaN
vt 0 NaN
vt 0 NaN
vt 0 NaN
vt 0 NaN
vt 0 NaN
vt 0 NaN
vt 0 NaN
vt 0 NaN
vt 0 NaN
vt 0 NaN
vt 0 NaN
vt 0 NaN
vt 0 NaN
vt 0 NaN
vt 0 NaN
vt 0 NaN
vt 0 NaN
vt 0 NaN
vt 0 NaN
vt 0 NaN
vt 0 NaN
vt 0 NaN
vt 0 NaN
vt 0 NaN
vt 0 NaN
vt 0 NaN
vt 0 NaN
vt 0 NaN
vt 0 NaN
vt 0 NaN
vt 0 NaN
vt 0 NaN
vt 0 NaN
vt 0 NaN
vt 0 NaN
vt 0 NaN
vt 0 NaN
vt 0 NaN
vt 0 NaN
vt 0 NaN
vt 0 NaN
vt 0 NaN
vt 0 NaN
vt 0 NaN
vt 0 NaN
vt 0 NaN
vt 0 NaN
vt 0 NaN
vt 0 NaN
vt 0 NaN
vt 0 NaN
vt 0 NaN
vt 0 NaN
vt 0 NaN
vt 0 NaN
vt 0 NaN
vt 0 NaN
vt 0 NaN
vt 0 NaN
vt 0 NaN
vt 0 NaN
vt 0 NaN
vt 0 NaN
vt 0 NaN
vt 0 NaN
vt 0 NaN
vt 0 NaN
vt 0 NaN
vt 0 NaN
vt 0 NaN
vt 0 NaN
vt 0 NaN
vt 0 NaN
vt 0 NaN
vt 0 NaN
vt 0 NaN
vt 0 NaN
vt 0 NaN
vt 0 NaN
vt 0 NaN
vt 0 NaN
vt 0 NaN
vt 0 NaN
vt 0 NaN
vt 0 NaN
vt 0 NaN
vt 0 NaN
vt 0 NaN
vt 0 NaN
vt 0 NaN
vt 0 NaN
vt 0 NaN
vt 0 NaN
vt 0 NaN
vt 0 NaN
vt 0 NaN
vt 0 NaN
vt 0 NaN
vt 0 NaN
vt 0 NaN
vt 0 NaN
vt 0 NaN
vt 0 NaN
vt 0 NaN
vt 0 NaN
vt 0 NaN
vt 0 NaN
vt 0 NaN
vt 0 NaN
vt 0 NaN
vt 0 NaN
vt 0 NaN
vt 0 NaN
vt 0 NaN
vt 0 NaN
vt 0 NaN
vt 0 NaN
vt 0 NaN
vt 0 NaN
vt 0 NaN
vt 0 NaN
vt 0 NaN
vt 0 NaN
vt 0 NaN
vt 0 NaN
vt 0 NaN
vt 0 NaN
vt 0 NaN
vt 0 NaN
vt 0 NaN
vt 0 NaN
vt 0 NaN
vt 0 NaN
vt 0 NaN
vt 0 NaN
vt 0 NaN
vt 0 NaN
vt 0 NaN
vt 0 NaN
vt 0 NaN
vt 0 NaN
vt 0 NaN
vt 0 NaN
vt 0 NaN
vt 0 NaN
vt 0 NaN
vt 0 NaN
vt 0 NaN
vt 0 NaN
vt 0 NaN
vt 0 NaN
vt 0 NaN
vt 0 NaN
vt 0 NaN
vt 0 NaN
vt 0 NaN
vt 0 NaN
vt 0 NaN
vt 0 NaN
vt 0 NaN
vt 0 NaN
vt 0 NaN
vt 0 NaN
vt 0 NaN
vt 0 NaN
vt 0 NaN
vt 0 NaN
vt 0 NaN
vt 0 NaN
vt 0 NaN
vt 0 NaN
vt 0 NaN
vt 0 NaN
vt 0 NaN
vt 0 NaN
vt 0 NaN
vt 0 NaN
vt 0 NaN
vt 0 NaN
vt 0 NaN
vt 0 NaN
vt 0 NaN
vt 0 NaN
vt 0 NaN
vt 0 NaN
vt 0 NaN
vt 0 NaN
vt 0 NaN
vt 0 NaN
vt 0 NaN
vt 0 NaN
vt 0 NaN
vt 0 NaN
vt 0 NaN
vt 0 NaN
vt 0 NaN
vt 0 NaN
vt 0 NaN
vt 0 NaN
vt 0 NaN
vt 0 NaN
vt 0 NaN
vt 0 NaN
vt 0 NaN
vt 0 NaN
vt 0 NaN
vt 0 NaN
vt 0 NaN
vt 0 NaN
vt 0 NaN
vt 0 NaN
vt 0 NaN
vt 0 NaN
vt 0 NaN
vt 0 NaN
vt 0 NaN
vt 0 NaN
vt 0 NaN
vt 0 NaN
vt 0 NaN
vt 0 NaN
vt 0 NaN
vt 0 NaN
vt 0 NaN
vt 0 NaN
vt 0 NaN
vt 0 NaN
vt 0 NaN
vt 0 NaN
vt 0 NaN
vt 0 NaN
vt 0 NaN
vt 0 NaN
vt 0 NaN
vt 0 NaN
vt 0 NaN
vt 0 NaN
vt 0 NaN
vt 0 NaN
vt 0 NaN
vt 0 NaN
vt 0 NaN
vt 0 NaN
vt 0 NaN
vt 0 NaN
vt 0 NaN
vt 0 NaN
vt 0 NaN
vt 0 NaN
vt 0 NaN
vt 0 NaN
vt 0 NaN
vt 0 NaN
vt 0 NaN
vt 0 NaN
vt 0 NaN
vt 0 NaN
vt 0 NaN
vt 0 NaN
vt 0 NaN
vt 0 NaN
vt 0 NaN
vt 0 NaN
vt 0 NaN
vt 0 NaN
vt 0 NaN
vt 0 NaN
vt 0 NaN
vt 0 NaN
vt 0 NaN
vt 0 NaN
vt 0 NaN
vt 0 NaN
vt 0 NaN
vt 0 NaN
vt 0 NaN
vt 0 NaN
vt 0 NaN
vt 0 NaN
vt 0 NaN
vt 0 NaN
vt 0 NaN
vt 0 NaN
vt 0 NaN
vt 0 NaN
vt 0 NaN
vt 0 NaN
vt 0 NaN
vt 0 NaN
vt 0 NaN
vt 0 NaN
vt 0 NaN
vt 0 NaN
vt 0 NaN
vt 0 NaN
vt 0 NaN
vt 0 NaN
vt 0 NaN
vt 0 NaN
vt 0 NaN
vt 0 NaN
vt 0 NaN
vt 0 NaN
vt 0 NaN
vt 0 NaN
vt 0 NaN
vt 0 NaN
vt 0 NaN
vt 0 NaN
vt 0 NaN
vt 0 NaN
vt 0 NaN
vt 0 NaN
vt 0 NaN
vt 0 NaN
vt 0 NaN
vt 0 NaN
vt 0 NaN
vt 0 NaN
vt 0 NaN
vt 0 NaN
vt 0 NaN
vt 0 NaN
vt 0 NaN
vt 0 NaN
vt 0 NaN
vt 0 NaN
vt 0 NaN
vt 0 NaN
vt 0 NaN
vt 0 NaN
vt 0 NaN
vt 0 NaN
vt 0 NaN
vt 0 NaN
vt 0 NaN
vt 0 NaN
vt 0 NaN
vt 0 NaN
vt 0 NaN
vt 0 NaN
vt 0 NaN
vt 0 NaN
vt 0 NaN
vt 0 NaN
vt 0 NaN
vt 0 NaN
vt 0 NaN
vt 0 NaN
vt 0 NaN
vt 0 NaN
vt 0 NaN
vt 0 NaN
vt 0 NaN
vt 0 NaN
vt 0 NaN
vt 0 NaN
vt 0 NaN
vt 0 NaN
vt 0 NaN
vt 0 NaN
vt 0 NaN
vt 0 NaN
vt 0 NaN
vt 0 NaN
vt 0 NaN
vt 0 NaN
vt 0 NaN
vt 0 NaN
vt 0 NaN
vt 0 NaN
vt 0 NaN
vt 0 NaN
vt 0 NaN
vt 0 NaN
vt 0 NaN
vt 0 NaN
vt 0 NaN
vt 0 NaN
vt 0 NaN
vt 0 NaN
vt 0 NaN
vt 0 NaN
vt 0 NaN
vt 0 NaN
vt 0 NaN
vt 0 NaN
vt 0 NaN
vt 0 NaN
vt 0 NaN
vt 0 NaN
vt 0 NaN
vt 0 NaN
vt 0 NaN
vt 0 NaN
vt 0 NaN
vt 0 NaN
vt 0 NaN
vt 0 NaN
vt 0 NaN
vt 0 NaN
vt 0 NaN
vt 0 NaN
vt 0 NaN
vt 0 NaN
vt 0 NaN
vt 0 NaN
vt 0 NaN
vt 0 NaN
vt 0 NaN
vt 0 NaN
vt 0 NaN
vt 0 NaN
vt 0 NaN
vt 0 NaN
vt 0 NaN
vt 0 NaN
vt 0 NaN
vt 0 NaN
vt 0 NaN
vt 0 NaN
vt 0 NaN
vt 0 NaN
vt 0 NaN
vt 0 NaN
vt 0 NaN
vt 0 NaN
vt 0 NaN
vt 0 NaN
vt 0 NaN
vt 0 NaN
vt 0 NaN
vt 0 NaN
vt 0 NaN
vt 0 NaN
vt 0 NaN
vt 0 NaN
vt 0 NaN
vt 0 NaN
vt 0 NaN
vt 0 NaN
vt 0 NaN
vt 0 NaN
vt 0 NaN
vt 0 NaN
vt 0 NaN
vt 0 NaN
vt 0 NaN
vt 0 NaN
vt 0 NaN
vt 0 NaN
vt 0 NaN
vt 0 NaN
vt 0 NaN
vt 0 NaN
vt 0 NaN
vt 0 NaN
vt 0 NaN
vt 0 NaN
vt 0 NaN
vt 0 NaN
vt 0 NaN
vt 0 NaN
vt 0 NaN
vt 0 NaN
vt 0 NaN
vt 0 NaN
vt 0 NaN
vt 0 NaN
vt 0 NaN
vt 0 NaN
vt 0 NaN
vt 0 NaN
vt 0 NaN
vt 0 NaN
vt 0 NaN
vt 0 NaN
vt 0 NaN
vt 0 NaN
vt 0 NaN
vt 0 NaN
vt 0 NaN
vt 0 NaN
vt 0 NaN
vt 0 NaN
vt 0 NaN
vt 0 NaN
vt 0 NaN
vt 0 NaN
vt 0 NaN
vt 0 NaN
vt 0 NaN
vt 0 NaN
vt 0 NaN
vt 0 NaN
vt 0 NaN
vt 0 NaN
vt 0 NaN
vt 0 NaN
vt 0 NaN
vt 0 NaN
vt 0 NaN
vt 0 NaN
vt 0 NaN
vt 0 NaN
vt 0 NaN
vt 0 NaN
vt 0 NaN
vt 0 NaN
vt 0 NaN
vt 0 NaN
vt 0 NaN
vt 0 NaN
vt 0 NaN
vt 0 NaN
vt 0 NaN
vt 0 NaN
vt 0 NaN
vt 0 NaN
vt 0 NaN
vt 0 NaN
vt 0 NaN
vt 0 NaN
vt 0 NaN
vt 0 NaN
vt 0 NaN
vt 0 NaN
vt 0 NaN
vt 0 NaN
vt 0 NaN
vt 0 NaN
vt 0 NaN
vt 0 NaN
vt 0 NaN
vt 0 NaN
vt 0 NaN
vt 0 NaN
vt 0 NaN
vt 0 NaN
vt 0 NaN
vt 0 NaN
vt 0 NaN
vt 0 NaN
vt 0 NaN
vt 0 NaN
vt 0 NaN
vt 0 NaN
vt 0 NaN
vt 0 NaN
vt 0 NaN
vt 0 NaN
vt 0 NaN
vt 0 NaN
vt 0 NaN
vt 0 NaN
vt 0 NaN
vt 0 NaN
vt 0 NaN
vt 0 NaN
vt 0 NaN
vt 0 NaN
vt 0 NaN
vt 0 NaN
vt 0 NaN
vt 0 NaN
vt 0 NaN
vt 0 NaN
vt 0 NaN
vt 0 NaN
vt 0 NaN
vt 0 NaN
vt 0 NaN
vt 0 NaN
vt 0 NaN
vt 0 NaN
vt 0 NaN
vt 0 NaN
vt 0 NaN
vt 0 NaN
vt 0 NaN
vt 0 NaN
vt 0 NaN
vt 0 NaN
vt 0 NaN
vt 0 NaN
vt 0 NaN
vt 0 NaN
vt 0 NaN
vt 0 NaN
vt 0 NaN
vt 0 NaN
vt 0 NaN
vt 0 NaN
vt 0 NaN
vt 0 NaN
vt 0 NaN
vt 0 NaN
vt 0 NaN
vt 0 NaN
vt 0 NaN
vt 0 NaN
vt 0 NaN
vt 0 NaN
vt 0 NaN
vt 0 NaN
vt 0 NaN
vt 0 NaN
vt 0 NaN
vt 0 NaN
vt 0 NaN
vt 0 NaN
vt 0 NaN
vt 0 NaN
vt 0 NaN
vt 0 NaN
vt 0 NaN
vt 0 NaN
vt 0 NaN
vt 0 NaN
vt 0 NaN
vt 0 NaN
vt 0 NaN
vt 0 NaN
vt 0 NaN
vt 0 NaN
vt 0 NaN
vt 0 NaN
vt 0 NaN
vt 0 NaN
vt 0 NaN
vt 0 NaN
vt 0 NaN
vt 0 NaN
vt 0 NaN
vt 0 NaN
vt 0 NaN
vt 0 NaN
vt 0 NaN
vt 0 NaN
vt 0 NaN
vt 0 NaN
vt 0 NaN
vt 0 NaN
vt 0 NaN
vt 0 NaN
vt 0 NaN
vt 0 NaN
vt 0 NaN
vt 0 NaN
vt 0 NaN
vt 0 NaN
vt 0 NaN
vt 0 NaN
vt 0 NaN
vt 0 NaN
vt 0 NaN
vt 0 NaN
vt 0 NaN
vt 0 NaN
vt 0 NaN
vt 0 NaN
vt 0 NaN
vt 0 NaN
vt 0 NaN
vt 0 NaN
vt 0 NaN
vt 0 NaN
vt 0 NaN
vt 0 NaN
vt 0 NaN
vt 0 NaN
vt 0 NaN
vt 0 NaN
vt 0 NaN
vt 0 NaN
vt 0 NaN
vt 0 NaN
vt 0 NaN
vt 0 NaN
vt 0 NaN
vt 0 NaN
vt 0 NaN
vt 0 NaN
vt 0 NaN
vt 0 NaN
vt 0 NaN
vt 0 NaN
vt 0 NaN
vt 0 NaN
vt 0 NaN

usemtl color6

f 3/3/1 2/2/1 1/1/1
f 2/3/1 3/2/1 4/1/1
f 5/3/2 3/2/2 1/1/2
f 3/3/2 5/2/2 6/1/2
f 7/5/3 2/5/3 4/4/3
f 2/5/3 7/5/3 8/6/3
f 7/5/4 5/5/4 8/7/4
f 5/5/4 7/5/4 6/8/4
f 5/5/5 2/5/5 8/9/5
f 2/5/5 5/5/5 1/10/5
f 3/2/6 7/3/6 4/11/6
f 7/3/6 3/2/6 6/1/6
f 11/3/1 10/2/1 9/1/1
f 10/3/1 11/2/1 12/1/1
f 13/3/2 11/2/2 9/1/2
f 11/3/2 13/2/2 14/1/2
f 15/5/3 10/5/3 12/12/3
f 10/5/3 15/5/3 16/13/3
f 15/5/4 13/5/4 16/14/4
f 13/5/4 15/5/4 14/15/4
f 13/5/5 10/5/5 16/16/5
f 10/5/5 13/5/5 9/17/5
f 11/2/6 15/3/6 12/11/6
f 15/3/6 11/2/6 14/1/6
f 3/3/1 2/2/1 1/1/1
f 2/3/1 3/2/1 4/1/1
f 5/3/2 3/2/2 1/1/2
f 3/3/2 5/2/2 6/1/2
f 7/5/3 2/5/3 4/4/3
f 2/5/3 7/5/3 8/6/3
f 7/5/4 5/5/4 8/7/4
f 5/5/4 7/5/4 6/8/4
f 5/5/5 2/5/5 8/9/5
f 2/5/5 5/5/5 1/10/5
f 3/2/6 7/3/6 4/11/6
f 7/3/6 3/2/6 6/1/6
f 19/3/1 18/2/1 17/1/1
f 18/3/1 19/2/1 20/1/1
f 21/3/2 19/2/2 17/1/2
f 19/3/2 21/2/2 22/1/2
f 23/5/3 18/5/3 20/18/3
f 18/5/3 23/5/3 24/19/3
f 23/5/4 21/5/4 24/20/4
f 21/5/4 23/5/4 22/21/4
f 21/5/5 18/5/5 24/22/5
f 18/5/5 21/5/5 17/23/5
f 19/2/6 23/3/6 20/11/6
f 23/3/6 19/2/6 22/1/6
f 27/3/1 26/2/1 25/1/1
f 26/3/1 27/2/1 28/1/1
f 29/3/2 27/2/2 25/1/2
f 27/3/2 29/2/2 30/1/2
f 31/5/3 26/5/3 28/24/3
f 26/5/3 31/5/3 32/25/3
f 31/5/4 29/5/4 32/26/4
f 29/5/4 31/5/4 30/27/4
f 29/5/5 26/5/5 32/28/5
f 26/5/5 29/5/5 25/29/5
f 27/2/6 31/3/6 28/11/6
f 31/3/6 27/2/6 30/1/6
f 35/3/1 34/2/1 33/1/1
f 34/3/1 35/2/1 36/1/1
f 37/3/2 35/2/2 33/1/2
f 35/3/2 37/2/2 38/1/2
f 39/5/3 34/5/3 36/30/3
f 34/5/3 39/5/3 40/31/3
f 39/5/4 37/5/4 40/32/4
f 37/5/4 39/5/4 38/33/4
f 37/5/5 34/5/5 40/34/5
f 34/5/5 37/5/5 33/35/5
f 35/2/6 39/3/6 36/11/6
f 39/3/6 35/2/6 38/1/6
f 43/3/1 42/2/1 41/1/1
f 42/3/1 43/2/1 44/1/1
f 45/3/2 43/2/2 41/1/2
f 43/3/2 45/2/2 46/1/2
f 47/5/3 42/5/3 44/36/3
f 42/5/3 47/5/3 48/37/3
f 47/5/4 45/5/4 48/38/4
f 45/5/4 47/5/4 46/39/4
f 45/5/5 42/5/5 48/40/5
f 42/5/5 45/5/5 41/41/5
f 43/2/6 47/3/6 44/11/6
f 47/3/6 43/2/6 46/1/6
f 51/3/1 50/2/1 49/1/1
f 50/3/1 51/2/1 52/1/1
f 53/3/2 51/2/2 49/1/2
f 51/3/2 53/2/2 54/1/2
f 55/5/3 50/5/3 52/42/3
f 50/5/3 55/5/3 56/43/3
f 55/5/4 53/5/4 56/44/4
f 53/5/4 55/5/4 54/45/4
f 53/5/5 50/5/5 56/46/5
f 50/5/5 53/5/5 49/47/5
f 51/2/6 55/3/6 52/11/6
f 55/3/6 51/2/6 54/1/6
f 59/3/1 58/2/1 57/1/1
f 58/3/1 59/2/1 60/1/1
f 61/3/2 59/2/2 57/1/2
f 59/3/2 61/2/2 62/1/2
f 63/5/3 58/5/3 60/48/3
f 58/5/3 63/5/3 64/49/3
f 63/5/4 61/5/4 64/50/4
f 61/5/4 63/5/4 62/51/4
f 61/5/5 58/5/5 64/52/5
f 58/5/5 61/5/5 57/53/5
f 59/2/6 63/3/6 60/11/6
f 63/3/6 59/2/6 62/1/6
f 67/3/1 66/2/1 65/1/1
f 66/3/1 67/2/1 68/1/1
f 69/3/2 67/2/2 65/1/2
f 67/3/2 69/2/2 70/1/2
f 71/5/3 66/5/3 68/54/3
f 66/5/3 71/5/3 72/55/3
f 71/5/4 69/5/4 72/56/4
f 69/5/4 71/5/4 70/57/4
f 69/5/5 66/5/5 72/58/5
f 66/5/5 69/5/5 65/59/5
f 67/2/6 71/3/6 68/11/6
f 71/3/6 67/2/6 70/1/6
f 75/3/1 74/2/1 73/1/1
f 74/3/1 75/2/1 76/1/1
f 77/3/2 75/2/2 73/1/2
f 75/3/2 77/2/2 78/1/2
f 79/5/3 74/5/3 76/60/3
f 74/5/3 79/5/3 80/61/3
f 79/5/4 77/5/4 80/62/4
f 77/5/4 79/5/4 78/63/4
f 77/5/5 74/5/5 80/64/5
f 74/5/5 77/5/5 73/65/5
f 75/2/6 79/3/6 76/11/6
f 79/3/6 75/2/6 78/1/6

usemtl color5

f 6/3/1 8/2/1 5/1/1
f 8/3/1 6/2/1 7/1/1
f 81/3/2 6/2/2 5/1/2
f 6/3/2 81/2/2 82/1/2
f 83/5/3 8/6/3 7/5/3
f 8/6/3 83/5/3 84/66/3
f 83/5/4 81/5/4 84/67/4
f 81/5/4 83/5/4 82/68/4
f 81/5/5 8/9/5 84/69/5
f 8/9/5 81/5/5 5/5/5
f 6/2/6 83/3/6 7/11/6
f 83/3/6 6/2/6 82/1/6
f 87/3/1 86/2/1 85/1/1
f 86/3/1 87/2/1 88/1/1
f 89/3/2 87/2/2 85/1/2
f 87/3/2 89/2/2 90/1/2
f 91/5/3 86/5/3 88/70/3
f 86/5/3 91/5/3 92/71/3
f 91/5/4 89/5/4 92/72/4
f 89/5/4 91/5/4 90/73/4
f 89/5/5 86/5/5 92/74/5
f 86/5/5 89/5/5 85/75/5
f 87/2/6 91/3/6 88/11/6
f 91/3/6 87/2/6 90/1/6
f 95/3/1 94/2/1 93/1/1
f 94/3/1 95/2/1 96/1/1
f 97/3/2 95/2/2 93/1/2
f 95/3/2 97/2/2 98/1/2
f 99/5/3 94/5/3 96/76/3
f 94/5/3 99/5/3 100/77/3
f 99/5/4 97/5/4 100/78/4
f 97/5/4 99/5/4 98/79/4
f 97/5/5 94/5/5 100/80/5
f 94/5/5 97/5/5 93/81/5
f 95/2/6 99/3/6 96/11/6
f 99/3/6 95/2/6 98/1/6
f 103/3/1 102/2/1 101/1/1
f 102/3/1 103/2/1 104/1/1
f 105/3/2 103/2/2 101/1/2
f 103/3/2 105/2/2 106/1/2
f 107/5/3 102/5/3 104/82/3
f 102/5/3 107/5/3 108/83/3
f 107/5/4 105/5/4 108/84/4
f 105/5/4 107/5/4 106/85/4
f 105/5/5 102/5/5 108/86/5
f 102/5/5 105/5/5 101/87/5
f 103/2/6 107/3/6 104/11/6
f 107/3/6 103/2/6 106/1/6
f 111/3/1 110/2/1 109/1/1
f 110/3/1 111/2/1 112/1/1
f 113/3/2 111/2/2 109/1/2
f 111/3/2 113/2/2 114/1/2
f 115/5/3 110/5/3 112/88/3
f 110/5/3 115/5/3 116/89/3
f 115/5/4 113/5/4 116/90/4
f 113/5/4 115/5/4 114/91/4
f 113/5/5 110/5/5 116/92/5
f 110/5/5 113/5/5 109/93/5
f 111/2/6 115/3/6 112/11/6
f 115/3/6 111/2/6 114/1/6
f 119/3/1 118/2/1 117/1/1
f 118/3/1 119/2/1 120/1/1
f 121/3/2 119/2/2 117/1/2
f 119/3/2 121/2/2 122/1/2
f 123/5/3 118/5/3 120/94/3
f 118/5/3 123/5/3 124/95/3
f 123/5/4 121/5/4 124/96/4
f 121/5/4 123/5/4 122/97/4
f 121/5/5 118/5/5 124/98/5
f 118/5/5 121/5/5 117/99/5
f 119/2/6 123/3/6 120/11/6
f 123/3/6 119/2/6 122/1/6
f 127/3/1 126/2/1 125/1/1
f 126/3/1 127/2/1 128/1/1
f 129/3/2 127/2/2 125/1/2
f 127/3/2 129/2/2 130/1/2
f 131/5/3 126/5/3 128/100/3
f 126/5/3 131/5/3 132/101/3
f 131/5/4 129/5/4 132/102/4
f 129/5/4 131/5/4 130/103/4
f 129/5/5 126/5/5 132/104/5
f 126/5/5 129/5/5 125/105/5
f 127/2/6 131/3/6 128/11/6
f 131/3/6 127/2/6 130/1/6
f 135/3/1 134/2/1 133/1/1
f 134/3/1 135/2/1 136/1/1
f 17/3/2 135/2/2 133/1/2
f 135/3/2 17/2/2 19/1/2
f 20/18/3 134/5/3 136/106/3
f 134/5/3 20/18/3 18/5/3
f 20/5/4 17/5/4 18/107/4
f 17/5/4 20/5/4 19/108/4
f 17/23/5 134/5/5 18/5/5
f 134/5/5 17/23/5 133/109/5
f 135/2/6 20/3/6 136/11/6
f 20/3/6 135/2/6 19/1/6
f 139/3/1 138/2/1 137/1/1
f 138/3/1 139/2/1 140/1/1
f 141/3/2 139/2/2 137/1/2
f 139/3/2 141/2/2 142/1/2
f 143/5/3 138/5/3 140/110/3
f 138/5/3 143/5/3 144/111/3
f 143/5/4 141/5/4 144/112/4
f 141/5/4 143/5/4 142/113/4
f 141/5/5 138/5/5 144/114/5
f 138/5/5 141/5/5 137/115/5
f 139/2/6 143/3/6 140/11/6
f 143/3/6 139/2/6 142/1/6
f 147/3/1 146/2/1 145/1/1
f 146/3/1 147/2/1 148/1/1
f 149/3/2 147/2/2 145/1/2
f 147/3/2 149/2/2 150/1/2
f 151/5/3 146/5/3 148/116/3
f 146/5/3 151/5/3 152/117/3
f 151/5/4 149/5/4 152/118/4
f 149/5/4 151/5/4 150/119/4
f 149/5/5 146/5/5 152/120/5
f 146/5/5 149/5/5 145/121/5
f 147/2/6 151/3/6 148/11/6
f 151/3/6 147/2/6 150/1/6
f 155/3/1 154/2/1 153/1/1
f 154/3/1 155/2/1 156/1/1
f 157/3/2 155/2/2 153/1/2
f 155/3/2 157/2/2 158/1/2
f 159/5/3 154/5/3 156/122/3
f 154/5/3 159/5/3 160/123/3
f 159/5/4 157/5/4 160/124/4
f 157/5/4 159/5/4 158/125/4
f 157/5/5 154/5/5 160/126/5
f 154/5/5 157/5/5 153/127/5
f 155/2/6 159/3/6 156/11/6
f 159/3/6 155/2/6 158/1/6

usemtl color27

f 82/3/1 84/2/1 81/1/1
f 84/3/1 82/2/1 83/1/1
f 9/3/2 82/2/2 81/1/2
f 82/3/2 9/2/2 11/1/2
f 12/12/3 84/66/3 83/5/3
f 84/66/3 12/12/3 10/5/3
f 12/5/4 9/5/4 10/128/4
f 9/5/4 12/5/4 11/129/4
f 9/17/5 84/69/5 10/5/5
f 84/69/5 9/17/5 81/5/5
f 82/2/6 12/3/6 83/11/6
f 12/3/6 82/2/6 11/1/6
f 14/3/1 16/2/1 13/1/1
f 16/3/1 14/2/1 15/1/1
f 161/3/2 14/2/2 13/1/2
f 14/3/2 161/2/2 162/1/2
f 163/5/3 16/13/3 15/5/3
f 16/13/3 163/5/3 164/130/3
f 163/5/4 161/5/4 164/131/4
f 161/5/4 163/5/4 162/132/4
f 161/5/5 16/16/5 164/133/5
f 16/16/5 161/5/5 13/5/5
f 14/2/6 163/3/6 15/11/6
f 163/3/6 14/2/6 162/1/6
f 167/3/1 166/2/1 165/1/1
f 166/3/1 167/2/1 168/1/1
f 169/3/2 167/2/2 165/1/2
f 167/3/2 169/2/2 170/1/2
f 87/5/3 166/5/3 168/134/3
f 166/5/3 87/5/3 85/135/3
f 87/5/4 169/5/4 85/136/4
f 169/5/4 87/5/4 170/137/4
f 169/5/5 166/5/5 85/75/5
f 166/5/5 169/5/5 165/138/5
f 167/2/6 87/3/6 168/11/6
f 87/3/6 167/2/6 170/1/6
f 173/3/1 172/2/1 171/1/1
f 172/3/1 173/2/1 174/1/1
f 175/3/2 173/2/2 171/1/2
f 173/3/2 175/2/2 176/1/2
f 177/5/3 172/5/3 174/139/3
f 172/5/3 177/5/3 178/140/3
f 177/5/4 175/5/4 178/141/4
f 175/5/4 177/5/4 176/142/4
f 175/5/5 172/5/5 178/143/5
f 172/5/5 175/5/5 171/144/5
f 173/2/6 177/3/6 174/11/6
f 177/3/6 173/2/6 176/1/6

usemtl color8

f 162/3/1 164/2/1 161/1/1
f 164/3/1 162/2/1 163/1/1
f 165/3/2 162/2/2 161/1/2
f 162/3/2 165/2/2 167/1/2
f 168/134/3 164/130/3 163/5/3
f 164/130/3 168/134/3 166/5/3
f 168/5/4 165/5/4 166/145/4
f 165/5/4 168/5/4 167/146/4
f 165/138/5 164/133/5 166/5/5
f 164/133/5 165/138/5 161/5/5
f 162/2/6 168/3/6 163/11/6
f 168/3/6 162/2/6 167/1/6
f 181/3/1 180/2/1 179/1/1
f 180/3/1 181/2/1 182/1/1
f 183/3/2 181/2/2 179/1/2
f 181/3/2 183/2/2 184/1/2
f 185/5/3 180/5/3 182/147/3
f 180/5/3 185/5/3 186/148/3
f 185/5/4 183/5/4 186/149/4
f 183/5/4 185/5/4 184/150/4
f 183/5/5 180/5/5 186/151/5
f 180/5/5 183/5/5 179/152/5
f 181/2/6 185/3/6 182/11/6
f 185/3/6 181/2/6 184/1/6
f 189/3/1 188/2/1 187/1/1
f 188/3/1 189/2/1 190/1/1
f 191/3/2 189/2/2 187/1/2
f 189/3/2 191/2/2 192/1/2
f 193/5/3 188/5/3 190/153/3
f 188/5/3 193/5/3 194/154/3
f 193/5/4 191/5/4 194/155/4
f 191/5/4 193/5/4 192/156/4
f 191/5/5 188/5/5 194/157/5
f 188/5/5 191/5/5 187/158/5
f 189/2/6 193/3/6 190/11/6
f 193/3/6 189/2/6 192/1/6
f 197/3/1 196/2/1 195/1/1
f 196/3/1 197/2/1 198/1/1
f 199/3/2 197/2/2 195/1/2
f 197/3/2 199/2/2 200/1/2
f 201/5/3 196/5/3 198/159/3
f 196/5/3 201/5/3 202/160/3
f 201/5/4 199/5/4 202/161/4
f 199/5/4 201/5/4 200/162/4
f 199/5/5 196/5/5 202/163/5
f 196/5/5 199/5/5 195/164/5
f 197/2/6 201/3/6 198/11/6
f 201/3/6 197/2/6 200/1/6
f 205/3/1 204/2/1 203/1/1
f 204/3/1 205/2/1 206/1/1
f 207/3/2 205/2/2 203/1/2
f 205/3/2 207/2/2 208/1/2
f 209/5/3 204/5/3 206/165/3
f 204/5/3 209/5/3 210/166/3
f 209/5/4 207/5/4 210/167/4
f 207/5/4 209/5/4 208/168/4
f 207/5/5 204/5/5 210/169/5
f 204/5/5 207/5/5 203/170/5
f 205/2/6 209/3/6 206/11/6
f 209/3/6 205/2/6 208/1/6
f 213/3/1 212/2/1 211/1/1
f 212/3/1 213/2/1 214/1/1
f 215/3/2 213/2/2 211/1/2
f 213/3/2 215/2/2 216/1/2
f 217/5/3 212/5/3 214/171/3
f 212/5/3 217/5/3 218/172/3
f 217/5/4 215/5/4 218/173/4
f 215/5/4 217/5/4 216/174/4
f 215/5/5 212/5/5 218/175/5
f 212/5/5 215/5/5 211/176/5
f 213/2/6 217/3/6 214/11/6
f 217/3/6 213/2/6 216/1/6
f 221/3/1 220/2/1 219/1/1
f 220/3/1 221/2/1 222/1/1
f 223/3/2 221/2/2 219/1/2
f 221/3/2 223/2/2 224/1/2
f 225/5/3 220/5/3 222/177/3
f 220/5/3 225/5/3 226/178/3
f 225/5/4 223/5/4 226/179/4
f 223/5/4 225/5/4 224/180/4
f 223/5/5 220/5/5 226/181/5
f 220/5/5 223/5/5 219/182/5
f 221/2/6 225/3/6 222/11/6
f 225/3/6 221/2/6 224/1/6
f 229/3/1 228/2/1 227/1/1
f 228/3/1 229/2/1 230/1/1
f 231/3/2 229/2/2 227/1/2
f 229/3/2 231/2/2 232/1/2
f 233/5/3 228/5/3 230/183/3
f 228/5/3 233/5/3 234/184/3
f 233/5/4 231/5/4 234/185/4
f 231/5/4 233/5/4 232/186/4
f 231/5/5 228/5/5 234/187/5
f 228/5/5 231/5/5 227/188/5
f 229/2/6 233/3/6 230/11/6
f 233/3/6 229/2/6 232/1/6
f 237/3/1 236/2/1 235/1/1
f 236/3/1 237/2/1 238/1/1
f 239/3/2 237/2/2 235/1/2
f 237/3/2 239/2/2 240/1/2
f 241/5/3 236/5/3 238/189/3
f 236/5/3 241/5/3 242/190/3
f 241/5/4 239/5/4 242/191/4
f 239/5/4 241/5/4 240/192/4
f 239/5/5 236/5/5 242/193/5
f 236/5/5 239/5/5 235/194/5
f 237/2/6 241/3/6 238/11/6
f 241/3/6 237/2/6 240/1/6
f 245/3/1 244/2/1 243/1/1
f 244/3/1 245/2/1 246/1/1
f 247/3/2 245/2/2 243/1/2
f 245/3/2 247/2/2 248/1/2
f 249/5/3 244/5/3 246/195/3
f 244/5/3 249/5/3 250/196/3
f 249/5/4 247/5/4 250/197/4
f 247/5/4 249/5/4 248/198/4
f 247/5/5 244/5/5 250/199/5
f 244/5/5 247/5/5 243/200/5
f 245/2/6 249/3/6 246/11/6
f 249/3/6 245/2/6 248/1/6

usemtl color30

f 253/3/1 252/2/1 251/1/1
f 252/3/1 253/2/1 254/1/1
f 255/3/2 253/2/2 251/1/2
f 253/3/2 255/2/2 256/1/2
f 257/5/3 252/5/3 254/201/3
f 252/5/3 257/5/3 258/202/3
f 257/5/4 255/5/4 258/203/4
f 255/5/4 257/5/4 256/204/4
f 255/5/5 252/5/5 258/205/5
f 252/5/5 255/5/5 251/206/5
f 253/2/6 257/3/6 254/11/6
f 257/3/6 253/2/6 256/1/6

usemtl color24

f 256/3/1 258/2/1 255/1/1
f 258/3/1 256/2/1 257/1/1
f 259/3/2 256/2/2 255/1/2
f 256/3/2 259/2/2 260/1/2
f 261/5/3 258/202/3 257/5/3
f 258/202/3 261/5/3 262/207/3
f 261/5/4 259/5/4 262/208/4
f 259/5/4 261/5/4 260/209/4
f 259/5/5 258/205/5 262/210/5
f 258/205/5 259/5/5 255/5/5
f 256/2/6 261/3/6 257/11/6
f 261/3/6 256/2/6 260/1/6
f 265/3/1 264/2/1 263/1/1
f 264/3/1 265/2/1 266/1/1
f 267/3/2 265/2/2 263/1/2
f 265/3/2 267/2/2 268/1/2
f 269/5/3 264/5/3 266/211/3
f 264/5/3 269/5/3 270/212/3
f 269/5/4 267/5/4 270/213/4
f 267/5/4 269/5/4 268/214/4
f 267/5/5 264/5/5 270/215/5
f 264/5/5 267/5/5 263/216/5
f 265/2/6 269/3/6 266/11/6
f 269/3/6 265/2/6 268/1/6
f 273/3/1 272/2/1 271/1/1
f 272/3/1 273/2/1 274/1/1
f 275/3/2 273/2/2 271/1/2
f 273/3/2 275/2/2 276/1/2
f 277/5/3 272/5/3 274/217/3
f 272/5/3 277/5/3 278/218/3
f 277/5/4 275/5/4 278/219/4
f 275/5/4 277/5/4 276/220/4
f 275/5/5 272/5/5 278/221/5
f 272/5/5 275/5/5 271/222/5
f 273/2/6 277/3/6 274/11/6
f 277/3/6 273/2/6 276/1/6
f 281/3/1 280/2/1 279/1/1
f 280/3/1 281/2/1 282/1/1
f 283/3/2 281/2/2 279/1/2
f 281/3/2 283/2/2 284/1/2
f 285/5/3 280/5/3 282/223/3
f 280/5/3 285/5/3 286/224/3
f 285/5/4 283/5/4 286/225/4
f 283/5/4 285/5/4 284/226/4
f 283/5/5 280/5/5 286/227/5
f 280/5/5 283/5/5 279/228/5
f 281/2/6 285/3/6 282/11/6
f 285/3/6 281/2/6 284/1/6

usemtl color28

f 260/3/1 287/2/1 259/1/1
f 287/3/1 260/2/1 288/1/1
f 263/3/2 260/2/2 259/1/2
f 260/3/2 263/2/2 265/1/2
f 289/5/3 287/5/3 288/229/3
f 287/5/3 289/5/3 290/230/3
f 289/5/4 263/5/4 290/231/4
f 263/5/4 289/5/4 265/232/4
f 263/216/5 287/5/5 290/233/5
f 287/5/5 263/216/5 259/5/5
f 260/2/6 289/3/6 288/11/6
f 289/3/6 260/2/6 265/1/6

usemtl color21

f 254/3/1 291/2/1 252/1/1
f 291/3/1 254/2/1 292/1/1
f 258/3/2 254/2/2 252/1/2
f 254/3/2 258/2/2 257/1/2
f 293/5/3 291/5/3 292/234/3
f 291/5/3 293/5/3 294/235/3
f 293/5/4 258/203/4 294/236/4
f 258/203/4 293/5/4 257/5/4
f 258/205/5 291/5/5 294/237/5
f 291/5/5 258/205/5 252/5/5
f 254/2/6 293/3/6 292/11/6
f 293/3/6 254/2/6 257/1/6
f 297/3/1 296/2/1 295/1/1
f 296/3/1 297/2/1 298/1/1
f 299/3/2 297/2/2 295/1/2
f 297/3/2 299/2/2 300/1/2
f 301/5/3 296/5/3 298/238/3
f 296/5/3 301/5/3 302/239/3
f 301/5/4 299/5/4 302/240/4
f 299/5/4 301/5/4 300/241/4
f 299/5/5 296/5/5 302/242/5
f 296/5/5 299/5/5 295/243/5
f 297/2/6 301/3/6 298/11/6
f 301/3/6 297/2/6 300/1/6
f 305/3/1 304/2/1 303/1/1
f 304/3/1 305/2/1 306/1/1
f 307/3/2 305/2/2 303/1/2
f 305/3/2 307/2/2 308/1/2
f 309/5/3 304/5/3 306/244/3
f 304/5/3 309/5/3 310/245/3
f 309/5/4 307/5/4 310/246/4
f 307/5/4 309/5/4 308/247/4
f 307/5/5 304/5/5 310/248/5
f 304/5/5 307/5/5 303/249/5
f 305/2/6 309/3/6 306/11/6
f 309/3/6 305/2/6 308/1/6
f 313/3/1 312/2/1 311/1/1
f 312/3/1 313/2/1 314/1/1
f 315/3/2 313/2/2 311/1/2
f 313/3/2 315/2/2 316/1/2
f 317/5/3 312/5/3 314/250/3
f 312/5/3 317/5/3 318/251/3
f 317/5/4 315/5/4 318/252/4
f 315/5/4 317/5/4 316/253/4
f 315/5/5 312/5/5 318/254/5
f 312/5/5 315/5/5 311/255/5
f 313/2/6 317/3/6 314/11/6
f 317/3/6 313/2/6 316/1/6
f 321/3/1 320/2/1 319/1/1
f 320/3/1 321/2/1 322/1/1
f 323/3/2 321/2/2 319/1/2
f 321/3/2 323/2/2 324/1/2
f 325/5/3 320/5/3 322/256/3
f 320/5/3 325/5/3 326/257/3
f 325/5/4 323/5/4 326/258/4
f 323/5/4 325/5/4 324/259/4
f 323/5/5 320/5/5 326/260/5
f 320/5/5 323/5/5 319/261/5
f 321/2/6 325/3/6 322/11/6
f 325/3/6 321/2/6 324/1/6
f 329/3/1 328/2/1 327/1/1
f 328/3/1 329/2/1 330/1/1
f 331/3/2 329/2/2 327/1/2
f 329/3/2 331/2/2 332/1/2
f 333/5/3 328/5/3 330/262/3
f 328/5/3 333/5/3 334/263/3
f 333/5/4 331/5/4 334/264/4
f 331/5/4 333/5/4 332/265/4
f 331/5/5 328/5/5 334/266/5
f 328/5/5 331/5/5 327/267/5
f 329/2/6 333/3/6 330/11/6
f 333/3/6 329/2/6 332/1/6
f 337/3/1 336/2/1 335/1/1
f 336/3/1 337/2/1 338/1/1
f 339/3/2 337/2/2 335/1/2
f 337/3/2 339/2/2 340/1/2
f 341/5/3 336/5/3 338/268/3
f 336/5/3 341/5/3 342/269/3
f 341/5/4 339/5/4 342/270/4
f 339/5/4 341/5/4 340/271/4
f 339/5/5 336/5/5 342/272/5
f 336/5/5 339/5/5 335/273/5
f 337/2/6 341/3/6 338/11/6
f 341/3/6 337/2/6 340/1/6
f 345/3/1 344/2/1 343/1/1
f 344/3/1 345/2/1 346/1/1
f 347/3/2 345/2/2 343/1/2
f 345/3/2 347/2/2 348/1/2
f 349/5/3 344/5/3 346/274/3
f 344/5/3 349/5/3 350/275/3
f 349/5/4 347/5/4 350/276/4
f 347/5/4 349/5/4 348/277/4
f 347/5/5 344/5/5 350/278/5
f 344/5/5 347/5/5 343/279/5
f 345/2/6 349/3/6 346/11/6
f 349/3/6 345/2/6 348/1/6
f 353/3/1 352/2/1 351/1/1
f 352/3/1 353/2/1 354/1/1
f 355/3/2 353/2/2 351/1/2
f 353/3/2 355/2/2 356/1/2
f 357/5/3 352/5/3 354/280/3
f 352/5/3 357/5/3 358/281/3
f 357/5/4 355/5/4 358/282/4
f 355/5/4 357/5/4 356/283/4
f 355/5/5 352/5/5 358/284/5
f 352/5/5 355/5/5 351/285/5
f 353/2/6 357/3/6 354/11/6
f 357/3/6 353/2/6 356/1/6
f 361/3/1 360/2/1 359/1/1
f 360/3/1 361/2/1 362/1/1
f 363/3/2 361/2/2 359/1/2
f 361/3/2 363/2/2 364/1/2
f 365/5/3 360/5/3 362/286/3
f 360/5/3 365/5/3 366/287/3
f 365/5/4 363/5/4 366/288/4
f 363/5/4 365/5/4 364/289/4
f 363/5/5 360/5/5 366/290/5
f 360/5/5 363/5/5 359/291/5
f 361/2/6 365/3/6 362/11/6
f 365/3/6 361/2/6 364/1/6
f 369/3/1 368/2/1 367/1/1
f 368/3/1 369/2/1 370/1/1
f 371/3/2 369/2/2 367/1/2
f 369/3/2 371/2/2 372/1/2
f 373/5/3 368/5/3 370/292/3
f 368/5/3 373/5/3 374/293/3
f 373/5/4 371/5/4 374/294/4
f 371/5/4 373/5/4 372/295/4
f 371/5/5 368/5/5 374/296/5
f 368/5/5 371/5/5 367/297/5
f 369/2/6 373/3/6 370/11/6
f 373/3/6 369/2/6 372/1/6

usemtl color9

f 257/3/1 294/2/1 258/1/1
f 294/3/1 257/2/1 293/1/1
f 262/3/2 257/2/2 258/1/2
f 257/3/2 262/2/2 261/1/2
f 288/229/3 294/235/3 293/5/3
f 294/235/3 288/229/3 287/5/3
f 288/5/4 262/208/4 287/298/4
f 262/208/4 288/5/4 261/5/4
f 262/210/5 294/237/5 287/5/5
f 294/237/5 262/210/5 258/205/5
f 257/2/6 288/3/6 293/11/6
f 288/3/6 257/2/6 261/1/6
f 266/3/1 290/2/1 264/1/1
f 290/3/1 266/2/1 289/1/1
f 270/3/2 266/2/2 264/1/2
f 266/3/2 270/2/2 269/1/2
f 375/5/3 290/230/3 289/5/3
f 290/230/3 375/5/3 376/299/3
f 375/5/4 270/213/4 376/300/4
f 270/213/4 375/5/4 269/5/4
f 270/215/5 290/233/5 376/301/5
f 290/233/5 270/215/5 264/5/5
f 266/2/6 375/3/6 289/11/6
f 375/3/6 266/2/6 269/1/6
f 379/3/1 378/2/1 377/1/1
f 378/3/1 379/2/1 380/1/1
f 381/3/2 379/2/2 377/1/2
f 379/3/2 381/2/2 382/1/2
f 383/5/3 378/5/3 380/302/3
f 378/5/3 383/5/3 384/303/3
f 383/5/4 381/5/4 384/304/4
f 381/5/4 383/5/4 382/305/4
f 381/5/5 378/5/5 384/306/5
f 378/5/5 381/5/5 377/307/5
f 379/2/6 383/3/6 380/11/6
f 383/3/6 379/2/6 382/1/6
f 387/3/1 386/2/1 385/1/1
f 386/3/1 387/2/1 388/1/1
f 389/3/2 387/2/2 385/1/2
f 387/3/2 389/2/2 390/1/2
f 391/5/3 386/5/3 388/308/3
f 386/5/3 391/5/3 392/309/3
f 391/5/4 389/5/4 392/310/4
f 389/5/4 391/5/4 390/311/4
f 389/5/5 386/5/5 392/312/5
f 386/5/5 389/5/5 385/313/5
f 387/2/6 391/3/6 388/11/6
f 391/3/6 387/2/6 390/1/6
f 395/3/1 394/2/1 393/1/1
f 394/3/1 395/2/1 396/1/1
f 397/3/2 395/2/2 393/1/2
f 395/3/2 397/2/2 398/1/2
f 399/5/3 394/5/3 396/314/3
f 394/5/3 399/5/3 400/315/3
f 399/5/4 397/5/4 400/316/4
f 397/5/4 399/5/4 398/317/4
f 397/5/5 394/5/5 400/318/5
f 394/5/5 397/5/5 393/319/5
f 395/2/6 399/3/6 396/11/6
f 399/3/6 395/2/6 398/1/6
f 403/3/1 402/2/1 401/1/1
f 402/3/1 403/2/1 404/1/1
f 405/3/2 403/2/2 401/1/2
f 403/3/2 405/2/2 406/1/2
f 407/5/3 402/5/3 404/320/3
f 402/5/3 407/5/3 408/321/3
f 407/5/4 405/5/4 408/322/4
f 405/5/4 407/5/4 406/323/4
f 405/5/5 402/5/5 408/324/5
f 402/5/5 405/5/5 401/325/5
f 403/2/6 407/3/6 404/11/6
f 407/3/6 403/2/6 406/1/6
f 411/3/1 410/2/1 409/1/1
f 410/3/1 411/2/1 412/1/1
f 413/3/2 411/2/2 409/1/2
f 411/3/2 413/2/2 414/1/2
f 415/5/3 410/5/3 412/326/3
f 410/5/3 415/5/3 416/327/3
f 415/5/4 413/5/4 416/328/4
f 413/5/4 415/5/4 414/329/4
f 413/5/5 410/5/5 416/330/5
f 410/5/5 413/5/5 409/331/5
f 411/2/6 415/3/6 412/11/6
f 415/3/6 411/2/6 414/1/6
f 418/3/1 25/2/1 417/1/1
f 25/3/1 418/2/1 27/1/1
f 419/3/2 418/2/2 417/1/2
f 418/3/2 419/2/2 420/1/2
f 421/5/3 25/5/3 27/332/3
f 25/5/3 421/5/3 422/333/3
f 421/5/4 419/5/4 422/334/4
f 419/5/4 421/5/4 420/335/4
f 419/5/5 25/29/5 422/336/5
f 25/29/5 419/5/5 417/337/5
f 418/2/6 421/3/6 27/11/6
f 421/3/6 418/2/6 420/1/6
f 383/3/1 423/2/1 384/1/1
f 423/3/1 383/2/1 424/1/1
f 386/3/2 383/2/2 384/1/2
f 383/3/2 386/2/2 388/1/2
f 425/5/3 423/5/3 424/338/3
f 423/5/3 425/5/3 426/339/3
f 425/5/4 386/5/4 426/340/4
f 386/5/4 425/5/4 388/341/4
f 386/5/5 423/5/5 426/342/5
f 423/5/5 386/5/5 384/306/5
f 383/2/6 425/3/6 424/11/6
f 425/3/6 383/2/6 388/1/6
f 429/3/1 428/2/1 427/1/1
f 428/3/1 429/2/1 430/1/1
f 431/3/2 429/2/2 427/1/2
f 429/3/2 431/2/2 432/1/2
f 433/5/3 428/5/3 430/343/3
f 428/5/3 433/5/3 434/344/3
f 433/5/4 431/5/4 434/345/4
f 431/5/4 433/5/4 432/346/4
f 431/5/5 428/5/5 434/347/5
f 428/5/5 431/5/5 427/348/5
f 429/2/6 433/3/6 430/11/6
f 433/3/6 429/2/6 432/1/6
f 437/3/1 436/2/1 435/1/1
f 436/3/1 437/2/1 438/1/1
f 439/3/2 437/2/2 435/1/2
f 437/3/2 439/2/2 440/1/2
f 441/5/3 436/5/3 438/349/3
f 436/5/3 441/5/3 442/350/3
f 441/5/4 439/5/4 442/351/4
f 439/5/4 441/5/4 440/352/4
f 439/5/5 436/5/5 442/353/5
f 436/5/5 439/5/5 435/354/5
f 437/2/6 441/3/6 438/11/6
f 441/3/6 437/2/6 440/1/6
f 445/3/1 444/2/1 443/1/1
f 444/3/1 445/2/1 446/1/1
f 447/3/2 445/2/2 443/1/2
f 445/3/2 447/2/2 448/1/2
f 449/5/3 444/5/3 446/355/3
f 444/5/3 449/5/3 450/356/3
f 449/5/4 447/5/4 450/357/4
f 447/5/4 449/5/4 448/358/4
f 447/5/5 444/5/5 450/359/5
f 444/5/5 447/5/5 443/360/5
f 445/2/6 449/3/6 446/11/6
f 449/3/6 445/2/6 448/1/6
f 453/3/1 452/2/1 451/1/1
f 452/3/1 453/2/1 454/1/1
f 455/3/2 453/2/2 451/1/2
f 453/3/2 455/2/2 456/1/2
f 457/5/3 452/5/3 454/361/3
f 452/5/3 457/5/3 458/362/3
f 457/5/4 455/5/4 458/363/4
f 455/5/4 457/5/4 456/364/4
f 455/5/5 452/5/5 458/365/5
f 452/5/5 455/5/5 451/366/5
f 453/2/6 457/3/6 454/11/6
f 457/3/6 453/2/6 456/1/6
f 461/3/1 460/2/1 459/1/1
f 460/3/1 461/2/1 462/1/1
f 463/3/2 461/2/2 459/1/2
f 461/3/2 463/2/2 464/1/2
f 465/5/3 460/5/3 462/367/3
f 460/5/3 465/5/3 466/368/3
f 465/5/4 463/5/4 466/369/4
f 463/5/4 465/5/4 464/370/4
f 463/5/5 460/5/5 466/371/5
f 460/5/5 463/5/5 459/372/5
f 461/2/6 465/3/6 462/11/6
f 465/3/6 461/2/6 464/1/6
f 469/3/1 468/2/1 467/1/1
f 468/3/1 469/2/1 470/1/1
f 471/3/2 469/2/2 467/1/2
f 469/3/2 471/2/2 472/1/2
f 473/5/3 468/5/3 470/373/3
f 468/5/3 473/5/3 474/374/3
f 473/5/4 471/5/4 474/375/4
f 471/5/4 473/5/4 472/376/4
f 471/5/5 468/5/5 474/377/5
f 468/5/5 471/5/5 467/378/5
f 469/2/6 473/3/6 470/11/6
f 473/3/6 469/2/6 472/1/6
f 477/3/1 476/2/1 475/1/1
f 476/3/1 477/2/1 478/1/1
f 479/3/2 477/2/2 475/1/2
f 477/3/2 479/2/2 480/1/2
f 481/5/3 476/5/3 478/379/3
f 476/5/3 481/5/3 482/380/3
f 481/5/4 479/5/4 482/381/4
f 479/5/4 481/5/4 480/382/4
f 479/5/5 476/5/5 482/383/5
f 476/5/5 479/5/5 475/384/5
f 477/2/6 481/3/6 478/11/6
f 481/3/6 477/2/6 480/1/6

usemtl color10

f 485/3/1 484/2/1 483/1/1
f 484/3/1 485/2/1 486/1/1
f 487/3/2 485/2/2 483/1/2
f 485/3/2 487/2/2 488/1/2
f 489/5/3 484/5/3 486/385/3
f 484/5/3 489/5/3 490/386/3
f 489/5/4 487/5/4 490/387/4
f 487/5/4 489/5/4 488/388/4
f 487/5/5 484/5/5 490/389/5
f 484/5/5 487/5/5 483/390/5
f 485/2/6 489/3/6 486/11/6
f 489/3/6 485/2/6 488/1/6
f 493/3/1 492/2/1 491/1/1
f 492/3/1 493/2/1 494/1/1
f 495/3/2 493/2/2 491/1/2
f 493/3/2 495/2/2 496/1/2
f 497/5/3 492/5/3 494/391/3
f 492/5/3 497/5/3 498/392/3
f 497/5/4 495/5/4 498/393/4
f 495/5/4 497/5/4 496/394/4
f 495/5/5 492/5/5 498/395/5
f 492/5/5 495/5/5 491/396/5
f 493/2/6 497/3/6 494/11/6
f 497/3/6 493/2/6 496/1/6
f 501/3/1 500/2/1 499/1/1
f 500/3/1 501/2/1 502/1/1
f 503/3/2 501/2/2 499/1/2
f 501/3/2 503/2/2 504/1/2
f 505/5/3 500/5/3 502/397/3
f 500/5/3 505/5/3 506/398/3
f 505/5/4 503/5/4 506/399/4
f 503/5/4 505/5/4 504/400/4
f 503/5/5 500/5/5 506/401/5
f 500/5/5 503/5/5 499/402/5
f 501/2/6 505/3/6 502/11/6
f 505/3/6 501/2/6 504/1/6
f 508/3/1 389/2/1 507/1/1
f 389/3/1 508/2/1 390/1/1
f 509/3/2 508/2/2 507/1/2
f 508/3/2 509/2/2 510/1/2
f 511/5/3 389/5/3 390/403/3
f 389/5/3 511/5/3 512/404/3
f 511/5/4 509/5/4 512/405/4
f 509/5/4 511/5/4 510/406/4
f 509/5/5 389/5/5 512/407/5
f 389/5/5 509/5/5 507/408/5
f 508/2/6 511/3/6 390/11/6
f 511/3/6 508/2/6 510/1/6
f 515/3/1 514/2/1 513/1/1
f 514/3/1 515/2/1 516/1/1
f 484/3/2 515/2/2 513/1/2
f 515/3/2 484/2/2 486/1/2
f 321/5/3 514/5/3 516/409/3
f 514/5/3 321/5/3 319/410/3
f 321/5/4 484/5/4 319/411/4
f 484/5/4 321/5/4 486/412/4
f 484/5/5 514/5/5 319/261/5
f 514/5/5 484/5/5 513/413/5
f 515/2/6 321/3/6 516/11/6
f 321/3/6 515/2/6 486/1/6
f 489/3/1 323/2/1 490/1/1
f 323/3/1 489/2/1 324/1/1
f 492/3/2 489/2/2 490/1/2
f 489/3/2 492/2/2 494/1/2
f 329/5/3 323/5/3 324/414/3
f 323/5/3 329/5/3 327/415/3
f 329/5/4 492/5/4 327/416/4
f 492/5/4 329/5/4 494/417/4
f 492/5/5 323/5/5 327/267/5
f 323/5/5 492/5/5 490/389/5
f 489/2/6 329/3/6 324/11/6
f 329/3/6 489/2/6 494/1/6
f 497/3/1 331/2/1 498/1/1
f 331/3/1 497/2/1 332/1/1
f 500/3/2 497/2/2 498/1/2
f 497/3/2 500/2/2 502/1/2
f 337/5/3 331/5/3 332/418/3
f 331/5/3 337/5/3 335/419/3
f 337/5/4 500/5/4 335/420/4
f 500/5/4 337/5/4 502/421/4
f 500/5/5 331/5/5 335/273/5
f 331/5/5 500/5/5 498/395/5
f 497/2/6 337/3/6 332/11/6
f 337/3/6 497/2/6 502/1/6
f 505/3/1 339/2/1 506/1/1
f 339/3/1 505/2/1 340/1/1
f 517/3/2 505/2/2 506/1/2
f 505/3/2 517/2/2 518/1/2
f 519/5/3 339/5/3 340/422/3
f 339/5/3 519/5/3 520/423/3
f 519/5/4 517/5/4 520/424/4
f 517/5/4 519/5/4 518/425/4
f 517/5/5 339/5/5 520/426/5
f 339/5/5 517/5/5 506/401/5
f 505/2/6 519/3/6 340/11/6
f 519/3/6 505/2/6 518/1/6
f 523/3/1 522/2/1 521/1/1
f 522/3/1 523/2/1 524/1/1
f 525/3/2 523/2/2 521/1/2
f 523/3/2 525/2/2 526/1/2
f 527/5/3 522/5/3 524/427/3
f 522/5/3 527/5/3 528/428/3
f 527/5/4 525/5/4 528/429/4
f 525/5/4 527/5/4 526/430/4
f 525/5/5 522/5/5 528/431/5
f 522/5/5 525/5/5 521/432/5
f 523/2/6 527/3/6 524/11/6
f 527/3/6 523/2/6 526/1/6
f 530/3/1 29/2/1 529/1/1
f 29/3/1 530/2/1 30/1/1
f 531/3/2 530/2/2 529/1/2
f 530/3/2 531/2/2 532/1/2
f 533/5/3 29/5/3 30/433/3
f 29/5/3 533/5/3 534/434/3
f 533/5/4 531/5/4 534/435/4
f 531/5/4 533/5/4 532/436/4
f 531/5/5 29/5/5 534/437/5
f 29/5/5 531/5/5 529/438/5
f 530/2/6 533/3/6 30/11/6
f 533/3/6 530/2/6 532/1/6
f 192/3/1 535/2/1 191/1/1
f 535/3/1 192/2/1 536/1/1
f 537/3/2 192/2/2 191/1/2
f 192/3/2 537/2/2 538/1/2
f 539/5/3 535/5/3 536/439/3
f 535/5/3 539/5/3 540/440/3
f 539/5/4 537/5/4 540/441/4
f 537/5/4 539/5/4 538/442/4
f 537/5/5 535/5/5 540/443/5
f 535/5/5 537/5/5 191/5/5
f 192/2/6 539/3/6 536/11/6
f 539/3/6 192/2/6 538/1/6
f 538/3/1 541/2/1 537/1/1
f 541/3/1 538/2/1 542/1/1
f 543/3/2 538/2/2 537/1/2
f 538/3/2 543/2/2 544/1/2
f 545/5/3 541/5/3 542/444/3
f 541/5/3 545/5/3 546/445/3
f 545/5/4 543/5/4 546/446/4
f 543/5/4 545/5/4 544/447/4
f 543/5/5 541/5/5 546/448/5
f 541/5/5 543/5/5 537/5/5
f 538/2/6 545/3/6 542/11/6
f 545/3/6 538/2/6 544/1/6
f 549/3/1 548/2/1 547/1/1
f 548/3/1 549/2/1 550/1/1
f 195/3/2 549/2/2 547/1/2
f 549/3/2 195/2/2 197/1/2
f 551/5/3 548/5/3 550/449/3
f 548/5/3 551/5/3 552/450/3
f 551/5/4 195/5/4 552/451/4
f 195/5/4 551/5/4 197/452/4
f 195/164/5 548/5/5 552/453/5
f 548/5/5 195/164/5 547/454/5
f 549/2/6 551/3/6 550/11/6
f 551/3/6 549/2/6 197/1/6
f 176/3/1 178/2/1 175/1/1
f 178/3/1 176/2/1 177/1/1
f 553/3/2 176/2/2 175/1/2
f 176/3/2 553/2/2 554/1/2
f 555/5/3 178/140/3 177/5/3
f 178/140/3 555/5/3 556/455/3
f 555/5/4 553/5/4 556/456/4
f 553/5/4 555/5/4 554/457/4
f 553/5/5 178/143/5 556/458/5
f 178/143/5 553/5/5 175/5/5
f 176/2/6 555/3/6 177/11/6
f 555/3/6 176/2/6 554/1/6
f 559/3/1 558/2/1 557/1/1
f 558/3/1 559/2/1 560/1/1
f 561/3/2 559/2/2 557/1/2
f 559/3/2 561/2/2 562/1/2
f 563/5/3 558/5/3 560/459/3
f 558/5/3 563/5/3 564/460/3
f 563/5/4 561/5/4 564/461/4
f 561/5/4 563/5/4 562/462/4
f 561/5/5 558/5/5 564/463/5
f 558/5/5 561/5/5 557/464/5
f 559/2/6 563/3/6 560/11/6
f 563/3/6 559/2/6 562/1/6
f 566/3/1 33/2/1 565/1/1
f 33/3/1 566/2/1 35/1/1
f 567/3/2 566/2/2 565/1/2
f 566/3/2 567/2/2 568/1/2
f 569/5/3 33/5/3 35/465/3
f 33/5/3 569/5/3 570/466/3
f 569/5/4 567/5/4 570/467/4
f 567/5/4 569/5/4 568/468/4
f 567/5/5 33/35/5 570/469/5
f 33/35/5 567/5/5 565/470/5
f 566/2/6 569/3/6 35/11/6
f 569/3/6 566/2/6 568/1/6
f 572/3/1 41/2/1 571/1/1
f 41/3/1 572/2/1 43/1/1
f 573/3/2 572/2/2 571/1/2
f 572/3/2 573/2/2 574/1/2
f 575/5/3 41/5/3 43/471/3
f 41/5/3 575/5/3 576/472/3
f 575/5/4 573/5/4 576/473/4
f 573/5/4 575/5/4 574/474/4
f 573/5/5 41/41/5 576/475/5
f 41/41/5 573/5/5 571/476/5
f 572/2/6 575/3/6 43/11/6
f 575/3/6 572/2/6 574/1/6
f 578/3/1 49/2/1 577/1/1
f 49/3/1 578/2/1 51/1/1
f 579/3/2 578/2/2 577/1/2
f 578/3/2 579/2/2 580/1/2
f 581/5/3 49/5/3 51/477/3
f 49/5/3 581/5/3 582/478/3
f 581/5/4 579/5/4 582/479/4
f 579/5/4 581/5/4 580/480/4
f 579/5/5 49/47/5 582/481/5
f 49/47/5 579/5/5 577/482/5
f 578/2/6 581/3/6 51/11/6
f 581/3/6 578/2/6 580/1/6
f 581/3/1 583/2/1 582/1/1
f 583/3/1 581/2/1 584/1/1
f 585/3/2 581/2/2 582/1/2
f 581/3/2 585/2/2 586/1/2
f 587/5/3 583/5/3 584/483/3
f 583/5/3 587/5/3 588/484/3
f 587/5/4 585/5/4 588/485/4
f 585/5/4 587/5/4 586/486/4
f 585/5/5 583/5/5 588/487/5
f 583/5/5 585/5/5 582/481/5
f 581/2/6 587/3/6 584/11/6
f 587/3/6 581/2/6 586/1/6
f 538/3/1 541/2/1 537/1/1
f 541/3/1 538/2/1 542/1/1
f 543/3/2 538/2/2 537/1/2
f 538/3/2 543/2/2 544/1/2
f 545/5/3 541/5/3 542/444/3
f 541/5/3 545/5/3 546/445/3
f 545/5/4 543/5/4 546/446/4
f 543/5/4 545/5/4 544/447/4
f 543/5/5 541/5/5 546/448/5
f 541/5/5 543/5/5 537/5/5
f 538/2/6 545/3/6 542/11/6
f 545/3/6 538/2/6 544/1/6

usemtl color15

f 591/3/1 590/2/1 589/1/1
f 590/3/1 591/2/1 592/1/1
f 593/3/2 591/2/2 589/1/2
f 591/3/2 593/2/2 594/1/2
f 379/5/3 590/5/3 592/488/3
f 590/5/3 379/5/3 377/489/3
f 379/5/4 593/5/4 377/490/4
f 593/5/4 379/5/4 594/491/4
f 593/5/5 590/5/5 377/307/5
f 590/5/5 593/5/5 589/492/5
f 591/2/6 379/3/6 592/11/6
f 379/3/6 591/2/6 594/1/6
f 596/3/1 385/2/1 595/1/1
f 385/3/1 596/2/1 387/1/1
f 507/3/2 596/2/2 595/1/2
f 596/3/2 507/2/2 508/1/2
f 390/403/3 385/5/3 387/493/3
f 385/5/3 390/403/3 389/5/3
f 390/311/4 507/5/4 389/5/4
f 507/5/4 390/311/4 508/494/4
f 507/408/5 385/313/5 389/5/5
f 385/313/5 507/408/5 595/495/5
f 596/2/6 390/3/6 387/11/6
f 390/3/6 596/2/6 508/1/6
f 526/3/1 528/2/1 525/1/1
f 528/3/1 526/2/1 527/1/1
f 590/3/2 526/2/2 525/1/2
f 526/3/2 590/2/2 592/1/2
f 597/5/3 528/428/3 527/5/3
f 528/428/3 597/5/3 598/496/3
f 597/5/4 590/5/4 598/497/4
f 590/5/4 597/5/4 592/498/4
f 590/5/5 528/431/5 598/499/5
f 528/431/5 590/5/5 525/5/5
f 526/2/6 597/3/6 527/11/6
f 597/3/6 526/2/6 592/1/6
f 601/3/1 600/2/1 599/1/1
f 600/3/1 601/2/1 602/1/1
f 603/3/2 601/2/2 599/1/2
f 601/3/2 603/2/2 604/1/2
f 605/5/3 600/5/3 602/500/3
f 600/5/3 605/5/3 606/501/3
f 605/5/4 603/5/4 606/502/4
f 603/5/4 605/5/4 604/503/4
f 603/5/5 600/5/5 606/504/5
f 600/5/5 603/5/5 599/505/5
f 601/2/6 605/3/6 602/11/6
f 605/3/6 601/2/6 604/1/6
f 544/3/1 546/2/1 543/1/1
f 546/3/1 544/2/1 545/1/1
f 547/3/2 544/2/2 543/1/2
f 544/3/2 547/2/2 549/1/2
f 607/5/3 546/445/3 545/5/3
f 546/445/3 607/5/3 608/506/3
f 607/5/4 547/5/4 608/507/4
f 547/5/4 607/5/4 549/508/4
f 547/454/5 546/448/5 608/509/5
f 546/448/5 547/454/5 543/5/5
f 544/2/6 607/3/6 545/11/6
f 607/3/6 544/2/6 549/1/6
f 554/3/1 556/2/1 553/1/1
f 556/3/1 554/2/1 555/1/1
f 125/3/2 554/2/2 553/1/2
f 554/3/2 125/2/2 127/1/2
f 128/100/3 556/455/3 555/5/3
f 556/455/3 128/100/3 126/5/3
f 128/5/4 125/5/4 126/510/4
f 125/5/4 128/5/4 127/511/4
f 125/105/5 556/458/5 126/5/5
f 556/458/5 125/105/5 553/5/5
f 554/2/6 128/3/6 555/11/6
f 128/3/6 554/2/6 127/1/6
f 232/3/1 234/2/1 231/1/1
f 234/3/1 232/2/1 233/1/1
f 565/3/2 232/2/2 231/1/2
f 232/3/2 565/2/2 566/1/2
f 35/465/3 234/184/3 233/5/3
f 234/184/3 35/465/3 33/5/3
f 35/5/4 565/5/4 33/512/4
f 565/5/4 35/5/4 566/513/4
f 565/470/5 234/187/5 33/35/5
f 234/187/5 565/470/5 231/5/5
f 232/2/6 35/3/6 233/11/6
f 35/3/6 232/2/6 566/1/6
f 568/3/1 570/2/1 567/1/1
f 570/3/1 568/2/1 569/1/1
f 571/3/2 568/2/2 567/1/2
f 568/3/2 571/2/2 572/1/2
f 43/471/3 570/466/3 569/5/3
f 570/466/3 43/471/3 41/5/3
f 43/5/4 571/5/4 41/514/4
f 571/5/4 43/5/4 572/515/4
f 571/476/5 570/469/5 41/41/5
f 570/469/5 571/476/5 567/5/5
f 568/2/6 43/3/6 569/11/6
f 43/3/6 568/2/6 572/1/6
f 574/3/1 576/2/1 573/1/1
f 576/3/1 574/2/1 575/1/1
f 577/3/2 574/2/2 573/1/2
f 574/3/2 577/2/2 578/1/2
f 51/477/3 576/472/3 575/5/3
f 576/472/3 51/477/3 49/5/3
f 51/5/4 577/5/4 49/516/4
f 577/5/4 51/5/4 578/517/4
f 577/482/5 576/475/5 49/47/5
f 576/475/5 577/482/5 573/5/5
f 574/2/6 51/3/6 575/11/6
f 51/3/6 574/2/6 578/1/6

usemtl color12

f 594/3/1 377/2/1 593/1/1
f 377/3/1 594/2/1 379/1/1
f 609/3/2 594/2/2 593/1/2
f 594/3/2 609/2/2 610/1/2
f 382/5/3 377/489/3 379/5/3
f 377/489/3 382/5/3 381/518/3
f 382/305/4 609/5/4 381/5/4
f 609/5/4 382/305/4 610/519/4
f 609/5/5 377/307/5 381/5/5
f 377/307/5 609/5/5 593/5/5
f 594/2/6 382/3/6 379/11/6
f 382/3/6 594/2/6 610/1/6
f 613/3/1 612/2/1 611/1/1
f 612/3/1 613/2/1 614/1/1
f 615/3/2 613/2/2 611/1/2
f 613/3/2 615/2/2 616/1/2
f 617/5/3 612/5/3 614/520/3
f 612/5/3 617/5/3 618/521/3
f 617/5/4 615/5/4 618/522/4
f 615/5/4 617/5/4 616/523/4
f 615/5/5 612/5/5 618/524/5
f 612/5/5 615/5/5 611/525/5
f 613/2/6 617/3/6 614/11/6
f 617/3/6 613/2/6 616/1/6
f 580/3/1 582/2/1 579/1/1
f 582/3/1 580/2/1 581/1/1
f 619/3/2 580/2/2 579/1/2
f 580/3/2 619/2/2 620/1/2
f 586/5/3 582/478/3 581/5/3
f 582/478/3 586/5/3 585/526/3
f 586/486/4 619/5/4 585/5/4
f 619/5/4 586/486/4 620/527/4
f 619/5/5 582/481/5 585/5/5
f 582/481/5 619/5/5 579/5/5
f 580/2/6 586/3/6 581/11/6
f 586/3/6 580/2/6 620/1/6
f 623/3/1 622/2/1 621/1/1
f 622/3/1 623/2/1 624/1/1
f 625/3/2 623/2/2 621/1/2
f 623/3/2 625/2/2 626/1/2
f 627/5/3 622/5/3 624/528/3
f 622/5/3 627/5/3 628/529/3
f 627/5/4 625/5/4 628/530/4
f 625/5/4 627/5/4 626/531/4
f 625/5/5 622/5/5 628/532/5
f 622/5/5 625/5/5 621/533/5
f 623/2/6 627/3/6 624/11/6
f 627/3/6 623/2/6 626/1/6
f 631/3/1 630/2/1 629/1/1
f 630/3/1 631/2/1 632/1/1
f 633/3/2 631/2/2 629/1/2
f 631/3/2 633/2/2 634/1/2
f 635/5/3 630/5/3 632/534/3
f 630/5/3 635/5/3 636/535/3
f 635/5/4 633/5/4 636/536/4
f 633/5/4 635/5/4 634/537/4
f 633/5/5 630/5/5 636/538/5
f 630/5/5 633/5/5 629/539/5
f 631/2/6 635/3/6 632/11/6
f 635/3/6 631/2/6 634/1/6

usemtl color13

f 610/3/1 381/2/1 609/1/1
f 381/3/1 610/2/1 382/1/1
f 595/3/2 610/2/2 609/1/2
f 610/3/2 595/2/2 596/1/2
f 387/493/3 381/518/3 382/5/3
f 381/518/3 387/493/3 385/5/3
f 387/5/4 595/5/4 385/540/4
f 595/5/4 387/5/4 596/541/4
f 595/495/5 381/5/5 385/313/5
f 381/5/5 595/495/5 609/5/5
f 610/2/6 387/3/6 382/11/6
f 387/3/6 610/2/6 596/1/6
f 639/3/1 638/2/1 637/1/1
f 638/3/1 639/2/1 640/1/1
f 641/3/2 639/2/2 637/1/2
f 639/3/2 641/2/2 642/1/2
f 643/5/3 638/5/3 640/542/3
f 638/5/3 643/5/3 644/543/3
f 643/5/4 641/5/4 644/544/4
f 641/5/4 643/5/4 642/545/4
f 641/5/5 638/5/5 644/546/5
f 638/5/5 641/5/5 637/547/5
f 639/2/6 643/3/6 640/11/6
f 643/3/6 639/2/6 642/1/6
f 647/3/1 646/2/1 645/1/1
f 646/3/1 647/2/1 648/1/1
f 649/3/2 647/2/2 645/1/2
f 647/3/2 649/2/2 650/1/2
f 651/5/3 646/5/3 648/548/3
f 646/5/3 651/5/3 652/549/3
f 651/5/4 649/5/4 652/550/4
f 649/5/4 651/5/4 650/551/4
f 649/5/5 646/5/5 652/552/5
f 646/5/5 649/5/5 645/553/5
f 647/2/6 651/3/6 648/11/6
f 651/3/6 647/2/6 650/1/6
f 654/3/1 471/2/1 653/1/1
f 471/3/1 654/2/1 472/1/1
f 655/3/2 654/2/2 653/1/2
f 654/3/2 655/2/2 656/1/2
f 657/5/3 471/5/3 472/554/3
f 471/5/3 657/5/3 658/555/3
f 657/5/4 655/5/4 658/556/4
f 655/5/4 657/5/4 656/557/4
f 655/5/5 471/5/5 658/558/5
f 471/5/5 655/5/5 653/559/5
f 654/2/6 657/3/6 472/11/6
f 657/3/6 654/2/6 656/1/6
f 626/3/1 628/2/1 625/1/1
f 628/3/1 626/2/1 627/1/1
f 659/3/2 626/2/2 625/1/2
f 626/3/2 659/2/2 660/1/2
f 661/5/3 628/529/3 627/5/3
f 628/529/3 661/5/3 662/560/3
f 661/5/4 659/5/4 662/561/4
f 659/5/4 661/5/4 660/562/4
f 659/5/5 628/532/5 662/563/5
f 628/532/5 659/5/5 625/5/5
f 626/2/6 661/3/6 627/11/6
f 661/3/6 626/2/6 660/1/6
f 634/3/1 636/2/1 633/1/1
f 636/3/1 634/2/1 635/1/1
f 663/3/2 634/2/2 633/1/2
f 634/3/2 663/2/2 664/1/2
f 665/5/3 636/535/3 635/5/3
f 636/535/3 665/5/3 666/564/3
f 665/5/4 663/5/4 666/565/4
f 663/5/4 665/5/4 664/566/4
f 663/5/5 636/538/5 666/567/5
f 636/538/5 663/5/5 633/5/5
f 634/2/6 665/3/6 635/11/6
f 665/3/6 634/2/6 664/1/6

usemtl color3

f 669/3/1 668/2/1 667/1/1
f 668/3/1 669/2/1 670/1/1
f 671/3/2 669/2/2 667/1/2
f 669/3/2 671/2/2 672/1/2
f 673/5/3 668/5/3 670/568/3
f 668/5/3 673/5/3 674/569/3
f 673/5/4 671/5/4 674/570/4
f 671/5/4 673/5/4 672/571/4
f 671/5/5 668/5/5 674/572/5
f 668/5/5 671/5/5 667/573/5
f 669/2/6 673/3/6 670/11/6
f 673/3/6 669/2/6 672/1/6
f 677/3/1 676/2/1 675/1/1
f 676/3/1 677/2/1 678/1/1
f 513/3/2 677/2/2 675/1/2
f 677/3/2 513/2/2 515/1/2
f 516/409/3 676/5/3 678/574/3
f 676/5/3 516/409/3 514/5/3
f 516/5/4 513/5/4 514/575/4
f 513/5/4 516/5/4 515/576/4
f 513/413/5 676/5/5 514/5/5
f 676/5/5 513/413/5 675/577/5
f 677/2/6 516/3/6 678/11/6
f 516/3/6 677/2/6 515/1/6
f 518/3/1 520/2/1 517/1/1
f 520/3/1 518/2/1 519/1/1
f 679/3/2 518/2/2 517/1/2
f 518/3/2 679/2/2 680/1/2
f 681/5/3 520/423/3 519/5/3
f 520/423/3 681/5/3 682/578/3
f 681/5/4 679/5/4 682/579/4
f 679/5/4 681/5/4 680/580/4
f 679/5/5 520/426/5 682/581/5
f 520/426/5 679/5/5 517/5/5
f 518/2/6 681/3/6 519/11/6
f 681/3/6 518/2/6 680/1/6
f 398/3/1 400/2/1 397/1/1
f 400/3/1 398/2/1 399/1/1
f 683/3/2 398/2/2 397/1/2
f 398/3/2 683/2/2 684/1/2
f 685/5/3 400/315/3 399/5/3
f 400/315/3 685/5/3 686/582/3
f 685/5/4 683/5/4 686/583/4
f 683/5/4 685/5/4 684/584/4
f 683/5/5 400/318/5 686/585/5
f 400/318/5 683/5/5 397/5/5
f 398/2/6 685/3/6 399/11/6
f 685/3/6 398/2/6 684/1/6
f 396/3/1 687/2/1 394/1/1
f 687/3/1 396/2/1 688/1/1
f 400/3/2 396/2/2 394/1/2
f 396/3/2 400/2/2 399/1/2
f 689/5/3 687/5/3 688/586/3
f 687/5/3 689/5/3 690/587/3
f 689/5/4 400/316/4 690/588/4
f 400/316/4 689/5/4 399/5/4
f 400/318/5 687/5/5 690/589/5
f 687/5/5 400/318/5 394/5/5
f 396/2/6 689/3/6 688/11/6
f 689/3/6 396/2/6 399/1/6
f 693/3/1 692/2/1 691/1/1
f 692/3/1 693/2/1 694/1/1
f 695/3/2 693/2/2 691/1/2
f 693/3/2 695/2/2 696/1/2
f 697/5/3 692/5/3 694/590/3
f 692/5/3 697/5/3 698/591/3
f 697/5/4 695/5/4 698/592/4
f 695/5/4 697/5/4 696/593/4
f 695/5/5 692/5/5 698/594/5
f 692/5/5 695/5/5 691/595/5
f 693/2/6 697/3/6 694/11/6
f 697/3/6 693/2/6 696/1/6
f 701/3/1 700/2/1 699/1/1
f 700/3/1 701/2/1 702/1/1
f 703/3/2 701/2/2 699/1/2
f 701/3/2 703/2/2 704/1/2
f 705/5/3 700/5/3 702/596/3
f 700/5/3 705/5/3 706/597/3
f 705/5/4 703/5/4 706/598/4
f 703/5/4 705/5/4 704/599/4
f 703/5/5 700/5/5 706/600/5
f 700/5/5 703/5/5 699/601/5
f 701/2/6 705/3/6 702/11/6
f 705/3/6 701/2/6 704/1/6
f 709/3/1 708/2/1 707/1/1
f 708/3/1 709/2/1 710/1/1
f 711/3/2 709/2/2 707/1/2
f 709/3/2 711/2/2 712/1/2
f 274/217/3 708/5/3 710/602/3
f 708/5/3 274/217/3 272/5/3
f 274/5/4 711/5/4 272/603/4
f 711/5/4 274/5/4 712/604/4
f 711/5/5 708/5/5 272/5/5
f 708/5/5 711/5/5 707/605/5
f 709/2/6 274/3/6 710/11/6
f 274/3/6 709/2/6 712/1/6
f 714/3/1 278/2/1 713/1/1
f 278/3/1 714/2/1 277/1/1
f 715/3/2 714/2/2 713/1/2
f 714/3/2 715/2/2 716/1/2
f 282/223/3 278/218/3 277/5/3
f 278/218/3 282/223/3 280/5/3
f 282/5/4 715/5/4 280/606/4
f 715/5/4 282/5/4 716/607/4
f 715/5/5 278/221/5 280/5/5
f 278/221/5 715/5/5 713/608/5
f 714/2/6 282/3/6 277/11/6
f 282/3/6 714/2/6 716/1/6
f 718/3/1 286/2/1 717/1/1
f 286/3/1 718/2/1 285/1/1
f 427/3/2 718/2/2 717/1/2
f 718/3/2 427/2/2 429/1/2
f 430/343/3 286/224/3 285/5/3
f 286/224/3 430/343/3 428/5/3
f 430/5/4 427/5/4 428/609/4
f 427/5/4 430/5/4 429/610/4
f 427/348/5 286/227/5 428/5/5
f 286/227/5 427/348/5 717/611/5
f 718/2/6 430/3/6 285/11/6
f 430/3/6 718/2/6 429/1/6
f 440/3/1 442/2/1 439/1/1
f 442/3/1 440/2/1 441/1/1
f 719/3/2 440/2/2 439/1/2
f 440/3/2 719/2/2 720/1/2
f 721/5/3 442/350/3 441/5/3
f 442/350/3 721/5/3 722/612/3
f 721/5/4 719/5/4 722/613/4
f 719/5/4 721/5/4 720/614/4
f 719/5/5 442/353/5 722/615/5
f 442/353/5 719/5/5 439/5/5
f 440/2/6 721/3/6 441/11/6
f 721/3/6 440/2/6 720/1/6
f 725/3/1 724/2/1 723/1/1
f 724/3/1 725/2/1 726/1/1
f 727/3/2 725/2/2 723/1/2
f 725/3/2 727/2/2 728/1/2
f 729/5/3 724/5/3 726/616/3
f 724/5/3 729/5/3 730/617/3
f 729/5/4 727/5/4 730/618/4
f 727/5/4 729/5/4 728/619/4
f 727/5/5 724/5/5 730/620/5
f 724/5/5 727/5/5 723/621/5
f 725/2/6 729/3/6 726/11/6
f 729/3/6 725/2/6 728/1/6
f 733/3/1 732/2/1 731/1/1
f 732/3/1 733/2/1 734/1/1
f 735/3/2 733/2/2 731/1/2
f 733/3/2 735/2/2 736/1/2
f 694/590/3 732/5/3 734/622/3
f 732/5/3 694/590/3 692/5/3
f 694/5/4 735/5/4 692/623/4
f 735/5/4 694/5/4 736/624/4
f 735/5/5 732/5/5 692/5/5
f 732/5/5 735/5/5 731/625/5
f 733/2/6 694/3/6 734/11/6
f 694/3/6 733/2/6 736/1/6
f 738/3/1 698/2/1 737/1/1
f 698/3/1 738/2/1 697/1/1
f 739/3/2 738/2/2 737/1/2
f 738/3/2 739/2/2 740/1/2
f 702/596/3 698/591/3 697/5/3
f 698/591/3 702/596/3 700/5/3
f 702/5/4 739/5/4 700/626/4
f 739/5/4 702/5/4 740/627/4
f 739/5/5 698/594/5 700/5/5
f 698/594/5 739/5/5 737/628/5
f 738/2/6 702/3/6 697/11/6
f 702/3/6 738/2/6 740/1/6
f 742/3/1 706/2/1 741/1/1
f 706/3/1 742/2/1 705/1/1
f 743/3/2 742/2/2 741/1/2
f 742/3/2 743/2/2 744/1/2
f 710/602/3 706/597/3 705/5/3
f 706/597/3 710/602/3 708/5/3
f 710/5/4 743/5/4 708/629/4
f 743/5/4 710/5/4 744/630/4
f 743/5/5 706/600/5 708/5/5
f 706/600/5 743/5/5 741/631/5
f 742/2/6 710/3/6 705/11/6
f 710/3/6 742/2/6 744/1/6
f 747/3/1 746/2/1 745/1/1
f 746/3/1 747/2/1 748/1/1
f 749/3/2 747/2/2 745/1/2
f 747/3/2 749/2/2 750/1/2
f 751/5/3 746/5/3 748/632/3
f 746/5/3 751/5/3 752/633/3
f 751/5/4 749/5/4 752/634/4
f 749/5/4 751/5/4 750/635/4
f 749/5/5 746/5/5 752/636/5
f 746/5/5 749/5/5 745/637/5
f 747/2/6 751/3/6 748/11/6
f 751/3/6 747/2/6 750/1/6
f 750/3/1 753/2/1 749/1/1
f 753/3/1 750/2/1 754/1/1
f 755/3/2 750/2/2 749/1/2
f 750/3/2 755/2/2 756/1/2
f 757/5/3 753/5/3 754/638/3
f 753/5/3 757/5/3 758/639/3
f 757/5/4 755/5/4 758/640/4
f 755/5/4 757/5/4 756/641/4
f 755/5/5 753/5/5 758/642/5
f 753/5/5 755/5/5 749/5/5
f 750/2/6 757/3/6 754/11/6
f 757/3/6 750/2/6 756/1/6
f 760/3/1 443/2/1 759/1/1
f 443/3/1 760/2/1 445/1/1
f 761/3/2 760/2/2 759/1/2
f 760/3/2 761/2/2 762/1/2
f 448/5/3 443/5/3 445/643/3
f 443/5/3 448/5/3 447/644/3
f 448/358/4 761/5/4 447/5/4
f 761/5/4 448/358/4 762/645/4
f 761/5/5 443/360/5 447/5/5
f 443/360/5 761/5/5 759/646/5
f 760/2/6 448/3/6 445/11/6
f 448/3/6 760/2/6 762/1/6
f 174/3/1 763/2/1 172/1/1
f 763/3/1 174/2/1 764/1/1
f 126/3/2 174/2/2 172/1/2
f 174/3/2 126/2/2 128/1/2
f 765/5/3 763/5/3 764/647/3
f 763/5/3 765/5/3 766/648/3
f 765/5/4 126/510/4 766/649/4
f 126/510/4 765/5/4 128/5/4
f 126/5/5 763/5/5 766/650/5
f 763/5/5 126/5/5 172/5/5
f 174/2/6 765/3/6 764/11/6
f 765/3/6 174/2/6 128/1/6
f 769/3/1 768/2/1 767/1/1
f 768/3/1 769/2/1 770/1/1
f 771/3/2 769/2/2 767/1/2
f 769/3/2 771/2/2 772/1/2
f 748/632/3 768/5/3 770/651/3
f 768/5/3 748/632/3 746/5/3
f 748/5/4 771/5/4 746/652/4
f 771/5/4 748/5/4 772/653/4
f 771/5/5 768/5/5 746/5/5
f 768/5/5 771/5/5 767/654/5
f 769/2/6 748/3/6 770/11/6
f 748/3/6 769/2/6 772/1/6
f 775/3/1 774/2/1 773/1/1
f 774/3/1 775/2/1 776/1/1
f 777/3/2 775/2/2 773/1/2
f 775/3/2 777/2/2 778/1/2
f 779/5/3 774/5/3 776/655/3
f 774/5/3 779/5/3 780/656/3
f 779/5/4 777/5/4 780/657/4
f 777/5/4 779/5/4 778/658/4
f 777/5/5 774/5/5 780/659/5
f 774/5/5 777/5/5 773/660/5
f 775/2/6 779/3/6 776/11/6
f 779/3/6 775/2/6 778/1/6
f 783/3/1 782/2/1 781/1/1
f 782/3/1 783/2/1 784/1/1
f 785/3/2 783/2/2 781/1/2
f 783/3/2 785/2/2 786/1/2
f 787/5/3 782/5/3 784/661/3
f 782/5/3 787/5/3 788/662/3
f 787/5/4 785/5/4 788/663/4
f 785/5/4 787/5/4 786/664/4
f 785/5/5 782/5/5 788/665/5
f 782/5/5 785/5/5 781/666/5
f 783/2/6 787/3/6 784/11/6
f 787/3/6 783/2/6 786/1/6
f 791/3/1 790/2/1 789/1/1
f 790/3/1 791/2/1 792/1/1
f 793/3/2 791/2/2 789/1/2
f 791/3/2 793/2/2 794/1/2
f 795/5/3 790/5/3 792/667/3
f 790/5/3 795/5/3 796/668/3
f 795/5/4 793/5/4 796/669/4
f 793/5/4 795/5/4 794/670/4
f 793/5/5 790/5/5 796/671/5
f 790/5/5 793/5/5 789/672/5
f 791/2/6 795/3/6 792/11/6
f 795/3/6 791/2/6 794/1/6
f 799/3/1 798/2/1 797/1/1
f 798/3/1 799/2/1 800/1/1
f 637/3/2 799/2/2 797/1/2
f 799/3/2 637/2/2 639/1/2
f 640/542/3 798/5/3 800/673/3
f 798/5/3 640/542/3 638/5/3
f 640/5/4 637/5/4 638/674/4
f 637/5/4 640/5/4 639/675/4
f 637/547/5 798/5/5 638/5/5
f 798/5/5 637/547/5 797/676/5
f 799/2/6 640/3/6 800/11/6
f 640/3/6 799/2/6 639/1/6
f 642/3/1 644/2/1 641/1/1
f 644/3/1 642/2/1 643/1/1
f 645/3/2 642/2/2 641/1/2
f 642/3/2 645/2/2 647/1/2
f 648/548/3 644/543/3 643/5/3
f 644/543/3 648/548/3 646/5/3
f 648/5/4 645/5/4 646/677/4
f 645/5/4 648/5/4 647/678/4
f 645/553/5 644/546/5 646/5/5
f 644/546/5 645/553/5 641/5/5
f 642/2/6 648/3/6 643/11/6
f 648/3/6 642/2/6 647/1/6
f 650/3/1 652/2/1 649/1/1
f 652/3/1 650/2/1 651/1/1
f 443/3/2 650/2/2 649/1/2
f 650/3/2 443/2/2 445/1/2
f 446/355/3 652/549/3 651/5/3
f 652/549/3 446/355/3 444/5/3
f 446/5/4 443/5/4 444/679/4
f 443/5/4 446/5/4 445/680/4
f 443/360/5 652/552/5 444/5/5
f 652/552/5 443/360/5 649/5/5
f 650/2/6 446/3/6 651/11/6
f 446/3/6 650/2/6 445/1/6
f 802/3/1 752/2/1 801/1/1
f 752/3/1 802/2/1 751/1/1
f 774/3/2 802/2/2 801/1/2
f 802/3/2 774/2/2 776/1/2
f 803/5/3 752/633/3 751/5/3
f 752/633/3 803/5/3 804/681/3
f 803/5/4 774/5/4 804/682/4
f 774/5/4 803/5/4 776/683/4
f 774/5/5 752/636/5 804/684/5
f 752/636/5 774/5/5 801/685/5
f 802/2/6 803/3/6 751/11/6
f 803/3/6 802/2/6 776/1/6
f 807/3/1 806/2/1 805/1/1
f 806/3/1 807/2/1 808/1/1
f 809/3/2 807/2/2 805/1/2
f 807/3/2 809/2/2 810/1/2
f 811/5/3 806/5/3 808/686/3
f 806/5/3 811/5/3 812/687/3
f 811/5/4 809/5/4 812/688/4
f 809/5/4 811/5/4 810/689/4
f 809/5/5 806/5/5 812/690/5
f 806/5/5 809/5/5 805/691/5
f 807/2/6 811/3/6 808/11/6
f 811/3/6 807/2/6 810/1/6
f 815/3/1 814/2/1 813/1/1
f 814/3/1 815/2/1 816/1/1
f 817/3/2 815/2/2 813/1/2
f 815/3/2 817/2/2 818/1/2
f 819/5/3 814/5/3 816/692/3
f 814/5/3 819/5/3 820/693/3
f 819/5/4 817/5/4 820/694/4
f 817/5/4 819/5/4 818/695/4
f 817/5/5 814/5/5 820/696/5
f 814/5/5 817/5/5 813/697/5
f 815/2/6 819/3/6 816/11/6
f 819/3/6 815/2/6 818/1/6
f 823/3/1 822/2/1 821/1/1
f 822/3/1 823/2/1 824/1/1
f 798/3/2 823/2/2 821/1/2
f 823/3/2 798/2/2 800/1/2
f 825/5/3 822/5/3 824/698/3
f 822/5/3 825/5/3 826/699/3
f 825/5/4 798/5/4 826/700/4
f 798/5/4 825/5/4 800/701/4
f 798/5/5 822/5/5 826/702/5
f 822/5/5 798/5/5 821/703/5
f 823/2/6 825/3/6 824/11/6
f 825/3/6 823/2/6 800/1/6
f 446/3/1 827/2/1 444/1/1
f 827/3/1 446/2/1 828/1/1
f 450/3/2 446/2/2 444/1/2
f 446/3/2 450/2/2 449/1/2
f 829/5/3 827/5/3 828/704/3
f 827/5/3 829/5/3 830/705/3
f 829/5/4 450/357/4 830/706/4
f 450/357/4 829/5/4 449/5/4
f 450/359/5 827/5/5 830/707/5
f 827/5/5 450/359/5 444/5/5
f 446/2/6 829/3/6 828/11/6
f 829/3/6 446/2/6 449/1/6
f 833/3/1 832/2/1 831/1/1
f 832/3/1 833/2/1 834/1/1
f 835/3/2 833/2/2 831/1/2
f 833/3/2 835/2/2 836/1/2
f 837/5/3 832/5/3 834/708/3
f 832/5/3 837/5/3 838/709/3
f 837/5/4 835/5/4 838/710/4
f 835/5/4 837/5/4 836/711/4
f 835/5/5 832/5/5 838/712/5
f 832/5/5 835/5/5 831/713/5
f 833/2/6 837/3/6 834/11/6
f 837/3/6 833/2/6 836/1/6
f 841/3/1 840/2/1 839/1/1
f 840/3/1 841/2/1 842/1/1
f 843/3/2 841/2/2 839/1/2
f 841/3/2 843/2/2 844/1/2
f 845/5/3 840/5/3 842/714/3
f 840/5/3 845/5/3 846/715/3
f 845/5/4 843/5/4 846/716/4
f 843/5/4 845/5/4 844/717/4
f 843/5/5 840/5/5 846/718/5
f 840/5/5 843/5/5 839/719/5
f 841/2/6 845/3/6 842/11/6
f 845/3/6 841/2/6 844/1/6
f 849/3/1 848/2/1 847/1/1
f 848/3/1 849/2/1 850/1/1
f 851/3/2 849/2/2 847/1/2
f 849/3/2 851/2/2 852/1/2
f 853/5/3 848/5/3 850/720/3
f 848/5/3 853/5/3 854/721/3
f 853/5/4 851/5/4 854/722/4
f 851/5/4 853/5/4 852/723/4
f 851/5/5 848/5/5 854/724/5
f 848/5/5 851/5/5 847/725/5
f 849/2/6 853/3/6 850/11/6
f 853/3/6 849/2/6 852/1/6
f 857/3/1 856/2/1 855/1/1
f 856/3/1 857/2/1 858/1/1
f 859/3/2 857/2/2 855/1/2
f 857/3/2 859/2/2 860/1/2
f 461/5/3 856/5/3 858/726/3
f 856/5/3 461/5/3 459/727/3
f 461/5/4 859/5/4 459/728/4
f 859/5/4 461/5/4 860/729/4
f 859/5/5 856/5/5 459/372/5
f 856/5/5 859/5/5 855/730/5
f 857/2/6 461/3/6 858/11/6
f 461/3/6 857/2/6 860/1/6
f 862/3/1 463/2/1 861/1/1
f 463/3/1 862/2/1 464/1/1
f 863/3/2 862/2/2 861/1/2
f 862/3/2 863/2/2 864/1/2
f 865/5/3 463/5/3 464/731/3
f 463/5/3 865/5/3 866/732/3
f 865/5/4 863/5/4 866/733/4
f 863/5/4 865/5/4 864/734/4
f 863/5/5 463/5/5 866/735/5
f 463/5/5 863/5/5 861/736/5
f 862/2/6 865/3/6 464/11/6
f 865/3/6 862/2/6 864/1/6
f 869/3/1 868/2/1 867/1/1
f 868/3/1 869/2/1 870/1/1
f 840/3/2 869/2/2 867/1/2
f 869/3/2 840/2/2 842/1/2
f 871/5/3 868/5/3 870/737/3
f 868/5/3 871/5/3 872/738/3
f 871/5/4 840/5/4 872/739/4
f 840/5/4 871/5/4 842/740/4
f 840/5/5 868/5/5 872/741/5
f 868/5/5 840/5/5 867/742/5
f 869/2/6 871/3/6 870/11/6
f 871/3/6 869/2/6 842/1/6
f 845/3/1 873/2/1 846/1/1
f 873/3/1 845/2/1 874/1/1
f 875/3/2 845/2/2 846/1/2
f 845/3/2 875/2/2 876/1/2
f 850/720/3 873/5/3 874/743/3
f 873/5/3 850/720/3 848/5/3
f 850/5/4 875/5/4 848/744/4
f 875/5/4 850/5/4 876/745/4
f 875/5/5 873/5/5 848/5/5
f 873/5/5 875/5/5 846/718/5
f 845/2/6 850/3/6 874/11/6
f 850/3/6 845/2/6 876/1/6
f 878/3/1 854/2/1 877/1/1
f 854/3/1 878/2/1 853/1/1
f 879/3/2 878/2/2 877/1/2
f 878/3/2 879/2/2 880/1/2
f 881/5/3 854/721/3 853/5/3
f 854/721/3 881/5/3 882/746/3
f 881/5/4 879/5/4 882/747/4
f 879/5/4 881/5/4 880/748/4
f 879/5/5 854/724/5 882/749/5
f 854/724/5 879/5/5 877/750/5
f 878/2/6 881/3/6 853/11/6
f 881/3/6 878/2/6 880/1/6
f 140/3/1 149/2/1 138/1/1
f 149/3/1 140/2/1 150/1/1
f 144/3/2 140/2/2 138/1/2
f 140/3/2 144/2/2 143/1/2
f 155/5/3 149/5/3 150/751/3
f 149/5/3 155/5/3 153/752/3
f 155/5/4 144/112/4 153/753/4
f 144/112/4 155/5/4 143/5/4
f 144/114/5 149/5/5 153/127/5
f 149/5/5 144/114/5 138/5/5
f 140/2/6 155/3/6 150/11/6
f 155/3/6 140/2/6 143/1/6
f 885/3/1 884/2/1 883/1/1
f 884/3/1 885/2/1 886/1/1
f 887/3/2 885/2/2 883/1/2
f 885/3/2 887/2/2 888/1/2
f 889/5/3 884/5/3 886/754/3
f 884/5/3 889/5/3 890/755/3
f 889/5/4 887/5/4 890/756/4
f 887/5/4 889/5/4 888/757/4
f 887/5/5 884/5/5 890/758/5
f 884/5/5 887/5/5 883/759/5
f 885/2/6 889/3/6 886/11/6
f 889/3/6 885/2/6 888/1/6
f 148/3/1 891/2/1 146/1/1
f 891/3/1 148/2/1 892/1/1
f 152/3/2 148/2/2 146/1/2
f 148/3/2 152/2/2 151/1/2
f 893/5/3 891/5/3 892/760/3
f 891/5/3 893/5/3 894/761/3
f 893/5/4 152/118/4 894/762/4
f 152/118/4 893/5/4 151/5/4
f 152/120/5 891/5/5 894/763/5
f 891/5/5 152/120/5 146/5/5
f 148/2/6 893/3/6 892/11/6
f 893/3/6 148/2/6 151/1/6
f 156/3/1 895/2/1 154/1/1
f 895/3/1 156/2/1 896/1/1
f 160/3/2 156/2/2 154/1/2
f 156/3/2 160/2/2 159/1/2
f 897/5/3 895/5/3 896/764/3
f 895/5/3 897/5/3 898/765/3
f 897/5/4 160/124/4 898/766/4
f 160/124/4 897/5/4 159/5/4
f 160/126/5 895/5/5 898/767/5
f 895/5/5 160/126/5 154/5/5
f 156/2/6 897/3/6 896/11/6
f 897/3/6 156/2/6 159/1/6
f 897/3/1 899/2/1 898/1/1
f 899/3/1 897/2/1 900/1/1
f 901/3/2 897/2/2 898/1/2
f 897/3/2 901/2/2 902/1/2
f 903/5/3 899/5/3 900/768/3
f 899/5/3 903/5/3 904/769/3
f 903/5/4 901/5/4 904/770/4
f 901/5/4 903/5/4 902/771/4
f 901/5/5 899/5/5 904/772/5
f 899/5/5 901/5/5 898/767/5
f 897/2/6 903/3/6 900/11/6
f 903/3/6 897/2/6 902/1/6
f 750/3/1 753/2/1 749/1/1
f 753/3/1 750/2/1 754/1/1
f 755/3/2 750/2/2 749/1/2
f 750/3/2 755/2/2 756/1/2
f 757/5/3 753/5/3 754/638/3
f 753/5/3 757/5/3 758/639/3
f 757/5/4 755/5/4 758/640/4
f 755/5/4 757/5/4 756/641/4
f 755/5/5 753/5/5 758/642/5
f 753/5/5 755/5/5 749/5/5
f 750/2/6 757/3/6 754/11/6
f 757/3/6 750/2/6 756/1/6

usemtl color19

f 672/3/1 674/2/1 671/1/1
f 674/3/1 672/2/1 673/1/1
f 905/3/2 672/2/2 671/1/2
f 672/3/2 905/2/2 906/1/2
f 907/5/3 674/569/3 673/5/3
f 674/569/3 907/5/3 908/773/3
f 907/5/4 905/5/4 908/774/4
f 905/5/4 907/5/4 906/775/4
f 905/5/5 674/572/5 908/776/5
f 674/572/5 905/5/5 671/5/5
f 672/2/6 907/3/6 673/11/6
f 907/3/6 672/2/6 906/1/6
f 911/3/1 910/2/1 909/1/1
f 910/3/1 911/2/1 912/1/1
f 913/3/2 911/2/2 909/1/2
f 911/3/2 913/2/2 914/1/2
f 915/5/3 910/5/3 912/777/3
f 910/5/3 915/5/3 916/778/3
f 915/5/4 913/5/4 916/779/4
f 913/5/4 915/5/4 914/780/4
f 913/5/5 910/5/5 916/781/5
f 910/5/5 913/5/5 909/782/5
f 911/2/6 915/3/6 912/11/6
f 915/3/6 911/2/6 914/1/6
f 208/3/1 210/2/1 207/1/1
f 210/3/1 208/2/1 209/1/1
f 917/3/2 208/2/2 207/1/2
f 208/3/2 917/2/2 918/1/2
f 919/5/3 210/166/3 209/5/3
f 210/166/3 919/5/3 920/783/3
f 919/5/4 917/5/4 920/784/4
f 917/5/4 919/5/4 918/785/4
f 917/5/5 210/169/5 920/786/5
f 210/169/5 917/5/5 207/5/5
f 208/2/6 919/3/6 209/11/6
f 919/3/6 208/2/6 918/1/6
f 923/3/1 922/2/1 921/1/1
f 922/3/1 923/2/1 924/1/1
f 767/3/2 923/2/2 921/1/2
f 923/3/2 767/2/2 769/1/2
f 925/5/3 922/5/3 924/787/3
f 922/5/3 925/5/3 926/788/3
f 925/5/4 767/5/4 926/789/4
f 767/5/4 925/5/4 769/790/4
f 767/654/5 922/5/5 926/791/5
f 922/5/5 767/654/5 921/792/5
f 923/2/6 925/3/6 924/11/6
f 925/3/6 923/2/6 769/1/6
f 929/3/1 928/2/1 927/1/1
f 928/3/1 929/2/1 930/1/1
f 831/3/2 929/2/2 927/1/2
f 929/3/2 831/2/2 833/1/2
f 834/708/3 928/5/3 930/793/3
f 928/5/3 834/708/3 832/5/3
f 834/5/4 831/5/4 832/794/4
f 831/5/4 834/5/4 833/795/4
f 831/713/5 928/5/5 832/5/5
f 928/5/5 831/713/5 927/796/5
f 929/2/6 834/3/6 930/11/6
f 834/3/6 929/2/6 833/1/6
f 617/3/1 931/2/1 618/1/1
f 931/3/1 617/2/1 932/1/1
f 933/3/2 617/2/2 618/1/2
f 617/3/2 933/2/2 934/1/2
f 935/5/3 931/5/3 932/797/3
f 931/5/3 935/5/3 936/798/3
f 935/5/4 933/5/4 936/799/4
f 933/5/4 935/5/4 934/800/4
f 933/5/5 931/5/5 936/801/5
f 931/5/5 933/5/5 618/524/5
f 617/2/6 935/3/6 932/11/6
f 935/3/6 617/2/6 934/1/6

usemtl color26

f 939/3/1 938/2/1 937/1/1
f 938/3/1 939/2/1 940/1/1
f 941/3/2 939/2/2 937/1/2
f 939/3/2 941/2/2 942/1/2
f 943/5/3 938/5/3 940/802/3
f 938/5/3 943/5/3 944/803/3
f 943/5/4 941/5/4 944/804/4
f 941/5/4 943/5/4 942/805/4
f 941/5/5 938/5/5 944/806/5
f 938/5/5 941/5/5 937/807/5
f 939/2/6 943/3/6 940/11/6
f 943/3/6 939/2/6 942/1/6
f 918/3/1 920/2/1 917/1/1
f 920/3/1 918/2/1 919/1/1
f 945/3/2 918/2/2 917/1/2
f 918/3/2 945/2/2 946/1/2
f 947/5/3 920/783/3 919/5/3
f 920/783/3 947/5/3 948/808/3
f 947/5/4 945/5/4 948/809/4
f 945/5/4 947/5/4 946/810/4
f 945/5/5 920/786/5 948/811/5
f 920/786/5 945/5/5 917/5/5
f 918/2/6 947/3/6 919/11/6
f 947/3/6 918/2/6 946/1/6

usemtl color7

f 950/3/1 179/2/1 949/1/1
f 179/3/1 950/2/1 181/1/1
f 951/3/2 950/2/2 949/1/2
f 950/3/2 951/2/2 952/1/2
f 184/5/3 179/5/3 181/812/3
f 179/5/3 184/5/3 183/813/3
f 184/150/4 951/5/4 183/5/4
f 951/5/4 184/150/4 952/814/4
f 951/5/5 179/152/5 183/5/5
f 179/152/5 951/5/5 949/815/5
f 950/2/6 184/3/6 181/11/6
f 184/3/6 950/2/6 952/1/6
f 955/3/1 954/2/1 953/1/1
f 954/3/1 955/2/1 956/1/1
f 957/3/2 955/2/2 953/1/2
f 955/3/2 957/2/2 958/1/2
f 959/5/3 954/5/3 956/816/3
f 954/5/3 959/5/3 960/817/3
f 959/5/4 957/5/4 960/818/4
f 957/5/4 959/5/4 958/819/4
f 957/5/5 954/5/5 960/820/5
f 954/5/5 957/5/5 953/821/5
f 955/2/6 959/3/6 956/11/6
f 959/3/6 955/2/6 958/1/6
f 963/3/1 962/2/1 961/1/1
f 962/3/1 963/2/1 964/1/1
f 965/3/2 963/2/2 961/1/2
f 963/3/2 965/2/2 966/1/2
f 967/5/3 962/5/3 964/822/3
f 962/5/3 967/5/3 968/823/3
f 967/5/4 965/5/4 968/824/4
f 965/5/4 967/5/4 966/825/4
f 965/5/5 962/5/5 968/826/5
f 962/5/5 965/5/5 961/827/5
f 963/2/6 967/3/6 964/11/6
f 967/3/6 963/2/6 966/1/6
f 420/3/1 422/2/1 419/1/1
f 422/3/1 420/2/1 421/1/1
f 179/3/2 420/2/2 419/1/2
f 420/3/2 179/2/2 181/1/2
f 182/147/3 422/333/3 421/5/3
f 422/333/3 182/147/3 180/5/3
f 182/5/4 179/5/4 180/828/4
f 179/5/4 182/5/4 181/829/4
f 179/152/5 422/336/5 180/5/5
f 422/336/5 179/152/5 419/5/5
f 420/2/6 182/3/6 421/11/6
f 182/3/6 420/2/6 181/1/6
f 184/3/1 186/2/1 183/1/1
f 186/3/1 184/2/1 185/1/1
f 954/3/2 184/2/2 183/1/2
f 184/3/2 954/2/2 956/1/2
f 969/5/3 186/148/3 185/5/3
f 186/148/3 969/5/3 970/830/3
f 969/5/4 954/5/4 970/831/4
f 954/5/4 969/5/4 956/832/4
f 954/5/5 186/151/5 970/833/5
f 186/151/5 954/5/5 183/5/5
f 184/2/6 969/3/6 185/11/6
f 969/3/6 184/2/6 956/1/6
f 959/3/1 971/2/1 960/1/1
f 971/3/1 959/2/1 972/1/1
f 973/3/2 959/2/2 960/1/2
f 959/3/2 973/2/2 974/1/2
f 30/433/3 971/5/3 972/834/3
f 971/5/3 30/433/3 29/5/3
f 30/27/4 973/5/4 29/5/4
f 973/5/4 30/27/4 974/835/4
f 973/5/5 971/5/5 29/5/5
f 971/5/5 973/5/5 960/820/5
f 959/2/6 30/3/6 972/11/6
f 30/3/6 959/2/6 974/1/6
f 30/3/1 32/2/1 29/1/1
f 32/3/1 30/2/1 31/1/1
f 534/3/2 30/2/2 29/1/2
f 30/3/2 534/2/2 533/1/2
f 975/5/3 32/25/3 31/5/3
f 32/25/3 975/5/3 976/836/3
f 975/5/4 534/435/4 976/837/4
f 534/435/4 975/5/4 533/5/4
f 534/437/5 32/28/5 976/838/5
f 32/28/5 534/437/5 29/5/5
f 30/2/6 975/3/6 31/11/6
f 975/3/6 30/2/6 533/1/6
f 865/3/1 977/2/1 866/1/1
f 977/3/1 865/2/1 978/1/1
f 452/3/2 865/2/2 866/1/2
f 865/3/2 452/2/2 454/1/2
f 979/5/3 977/5/3 978/839/3
f 977/5/3 979/5/3 980/840/3
f 979/5/4 452/5/4 980/841/4
f 452/5/4 979/5/4 454/842/4
f 452/5/5 977/5/5 980/843/5
f 977/5/5 452/5/5 866/735/5
f 865/2/6 979/3/6 978/11/6
f 979/3/6 865/2/6 454/1/6
f 230/3/1 981/2/1 228/1/1
f 981/3/1 230/2/1 982/1/1
f 234/3/2 230/2/2 228/1/2
f 230/3/2 234/2/2 233/1/2
f 983/5/3 981/5/3 982/844/3
f 981/5/3 983/5/3 984/845/3
f 983/5/4 234/185/4 984/846/4
f 234/185/4 983/5/4 233/5/4
f 234/187/5 981/5/5 984/847/5
f 981/5/5 234/187/5 228/5/5
f 230/2/6 983/3/6 982/11/6
f 983/3/6 230/2/6 233/1/6
f 987/3/1 986/2/1 985/1/1
f 986/3/1 987/2/1 988/1/1
f 989/3/2 987/2/2 985/1/2
f 987/3/2 989/2/2 990/1/2
f 991/5/3 986/5/3 988/848/3
f 986/5/3 991/5/3 992/849/3
f 991/5/4 989/5/4 992/850/4
f 989/5/4 991/5/4 990/851/4
f 989/5/5 986/5/5 992/852/5
f 986/5/5 989/5/5 985/853/5
f 987/2/6 991/3/6 988/11/6
f 991/3/6 987/2/6 990/1/6
f 995/3/1 994/2/1 993/1/1
f 994/3/1 995/2/1 996/1/1
f 997/3/2 995/2/2 993/1/2
f 995/3/2 997/2/2 998/1/2
f 999/5/3 994/5/3 996/854/3
f 994/5/3 999/5/3 1000/855/3
f 999/5/4 997/5/4 1000/856/4
f 997/5/4 999/5/4 998/857/4
f 997/5/5 994/5/5 1000/858/5
f 994/5/5 997/5/5 993/859/5
f 995/2/6 999/3/6 996/11/6
f 999/3/6 995/2/6 998/1/6
f 1003/3/1 1002/2/1 1001/1/1
f 1002/3/1 1003/2/1 1004/1/1
f 1005/3/2 1003/2/2 1001/1/2
f 1003/3/2 1005/2/2 1006/1/2
f 1007/5/3 1002/5/3 1004/860/3
f 1002/5/3 1007/5/3 1008/861/3
f 1007/5/4 1005/5/4 1008/862/4
f 1005/5/4 1007/5/4 1006/863/4
f 1005/5/5 1002/5/5 1008/864/5
f 1002/5/5 1005/5/5 1001/865/5
f 1003/2/6 1007/3/6 1004/11/6
f 1007/3/6 1003/2/6 1006/1/6
f 1011/3/1 1010/2/1 1009/1/1
f 1010/3/1 1011/2/1 1012/1/1
f 1013/3/2 1011/2/2 1009/1/2
f 1011/3/2 1013/2/2 1014/1/2
f 1015/5/3 1010/5/3 1012/866/3
f 1010/5/3 1015/5/3 1016/867/3
f 1015/5/4 1013/5/4 1016/868/4
f 1013/5/4 1015/5/4 1014/869/4
f 1013/5/5 1010/5/5 1016/870/5
f 1010/5/5 1013/5/5 1009/871/5
f 1011/2/6 1015/3/6 1012/11/6
f 1015/3/6 1011/2/6 1014/1/6
f 1019/3/1 1018/2/1 1017/1/1
f 1018/3/1 1019/2/1 1020/1/1
f 1021/3/2 1019/2/2 1017/1/2
f 1019/3/2 1021/2/2 1022/1/2
f 1023/5/3 1018/5/3 1020/872/3
f 1018/5/3 1023/5/3 1024/873/3
f 1023/5/4 1021/5/4 1024/874/4
f 1021/5/4 1023/5/4 1022/875/4
f 1021/5/5 1018/5/5 1024/876/5
f 1018/5/5 1021/5/5 1017/877/5
f 1019/2/6 1023/3/6 1020/11/6
f 1023/3/6 1019/2/6 1022/1/6
f 1027/3/1 1026/2/1 1025/1/1
f 1026/3/1 1027/2/1 1028/1/1
f 235/3/2 1027/2/2 1025/1/2
f 1027/3/2 235/2/2 237/1/2
f 238/189/3 1026/5/3 1028/878/3
f 1026/5/3 238/189/3 236/5/3
f 238/5/4 235/5/4 236/879/4
f 235/5/4 238/5/4 237/880/4
f 235/194/5 1026/5/5 236/5/5
f 1026/5/5 235/194/5 1025/881/5
f 1027/2/6 238/3/6 1028/11/6
f 238/3/6 1027/2/6 237/1/6
f 1031/3/1 1030/2/1 1029/1/1
f 1030/3/1 1031/2/1 1032/1/1
f 243/3/2 1031/2/2 1029/1/2
f 1031/3/2 243/2/2 245/1/2
f 246/195/3 1030/5/3 1032/882/3
f 1030/5/3 246/195/3 244/5/3
f 246/5/4 243/5/4 244/883/4
f 243/5/4 246/5/4 245/884/4
f 243/200/5 1030/5/5 244/5/5
f 1030/5/5 243/200/5 1029/885/5
f 1031/2/6 246/3/6 1032/11/6
f 246/3/6 1031/2/6 245/1/6

usemtl color11

f 1035/3/1 1034/2/1 1033/1/1
f 1034/3/1 1035/2/1 1036/1/1
f 1037/3/2 1035/2/2 1033/1/2
f 1035/3/2 1037/2/2 1038/1/2
f 1039/5/3 1034/5/3 1036/886/3
f 1034/5/3 1039/5/3 1040/887/3
f 1039/5/4 1037/5/4 1040/888/4
f 1037/5/4 1039/5/4 1038/889/4
f 1037/5/5 1034/5/5 1040/890/5
f 1034/5/5 1037/5/5 1033/891/5
f 1035/2/6 1039/3/6 1036/11/6
f 1039/3/6 1035/2/6 1038/1/6
f 912/3/1 207/2/1 910/1/1
f 207/3/1 912/2/1 208/1/1
f 916/3/2 912/2/2 910/1/2
f 912/3/2 916/2/2 915/1/2
f 918/5/3 207/5/3 208/892/3
f 207/5/3 918/5/3 917/893/3
f 918/785/4 916/779/4 917/5/4
f 916/779/4 918/785/4 915/5/4
f 916/781/5 207/5/5 917/5/5
f 207/5/5 916/781/5 910/5/5
f 912/2/6 918/3/6 208/11/6
f 918/3/6 912/2/6 915/1/6
f 1043/3/1 1042/2/1 1041/1/1
f 1042/3/1 1043/2/1 1044/1/1
f 1034/3/2 1043/2/2 1041/1/2
f 1043/3/2 1034/2/2 1036/1/2
f 1045/5/3 1042/5/3 1044/894/3
f 1042/5/3 1045/5/3 1046/895/3
f 1045/5/4 1034/5/4 1046/896/4
f 1034/5/4 1045/5/4 1036/897/4
f 1034/5/5 1042/5/5 1046/898/5
f 1042/5/5 1034/5/5 1041/899/5
f 1043/2/6 1045/3/6 1044/11/6
f 1045/3/6 1043/2/6 1036/1/6
f 919/3/1 921/2/1 920/1/1
f 921/3/1 919/2/1 923/1/1
f 948/3/2 919/2/2 920/1/2
f 919/3/2 948/2/2 947/1/2
f 769/5/3 921/5/3 923/900/3
f 921/5/3 769/5/3 767/901/3
f 769/790/4 948/809/4 767/5/4
f 948/809/4 769/790/4 947/5/4
f 948/811/5 921/792/5 767/654/5
f 921/792/5 948/811/5 920/786/5
f 919/2/6 769/3/6 923/11/6
f 769/3/6 919/2/6 947/1/6
f 1049/3/1 1048/2/1 1047/1/1
f 1048/3/1 1049/2/1 1050/1/1
f 1051/3/2 1049/2/2 1047/1/2
f 1049/3/2 1051/2/2 1052/1/2
f 1053/5/3 1048/5/3 1050/902/3
f 1048/5/3 1053/5/3 1054/903/3
f 1053/5/4 1051/5/4 1054/904/4
f 1051/5/4 1053/5/4 1052/905/4
f 1051/5/5 1048/5/5 1054/906/5
f 1048/5/5 1051/5/5 1047/907/5
f 1049/2/6 1053/3/6 1050/11/6
f 1053/3/6 1049/2/6 1052/1/6
f 924/3/1 1055/2/1 922/1/1
f 1055/3/1 924/2/1 1056/1/1
f 926/3/2 924/2/2 922/1/2
f 924/3/2 926/2/2 925/1/2
f 770/651/3 1055/5/3 1056/908/3
f 1055/5/3 770/651/3 768/5/3
f 770/5/4 926/789/4 768/909/4
f 926/789/4 770/5/4 925/5/4
f 926/791/5 1055/5/5 768/5/5
f 1055/5/5 926/791/5 922/5/5
f 924/2/6 770/3/6 1056/11/6
f 770/3/6 924/2/6 925/1/6
f 1059/3/1 1058/2/1 1057/1/1
f 1058/3/1 1059/2/1 1060/1/1
f 1061/3/2 1059/2/2 1057/1/2
f 1059/3/2 1061/2/2 1062/1/2
f 1063/5/3 1058/5/3 1060/910/3
f 1058/5/3 1063/5/3 1064/911/3
f 1063/5/4 1061/5/4 1064/912/4
f 1061/5/4 1063/5/4 1062/913/4
f 1061/5/5 1058/5/5 1064/914/5
f 1058/5/5 1061/5/5 1057/915/5
f 1059/2/6 1063/3/6 1060/11/6
f 1063/3/6 1059/2/6 1062/1/6
f 1067/3/1 1066/2/1 1065/1/1
f 1066/3/1 1067/2/1 1068/1/1
f 1069/3/2 1067/2/2 1065/1/2
f 1067/3/2 1069/2/2 1070/1/2
f 562/5/3 1066/5/3 1068/916/3
f 1066/5/3 562/5/3 561/917/3
f 562/462/4 1069/5/4 561/5/4
f 1069/5/4 562/462/4 1070/918/4
f 1069/5/5 1066/5/5 561/5/5
f 1066/5/5 1069/5/5 1065/919/5
f 1067/2/6 562/3/6 1068/11/6
f 562/3/6 1067/2/6 1070/1/6
f 1073/3/1 1072/2/1 1071/1/1
f 1072/3/1 1073/2/1 1074/1/1
f 1075/3/2 1073/2/2 1071/1/2
f 1073/3/2 1075/2/2 1076/1/2
f 1077/5/3 1072/5/3 1074/920/3
f 1072/5/3 1077/5/3 1078/921/3
f 1077/5/4 1075/5/4 1078/922/4
f 1075/5/4 1077/5/4 1076/923/4
f 1075/5/5 1072/5/5 1078/924/5
f 1072/5/5 1075/5/5 1071/925/5
f 1073/2/6 1077/3/6 1074/11/6
f 1077/3/6 1073/2/6 1076/1/6
f 1081/3/1 1080/2/1 1079/1/1
f 1080/3/1 1081/2/1 1082/1/1
f 1083/3/2 1081/2/2 1079/1/2
f 1081/3/2 1083/2/2 1084/1/2
f 1085/5/3 1080/5/3 1082/926/3
f 1080/5/3 1085/5/3 1086/927/3
f 1085/5/4 1083/5/4 1086/928/4
f 1083/5/4 1085/5/4 1084/929/4
f 1083/5/5 1080/5/5 1086/930/5
f 1080/5/5 1083/5/5 1079/931/5
f 1081/2/6 1085/3/6 1082/11/6
f 1085/3/6 1081/2/6 1084/1/6
f 1089/3/1 1088/2/1 1087/1/1
f 1088/3/1 1089/2/1 1090/1/1
f 1091/3/2 1089/2/2 1087/1/2
f 1089/3/2 1091/2/2 1092/1/2
f 1093/5/3 1088/5/3 1090/932/3
f 1088/5/3 1093/5/3 1094/933/3
f 1093/5/4 1091/5/4 1094/934/4
f 1091/5/4 1093/5/4 1092/935/4
f 1091/5/5 1088/5/5 1094/936/5
f 1088/5/5 1091/5/5 1087/937/5
f 1089/2/6 1093/3/6 1090/11/6
f 1093/3/6 1089/2/6 1092/1/6

usemtl color29

f 406/3/1 408/2/1 405/1/1
f 408/3/1 406/2/1 407/1/1
f 409/3/2 406/2/2 405/1/2
f 406/3/2 409/2/2 411/1/2
f 412/326/3 408/321/3 407/5/3
f 408/321/3 412/326/3 410/5/3
f 412/5/4 409/5/4 410/938/4
f 409/5/4 412/5/4 411/939/4
f 409/331/5 408/324/5 410/5/5
f 408/324/5 409/331/5 405/5/5
f 406/2/6 412/3/6 407/11/6
f 412/3/6 406/2/6 411/1/6
f 414/3/1 416/2/1 413/1/1
f 416/3/1 414/2/1 415/1/1
f 961/3/2 414/2/2 413/1/2
f 414/3/2 961/2/2 963/1/2
f 964/822/3 416/327/3 415/5/3
f 416/327/3 964/822/3 962/5/3
f 964/5/4 961/5/4 962/940/4
f 961/5/4 964/5/4 963/941/4
f 961/827/5 416/330/5 962/5/5
f 416/330/5 961/827/5 413/5/5
f 414/2/6 964/3/6 415/11/6
f 964/3/6 414/2/6 963/1/6

usemtl color2

f 915/3/1 917/2/1 916/1/1
f 917/3/1 915/2/1 918/1/1
f 676/3/2 915/2/2 916/1/2
f 915/3/2 676/2/2 678/1/2
f 946/5/3 917/893/3 918/5/3
f 917/893/3 946/5/3 945/942/3
f 946/810/4 676/5/4 945/5/4
f 676/5/4 946/810/4 678/943/4
f 676/5/5 917/5/5 945/5/5
f 917/5/5 676/5/5 916/781/5
f 915/2/6 946/3/6 918/11/6
f 946/3/6 915/2/6 678/1/6
f 1097/3/1 1096/2/1 1095/1/1
f 1096/3/1 1097/2/1 1098/1/1
f 1099/3/2 1097/2/2 1095/1/2
f 1097/3/2 1099/2/2 1100/1/2
f 799/5/3 1096/5/3 1098/944/3
f 1096/5/3 799/5/3 797/945/3
f 799/5/4 1099/5/4 797/946/4
f 1099/5/4 799/5/4 1100/947/4
f 1099/5/5 1096/5/5 797/676/5
f 1096/5/5 1099/5/5 1095/948/5
f 1097/2/6 799/3/6 1098/11/6
f 799/3/6 1097/2/6 1100/1/6
f 1103/3/1 1102/2/1 1101/1/1
f 1102/3/1 1103/2/1 1104/1/1
f 1105/3/2 1103/2/2 1101/1/2
f 1103/3/2 1105/2/2 1106/1/2
f 1107/5/3 1102/5/3 1104/949/3
f 1102/5/3 1107/5/3 1108/950/3
f 1107/5/4 1105/5/4 1108/951/4
f 1105/5/4 1107/5/4 1106/952/4
f 1105/5/5 1102/5/5 1108/953/5
f 1102/5/5 1105/5/5 1101/954/5
f 1103/2/6 1107/3/6 1104/11/6
f 1107/3/6 1103/2/6 1106/1/6
f 1110/3/1 1057/2/1 1109/1/1
f 1057/3/1 1110/2/1 1059/1/1
f 1111/3/2 1110/2/2 1109/1/2
f 1110/3/2 1111/2/2 1112/1/2
f 1062/5/3 1057/5/3 1059/955/3
f 1057/5/3 1062/5/3 1061/956/3
f 1062/913/4 1111/5/4 1061/5/4
f 1111/5/4 1062/913/4 1112/957/4
f 1111/5/5 1057/915/5 1061/5/5
f 1057/915/5 1111/5/5 1109/958/5
f 1110/2/6 1062/3/6 1059/11/6
f 1062/3/6 1110/2/6 1112/1/6
f 1114/3/1 1065/2/1 1113/1/1
f 1065/3/1 1114/2/1 1067/1/1
f 1115/3/2 1114/2/2 1113/1/2
f 1114/3/2 1115/2/2 1116/1/2
f 1117/5/3 1065/5/3 1067/959/3
f 1065/5/3 1117/5/3 1118/960/3
f 1117/5/4 1115/5/4 1118/961/4
f 1115/5/4 1117/5/4 1116/962/4
f 1115/5/5 1065/919/5 1118/963/5
f 1065/919/5 1115/5/5 1113/964/5
f 1114/2/6 1117/3/6 1067/11/6
f 1117/3/6 1114/2/6 1116/1/6
f 1121/3/1 1120/2/1 1119/1/1
f 1120/3/1 1121/2/1 1122/1/1
f 459/3/2 1121/2/2 1119/1/2
f 1121/3/2 459/2/2 461/1/2
f 462/367/3 1120/5/3 1122/965/3
f 1120/5/3 462/367/3 460/5/3
f 462/5/4 459/728/4 460/966/4
f 459/728/4 462/5/4 461/5/4
f 459/372/5 1120/5/5 460/5/5
f 1120/5/5 459/372/5 1119/967/5
f 1121/2/6 462/3/6 1122/11/6
f 462/3/6 1121/2/6 461/1/6
f 464/3/1 466/2/1 463/1/1
f 466/3/1 464/2/1 465/1/1
f 866/3/2 464/2/2 463/1/2
f 464/3/2 866/2/2 865/1/2
f 978/839/3 466/368/3 465/5/3
f 466/368/3 978/839/3 977/5/3
f 978/5/4 866/733/4 977/968/4
f 866/733/4 978/5/4 865/5/4
f 866/735/5 466/371/5 977/5/5
f 466/371/5 866/735/5 463/5/5
f 464/2/6 978/3/6 465/11/6
f 978/3/6 464/2/6 865/1/6
f 1125/3/1 1124/2/1 1123/1/1
f 1124/3/1 1125/2/1 1126/1/1
f 1127/3/2 1125/2/2 1123/1/2
f 1125/3/2 1127/2/2 1128/1/2
f 1129/5/3 1124/5/3 1126/969/3
f 1124/5/3 1129/5/3 1130/970/3
f 1129/5/4 1127/5/4 1130/971/4
f 1127/5/4 1129/5/4 1128/972/4
f 1127/5/5 1124/5/5 1130/973/5
f 1124/5/5 1127/5/5 1123/974/5
f 1125/2/6 1129/3/6 1126/11/6
f 1129/3/6 1125/2/6 1128/1/6

usemtl color4

f 1133/3/1 1132/2/1 1131/1/1
f 1132/3/1 1133/2/1 1134/1/1
f 93/3/2 1133/2/2 1131/1/2
f 1133/3/2 93/2/2 95/1/2
f 1135/5/3 1132/5/3 1134/975/3
f 1132/5/3 1135/5/3 1136/976/3
f 1135/5/4 93/5/4 1136/977/4
f 93/5/4 1135/5/4 95/978/4
f 93/81/5 1132/5/5 1136/979/5
f 1132/5/5 93/81/5 1131/980/5
f 1133/2/6 1135/3/6 1134/11/6
f 1135/3/6 1133/2/6 95/1/6
f 122/3/1 1137/2/1 121/1/1
f 1137/3/1 122/2/1 1138/1/1
f 522/3/2 122/2/2 121/1/2
f 122/3/2 522/2/2 524/1/2
f 361/5/3 1137/5/3 1138/981/3
f 1137/5/3 361/5/3 359/982/3
f 361/5/4 522/5/4 359/983/4
f 522/5/4 361/5/4 524/984/4
f 522/5/5 1137/5/5 359/291/5
f 1137/5/5 522/5/5 121/5/5
f 122/2/6 361/3/6 1138/11/6
f 361/3/6 122/2/6 524/1/6
f 1140/3/1 731/2/1 1139/1/1
f 731/3/1 1140/2/1 733/1/1
f 691/3/2 1140/2/2 1139/1/2
f 1140/3/2 691/2/2 693/1/2
f 736/5/3 731/5/3 733/985/3
f 731/5/3 736/5/3 735/986/3
f 736/624/4 691/5/4 735/5/4
f 691/5/4 736/624/4 693/987/4
f 691/595/5 731/625/5 735/5/5
f 731/625/5 691/595/5 1139/988/5
f 1140/2/6 736/3/6 733/11/6
f 736/3/6 1140/2/6 693/1/6
f 96/3/1 1136/2/1 94/1/1
f 1136/3/1 96/2/1 1135/1/1
f 124/3/2 96/2/2 94/1/2
f 96/3/2 124/2/2 123/1/2
f 1141/5/3 1136/976/3 1135/5/3
f 1136/976/3 1141/5/3 1142/989/3
f 1141/5/4 124/96/4 1142/990/4
f 124/96/4 1141/5/4 123/5/4
f 124/98/5 1136/979/5 1142/991/5
f 1136/979/5 124/98/5 94/5/5
f 96/2/6 1141/3/6 1135/11/6
f 1141/3/6 96/2/6 123/1/6
f 1144/3/1 1095/2/1 1143/1/1
f 1095/3/1 1144/2/1 1097/1/1
f 1145/3/2 1144/2/2 1143/1/2
f 1144/3/2 1145/2/2 1146/1/2
f 1100/5/3 1095/5/3 1097/992/3
f 1095/5/3 1100/5/3 1099/993/3
f 1100/947/4 1145/5/4 1099/5/4
f 1145/5/4 1100/947/4 1146/994/4
f 1145/5/5 1095/948/5 1099/5/5
f 1095/948/5 1145/5/5 1143/995/5
f 1144/2/6 1100/3/6 1097/11/6
f 1100/3/6 1144/2/6 1146/1/6
f 1149/3/1 1148/2/1 1147/1/1
f 1148/3/1 1149/2/1 1150/1/1
f 723/3/2 1149/2/2 1147/1/2
f 1149/3/2 723/2/2 725/1/2
f 726/616/3 1148/5/3 1150/996/3
f 1148/5/3 726/616/3 724/5/3
f 726/5/4 723/5/4 724/997/4
f 723/5/4 726/5/4 725/998/4
f 723/621/5 1148/5/5 724/5/5
f 1148/5/5 723/621/5 1147/999/5
f 1149/2/6 726/3/6 1150/11/6
f 726/3/6 1149/2/6 725/1/6
f 728/3/1 730/2/1 727/1/1
f 730/3/1 728/2/1 729/1/1
f 1151/3/2 728/2/2 727/1/2
f 728/3/2 1151/2/2 1152/1/2
f 1153/5/3 730/617/3 729/5/3
f 730/617/3 1153/5/3 1154/1000/3
f 1153/5/4 1151/5/4 1154/1001/4
f 1151/5/4 1153/5/4 1152/1002/4
f 1151/5/5 730/620/5 1154/1003/5
f 730/620/5 1151/5/5 727/5/5
f 728/2/6 1153/3/6 729/11/6
f 1153/3/6 728/2/6 1152/1/6
f 1156/3/1 759/2/1 1155/1/1
f 759/3/1 1156/2/1 760/1/1
f 1157/3/2 1156/2/2 1155/1/2
f 1156/3/2 1157/2/2 1158/1/2
f 762/5/3 759/5/3 760/1004/3
f 759/5/3 762/5/3 761/1005/3
f 762/645/4 1157/5/4 761/5/4
f 1157/5/4 762/645/4 1158/1006/4
f 1157/5/5 759/646/5 761/5/5
f 759/646/5 1157/5/5 1155/1007/5
f 1156/2/6 762/3/6 760/11/6
f 762/3/6 1156/2/6 1158/1/6
f 1161/3/1 1160/2/1 1159/1/1
f 1160/3/1 1161/2/1 1162/1/1
f 731/3/2 1161/2/2 1159/1/2
f 1161/3/2 731/2/2 733/1/2
f 734/622/3 1160/5/3 1162/1008/3
f 1160/5/3 734/622/3 732/5/3
f 734/5/4 731/5/4 732/1009/4
f 731/5/4 734/5/4 733/1010/4
f 731/625/5 1160/5/5 732/5/5
f 1160/5/5 731/625/5 1159/1011/5
f 1161/2/6 734/3/6 1162/11/6
f 734/3/6 1161/2/6 733/1/6
f 947/3/1 767/2/1 948/1/1
f 767/3/1 947/2/1 769/1/1
f 745/3/2 947/2/2 948/1/2
f 947/3/2 745/2/2 747/1/2
f 772/5/3 767/901/3 769/5/3
f 767/901/3 772/5/3 771/1012/3
f 772/653/4 745/5/4 771/5/4
f 745/5/4 772/653/4 747/1013/4
f 745/637/5 767/654/5 771/5/5
f 767/654/5 745/637/5 948/811/5
f 947/2/6 772/3/6 769/11/6
f 772/3/6 947/2/6 747/1/6
f 1100/3/1 797/2/1 1099/1/1
f 797/3/1 1100/2/1 799/1/1
f 759/3/2 1100/2/2 1099/1/2
f 1100/3/2 759/2/2 760/1/2
f 445/643/3 797/945/3 799/5/3
f 797/945/3 445/643/3 443/5/3
f 445/680/4 759/5/4 443/5/4
f 759/5/4 445/680/4 760/1014/4
f 759/646/5 797/676/5 443/360/5
f 797/676/5 759/646/5 1099/5/5
f 1100/2/6 445/3/6 799/11/6
f 445/3/6 1100/2/6 760/1/6
f 128/3/1 766/2/1 126/1/1
f 766/3/1 128/2/1 765/1/1
f 132/3/2 128/2/2 126/1/2
f 128/3/2 132/2/2 131/1/2
f 1163/5/3 766/648/3 765/5/3
f 766/648/3 1163/5/3 1164/1015/3
f 1163/5/4 132/102/4 1164/1016/4
f 132/102/4 1163/5/4 131/5/4
f 132/104/5 766/650/5 1164/1017/5
f 766/650/5 132/104/5 126/5/5
f 128/2/6 1163/3/6 765/11/6
f 1163/3/6 128/2/6 131/1/6
f 1167/3/1 1166/2/1 1165/1/1
f 1166/3/1 1167/2/1 1168/1/1
f 1169/3/2 1167/2/2 1165/1/2
f 1167/3/2 1169/2/2 1170/1/2
f 1171/5/3 1166/5/3 1168/1018/3
f 1166/5/3 1171/5/3 1172/1019/3
f 1171/5/4 1169/5/4 1172/1020/4
f 1169/5/4 1171/5/4 1170/1021/4
f 1169/5/5 1166/5/5 1172/1022/5
f 1166/5/5 1169/5/5 1165/1023/5
f 1167/2/6 1171/3/6 1168/11/6
f 1171/3/6 1167/2/6 1170/1/6
f 1175/3/1 1174/2/1 1173/1/1
f 1174/3/1 1175/2/1 1176/1/1
f 1177/3/2 1175/2/2 1173/1/2
f 1175/3/2 1177/2/2 1178/1/2
f 1179/5/3 1174/5/3 1176/1024/3
f 1174/5/3 1179/5/3 1180/1025/3
f 1179/5/4 1177/5/4 1180/1026/4
f 1177/5/4 1179/5/4 1178/1027/4
f 1177/5/5 1174/5/5 1180/1028/5
f 1174/5/5 1177/5/5 1173/1029/5
f 1175/2/6 1179/3/6 1176/11/6
f 1179/3/6 1175/2/6 1178/1/6
f 1183/3/1 1182/2/1 1181/1/1
f 1182/3/1 1183/2/1 1184/1/1
f 1185/3/2 1183/2/2 1181/1/2
f 1183/3/2 1185/2/2 1186/1/2
f 1187/5/3 1182/5/3 1184/1030/3
f 1182/5/3 1187/5/3 1188/1031/3
f 1187/5/4 1185/5/4 1188/1032/4
f 1185/5/4 1187/5/4 1186/1033/4
f 1185/5/5 1182/5/5 1188/1034/5
f 1182/5/5 1185/5/5 1181/1035/5
f 1183/2/6 1187/3/6 1184/11/6
f 1187/3/6 1183/2/6 1186/1/6
f 1098/3/1 821/2/1 1096/1/1
f 821/3/1 1098/2/1 823/1/1
f 797/3/2 1098/2/2 1096/1/2
f 1098/3/2 797/2/2 799/1/2
f 800/673/3 821/5/3 823/1036/3
f 821/5/3 800/673/3 798/5/3
f 800/701/4 797/946/4 798/5/4
f 797/946/4 800/701/4 799/5/4
f 797/676/5 821/703/5 798/5/5
f 821/703/5 797/676/5 1096/5/5
f 1098/2/6 800/3/6 823/11/6
f 800/3/6 1098/2/6 799/1/6
f 1190/3/1 367/2/1 1189/1/1
f 367/3/1 1190/2/1 369/1/1
f 1191/3/2 1190/2/2 1189/1/2
f 1190/3/2 1191/2/2 1192/1/2
f 372/5/3 367/5/3 369/1037/3
f 367/5/3 372/5/3 371/1038/3
f 372/295/4 1191/5/4 371/5/4
f 1191/5/4 372/295/4 1192/1039/4
f 1191/5/5 367/297/5 371/5/5
f 367/297/5 1191/5/5 1189/1040/5
f 1190/2/6 372/3/6 369/11/6
f 372/3/6 1190/2/6 1192/1/6
f 800/3/1 826/2/1 798/1/1
f 826/3/1 800/2/1 825/1/1
f 444/3/2 800/2/2 798/1/2
f 800/3/2 444/2/2 446/1/2
f 828/704/3 826/699/3 825/5/3
f 826/699/3 828/704/3 827/5/3
f 828/5/4 444/679/4 827/1041/4
f 444/679/4 828/5/4 446/5/4
f 444/5/5 826/702/5 827/5/5
f 826/702/5 444/5/5 798/5/5
f 800/2/6 828/3/6 825/11/6
f 828/3/6 800/2/6 446/1/6
f 770/3/1 1193/2/1 768/1/1
f 1193/3/1 770/2/1 1194/1/1
f 752/3/2 770/2/2 768/1/2
f 770/3/2 752/2/2 751/1/2
f 1195/5/3 1193/5/3 1194/1042/3
f 1193/5/3 1195/5/3 1196/1043/3
f 1195/5/4 752/634/4 1196/1044/4
f 752/634/4 1195/5/4 751/5/4
f 752/636/5 1193/5/5 1196/1045/5
f 1193/5/5 752/636/5 768/5/5
f 770/2/6 1195/3/6 1194/11/6
f 1195/3/6 770/2/6 751/1/6
f 1199/3/1 1198/2/1 1197/1/1
f 1198/3/1 1199/2/1 1200/1/1
f 1201/3/2 1199/2/2 1197/1/2
f 1199/3/2 1201/2/2 1202/1/2
f 139/5/3 1198/5/3 1200/1046/3
f 1198/5/3 139/5/3 137/1047/3
f 139/5/4 1201/5/4 137/1048/4
f 1201/5/4 139/5/4 1202/1049/4
f 1201/5/5 1198/5/5 137/115/5
f 1198/5/5 1201/5/5 1197/1050/5
f 1199/2/6 139/3/6 1200/11/6
f 139/3/6 1199/2/6 1202/1/6
f 1205/3/1 1204/2/1 1203/1/1
f 1204/3/1 1205/2/1 1206/1/1
f 1207/3/2 1205/2/2 1203/1/2
f 1205/3/2 1207/2/2 1208/1/2
f 1209/5/3 1204/5/3 1206/1051/3
f 1204/5/3 1209/5/3 1210/1052/3
f 1209/5/4 1207/5/4 1210/1053/4
f 1207/5/4 1209/5/4 1208/1054/4
f 1207/5/5 1204/5/5 1210/1055/5
f 1204/5/5 1207/5/5 1203/1056/5
f 1205/2/6 1209/3/6 1206/11/6
f 1209/3/6 1205/2/6 1208/1/6
f 1213/3/1 1212/2/1 1211/1/1
f 1212/3/1 1213/2/1 1214/1/1
f 1215/3/2 1213/2/2 1211/1/2
f 1213/3/2 1215/2/2 1216/1/2
f 1217/5/3 1212/5/3 1214/1057/3
f 1212/5/3 1217/5/3 1218/1058/3
f 1217/5/4 1215/5/4 1218/1059/4
f 1215/5/4 1217/5/4 1216/1060/4
f 1215/5/5 1212/5/5 1218/1061/5
f 1212/5/5 1215/5/5 1211/1062/5
f 1213/2/6 1217/3/6 1214/11/6
f 1217/3/6 1213/2/6 1216/1/6
f 1220/3/1 867/2/1 1219/1/1
f 867/3/1 1220/2/1 869/1/1
f 839/3/2 1220/2/2 1219/1/2
f 1220/3/2 839/2/2 841/1/2
f 842/714/3 867/5/3 869/1063/3
f 867/5/3 842/714/3 840/5/3
f 842/740/4 839/5/4 840/5/4
f 839/5/4 842/740/4 841/1064/4
f 839/719/5 867/742/5 840/5/5
f 867/742/5 839/719/5 1219/1065/5
f 1220/2/6 842/3/6 869/11/6
f 842/3/6 1220/2/6 841/1/6
f 852/3/1 877/2/1 851/1/1
f 877/3/1 852/2/1 878/1/1
f 855/3/2 852/2/2 851/1/2
f 852/3/2 855/2/2 857/1/2
f 858/726/3 877/5/3 878/1066/3
f 877/5/3 858/726/3 856/5/3
f 858/5/4 855/5/4 856/1067/4
f 855/5/4 858/5/4 857/1068/4
f 855/730/5 877/750/5 856/5/5
f 877/750/5 855/730/5 851/5/5
f 852/2/6 858/3/6 878/11/6
f 858/3/6 852/2/6 857/1/6
f 1209/3/1 887/2/1 1210/1/1
f 887/3/1 1209/2/1 888/1/1
f 1221/3/2 1209/2/2 1210/1/2
f 1209/3/2 1221/2/2 1222/1/2
f 1223/5/3 887/5/3 888/1069/3
f 887/5/3 1223/5/3 1224/1070/3
f 1223/5/4 1221/5/4 1224/1071/4
f 1221/5/4 1223/5/4 1222/1072/4
f 1221/5/5 887/5/5 1224/1073/5
f 887/5/5 1221/5/5 1210/1055/5
f 1209/2/6 1223/3/6 888/11/6
f 1223/3/6 1209/2/6 1222/1/6
f 1227/3/1 1226/2/1 1225/1/1
f 1226/3/1 1227/2/1 1228/1/1
f 1229/3/2 1227/2/2 1225/1/2
f 1227/3/2 1229/2/2 1230/1/2
f 1231/5/3 1226/5/3 1228/1074/3
f 1226/5/3 1231/5/3 1232/1075/3
f 1231/5/4 1229/5/4 1232/1076/4
f 1229/5/4 1231/5/4 1230/1077/4
f 1229/5/5 1226/5/5 1232/1078/5
f 1226/5/5 1229/5/5 1225/1079/5
f 1227/2/6 1231/3/6 1228/11/6
f 1231/3/6 1227/2/6 1230/1/6
f 454/3/1 980/2/1 452/1/1
f 980/3/1 454/2/1 979/1/1
f 458/3/2 454/2/2 452/1/2
f 454/3/2 458/2/2 457/1/2
f 1233/5/3 980/840/3 979/5/3
f 980/840/3 1233/5/3 1234/1080/3
f 1233/5/4 458/363/4 1234/1081/4
f 458/363/4 1233/5/4 457/5/4
f 458/365/5 980/843/5 1234/1082/5
f 980/843/5 458/365/5 452/5/5
f 454/2/6 1233/3/6 979/11/6
f 1233/3/6 454/2/6 457/1/6
f 1236/3/1 157/2/1 1235/1/1
f 157/3/1 1236/2/1 158/1/1
f 1237/3/2 1236/2/2 1235/1/2
f 1236/3/2 1237/2/2 1238/1/2
f 1228/1074/3 157/5/3 158/1083/3
f 157/5/3 1228/1074/3 1226/5/3
f 1228/5/4 1237/5/4 1226/1084/4
f 1237/5/4 1228/5/4 1238/1085/4
f 1237/5/5 157/5/5 1226/5/5
f 157/5/5 1237/5/5 1235/1086/5
f 1236/2/6 1228/3/6 158/11/6
f 1228/3/6 1236/2/6 1238/1/6
f 871/3/1 1239/2/1 872/1/1
f 1239/3/1 871/2/1 1240/1/1
f 848/3/2 871/2/2 872/1/2
f 871/3/2 848/2/2 850/1/2
f 1241/5/3 1239/5/3 1240/1087/3
f 1239/5/3 1241/5/3 1242/1088/3
f 1241/5/4 848/744/4 1242/1089/4
f 848/744/4 1241/5/4 850/5/4
f 848/5/5 1239/5/5 1242/1090/5
f 1239/5/5 848/5/5 872/741/5
f 871/2/6 1241/3/6 1240/11/6
f 1241/3/6 871/2/6 850/1/6
f 853/3/1 1243/2/1 854/1/1
f 1243/3/1 853/2/1 1244/1/1
f 882/3/2 853/2/2 854/1/2
f 853/3/2 882/2/2 881/1/2
f 1245/5/3 1243/5/3 1244/1091/3
f 1243/5/3 1245/5/3 1246/1092/3
f 1245/5/4 882/747/4 1246/1093/4
f 882/747/4 1245/5/4 881/5/4
f 882/749/5 1243/5/5 1246/1094/5
f 1243/5/5 882/749/5 854/724/5
f 853/2/6 1245/3/6 1244/11/6
f 1245/3/6 853/2/6 881/1/6
f 36/3/1 1247/2/1 34/1/1
f 1247/3/1 36/2/1 1248/1/1
f 1249/3/2 36/2/2 34/1/2
f 36/3/2 1249/2/2 1250/1/2
f 1251/5/3 1247/5/3 1248/1095/3
f 1247/5/3 1251/5/3 1252/1096/3
f 1251/5/4 1249/5/4 1252/1097/4
f 1249/5/4 1251/5/4 1250/1098/4
f 1249/5/5 1247/5/5 1252/1099/5
f 1247/5/5 1249/5/5 34/5/5
f 36/2/6 1251/3/6 1248/11/6
f 1251/3/6 36/2/6 1250/1/6
f 44/3/1 1253/2/1 42/1/1
f 1253/3/1 44/2/1 1254/1/1
f 1255/3/2 44/2/2 42/1/2
f 44/3/2 1255/2/2 1256/1/2
f 1257/5/3 1253/5/3 1254/1100/3
f 1253/5/3 1257/5/3 1258/1101/3
f 1257/5/4 1255/5/4 1258/1102/4
f 1255/5/4 1257/5/4 1256/1103/4
f 1255/5/5 1253/5/5 1258/1104/5
f 1253/5/5 1255/5/5 42/5/5
f 44/2/6 1257/3/6 1254/11/6
f 1257/3/6 44/2/6 1256/1/6
f 52/3/1 1259/2/1 50/1/1
f 1259/3/1 52/2/1 1260/1/1
f 583/3/2 52/2/2 50/1/2
f 52/3/2 583/2/2 584/1/2
f 1261/5/3 1259/5/3 1260/1105/3
f 1259/5/3 1261/5/3 1262/1106/3
f 1261/5/4 583/5/4 1262/1107/4
f 583/5/4 1261/5/4 584/1108/4
f 583/5/5 1259/5/5 1262/1109/5
f 1259/5/5 583/5/5 50/5/5
f 52/2/6 1261/3/6 1260/11/6
f 1261/3/6 52/2/6 584/1/6
f 886/3/1 1263/2/1 884/1/1
f 1263/3/1 886/2/1 1264/1/1
f 890/3/2 886/2/2 884/1/2
f 886/3/2 890/2/2 889/1/2
f 1265/5/3 1263/5/3 1264/1110/3
f 1263/5/3 1265/5/3 1266/1111/3
f 1265/5/4 890/756/4 1266/1112/4
f 890/756/4 1265/5/4 889/5/4
f 890/758/5 1263/5/5 1266/1113/5
f 1263/5/5 890/758/5 884/5/5
f 886/2/6 1265/3/6 1264/11/6
f 1265/3/6 886/2/6 889/1/6

usemtl color25

f 712/3/1 271/2/1 711/1/1
f 271/3/1 712/2/1 273/1/1
f 713/3/2 712/2/2 711/1/2
f 712/3/2 713/2/2 714/1/2
f 276/5/3 271/5/3 273/1114/3
f 271/5/3 276/5/3 275/1115/3
f 276/220/4 713/5/4 275/5/4
f 713/5/4 276/220/4 714/1116/4
f 713/608/5 271/222/5 275/5/5
f 271/222/5 713/608/5 711/5/5
f 712/2/6 276/3/6 273/11/6
f 276/3/6 712/2/6 714/1/6
f 716/3/1 279/2/1 715/1/1
f 279/3/1 716/2/1 281/1/1
f 717/3/2 716/2/2 715/1/2
f 716/3/2 717/2/2 718/1/2
f 284/5/3 279/5/3 281/1117/3
f 279/5/3 284/5/3 283/1118/3
f 284/226/4 717/5/4 283/5/4
f 717/5/4 284/226/4 718/1119/4
f 717/611/5 279/228/5 283/5/5
f 279/228/5 717/611/5 715/5/5
f 716/2/6 284/3/6 281/11/6
f 284/3/6 716/2/6 718/1/6

usemtl color0

f 1269/3/1 1268/2/1 1267/1/1
f 1268/3/1 1269/2/1 1270/1/1
f 1271/3/2 1269/2/2 1267/1/2
f 1269/3/2 1271/2/2 1272/1/2
f 1273/5/3 1268/5/3 1270/1120/3
f 1268/5/3 1273/5/3 1274/1121/3
f 1273/5/4 1271/5/4 1274/1122/4
f 1271/5/4 1273/5/4 1272/1123/4
f 1271/5/5 1268/5/5 1274/1124/5
f 1268/5/5 1271/5/5 1267/1125/5
f 1269/2/6 1273/3/6 1270/11/6
f 1273/3/6 1269/2/6 1272/1/6
f 721/3/1 1105/2/1 722/1/1
f 1105/3/1 721/2/1 1106/1/1
f 1275/3/2 721/2/2 722/1/2
f 721/3/2 1275/2/2 1276/1/2
f 1277/5/3 1105/5/3 1106/1126/3
f 1105/5/3 1277/5/3 1278/1127/3
f 1277/5/4 1275/5/4 1278/1128/4
f 1275/5/4 1277/5/4 1276/1129/4
f 1275/5/5 1105/5/5 1278/1130/5
f 1105/5/5 1275/5/5 722/615/5
f 721/2/6 1277/3/6 1106/11/6
f 1277/3/6 721/2/6 1276/1/6
f 1281/3/1 1280/2/1 1279/1/1
f 1280/3/1 1281/2/1 1282/1/1
f 1283/3/2 1281/2/2 1279/1/2
f 1281/3/2 1283/2/2 1284/1/2
f 1285/5/3 1280/5/3 1282/1131/3
f 1280/5/3 1285/5/3 1286/1132/3
f 1285/5/4 1283/5/4 1286/1133/4
f 1283/5/4 1285/5/4 1284/1134/4
f 1283/5/5 1280/5/5 1286/1135/5
f 1280/5/5 1283/5/5 1279/1136/5
f 1281/2/6 1285/3/6 1282/11/6
f 1285/3/6 1281/2/6 1284/1/6

usemtl color23

f 1288/3/1 1047/2/1 1287/1/1
f 1047/3/1 1288/2/1 1049/1/1
f 1042/3/2 1288/2/2 1287/1/2
f 1288/3/2 1042/2/2 1044/1/2
f 1052/5/3 1047/5/3 1049/1137/3
f 1047/5/3 1052/5/3 1051/1138/3
f 1052/905/4 1042/5/4 1051/5/4
f 1042/5/4 1052/905/4 1044/1139/4
f 1042/5/5 1047/907/5 1051/5/5
f 1047/907/5 1042/5/5 1287/1140/5
f 1288/2/6 1052/3/6 1049/11/6
f 1052/3/6 1288/2/6 1044/1/6
f 1050/3/1 1289/2/1 1048/1/1
f 1289/3/1 1050/2/1 1290/1/1
f 1054/3/2 1050/2/2 1048/1/2
f 1050/3/2 1054/2/2 1053/1/2
f 1291/5/3 1289/5/3 1290/1141/3
f 1289/5/3 1291/5/3 1292/1142/3
f 1291/5/4 1054/904/4 1292/1143/4
f 1054/904/4 1291/5/4 1053/5/4
f 1054/906/5 1289/5/5 1292/1144/5
f 1289/5/5 1054/906/5 1048/5/5
f 1050/2/6 1291/3/6 1290/11/6
f 1291/3/6 1050/2/6 1053/1/6

usemtl color16

f 1295/3/1 1294/2/1 1293/1/1
f 1294/3/1 1295/2/1 1296/1/1
f 360/3/2 1295/2/2 1293/1/2
f 1295/3/2 360/2/2 362/1/2
f 1297/5/3 1294/5/3 1296/1145/3
f 1294/5/3 1297/5/3 1298/1146/3
f 1297/5/4 360/5/4 1298/1147/4
f 360/5/4 1297/5/4 362/1148/4
f 360/5/5 1294/5/5 1298/1149/5
f 1294/5/5 360/5/5 1293/1150/5
f 1295/2/6 1297/3/6 1296/11/6
f 1297/3/6 1295/2/6 362/1/6
f 1301/3/1 1300/2/1 1299/1/1
f 1300/3/1 1301/2/1 1302/1/1
f 1294/3/2 1301/2/2 1299/1/2
f 1301/3/2 1294/2/2 1296/1/2
f 1303/5/3 1300/5/3 1302/1151/3
f 1300/5/3 1303/5/3 1304/1152/3
f 1303/5/4 1294/5/4 1304/1153/4
f 1294/5/4 1303/5/4 1296/1154/4
f 1294/5/5 1300/5/5 1304/1155/5
f 1300/5/5 1294/5/5 1299/1156/5
f 1301/2/6 1303/3/6 1302/11/6
f 1303/3/6 1301/2/6 1296/1/6
f 1297/3/1 1305/2/1 1298/1/1
f 1305/3/1 1297/2/1 1306/1/1
f 1307/3/2 1297/2/2 1298/1/2
f 1297/3/2 1307/2/2 1308/1/2
f 1309/5/3 1305/5/3 1306/1157/3
f 1305/5/3 1309/5/3 1310/1158/3
f 1309/5/4 1307/5/4 1310/1159/4
f 1307/5/4 1309/5/4 1308/1160/4
f 1307/5/5 1305/5/5 1310/1161/5
f 1305/5/5 1307/5/5 1298/1149/5
f 1297/2/6 1309/3/6 1306/11/6
f 1309/3/6 1297/2/6 1308/1/6
f 1194/3/1 1311/2/1 1193/1/1
f 1311/3/1 1194/2/1 1312/1/1
f 1313/3/2 1194/2/2 1193/1/2
f 1194/3/2 1313/2/2 1314/1/2
f 1315/5/3 1311/5/3 1312/1162/3
f 1311/5/3 1315/5/3 1316/1163/3
f 1315/5/4 1313/5/4 1316/1164/4
f 1313/5/4 1315/5/4 1314/1165/4
f 1313/5/5 1311/5/5 1316/1166/5
f 1311/5/5 1313/5/5 1193/5/5
f 1194/2/6 1315/3/6 1312/11/6
f 1315/3/6 1194/2/6 1314/1/6
f 1319/3/1 1318/2/1 1317/1/1
f 1318/3/1 1319/2/1 1320/1/1
f 1300/3/2 1319/2/2 1317/1/2
f 1319/3/2 1300/2/2 1302/1/2
f 1321/5/3 1318/5/3 1320/1167/3
f 1318/5/3 1321/5/3 1322/1168/3
f 1321/5/4 1300/5/4 1322/1169/4
f 1300/5/4 1321/5/4 1302/1170/4
f 1300/5/5 1318/5/5 1322/1171/5
f 1318/5/5 1300/5/5 1317/1172/5
f 1319/2/6 1321/3/6 1320/11/6
f 1321/3/6 1319/2/6 1302/1/6

usemtl color22

f 795/3/1 1323/2/1 796/1/1
f 1323/3/1 795/2/1 1324/1/1
f 1109/3/2 795/2/2 796/1/2
f 795/3/2 1109/2/2 1110/1/2
f 1059/955/3 1323/5/3 1324/1173/3
f 1323/5/3 1059/955/3 1057/5/3
f 1059/5/4 1109/5/4 1057/1174/4
f 1109/5/4 1059/5/4 1110/1175/4
f 1109/958/5 1323/5/5 1057/915/5
f 1323/5/5 1109/958/5 796/671/5
f 795/2/6 1059/3/6 1324/11/6
f 1059/3/6 795/2/6 1110/1/6

usemtl color14

f 803/3/1 1325/2/1 804/1/1
f 1325/3/1 803/2/1 1326/1/1
f 1323/3/2 803/2/2 804/1/2
f 803/3/2 1323/2/2 1324/1/2
f 1327/5/3 1325/5/3 1326/1176/3
f 1325/5/3 1327/5/3 1328/1177/3
f 1327/5/4 1323/5/4 1328/1178/4
f 1323/5/4 1327/5/4 1324/1179/4
f 1323/5/5 1325/5/5 1328/1180/5
f 1325/5/5 1323/5/5 804/684/5
f 803/2/6 1327/3/6 1326/11/6
f 1327/3/6 803/2/6 1324/1/6
f 1195/3/1 1329/2/1 1196/1/1
f 1329/3/1 1195/2/1 1330/1/1
f 1325/3/2 1195/2/2 1196/1/2
f 1195/3/2 1325/2/2 1326/1/2
f 1331/5/3 1329/5/3 1330/1181/3
f 1329/5/3 1331/5/3 1332/1182/3
f 1331/5/4 1325/5/4 1332/1183/4
f 1325/5/4 1331/5/4 1326/1184/4
f 1325/5/5 1329/5/5 1332/1185/5
f 1329/5/5 1325/5/5 1196/1045/5
f 1195/2/6 1331/3/6 1330/11/6
f 1331/3/6 1195/2/6 1326/1/6
f 1327/3/1 1333/2/1 1328/1/1
f 1333/3/1 1327/2/1 1334/1/1
f 1058/3/2 1327/2/2 1328/1/2
f 1327/3/2 1058/2/2 1060/1/2
f 1335/5/3 1333/5/3 1334/1186/3
f 1333/5/3 1335/5/3 1336/1187/3
f 1335/5/4 1058/5/4 1336/1188/4
f 1058/5/4 1335/5/4 1060/1189/4
f 1058/5/5 1333/5/5 1336/1190/5
f 1333/5/5 1058/5/5 1328/1180/5
f 1327/2/6 1335/3/6 1334/11/6
f 1335/3/6 1327/2/6 1060/1/6
f 1315/3/1 1337/2/1 1316/1/1
f 1337/3/1 1315/2/1 1338/1/1
f 1329/3/2 1315/2/2 1316/1/2
f 1315/3/2 1329/2/2 1330/1/2
f 1339/5/3 1337/5/3 1338/1191/3
f 1337/5/3 1339/5/3 1340/1192/3
f 1339/5/4 1329/5/4 1340/1193/4
f 1329/5/4 1339/5/4 1330/1194/4
f 1329/5/5 1337/5/5 1340/1195/5
f 1337/5/5 1329/5/5 1316/1166/5
f 1315/2/6 1339/3/6 1338/11/6
f 1339/3/6 1315/2/6 1330/1/6

usemtl color20

f 808/3/1 1341/2/1 806/1/1
f 1341/3/1 808/2/1 1342/1/1
f 812/3/2 808/2/2 806/1/2
f 808/3/2 812/2/2 811/1/2
f 1343/5/3 1341/5/3 1342/1196/3
f 1341/5/3 1343/5/3 1344/1197/3
f 1343/5/4 812/688/4 1344/1198/4
f 812/688/4 1343/5/4 811/5/4
f 812/690/5 1341/5/5 1344/1199/5
f 1341/5/5 812/690/5 806/5/5
f 808/2/6 1343/3/6 1342/11/6
f 1343/3/6 808/2/6 811/1/6
f 816/3/1 1345/2/1 814/1/1
f 1345/3/1 816/2/1 1346/1/1
f 820/3/2 816/2/2 814/1/2
f 816/3/2 820/2/2 819/1/2
f 1347/5/3 1345/5/3 1346/1200/3
f 1345/5/3 1347/5/3 1348/1201/3
f 1347/5/4 820/694/4 1348/1202/4
f 820/694/4 1347/5/4 819/5/4
f 820/696/5 1345/5/5 1348/1203/5
f 1345/5/5 820/696/5 814/5/5
f 816/2/6 1347/3/6 1346/11/6
f 1347/3/6 816/2/6 819/1/6

usemtl color17

f 1351/3/1 1350/2/1 1349/1/1
f 1350/3/1 1351/2/1 1352/1/1
f 1353/3/2 1351/2/2 1349/1/2
f 1351/3/2 1353/2/2 1354/1/2
f 1355/5/3 1350/5/3 1352/1204/3
f 1350/5/3 1355/5/3 1356/1205/3
f 1355/5/4 1353/5/4 1356/1206/4
f 1353/5/4 1355/5/4 1354/1207/4
f 1353/5/5 1350/5/5 1356/1208/5
f 1350/5/5 1353/5/5 1349/1209/5
f 1351/2/6 1355/3/6 1352/11/6
f 1355/3/6 1351/2/6 1354/1/6

usemtl color18

f 1358/3/1 655/2/1 1357/1/1
f 655/3/1 1358/2/1 656/1/1
f 1359/3/2 1358/2/2 1357/1/2
f 1358/3/2 1359/2/2 1360/1/2
f 1361/5/3 655/5/3 656/1210/3
f 655/5/3 1361/5/3 1362/1211/3
f 1361/5/4 1359/5/4 1362/1212/4
f 1359/5/4 1361/5/4 1360/1213/4
f 1359/5/5 655/5/5 1362/1214/5
f 655/5/5 1359/5/5 1357/1215/5
f 1358/2/6 1361/3/6 656/11/6
f 1361/3/6 1358/2/6 1360/1/6

