# Created by Kenney (www.kenney.nl)

mtllib Cannon WWW Jiofrax.mtl

v 0 12 -3.3
v 0 11 -3.3
v 0 12 3.3
v 0 11 3.3
v -1 12 -3.3
v -1 12 3.3
v -1 11 3.3
v -1 11 -3.3
v -2 9 -1.1
v -2 7 -1.1
v -2 9 1.1
v -2 7 1.1
v -3 9 -1.1
v -3 9 1.1
v -3 7 1.1
v -3 7 -1.1
v 15 7 -0.55
v 15 6 -0.55
v 15 7 0.55
v 15 6 0.55
v 13 7 -0.55
v 13 7 0.55
v 13 6 0.55
v 13 6 -0.55
v 12 3 -2.75
v 12 2 -2.75
v 12 3 2.75
v 12 2 2.75
v 11 3 -2.75
v 11 3 2.75
v 11 2 2.75
v 11 2 -2.75
v 9 1 -3.3
v 9 0 -3.3
v 9 1 3.3
v 9 0 3.3
v 8 1 -3.3
v 8 1 3.3
v 8 0 3.3
v 8 0 -3.3
v -24 0 -1.65
v -24 -1 -1.65
v -24 0 1.65
v -24 -1 1.65
v -25 0 -1.65
v -25 0 1.65
v -25 -1 1.65
v -25 -1 -1.65
v -26 0 -1.65
v -26 -1 -1.65
v -26 0 1.65
v -26 -1 1.65
v -27 0 -1.65
v -27 0 1.65
v -27 -1 1.65
v -27 -1 -1.65
v -24 -4 -1.65
v -24 -5 -1.65
v -24 -4 1.65
v -24 -5 1.65
v -25 -4 -1.65
v -25 -4 1.65
v -25 -5 1.65
v -25 -5 -1.65
v -26 -4 -1.65
v -26 -5 -1.65
v -26 -4 1.65
v -26 -5 1.65
v -27 -4 -1.65
v -27 -4 1.65
v -27 -5 1.65
v -27 -5 -1.65
v -2 12 -3.3
v -2 12 3.3
v -2 11 3.3
v -2 11 -3.3
v -2 11 -1.1
v -2 11 1.1
v -3 11 -1.1
v -3 11 1.1
v 10 3 -2.75
v 10 3 2.75
v 10 2 2.75
v 10 2 -2.75
v 10 2 -3.3
v 10 1 -3.3
v 10 2 3.3
v 10 1 3.3
v 9 2 -3.3
v 9 2 3.3
v -24 1 -1.1
v -24 0 -1.1
v -24 1 1.1
v -24 0 1.1
v -25 1 -1.1
v -25 1 1.1
v -25 0 1.1
v -25 0 -1.1
v -26 1 -1.1
v -26 0 -1.1
v -26 1 1.1
v -26 0 1.1
v -27 1 -1.1
v -27 1 1.1
v -27 0 1.1
v -27 0 -1.1
v -24 -5 -1.1
v -24 -6 -1.1
v -24 -5 1.1
v -24 -6 1.1
v -25 -5 -1.1
v -25 -5 1.1
v -25 -6 1.1
v -25 -6 -1.1
v -26 -5 -1.1
v -26 -6 -1.1
v -26 -5 1.1
v -26 -6 1.1
v -27 -5 -1.1
v -27 -5 1.1
v -27 -6 1.1
v -27 -6 -1.1
v 0 10 -3.3
v 0 10 3.3
v -1 10 3.3
v -1 10 -3.3
v -1 10 -1.1
v -1 9 -1.1
v -1 10 1.1
v -1 9 1.1
v -2 10 -1.1
v -2 10 1.1
v 19 7 -0.55
v 19 6 -0.55
v 19 7 0.55
v 19 6 0.55
v 17 7 -0.55
v 17 7 0.55
v 17 6 0.55
v 17 6 -0.55
v 12 7 -0.55
v 12 6 -0.55
v 12 7 0.55
v 12 6 0.55
v 11 7 -0.55
v 11 7 0.55
v 11 6 0.55
v 11 6 -0.55
v 11 5 -0.55
v 11 5 0.55
v 10 6 -0.55
v 10 6 0.55
v 10 5 0.55
v 10 5 -0.55
v 10 5 -1.1
v 10 4 -1.1
v 10 5 1.1
v 10 4 1.1
v 9 5 -1.1
v 9 5 1.1
v 9 4 1.1
v 9 4 -1.1
v 24 2 -1.1
v 24 1 -1.1
v 24 2 1.1
v 24 1 1.1
v 23 2 -1.1
v 23 2 1.1
v 23 1 1.1
v 23 1 -1.1
v 20 2 -3.3
v 20 1 -3.3
v 20 2 3.3
v 20 1 3.3
v 16 2 -3.3
v 16 2 3.3
v 16 1 3.3
v 16 1 -3.3
v 24 0 -2.75
v 24 -1 -2.75
v 24 0 2.75
v 24 -1 2.75
v 23 0 -2.75
v 23 0 2.75
v 23 -1 2.75
v 23 -1 -2.75
v 24 -2 -3.3
v 24 -3 -3.3
v 24 -2 3.3
v 24 -3 3.3
v 23 -2 -3.3
v 23 -2 3.3
v 23 -3 3.3
v 23 -3 -3.3
v 24 -4 -2.75
v 24 -5 -2.75
v 24 -4 2.75
v 24 -5 2.75
v 23 -4 -2.75
v 23 -4 2.75
v 23 -5 2.75
v 23 -5 -2.75
v 24 -6 -1.1
v 24 -7 -1.1
v 24 -6 1.1
v 24 -7 1.1
v 23 -6 -1.1
v 23 -6 1.1
v 23 -7 1.1
v 23 -7 -1.1
v -1 11 -2.75
v -1 10 -2.75
v -1 11 2.75
v -1 10 2.75
v -2 11 -2.75
v -2 11 2.75
v -2 10 2.75
v -2 10 -2.75
v 0 10 -0.55
v 0 9 -0.55
v 0 10 0.55
v 0 9 0.55
v -1 10 -0.55
v -1 10 0.55
v -1 9 0.55
v -1 9 -0.55
v 5 7 -1.65
v 5 6 -1.65
v 5 7 1.65
v 5 6 1.65
v 4 7 -1.65
v 4 7 1.65
v 4 6 1.65
v 4 6 -1.65
v 3 7 -1.65
v 3 6 -1.65
v 3 7 1.65
v 3 6 1.65
v 2 7 -1.65
v 2 7 1.65
v 2 6 1.65
v 2 6 -1.65
v 1 7 -1.65
v 1 6 -1.65
v 1 7 1.65
v 1 6 1.65
v 0 7 -1.65
v 0 7 1.65
v 0 6 1.65
v 0 6 -1.65
v -3 7 -1.65
v -3 6 -1.65
v -3 7 1.65
v -3 6 1.65
v -8 7 -1.65
v -8 7 1.65
v -8 6 1.65
v -8 6 -1.65
v -9 7 -1.65
v -9 6 -1.65
v -9 7 1.65
v -9 6 1.65
v -10 7 -1.65
v -10 7 1.65
v -10 6 1.65
v -10 6 -1.65
v 4 4 -3.3
v 4 3 -3.3
v 4 4 3.3
v 4 3 3.3
v 3 4 -3.3
v 3 4 3.3
v 3 3 3.3
v 3 3 -3.3
v 20 3 -2.75
v 20 2 -2.75
v 20 3 2.75
v 20 2 2.75
v 16 3 -2.75
v 16 3 2.75
v 16 2 2.75
v 16 2 -2.75
v 6 3 -3.3
v 6 2 -3.3
v 6 3 3.3
v 6 2 3.3
v 4 2 3.3
v 4 2 -3.3
v 3 2 -3.3
v 3 2 3.3
v 0 3 -3.3
v 0 3 3.3
v 0 2 3.3
v 0 2 -3.3
v 14 2 -3.3
v 14 1 -3.3
v 14 2 3.3
v 14 1 3.3
v 13 2 -3.3
v 13 2 3.3
v 13 1 3.3
v 13 1 -3.3
v 12 2 -3.3
v 12 1 -3.3
v 12 2 3.3
v 12 1 3.3
v 11 2 -3.3
v 11 2 3.3
v 11 1 3.3
v 11 1 -3.3
v -5 2 -2.2
v -5 1 -2.2
v -5 2 2.2
v -5 1 2.2
v -18 2 -2.2
v -18 2 2.2
v -18 1 2.2
v -18 1 -2.2
v -19 2 -2.2
v -19 1 -2.2
v -19 2 2.2
v -19 1 2.2
v -20 2 -2.2
v -20 2 2.2
v -20 1 2.2
v -20 1 -2.2
v 29 0 -1.1
v 29 -1 -1.1
v 29 0 1.1
v 29 -1 1.1
v 28 0 -1.1
v 28 0 1.1
v 28 -1 1.1
v 28 -1 -1.1
v 9 -1 -3.3
v 9 -1 3.3
v 8 -1 3.3
v 8 -1 -3.3
v -1 0 -3.3
v -1 -1 -3.3
v -1 0 3.3
v -1 -1 3.3
v -2 0 -3.3
v -2 0 3.3
v -2 -1 3.3
v -2 -1 -3.3
v -27 -1 -1.1
v -27 -1 1.1
v -29 0 -1.1
v -29 0 1.1
v -29 -1 1.1
v -29 -1 -1.1
v 0 -2 -3.3
v 0 -3 -3.3
v 0 -2 3.3
v 0 -3 3.3
v -1 -2 -3.3
v -1 -2 3.3
v -1 -3 3.3
v -1 -3 -3.3
v -3 -2 -3.3
v -3 -3 -3.3
v -3 -2 3.3
v -3 -3 3.3
v -4 -2 -3.3
v -4 -2 3.3
v -4 -3 3.3
v -4 -3 -3.3
v 29 -3 -2.2
v 29 -4 -2.2
v 29 -3 2.2
v 29 -4 2.2
v 28 -3 -2.2
v 28 -3 2.2
v 28 -4 2.2
v 28 -4 -2.2
v -1 -4 -3.3
v -1 -4 3.3
v -2 -3 -3.3
v -2 -3 3.3
v -2 -4 3.3
v -2 -4 -3.3
v -27 -3 -1.65
v -27 -3 1.65
v -29 -3 -1.65
v -29 -3 1.65
v -29 -4 1.65
v -29 -4 -1.65
v 31 -4 -1.1
v 31 -5 -1.1
v 31 -4 1.1
v 31 -5 1.1
v 30 -4 -1.1
v 30 -4 1.1
v 30 -5 1.1
v 30 -5 -1.1
v 21 -4 -3.85
v 21 -8 -3.85
v 21 -4 3.85
v 21 -8 3.85
v 20 -4 -3.85
v 20 -4 3.85
v 20 -8 3.85
v 20 -8 -3.85
v 15 -5 -3.85
v 15 -8 -3.85
v 15 -5 3.85
v 15 -8 3.85
v 14 -5 -3.85
v 14 -5 3.85
v 14 -8 3.85
v 14 -8 -3.85
v 7 -6 -3.85
v 7 -8 -3.85
v 7 -6 3.85
v 7 -8 3.85
v 6 -6 -3.85
v 6 -6 3.85
v 6 -8 3.85
v 6 -8 -3.85
v 19 -7 -3.85
v 19 -8 -3.85
v 19 -7 3.85
v 19 -8 3.85
v 18 -7 -3.85
v 18 -7 3.85
v 18 -8 3.85
v 18 -8 -3.85
v 17 -7 -3.85
v 17 -8 -3.85
v 17 -7 3.85
v 17 -8 3.85
v 16 -7 -3.85
v 16 -7 3.85
v 16 -8 3.85
v 16 -8 -3.85
v 5 -7 -3.85
v 5 -8 -3.85
v 5 -7 3.85
v 5 -8 3.85
v 4 -7 -3.85
v 4 -7 3.85
v 4 -8 3.85
v 4 -8 -3.85
v 3 -7 -3.85
v 3 -8 -3.85
v 3 -7 3.85
v 3 -8 3.85
v 2 -7 -3.85
v 2 -7 3.85
v 2 -8 3.85
v 2 -8 -3.85
v 19 -8 -3.3
v 19 -9 -3.3
v 19 -8 3.3
v 19 -9 3.3
v 18 -8 -3.3
v 18 -8 3.3
v 18 -9 3.3
v 18 -9 -3.3
v 17 -8 -3.3
v 17 -9 -3.3
v 17 -8 3.3
v 17 -9 3.3
v 16 -8 -3.3
v 16 -8 3.3
v 16 -9 3.3
v 16 -9 -3.3
v 15 -8 -3.3
v 15 -9 -3.3
v 15 -8 3.3
v 15 -9 3.3
v 14 -8 -3.3
v 14 -8 3.3
v 14 -9 3.3
v 14 -9 -3.3
v 7 -8 -3.3
v 7 -9 -3.3
v 7 -8 3.3
v 7 -9 3.3
v 5 -8 -3.3
v 5 -8 3.3
v 5 -9 3.3
v 5 -9 -3.3
v 4 -8 -3.3
v 4 -9 -3.3
v 4 -8 3.3
v 4 -9 3.3
v 3 -8 -3.3
v 3 -8 3.3
v 3 -9 3.3
v 3 -9 -3.3
v 2 -8 -3.3
v 2 -9 -3.3
v 2 -8 3.3
v 2 -9 3.3
v 1 -8 -3.3
v 1 -8 3.3
v 1 -9 3.3
v 1 -9 -3.3
v -1 8 -0.55
v -1 8 0.55
v -2 9 -0.55
v -2 9 0.55
v -2 8 0.55
v -2 8 -0.55
v -1 7 -1.65
v -1 6 -1.65
v -1 7 1.65
v -1 6 1.65
v -2 7 -1.65
v -2 7 1.65
v -2 6 1.65
v -2 6 -1.65
v 19 6 -1.1
v 19 4 -1.1
v 19 6 1.1
v 19 4 1.1
v 18 6 -1.1
v 18 6 1.1
v 18 4 1.1
v 18 4 -1.1
v 18 5 -1.1
v 18 5 1.1
v 11 6 -1.1
v 11 6 1.1
v 11 5 1.1
v 11 5 -1.1
v 6 6 -1.65
v 6 5 -1.65
v 6 6 1.65
v 6 5 1.65
v 5 5 1.65
v 5 5 -1.65
v 3 5 -1.65
v 3 5 1.65
v 2 5 1.65
v 2 5 -1.65
v 1 5 -1.65
v 1 5 1.65
v 0 5 1.65
v 0 5 -1.65
v -2 5 -1.65
v -2 5 1.65
v -3 5 1.65
v -3 5 -1.65
v 11 3 -1.1
v 11 3 1.1
v 10 3 1.1
v 10 3 -1.1
v 8 5 -1.65
v 8 4 -1.65
v 8 5 1.65
v 8 4 1.65
v 6 4 1.65
v 6 4 -1.65
v 4 5 -2.2
v 4 4 -2.2
v 4 5 2.2
v 4 4 2.2
v 3 5 -2.2
v 3 5 2.2
v 3 4 2.2
v 3 4 -2.2
v 20 4 -1.1
v 20 3 -1.1
v 20 4 1.1
v 20 3 1.1
v 19 3 1.1
v 19 3 -1.1
v 10 4 -1.65
v 10 3 -1.65
v 10 4 1.65
v 10 3 1.65
v 9 4 -1.65
v 9 4 1.65
v 9 3 1.65
v 9 3 -1.65
v 9 4 -2.2
v 9 3 -2.2
v 9 4 2.2
v 9 3 2.2
v 8 4 -2.2
v 8 4 2.2
v 8 3 2.2
v 8 3 -2.2
v 3 3 -2.2
v 3 3 2.2
v 2 4 -2.2
v 2 4 2.2
v 2 3 2.2
v 2 3 -2.2
v 1 4 -2.2
v 1 3 -2.2
v 1 4 2.2
v 1 3 2.2
v 0 4 -2.2
v 0 4 2.2
v 0 3 2.2
v 0 3 -2.2
v 21 3 -1.1
v 21 2 -1.1
v 21 3 1.1
v 21 2 1.1
v 20 2 1.1
v 20 2 -1.1
v 9 3 -3.3
v 9 3 3.3
v 8 3 -3.3
v 8 3 3.3
v 8 2 3.3
v 8 2 -3.3
v 7 2 -3.3
v 7 2 3.3
v 7 1 3.3
v 7 1 -3.3
v 0 2 -2.2
v 0 1 -2.2
v 0 2 2.2
v 0 1 2.2
v -1 2 -2.2
v -1 2 2.2
v -1 1 2.2
v -1 1 -2.2
v 19 1 -3.3
v 19 -2 -3.3
v 19 1 3.3
v 19 -2 3.3
v 16 -2 3.3
v 16 -2 -3.3
v 7 0 -3.3
v 7 0 3.3
v 6 1 -3.3
v 6 1 3.3
v 6 0 3.3
v 6 0 -3.3
v 1 1 -2.75
v 1 0 -2.75
v 1 1 2.75
v 1 0 2.75
v 0 1 -2.75
v 0 1 2.75
v 0 0 2.75
v 0 0 -2.75
v -4 1 -2.75
v -4 0 -2.75
v -4 1 2.75
v -4 0 2.75
v -18 1 -2.75
v -18 1 2.75
v -18 0 2.75
v -18 0 -2.75
v -19 1 -2.75
v -19 0 -2.75
v -19 1 2.75
v -19 0 2.75
v -20 1 -2.75
v -20 1 2.75
v -20 0 2.75
v -20 0 -2.75
v 6 -1 -3.3
v 6 -1 3.3
v 5 0 -3.3
v 5 0 3.3
v 5 -1 3.3
v 5 -1 -3.3
v 2 0 -2.75
v 2 -1 -2.75
v 2 0 2.75
v 2 -1 2.75
v 1 -1 2.75
v 1 -1 -2.75
v -8 0 -2.75
v -8 -2 -2.75
v -8 0 2.75
v -8 -2 2.75
v -9 0 -2.75
v -9 0 2.75
v -9 -2 2.75
v -9 -2 -2.75
v -11 0 -2.75
v -11 -2 -2.75
v -11 0 2.75
v -11 -2 2.75
v -12 0 -2.75
v -12 0 2.75
v -12 -2 2.75
v -12 -2 -2.75
v -14 0 -2.75
v -14 -2 -2.75
v -14 0 2.75
v -14 -2 2.75
v -15 0 -2.75
v -15 0 2.75
v -15 -2 2.75
v -15 -2 -2.75
v -17 0 -2.75
v -17 -2 -2.75
v -17 0 2.75
v -17 -2 2.75
v -18 -2 2.75
v -18 -2 -2.75
v 27 -1 -2.75
v 27 -4 -2.75
v 27 -1 2.75
v 27 -4 2.75
v 26 -1 -2.75
v 26 -1 2.75
v 26 -4 2.75
v 26 -4 -2.75
v 5 -2 -3.3
v 5 -2 3.3
v 4 -1 -3.3
v 4 -1 3.3
v 4 -2 3.3
v 4 -2 -3.3
v -20 -1 -2.75
v -20 -2 -2.75
v -20 -1 2.75
v -20 -2 2.75
v -21 -1 -2.75
v -21 -1 2.75
v -21 -2 2.75
v -21 -2 -2.75
v 26 -2 -2.75
v 26 -2 2.75
v 25 -2 -2.75
v 25 -2 2.75
v 25 -4 2.75
v 25 -4 -2.75
v 25 -2 -3.3
v 25 -4 -3.3
v 25 -2 3.3
v 25 -4 3.3
v 24 -4 3.3
v 24 -4 -3.3
v 12 -2 -3.3
v 12 -3 -3.3
v 12 -2 3.3
v 12 -3 3.3
v 11 -2 -3.3
v 11 -2 3.3
v 11 -3 3.3
v 11 -3 -3.3
v 10 -2 -3.3
v 10 -3 -3.3
v 10 -2 3.3
v 10 -3 3.3
v 9 -2 -3.3
v 9 -2 3.3
v 9 -3 3.3
v 9 -3 -3.3
v 8 -2 -3.3
v 8 -3 -3.3
v 8 -2 3.3
v 8 -3 3.3
v 7 -2 -3.3
v 7 -2 3.3
v 7 -3 3.3
v 7 -3 -3.3
v 4 -4 -3.3
v 4 -4 3.3
v 3 -2 -3.3
v 3 -2 3.3
v 3 -4 3.3
v 3 -4 -3.3
v 12 -3 -3.85
v 12 -4 -3.85
v 12 -3 3.85
v 12 -4 3.85
v 11 -3 -3.85
v 11 -3 3.85
v 11 -4 3.85
v 11 -4 -3.85
v 10 -3 -3.85
v 10 -4 -3.85
v 10 -3 3.85
v 10 -4 3.85
v 9 -3 -3.85
v 9 -3 3.85
v 9 -4 3.85
v 9 -4 -3.85
v 7 -4 -3.3
v 7 -4 3.3
v 6 -3 -3.3
v 6 -3 3.3
v 6 -4 3.3
v 6 -4 -3.3
v 3 -3 -3.3
v 3 -3 3.3
v 2 -3 -3.3
v 2 -3 3.3
v 2 -4 3.3
v 2 -4 -3.3
v -8 -3 -2.75
v -8 -5 -2.75
v -8 -3 2.75
v -8 -5 2.75
v -9 -3 -2.75
v -9 -3 2.75
v -9 -5 2.75
v -9 -5 -2.75
v -11 -3 -2.75
v -11 -5 -2.75
v -11 -3 2.75
v -11 -5 2.75
v -12 -3 -2.75
v -12 -3 2.75
v -12 -5 2.75
v -12 -5 -2.75
v -14 -3 -2.75
v -14 -5 -2.75
v -14 -3 2.75
v -14 -5 2.75
v -15 -3 -2.75
v -15 -3 2.75
v -15 -5 2.75
v -15 -5 -2.75
v -17 -3 -2.75
v -17 -5 -2.75
v -17 -3 2.75
v -17 -5 2.75
v -18 -3 -2.75
v -18 -3 2.75
v -18 -5 2.75
v -18 -5 -2.75
v -20 -3 -2.75
v -20 -4 -2.75
v -20 -3 2.75
v -20 -4 2.75
v -21 -3 -2.75
v -21 -3 2.75
v -21 -4 2.75
v -21 -4 -2.75
v 13 -4 -3.85
v 13 -5 -3.85
v 13 -4 3.85
v 13 -5 3.85
v 12 -5 3.85
v 12 -5 -3.85
v 9 -5 -3.85
v 9 -5 3.85
v 8 -4 -3.85
v 8 -4 3.85
v 8 -5 3.85
v 8 -5 -3.85
v 6 -5 -3.3
v 6 -5 3.3
v 5 -4 -3.3
v 5 -4 3.3
v 5 -5 3.3
v 5 -5 -3.3
v 2 -5 -3.3
v 2 -5 3.3
v 1 -4 -3.3
v 1 -4 3.3
v 1 -5 3.3
v 1 -5 -3.3
v -4 -4 -2.75
v -4 -5 -2.75
v -4 -4 2.75
v -4 -5 2.75
v -8 -4 -2.75
v -8 -4 2.75
v -9 -4 -2.75
v -9 -4 2.75
v -11 -4 -2.75
v -11 -4 2.75
v -12 -4 -2.75
v -12 -4 2.75
v -14 -4 -2.75
v -14 -4 2.75
v -15 -4 -2.75
v -15 -4 2.75
v -17 -4 -2.75
v -17 -4 2.75
v -19 -4 -2.75
v -19 -5 -2.75
v -19 -4 2.75
v -19 -5 2.75
v -20 -5 2.75
v -20 -5 -2.75
v 8 -6 -3.85
v 8 -6 3.85
v 7 -5 -3.85
v 7 -5 3.85
v 1 -6 -3.3
v 1 -6 3.3
v 0 -5 -3.3
v 0 -5 3.3
v 0 -6 3.3
v 0 -6 -3.3
v -22 -5 -2.75
v -22 -6 -2.75
v -22 -5 2.75
v -22 -6 2.75
v -23 -5 -2.75
v -23 -5 2.75
v -23 -6 2.75
v -23 -6 -2.75
v 14 -6 -3.85
v 14 -7 -3.85
v 14 -6 3.85
v 14 -7 3.85
v 13 -6 -3.85
v 13 -6 3.85
v 13 -7 3.85
v 13 -7 -3.85
v 13 -7 -4.4
v 13 -8 -4.4
v 13 -7 4.4
v 13 -8 4.4
v 12 -7 -4.4
v 12 -7 4.4
v 12 -8 4.4
v 12 -8 -4.4
v 8 -7 -3.85
v 8 -9 -3.85
v 8 -7 3.85
v 8 -9 3.85
v 7 -7 -3.85
v 7 -7 3.85
v 7 -9 3.85
v 7 -9 -3.85
v 1 -7 -2.75
v 1 -8 -2.75
v 1 -7 2.75
v 1 -8 2.75
v 0 -7 -2.75
v 0 -7 2.75
v 0 -8 2.75
v 0 -8 -2.75
v 12 -9 -4.4
v 12 -9 4.4
v 11 -8 -4.4
v 11 -8 4.4
v 11 -9 4.4
v 11 -9 -4.4
v 0 -8 -1.65
v 0 -9 -1.65
v 0 -8 1.65
v 0 -9 1.65
v -1 -8 -1.65
v -1 -8 1.65
v -1 -9 1.65
v -1 -9 -1.65
v 11 -9 -3.85
v 11 -10 -3.85
v 11 -9 3.85
v 11 -10 3.85
v 10 -9 -3.85
v 10 -9 3.85
v 10 -10 3.85
v 10 -10 -3.85
v -1 7 -0.55
v -1 7 0.55
v -2 7 0.55
v -2 7 -0.55
v 4 7 -1.1
v 4 6 -1.1
v 4 7 1.1
v 4 6 1.1
v 3 7 -1.1
v 3 7 1.1
v 3 6 1.1
v 3 6 -1.1
v 2 7 -1.1
v 2 6 -1.1
v 2 7 1.1
v 2 6 1.1
v 1 7 -1.1
v 1 7 1.1
v 1 6 1.1
v 1 6 -1.1
v 0 7 -1.1
v 0 6 -1.1
v 0 7 1.1
v 0 6 1.1
v -1 7 -1.1
v -1 7 1.1
v -1 6 1.1
v -1 6 -1.1
v 20 6 -0.55
v 20 5 -0.55
v 20 6 0.55
v 20 5 0.55
v 19 5 0.55
v 19 5 -0.55
v 20 5 -1.1
v 20 5 1.1
v 19 5 -1.1
v 19 5 1.1
v 12 5 -1.1
v 12 4 -1.1
v 12 5 1.1
v 12 4 1.1
v 11 4 1.1
v 11 4 -1.1
v 3 4 -1.65
v 3 4 1.65
v 2 4 1.65
v 2 4 -1.65
v 1 4 -1.65
v 1 4 1.65
v 0 4 1.65
v 0 4 -1.65
v -2 4 -1.65
v -2 4 1.65
v -3 4 1.65
v -3 4 -1.65
v 21 4 -1.1
v 21 4 1.1
v -3 3 -1.65
v -3 2 -1.65
v -3 3 1.65
v -3 2 1.65
v -5 3 -1.65
v -5 3 1.65
v -5 2 1.65
v -5 2 -1.65
v 0 0 -2.2
v 0 0 2.2
v -3 1 -2.2
v -3 1 2.2
v -3 0 2.2
v -3 0 -2.2
v -22 1 -2.75
v -22 0 -2.75
v -22 1 2.75
v -22 0 2.75
v -23 1 -2.75
v -23 1 2.75
v -23 0 2.75
v -23 0 -2.75
v 1 0 -2.2
v 1 -1 -2.2
v 1 0 2.2
v 1 -1 2.2
v 0 -1 2.2
v 0 -1 -2.2
v -3 -1 -2.2
v -3 -1 2.2
v -4 0 -2.2
v -4 0 2.2
v -4 -1 2.2
v -4 -1 -2.2
v 2 -1 -2.2
v 2 -4 -2.2
v 2 -1 2.2
v 2 -4 2.2
v 1 -4 2.2
v 1 -4 -2.2
v -4 -2 -2.2
v -4 -2 2.2
v -5 -1 -2.2
v -5 -1 2.2
v -5 -2 2.2
v -5 -2 -2.2
v -4 -2 -1.65
v -4 -3 -1.65
v -4 -2 1.65
v -4 -3 1.65
v -5 -2 -1.65
v -5 -2 1.65
v -5 -3 1.65
v -5 -3 -1.65
v 13 -3 -3.85
v 13 -3 3.85
v 8 -3 -3.85
v 8 -3 3.85
v -4 -3 -2.2
v -4 -4 -2.2
v -4 -3 2.2
v -4 -4 2.2
v -5 -3 -2.2
v -5 -3 2.2
v -5 -4 2.2
v -5 -4 -2.2
v 14 -4 -3.85
v 14 -4 3.85
v 7 -4 -3.85
v 7 -4 3.85
v 5 -4 -2.75
v 5 -5 -2.75
v 5 -4 2.75
v 5 -5 2.75
v 4 -4 -2.75
v 4 -4 2.75
v 4 -5 2.75
v 4 -5 -2.75
v 1 -5 -2.2
v 1 -5 2.2
v 0 -4 -2.2
v 0 -4 2.2
v 0 -5 2.2
v 0 -5 -2.2
v -3 -4 -2.2
v -3 -5 -2.2
v -3 -4 2.2
v -3 -5 2.2
v -4 -5 2.2
v -4 -5 -2.2
v -22 -4 -2.75
v -22 -4 2.75
v -23 -4 -2.75
v -23 -4 2.75
v 0 -6 -2.2
v 0 -6 2.2
v -3 -6 2.2
v -3 -6 -2.2
v 6 7 -1.1
v 6 6 -1.1
v 6 7 1.1
v 6 6 1.1
v 5 7 -1.1
v 5 7 1.1
v 5 6 1.1
v 5 6 -1.1
v 8 6 -1.1
v 8 5 -1.1
v 8 6 1.1
v 8 5 1.1
v 6 5 1.1
v 6 5 -1.1
v -10 4 -1.65
v -10 4 1.65
v -11 6 -1.65
v -11 6 1.65
v -11 4 1.65
v -11 4 -1.65
v 0 6 -2.2
v 0 5 -2.2
v 0 6 2.2
v 0 5 2.2
v -2 6 -2.2
v -2 6 2.2
v -2 5 2.2
v -2 5 -2.2
v 9 5 -1.65
v 9 5 1.65
v 7 3 -3.3
v 7 3 3.3
v -1 3 -3.3
v -1 3 3.3
v -1 2 3.3
v -1 2 -3.3
v -2 2 -2.75
v -2 1 -2.75
v -2 2 2.75
v -2 1 2.75
v -5 2 -2.75
v -5 2 2.75
v -5 1 2.75
v -5 1 -2.75
v 23 1 -2.2
v 23 0 -2.2
v 23 1 2.2
v 23 0 2.2
v 22 1 -2.2
v 22 1 2.2
v 22 0 2.2
v 22 0 -2.2
v 10 0 -3.3
v 10 0 3.3
v -23 1 -1.65
v -23 0 -1.65
v -23 1 1.65
v -23 0 1.65
v -24 1 -1.65
v -24 1 1.65
v -25 -1 -1.1
v -25 -1 1.1
v -26 -1 1.1
v -26 -1 -1.1
v 23 -1 -3.3
v 23 -1 3.3
v 22 -1 -3.3
v 22 -1 3.3
v 22 -2 3.3
v 22 -2 -3.3
v 7 -1 -3.3
v 7 -1 3.3
v 6 -2 3.3
v 6 -2 -3.3
v 5 -3 3.3
v 5 -3 -3.3
v 23 -4 -3.3
v 23 -4 3.3
v 22 -3 -3.3
v 22 -3 3.3
v 22 -4 3.3
v 22 -4 -3.3
v 0 -4 -3.3
v 0 -4 3.3
v -23 -3 -2.2
v -23 -4 -2.2
v -23 -3 2.2
v -23 -4 2.2
v -24 -3 -2.2
v -24 -3 2.2
v -24 -4 2.2
v -24 -4 -2.2
v -25 -3 -1.65
v -25 -3 1.65
v -26 -3 -1.65
v -26 -3 1.65
v 12 -4 -4.4
v 12 -5 -4.4
v 12 -4 4.4
v 12 -5 4.4
v 11 -4 -4.4
v 11 -4 4.4
v 11 -5 4.4
v 11 -5 -4.4
v -3 -5 -2.75
v -3 -6 -2.75
v -3 -5 2.75
v -3 -6 2.75
v -18 -6 2.75
v -18 -6 -2.75
v -19 -6 -2.75
v -19 -6 2.75
v -20 -6 2.75
v -20 -6 -2.75
v 9 -7 -4.4
v 9 -8 -4.4
v 9 -7 4.4
v 9 -8 4.4
v 8 -7 -4.4
v 8 -7 4.4
v 8 -8 4.4
v 8 -8 -4.4
v -12 -8 -1.65
v -12 -9 -1.65
v -12 -8 1.65
v -12 -9 1.65
v -13 -8 -1.65
v -13 -8 1.65
v -13 -9 1.65
v -13 -9 -1.65
v 14 3 -2.75
v 14 3 2.75
v 14 2 2.75
v 14 2 -2.75
v 13 3 -2.75
v 13 2 -2.75
v 13 3 2.75
v 13 2 2.75
v -22 2 -2.2
v -22 2 2.2
v -22 1 2.2
v -22 1 -2.2
v 30 0 -1.1
v 30 -1 -1.1
v 30 0 1.1
v 30 -1 1.1
v 30 -1 -2.2
v 30 -2 -2.2
v 30 -1 2.2
v 30 -2 2.2
v 29 -1 -2.2
v 29 -1 2.2
v 29 -2 2.2
v 29 -2 -2.2
v -10 7 -1.1
v -10 6 -1.1
v -10 7 1.1
v -10 6 1.1
v -11 7 -1.1
v -11 7 1.1
v -11 6 1.1
v -11 6 -1.1
v 9 6 -1.1
v 9 6 1.1
v -10 4 -1.1
v -10 3 -1.1
v -10 4 1.1
v -10 3 1.1
v -11 4 -1.1
v -11 4 1.1
v -11 3 1.1
v -11 3 -1.1
v 5 6 -2.2
v 5 4 -2.2
v 5 6 2.2
v 5 4 2.2
v 4 6 -2.2
v 4 6 2.2
v 3 6 -2.2
v 3 6 2.2
v -3 6 -2.2
v -3 4 -2.2
v -3 6 2.2
v -3 4 2.2
v -8 6 -2.2
v -8 6 2.2
v -8 4 2.2
v -8 4 -2.2
v -9 6 -2.2
v -9 4 -2.2
v -9 6 2.2
v -9 4 2.2
v -10 6 -2.2
v -10 6 2.2
v -10 4 2.2
v -10 4 -2.2
v 6 5 -2.2
v 6 4 -2.2
v 6 5 2.2
v 6 4 2.2
v 5 5 -2.2
v 5 5 2.2
v 2 5 -2.2
v 2 5 2.2
v 1 5 -2.2
v 1 5 2.2
v -2 4 2.2
v -2 4 -2.2
v 4 1 -3.3
v 4 1 3.3
v 3 1 3.3
v 3 1 -3.3
v -1 3 -2.75
v -1 2 -2.75
v -1 3 2.75
v -1 2 2.75
v -2 3 -2.75
v -2 3 2.75
v 5 2 -3.3
v 5 2 3.3
v 5 1 3.3
v 5 1 -3.3
v 2 2 -3.3
v 2 0 -3.3
v 2 2 3.3
v 2 0 3.3
v 1 2 -3.3
v 1 2 3.3
v 1 0 3.3
v 1 0 -3.3
v 1 1 -3.3
v 1 1 3.3
v 0 1 3.3
v 0 1 -3.3
v 26 1 -2.2
v 26 0 -2.2
v 26 1 2.2
v 26 0 2.2
v 24 1 -2.2
v 24 1 2.2
v 24 0 2.2
v 24 0 -2.2
v 14 -2 -3.3
v 14 -2 3.3
v 13 -2 3.3
v 13 -2 -3.3
v 11 0 -3.3
v 11 0 3.3
v -3 1 -2.75
v -3 0 -2.75
v -3 1 2.75
v -3 0 2.75
v 28 0 -1.65
v 28 -1 -1.65
v 28 0 1.65
v 28 -1 1.65
v 27 0 -1.65
v 27 0 1.65
v 27 -1 1.65
v 27 -1 -1.65
v 26 0 -2.75
v 26 0 2.75
v 25 0 -2.75
v 25 0 2.75
v 25 -1 -2.75
v 25 -1 2.75
v 11 -1 -3.3
v 11 -1 3.3
v 4 0 -3.3
v 4 0 3.3
v 3 0 -3.3
v 3 -1 -3.3
v 3 0 3.3
v 3 -1 3.3
v 2 -1 3.3
v 2 -1 -3.3
v -23 0 -2.2
v -23 -2 -2.2
v -23 0 2.2
v -23 -2 2.2
v -24 0 -2.2
v -24 0 2.2
v -24 -2 2.2
v -24 -2 -2.2
v 25 -1 -3.3
v 25 -1 3.3
v 24 -1 -3.3
v 24 -1 3.3
v 10 -1 -3.3
v 10 -1 3.3
v -25 -2 -1.65
v -25 -2 1.65
v -26 -2 1.65
v -26 -2 -1.65
v -27 -2 -1.65
v -27 -2 1.65
v -29 -1 -1.65
v -29 -1 1.65
v -29 -2 1.65
v -29 -2 -1.65
v 1 -2 -3.3
v 1 -3 -3.3
v 1 -2 3.3
v 1 -3 3.3
v 27 -3 -2.2
v 27 -3 2.2
v 27 -4 2.2
v 27 -4 -2.2
v 29 -4 -1.1
v 29 -5 -1.1
v 29 -4 1.1
v 29 -5 1.1
v 28 -4 -1.1
v 28 -4 1.1
v 28 -5 1.1
v 28 -5 -1.1
v -1 -5 -3.3
v -1 -5 3.3
v -2 -5 3.3
v -2 -5 -3.3
v -23 -5 -2.2
v -23 -5 2.2
v -24 -5 2.2
v -24 -5 -2.2
v -25 -4 -1.1
v -25 -4 1.1
v -26 -4 -1.1
v -26 -4 1.1
v -27 -4 -1.1
v -27 -4 1.1
v -29 -4 -1.1
v -29 -4 1.1
v -29 -5 1.1
v -29 -5 -1.1
v 13 -5 -4.4
v 13 -5 4.4
v -23 -5 -1.65
v -23 -6 -1.65
v -23 -5 1.65
v -23 -6 1.65
v -24 -6 1.65
v -24 -6 -1.65
v 9 -9 4.4
v 9 -9 -4.4
v -3 -9 -1.65
v -3 -10 -1.65
v -3 -9 1.65
v -3 -10 1.65
v -4 -9 -1.65
v -4 -9 1.65
v -4 -10 1.65
v -4 -10 -1.65
v -5 -9 -1.65
v -5 -10 -1.65
v -5 -9 1.65
v -5 -10 1.65
v -6 -9 -1.65
v -6 -9 1.65
v -6 -10 1.65
v -6 -10 -1.65
v -7 -9 -1.65
v -7 -10 -1.65
v -7 -9 1.65
v -7 -10 1.65
v -8 -9 -1.65
v -8 -9 1.65
v -8 -10 1.65
v -8 -10 -1.65
v -9 -9 -1.65
v -9 -10 -1.65
v -9 -9 1.65
v -9 -10 1.65
v -10 -9 -1.65
v -10 -9 1.65
v -10 -10 1.65
v -10 -10 -1.65
v -11 -9 -1.65
v -11 -10 -1.65
v -11 -9 1.65
v -11 -10 1.65
v -12 -10 1.65
v -12 -10 -1.65
v 2 6 -2.2
v 2 6 2.2
v 1 6 -2.2
v 1 6 2.2
v 26 2 -1.1
v 26 1 -1.1
v 26 2 1.1
v 26 1 1.1
v 28 -1 -2.2
v 28 -1 2.2
v 27 -1 -2.2
v 27 -1 2.2
v -3 -1 -3.3
v -3 -1 3.3
v 28 -2 -2.2
v 28 -2 2.2
v -2 -2 -3.3
v -2 -2 3.3
v 21 -3 -3.85
v 21 -3 3.85
v 20 -3 -3.85
v 20 -3 3.85
v 14 -3 -3.85
v 14 -3 3.85
v 18 -4 -3.85
v 18 -4 3.85
v 17 -4 -3.85
v 17 -4 3.85
v 16 -4 -3.85
v 16 -4 3.85
v 15 -4 -3.85
v 15 -4 3.85
v 15 -7 3.85
v 15 -7 -3.85
v 9 -4 -4.4
v 9 -4 4.4
v 9 -5 4.4
v 9 -5 -4.4
v 20 -5 -3.85
v 20 -7 -3.85
v 20 -5 3.85
v 20 -7 3.85
v 18 -5 -3.85
v 18 -5 3.85
v 17 -5 -3.85
v 17 -5 3.85
v 16 -5 -3.85
v 16 -5 3.85
v 8 -5 -4.4
v 8 -5 4.4
v 6 -5 -3.85
v 6 -5 3.85
v 6 -7 -3.85
v 6 -7 3.85
v 2 -6 -3.85
v 2 -6 3.85
v -18 -1 -2.75
v -18 -1 2.75
v -19 -1 2.75
v -19 -1 -2.75
v -22 -1 2.75
v -22 -1 -2.75
v 30 -4 -2.2
v 30 -4 2.2
v -18 -4 -2.75
v -18 -4 2.75
v 8 3 -1.65
v 8 3 1.65
v 4 4 -1.65
v 4 4 1.65
v 4 3 1.65
v 4 3 -1.65
v 2 3 -1.65
v 2 3 1.65
v 1 3 1.65
v 1 3 -1.65
v 0 3 -1.65
v 0 3 1.65
v -10 3 1.65
v -10 3 -1.65
v 9 3 -2.75
v 9 3 2.75
v 9 2 2.75
v 9 2 -2.75
v -2 3 -1.65
v -2 2 -1.65
v -2 3 1.65
v -2 2 1.65
v 9 1 -2.75
v 9 1 2.75
v 8 2 -2.75
v 8 2 2.75
v 8 1 2.75
v 8 1 -2.75
v -2 2 -2.2
v -2 2 2.2
v -2 1 2.2
v -2 1 -2.2
v -23 2 -2.2
v -23 2 2.2
v -23 1 2.2
v -23 1 -2.2
v 20 -2 -3.3
v 20 -2 3.3
v 8 0 -2.75
v 8 0 2.75
v 7 1 -2.75
v 7 1 2.75
v 7 0 2.75
v 7 0 -2.75
v 7 -1 -2.75
v 7 -1 2.75
v 6 0 -2.75
v 6 0 2.75
v 6 -1 2.75
v 6 -1 -2.75
v -4 -1 -2.75
v -4 -1 2.75
v -8 -1 2.75
v -8 -1 -2.75
v -19 -2 -2.75
v -19 -2 2.75
v 11 -1 -2.75
v 11 -2 -2.75
v 11 -1 2.75
v 11 -2 2.75
v 10 -1 -2.75
v 10 -1 2.75
v 10 -2 2.75
v 10 -2 -2.75
v 9 -1 -2.75
v 9 -2 -2.75
v 9 -1 2.75
v 9 -2 2.75
v 8 -1 -2.75
v 8 -1 2.75
v 8 -2 2.75
v 8 -2 -2.75
v 6 -2 -2.75
v 6 -2 2.75
v 5 -1 -2.75
v 5 -1 2.75
v 5 -2 2.75
v 5 -2 -2.75
v -5 -1 -2.75
v -5 -2 -2.75
v -5 -1 2.75
v -5 -2 2.75
v -22 -2 2.75
v -22 -2 -2.75
v 20 -2 -2.75
v 20 -3 -2.75
v 20 -2 2.75
v 20 -3 2.75
v 16 -2 -2.75
v 16 -2 2.75
v 16 -3 2.75
v 16 -3 -2.75
v 14 -2 -2.75
v 14 -3 -2.75
v 14 -2 2.75
v 14 -3 2.75
v 13 -2 -2.75
v 13 -2 2.75
v 13 -3 2.75
v 13 -3 -2.75
v 4 -2 -2.75
v 4 -2 2.75
v 8 -4 -3.3
v 8 -4 3.3
v -5 -3 -2.75
v -5 -4 -2.75
v -5 -3 2.75
v -5 -4 2.75
v -22 -3 -2.75
v -22 -3 2.75
v 7 -5 -3.3
v 7 -5 3.3
v 2 -4 -2.75
v 2 -4 2.75
v 2 -5 2.75
v 2 -5 -2.75
v 27 -5 -1.65
v 27 -6 -1.65
v 27 -5 1.65
v 27 -6 1.65
v 26 -5 -1.65
v 26 -5 1.65
v 26 -6 1.65
v 26 -6 -1.65
v 23 -5 -2.2
v 23 -6 -2.2
v 23 -5 2.2
v 23 -6 2.2
v 22 -5 -2.2
v 22 -5 2.2
v 22 -6 2.2
v 22 -6 -2.2
v 2 -6 -2.75
v 2 -6 2.75
v 1 -5 -2.75
v 1 -5 2.75
v 1 -6 2.75
v 1 -6 -2.75
v 26 -6 -1.1
v 26 -7 -1.1
v 26 -6 1.1
v 26 -7 1.1
v 12 -6 -4.4
v 12 -6 4.4
v 11 -6 -4.4
v 11 -6 4.4
v 11 -7 4.4
v 11 -7 -4.4
v 10 -6 -4.4
v 10 -7 -4.4
v 10 -6 4.4
v 10 -7 4.4
v 9 -6 -4.4
v 9 -6 4.4
v -3 -7 2.75
v -3 -7 -2.75
v -3 -7 -2.2
v -3 -7 2.2
v -18 -6 -2.2
v -18 -6 2.2
v -18 -7 2.2
v -18 -7 -2.2
v -19 -6 -2.2
v -19 -7 -2.2
v -19 -6 2.2
v -19 -7 2.2
v -20 -6 -2.2
v -20 -6 2.2
v -20 -7 2.2
v -20 -7 -2.2
v 14 -9 -3.85
v 14 -9 3.85
v 13 -9 3.85
v 13 -9 -3.85
v 10 -8 4.4
v 10 -8 -4.4
v 0 -7 -2.2
v 0 -8 -2.2
v 0 -7 2.2
v 0 -8 2.2
v -1 -7 -2.2
v -1 -7 2.2
v -1 -8 2.2
v -1 -8 -2.2
v 13 -8 -3.85
v 13 -10 -3.85
v 13 -8 3.85
v 13 -10 3.85
v 12 -8 -3.85
v 12 -8 3.85
v 12 -10 3.85
v 12 -10 -3.85
v 9 -8 -3.85
v 9 -10 -3.85
v 9 -8 3.85
v 9 -10 3.85
v 8 -8 -3.85
v 8 -8 3.85
v 8 -10 3.85
v 8 -10 -3.85
v -3 -8 -2.75
v -3 -9 -2.75
v -3 -8 2.75
v -3 -9 2.75
v -4 -8 -2.75
v -4 -8 2.75
v -4 -9 2.75
v -4 -9 -2.75
v -5 -8 -2.75
v -5 -9 -2.75
v -5 -8 2.75
v -5 -9 2.75
v -6 -8 -2.75
v -6 -8 2.75
v -6 -9 2.75
v -6 -9 -2.75
v -7 -8 -2.75
v -7 -9 -2.75
v -7 -8 2.75
v -7 -9 2.75
v -8 -8 -2.75
v -8 -8 2.75
v -8 -9 2.75
v -8 -9 -2.75
v -9 -8 -2.75
v -9 -9 -2.75
v -9 -8 2.75
v -9 -9 2.75
v -10 -8 -2.75
v -10 -8 2.75
v -10 -9 2.75
v -10 -9 -2.75
v -11 -8 -2.75
v -11 -9 -2.75
v -11 -8 2.75
v -11 -9 2.75
v -12 -8 -2.75
v -12 -8 2.75
v -12 -9 2.75
v -12 -9 -2.75
v 12 -9 -3.85
v 12 -9 3.85
v 9 -9 -3.85
v 9 -9 3.85
v -1 -10 -1.65
v -1 -10 1.65
v -2 -9 -1.65
v -2 -9 1.65
v -2 -10 1.65
v -2 -10 -1.65
v 22 2 -1.1
v 22 2 1.1
v 22 1 1.1
v 22 1 -1.1
v 22 0 -2.75
v 22 0 2.75
v 22 -1 2.75
v 22 -1 -2.75
v 0 0 -3.3
v 0 -1 -3.3
v 0 0 3.3
v 0 -1 3.3
v -3 0 -3.3
v -3 0 3.3
v 1 -1 -3.3
v 1 -1 3.3
v -4 -1 -3.3
v -4 -1 3.3
v -8 -2 -2.2
v -8 -3 -2.2
v -8 -2 2.2
v -8 -3 2.2
v -9 -2 -2.2
v -9 -2 2.2
v -9 -3 2.2
v -9 -3 -2.2
v -11 -2 -2.2
v -11 -3 -2.2
v -11 -2 2.2
v -11 -3 2.2
v -12 -2 -2.2
v -12 -2 2.2
v -12 -3 2.2
v -12 -3 -2.2
v -14 -2 -2.2
v -14 -3 -2.2
v -14 -2 2.2
v -14 -3 2.2
v -15 -2 -2.2
v -15 -2 2.2
v -15 -3 2.2
v -15 -3 -2.2
v -17 -2 -2.2
v -17 -3 -2.2
v -17 -2 2.2
v -17 -3 2.2
v -18 -2 -2.2
v -18 -2 2.2
v -18 -3 2.2
v -18 -3 -2.2
v -20 -2 -2.2
v -20 -3 -2.2
v -20 -2 2.2
v -20 -3 2.2
v -21 -2 -2.2
v -21 -2 2.2
v -21 -3 2.2
v -21 -3 -2.2
v -3 -4 -3.3
v -3 -4 3.3
v -4 -4 3.3
v -4 -4 -3.3
v 22 -4 -2.75
v 22 -4 2.75
v 22 -5 2.75
v 22 -5 -2.75
v -3 -5 3.3
v -3 -5 -3.3
v 22 -6 -1.1
v 22 -6 1.1
v 22 -7 1.1
v 22 -7 -1.1
v 21 1 1.1
v 21 1 -1.1
v 21 0 -2.75
v 21 0 2.75
v 21 -1 2.75
v 21 -1 -2.75
v 31 -2 -2.2
v 31 -3 -2.2
v 31 -2 2.2
v 31 -3 2.2
v 30 -3 2.2
v 30 -3 -2.2
v 21 -2 -3.3
v 21 -2 3.3
v 21 -3 3.3
v 21 -3 -3.3
v 21 -4 -2.75
v 21 -4 2.75
v 21 -5 2.75
v 21 -5 -2.75
v 2 -5 -3.85
v 2 -5 3.85
v 21 -6 -1.1
v 21 -6 1.1
v 21 -7 1.1
v 21 -7 -1.1
v 1 -6 -3.85
v 1 -6 3.85
v 1 -8 3.85
v 1 -8 -3.85
v 21 2 -2.2
v 21 1 -2.2
v 21 2 2.2
v 21 1 2.2
v 20 2 -2.2
v 20 2 2.2
v 20 1 2.2
v 20 1 -2.2
v 21 0 2.2
v 21 0 -2.2
v 21 1 -2.75
v 21 -3 -2.75
v 21 1 2.75
v 21 -3 2.75
v 20 1 -2.75
v 20 1 2.75
v 21 -1 -3.3
v 21 -1 3.3
v -8 -2 -1.65
v -8 -2 1.65
v -8 -3 1.65
v -8 -3 -1.65
v -9 -2 -1.65
v -9 -3 -1.65
v -9 -2 1.65
v -9 -3 1.65
v -11 -2 -1.65
v -11 -2 1.65
v -11 -3 1.65
v -11 -3 -1.65
v -12 -2 -1.65
v -12 -3 -1.65
v -12 -2 1.65
v -12 -3 1.65
v -14 -2 -1.65
v -14 -2 1.65
v -14 -3 1.65
v -14 -3 -1.65
v -15 -2 -1.65
v -15 -3 -1.65
v -15 -2 1.65
v -15 -3 1.65
v -17 -2 -1.65
v -17 -2 1.65
v -17 -3 1.65
v -17 -3 -1.65
v -18 -2 -1.65
v -18 -3 -1.65
v -18 -2 1.65
v -18 -3 1.65
v -20 -2 -1.65
v -20 -2 1.65
v -20 -3 1.65
v -20 -3 -1.65
v -21 -2 -1.65
v -21 -3 -1.65
v -21 -2 1.65
v -21 -3 1.65
v -24 -2 -1.65
v -24 -2 1.65
v -24 -3 1.65
v -24 -3 -1.65
v 21 -4 3.3
v 21 -4 -3.3
v 24 -5 -2.2
v 24 -6 -2.2
v 24 -5 2.2
v 24 -6 2.2
v 21 -5 -2.2
v 21 -5 2.2
v 21 -6 2.2
v 21 -6 -2.2
v -12 -7 -2.2
v -12 -7 2.2
v -12 -8 2.2
v -12 -8 -2.2
v 5 2 -3.85
v 5 1 -3.85
v 5 2 3.85
v 5 1 3.85
v 4 2 -3.85
v 4 2 3.85
v 4 1 3.85
v 4 1 -3.85
v 3 2 -3.85
v 3 1 -3.85
v 3 2 3.85
v 3 1 3.85
v 2 2 -3.85
v 2 2 3.85
v 2 1 3.85
v 2 1 -3.85
v 4 0 -3.85
v 4 0 3.85
v 3 0 3.85
v 3 0 -3.85
v 20 -4 -4.4
v 20 -5 -4.4
v 20 -4 4.4
v 20 -5 4.4
v 18 -4 -4.4
v 18 -4 4.4
v 18 -5 4.4
v 18 -5 -4.4
v 17 -4 -4.4
v 17 -5 -4.4
v 17 -4 4.4
v 17 -5 4.4
v 16 -4 -4.4
v 16 -4 4.4
v 16 -5 4.4
v 16 -5 -4.4
v 27 1 -1.65
v 27 1 1.65
v 26 1 -1.65
v 26 1 1.65
v 26 0 1.65
v 26 0 -1.65
v 2 1 -3.3
v 2 1 3.3
v 11 -3 -2.75
v 11 -3 2.75
v 10 -3 2.75
v 10 -3 -2.75
v 9 -3 -2.75
v 9 -3 2.75
v 8 -3 2.75
v 8 -3 -2.75
v -1 -2 -2.75
v -1 -3 -2.75
v -1 -2 2.75
v -1 -3 2.75
v -2 -2 -2.75
v -2 -2 2.75
v -2 -3 2.75
v -2 -3 -2.75
v 20 -7 -3.3
v 20 -8 -3.3
v 20 -7 3.3
v 20 -8 3.3
v 19 -7 -3.3
v 19 -7 3.3
v 18 -7 -3.3
v 18 -7 3.3
v 17 -7 -3.3
v 17 -7 3.3
v 16 -7 -3.3
v 16 -7 3.3
v 15 -7 -3.3
v 15 -7 3.3
v 6 -7 -3.3
v 6 -8 -3.3
v 6 -7 3.3
v 6 -8 3.3
v 5 -7 -3.3
v 5 -7 3.3
v 4 -7 -3.3
v 4 -7 3.3
v 3 -7 -3.3
v 3 -7 3.3
v 20 -8 -2.75
v 20 -9 -2.75
v 20 -8 2.75
v 20 -9 2.75
v 19 -8 -2.75
v 19 -8 2.75
v 19 -9 2.75
v 19 -9 -2.75
v 18 -8 -2.75
v 18 -9 -2.75
v 18 -8 2.75
v 18 -9 2.75
v 17 -8 -2.75
v 17 -8 2.75
v 17 -9 2.75
v 17 -9 -2.75
v 16 -8 -2.75
v 16 -9 -2.75
v 16 -8 2.75
v 16 -9 2.75
v 15 -8 -2.75
v 15 -8 2.75
v 15 -9 2.75
v 15 -9 -2.75
v 5 -8 -2.75
v 5 -9 -2.75
v 5 -8 2.75
v 5 -9 2.75
v 4 -8 -2.75
v 4 -8 2.75
v 4 -9 2.75
v 4 -9 -2.75
v 3 -8 -2.75
v 3 -9 -2.75
v 3 -8 2.75
v 3 -9 2.75
v 2 -8 -2.75
v 2 -8 2.75
v 2 -9 2.75
v 2 -9 -2.75
v -2 -8 -2.2
v -2 -9 -2.2
v -2 -8 2.2
v -2 -9 2.2
v -3 -8 -2.2
v -3 -8 2.2
v -3 -9 2.2
v -3 -9 -2.2
v -4 -8 -2.2
v -4 -9 -2.2
v -4 -8 2.2
v -4 -9 2.2
v -5 -8 -2.2
v -5 -8 2.2
v -5 -9 2.2
v -5 -9 -2.2
v -6 -8 -2.2
v -6 -9 -2.2
v -6 -8 2.2
v -6 -9 2.2
v -7 -8 -2.2
v -7 -8 2.2
v -7 -9 2.2
v -7 -9 -2.2
v -8 -8 -2.2
v -8 -9 -2.2
v -8 -8 2.2
v -8 -9 2.2
v -9 -8 -2.2
v -9 -8 2.2
v -9 -9 2.2
v -9 -9 -2.2
v -10 -8 -2.2
v -10 -9 -2.2
v -10 -8 2.2
v -10 -9 2.2
v -11 -8 -2.2
v -11 -8 2.2
v -11 -9 2.2
v -11 -9 -2.2
v 31 0 -1.1
v 31 -1 -1.1
v 31 0 1.1
v 31 -1 1.1
v 31 -4 -2.2
v 31 -4 2.2
v 27 0 -2.2
v 27 0 2.2
v 26 -1 2.2
v 26 -1 -2.2
v 27 -5 -2.2
v 27 -5 2.2
v 26 -4 -2.2
v 26 -4 2.2
v 26 -5 2.2
v 26 -5 -2.2
v 26 -5 -2.75
v 26 -5 2.75
v 26 -6 -2.2
v 26 -6 2.2
v -23 -2 2.75
v -23 -2 -2.75
v 0 -1 -2.75
v 0 -2 -2.75
v 0 -1 2.75
v 0 -2 2.75
v -1 -1 -2.75
v -1 -1 2.75
v -2 -4 -2.75
v -2 -4 2.75
v -3 -3 -2.75
v -3 -3 2.75
v -3 -4 2.75
v -3 -4 -2.75
v -23 -3 -2.75
v -23 -3 2.75
v -1 -9 -2.2
v -1 -9 2.2
v 31 -1 -2.2
v 31 -1 2.2
v -24 -1 -2.2
v -24 -1 2.2
v -25 -1 -2.2
v -25 -1 2.2
v -25 -2 2.2
v -25 -2 -2.2
v -26 -1 -2.2
v -26 -2 -2.2
v -26 -1 2.2
v -26 -2 2.2
v -27 -1 -2.2
v -27 -1 2.2
v -27 -2 2.2
v -27 -2 -2.2
v -25 -3 -2.2
v -25 -3 2.2
v -25 -4 2.2
v -25 -4 -2.2
v -26 -3 -2.2
v -26 -4 -2.2
v -26 -3 2.2
v -26 -4 2.2
v -27 -3 -2.2
v -27 -3 2.2
v -27 -4 2.2
v -27 -4 -2.2
v 13 -3 -3.3
v 13 -3 3.3
v -22 -6 -2.2
v -22 -6 2.2
v -22 -7 2.2
v -22 -7 -2.2
v 28 -4 -1.65
v 28 -5 -1.65
v 28 -4 1.65
v 28 -5 1.65
v 27 -4 -1.65
v 27 -4 1.65
v 10 -5 -4.4
v 10 -5 4.4
v -23 -6 -2.2
v -23 -6 2.2
v -23 -7 2.2
v -23 -7 -2.2
v -12 -7 -1.65
v -12 -7 1.65
v -13 -7 -1.65
v -13 -7 1.65

vn 1 0 0
vn 0 1 0
vn 0 -1 0
vn -1 0 0
vn 0 0 -1
vn 0 0 1

vt -19.68504 19.68504
vt 19.68504 19.68504
vt -19.68504 -19.68504
vt 0 NaN
vt 0 0
vt 0 NaN
vt 0 NaN
vt 0 NaN
vt 0 NaN
vt 0 NaN
vt 19.68504 -19.68504
vt 0 NaN
vt 0 NaN
vt 0 NaN
vt 0 NaN
vt 0 NaN
vt 0 NaN
vt 0 NaN
vt 0 NaN
vt 0 NaN
vt 0 NaN
vt 0 NaN
vt 0 NaN
vt 0 NaN
vt 0 NaN
vt 0 NaN
vt 0 NaN
vt 0 NaN
vt 0 NaN
vt 0 NaN
vt 0 NaN
vt 0 NaN
vt 0 NaN
vt 0 NaN
vt 0 NaN
vt 0 NaN
vt 0 NaN
vt 0 NaN
vt 0 NaN
vt 0 NaN
vt 0 NaN
vt 0 NaN
vt 0 NaN
vt 0 NaN
vt 0 NaN
vt 0 NaN
vt 0 NaN
vt 0 NaN
vt 0 NaN
vt 0 NaN
vt 0 NaN
vt 0 NaN
vt 0 NaN
vt 0 NaN
vt 0 NaN
vt 0 NaN
vt 0 NaN
vt 0 NaN
vt 0 NaN
vt 0 NaN
vt 0 NaN
vt 0 NaN
vt 0 NaN
vt 0 NaN
vt 0 NaN
vt 0 NaN
vt 0 NaN
vt 0 NaN
vt 0 NaN
vt 0 NaN
vt 0 NaN
vt 0 NaN
vt 0 NaN
vt 0 NaN
vt 0 NaN
vt 0 NaN
vt 0 NaN
vt 0 NaN
vt 0 NaN
vt 0 NaN
vt 0 NaN
vt 0 NaN
vt 0 NaN
vt 0 NaN
vt 0 NaN
vt 0 NaN
vt 0 NaN
vt 0 NaN
vt 0 NaN
vt 0 NaN
vt 0 NaN
vt 0 NaN
vt 0 NaN
vt 0 NaN
vt 0 NaN
vt 0 NaN
vt 0 NaN
vt 0 NaN
vt 0 NaN
vt 0 NaN
vt 0 NaN
vt 0 NaN
vt 0 NaN
vt 0 NaN
vt 0 NaN
vt 0 NaN
vt 0 NaN
vt 0 NaN
vt 0 NaN
vt 0 NaN
vt 0 NaN
vt 0 NaN
vt 0 NaN
vt 0 NaN
vt 0 NaN
vt 0 NaN
vt 0 NaN
vt 0 NaN
vt 0 NaN
vt 0 NaN
vt 0 NaN
vt 0 NaN
vt 0 NaN
vt 0 NaN
vt 0 NaN
vt 0 NaN
vt 0 NaN
vt 0 NaN
vt 0 NaN
vt 0 NaN
vt 0 NaN
vt 0 NaN
vt 0 NaN
vt 0 NaN
vt 0 NaN
vt 0 NaN
vt 0 NaN
vt 0 NaN
vt 0 NaN
vt 0 NaN
vt 0 NaN
vt 0 NaN
vt 0 NaN
vt 0 NaN
vt 0 NaN
vt 0 NaN
vt 0 NaN
vt 0 NaN
vt 0 NaN
vt 0 NaN
vt 0 NaN
vt 0 NaN
vt 0 NaN
vt 0 NaN
vt 0 NaN
vt 0 NaN
vt 0 NaN
vt 0 NaN
vt 0 NaN
vt 0 NaN
vt 0 NaN
vt 0 NaN
vt 0 NaN
vt 0 NaN
vt 0 NaN
vt 0 NaN
vt 0 NaN
vt 0 NaN
vt 0 NaN
vt 0 NaN
vt 0 NaN
vt 0 NaN
vt 0 NaN
vt 0 NaN
vt 0 NaN
vt 0 NaN
vt 0 NaN
vt 0 NaN
vt 0 NaN
vt 0 NaN
vt 0 NaN
vt 0 NaN
vt 0 NaN
vt 0 NaN
vt 0 NaN
vt 0 NaN
vt 0 NaN
vt 0 NaN
vt 0 NaN
vt 0 NaN
vt 0 NaN
vt 0 NaN
vt 0 NaN
vt 0 NaN
vt 0 NaN
vt 0 NaN
vt 0 NaN
vt 0 NaN
vt 0 NaN
vt 0 NaN
vt 0 NaN
vt 0 NaN
vt 0 NaN
vt 0 NaN
vt 0 NaN
vt 0 NaN
vt 0 NaN
vt 0 NaN
vt 0 NaN
vt 0 NaN
vt 0 NaN
vt 0 NaN
vt 0 NaN
vt 0 NaN
vt 0 NaN
vt 0 NaN
vt 0 NaN
vt 0 NaN
vt 0 NaN
vt 0 NaN
vt 0 NaN
vt 0 NaN
vt 0 NaN
vt 0 NaN
vt 0 NaN
vt 0 NaN
vt 0 NaN
vt 0 NaN
vt 0 NaN
vt 0 NaN
vt 0 NaN
vt 0 NaN
vt 0 NaN
vt 0 NaN
vt 0 NaN
vt 0 NaN
vt 0 NaN
vt 0 NaN
vt 0 NaN
vt 0 NaN
vt 0 NaN
vt 0 NaN
vt 0 NaN
vt 0 NaN
vt 0 NaN
vt 0 NaN
vt 0 NaN
vt 0 NaN
vt 0 NaN
vt 0 NaN
vt 0 NaN
vt 0 NaN
vt 0 NaN
vt 0 NaN
vt 0 NaN
vt 0 NaN
vt 0 NaN
vt 0 NaN
vt 0 NaN
vt 0 NaN
vt 0 NaN
vt 0 NaN
vt 0 NaN
vt 0 NaN
vt 0 NaN
vt 0 NaN
vt 0 NaN
vt 0 NaN
vt 0 NaN
vt 0 NaN
vt 0 NaN
vt 0 NaN
vt 0 NaN
vt 0 NaN
vt 0 NaN
vt 0 NaN
vt 0 NaN
vt 0 NaN
vt 0 NaN
vt 0 NaN
vt 0 NaN
vt 0 NaN
vt 0 NaN
vt 0 NaN
vt 0 NaN
vt 0 NaN
vt 0 NaN
vt 0 NaN
vt 0 NaN
vt 0 NaN
vt 0 NaN
vt 0 NaN
vt 0 NaN
vt 0 NaN
vt 0 NaN
vt 0 NaN
vt 0 NaN
vt 0 NaN
vt 0 NaN
vt 0 NaN
vt 0 NaN
vt 0 NaN
vt 0 NaN
vt 0 NaN
vt 0 NaN
vt 0 NaN
vt 0 NaN
vt 0 NaN
vt 0 NaN
vt 0 NaN
vt 0 NaN
vt 0 NaN
vt 0 NaN
vt 0 NaN
vt 0 NaN
vt 0 NaN
vt 0 NaN
vt 0 NaN
vt 0 NaN
vt 0 NaN
vt 0 NaN
vt 0 NaN
vt 0 NaN
vt 0 NaN
vt 0 NaN
vt 0 NaN
vt 0 NaN
vt 0 NaN
vt 0 NaN
vt 0 NaN
vt 0 NaN
vt 0 NaN
vt 0 NaN
vt 0 NaN
vt 0 NaN
vt 0 NaN
vt 0 NaN
vt 0 NaN
vt 0 NaN
vt 0 NaN
vt 0 NaN
vt 0 NaN
vt 0 NaN
vt 0 NaN
vt 0 NaN
vt 0 NaN
vt 0 NaN
vt 0 NaN
vt 0 NaN
vt 0 NaN
vt 0 NaN
vt 0 NaN
vt 0 NaN
vt 0 NaN
vt 0 NaN
vt 0 NaN
vt 0 NaN
vt 0 NaN
vt 0 NaN
vt 0 NaN
vt 0 NaN
vt 0 NaN
vt 0 NaN
vt 0 NaN
vt 0 NaN
vt 0 NaN
vt 0 NaN
vt 0 NaN
vt 0 NaN
vt 0 NaN
vt 0 NaN
vt 0 NaN
vt 0 NaN
vt 0 NaN
vt 0 NaN
vt 0 NaN
vt 0 NaN
vt 0 NaN
vt 0 NaN
vt 0 NaN
vt 0 NaN
vt 0 NaN
vt 0 NaN
vt 0 NaN
vt 0 NaN
vt 0 NaN
vt 0 NaN
vt 0 NaN
vt 0 NaN
vt 0 NaN
vt 0 NaN
vt 0 NaN
vt 0 NaN
vt 0 NaN
vt 0 NaN
vt 0 NaN
vt 0 NaN
vt 0 NaN
vt 0 NaN
vt 0 NaN
vt 0 NaN
vt 0 NaN
vt 0 NaN
vt 0 NaN
vt 0 NaN
vt 0 NaN
vt 0 NaN
vt 0 NaN
vt 0 NaN
vt 0 NaN
vt 0 NaN
vt 0 NaN
vt 0 NaN
vt 0 NaN
vt 0 NaN
vt 0 NaN
vt 0 NaN
vt 0 NaN
vt 0 NaN
vt 0 NaN
vt 0 NaN
vt 0 NaN
vt 0 NaN
vt 0 NaN
vt 0 NaN
vt 0 NaN
vt 0 NaN
vt 0 NaN
vt 0 NaN
vt 0 NaN
vt 0 NaN
vt 0 NaN
vt 0 NaN
vt 0 NaN
vt 0 NaN
vt 0 NaN
vt 0 NaN
vt 0 NaN
vt 0 NaN
vt 0 NaN
vt 0 NaN
vt 0 NaN
vt 0 NaN
vt 0 NaN
vt 0 NaN
vt 0 NaN
vt 0 NaN
vt 0 NaN
vt 0 NaN
vt 0 NaN
vt 0 NaN
vt 0 NaN
vt 0 NaN
vt 0 NaN
vt 0 NaN
vt 0 NaN
vt 0 NaN
vt 0 NaN
vt 0 NaN
vt 0 NaN
vt 0 NaN
vt 0 NaN
vt 0 NaN
vt 0 NaN
vt 0 NaN
vt 0 NaN
vt 0 NaN
vt 0 NaN
vt 0 NaN
vt 0 NaN
vt 0 NaN
vt 0 NaN
vt 0 NaN
vt 0 NaN
vt 0 NaN
vt 0 NaN
vt 0 NaN
vt 0 NaN
vt 0 NaN
vt 0 NaN
vt 0 NaN
vt 0 NaN
vt 0 NaN
vt 0 NaN
vt 0 NaN
vt 0 NaN
vt 0 NaN
vt 0 NaN
vt 0 NaN
vt 0 NaN
vt 0 NaN
vt 0 NaN
vt 0 NaN
vt 0 NaN
vt 0 NaN
vt 0 NaN
vt 0 NaN
vt 0 NaN
vt 0 NaN
vt 0 NaN
vt 0 NaN
vt 0 NaN
vt 0 NaN
vt 0 NaN
vt 0 NaN
vt 0 NaN
vt 0 NaN
vt 0 NaN
vt 0 NaN
vt 0 NaN
vt 0 NaN
vt 0 NaN
vt 0 NaN
vt 0 NaN
vt 0 NaN
vt 0 NaN
vt 0 NaN
vt 0 NaN
vt 0 NaN
vt 0 NaN
vt 0 NaN
vt 0 NaN
vt 0 NaN
vt 0 NaN
vt 0 NaN
vt 0 NaN
vt 0 NaN
vt 0 NaN
vt 0 NaN
vt 0 NaN
vt 0 NaN
vt 0 NaN
vt 0 NaN
vt 0 NaN
vt 0 NaN
vt 0 NaN
vt 0 NaN
vt 0 NaN
vt 0 NaN
vt 0 NaN
vt 0 NaN
vt 0 NaN
vt 0 NaN
vt 0 NaN
vt 0 NaN
vt 0 NaN
vt 0 NaN
vt 0 NaN
vt 0 NaN
vt 0 NaN
vt 0 NaN
vt 0 NaN
vt 0 NaN
vt 0 NaN
vt 0 NaN
vt 0 NaN
vt 0 NaN
vt 0 NaN
vt 0 NaN
vt 0 NaN
vt 0 NaN
vt 0 NaN
vt 0 NaN
vt 0 NaN
vt 0 NaN
vt 0 NaN
vt 0 NaN
vt 0 NaN
vt 0 NaN
vt 0 NaN
vt 0 NaN
vt 0 NaN
vt 0 NaN
vt 0 NaN
vt 0 NaN
vt 0 NaN
vt 0 NaN
vt 0 NaN
vt 0 NaN
vt 0 NaN
vt 0 NaN
vt 0 NaN
vt 0 NaN
vt 0 NaN
vt 0 NaN
vt 0 NaN
vt 0 NaN
vt 0 NaN
vt 0 NaN
vt 0 NaN
vt 0 NaN
vt 0 NaN
vt 0 NaN
vt 0 NaN
vt 0 NaN
vt 0 NaN
vt 0 NaN
vt 0 NaN
vt 0 NaN
vt 0 NaN
vt 0 NaN
vt 0 NaN
vt 0 NaN
vt 0 NaN
vt 0 NaN
vt 0 NaN
vt 0 NaN
vt 0 NaN
vt 0 NaN
vt 0 NaN
vt 0 NaN
vt 0 NaN
vt 0 NaN
vt 0 NaN
vt 0 NaN
vt 0 NaN
vt 0 NaN
vt 0 NaN
vt 0 NaN
vt 0 NaN
vt 0 NaN
vt 0 NaN
vt 0 NaN
vt 0 NaN
vt 0 NaN
vt 0 NaN
vt 0 NaN
vt 0 NaN
vt 0 NaN
vt 0 NaN
vt 0 NaN
vt 0 NaN
vt 0 NaN
vt 0 NaN
vt 0 NaN
vt 0 NaN
vt 0 NaN
vt 0 NaN
vt 0 NaN
vt 0 NaN
vt 0 NaN
vt 0 NaN
vt 0 NaN
vt 0 NaN
vt 0 NaN
vt 0 NaN
vt 0 NaN
vt 0 NaN
vt 0 NaN
vt 0 NaN
vt 0 NaN
vt 0 NaN
vt 0 NaN
vt 0 NaN
vt 0 NaN
vt 0 NaN
vt 0 NaN
vt 0 NaN
vt 0 NaN
vt 0 NaN
vt 0 NaN
vt 0 NaN
vt 0 NaN
vt 0 NaN
vt 0 NaN
vt 0 NaN
vt 0 NaN
vt 0 NaN
vt 0 NaN
vt 0 NaN
vt 0 NaN
vt 0 NaN
vt 0 NaN
vt 0 NaN
vt 0 NaN
vt 0 NaN
vt 0 NaN
vt 0 NaN
vt 0 NaN
vt 0 NaN
vt 0 NaN
vt 0 NaN
vt 0 NaN
vt 0 NaN
vt 0 NaN
vt 0 NaN
vt 0 NaN
vt 0 NaN
vt 0 NaN
vt 0 NaN
vt 0 NaN
vt 0 NaN
vt 0 NaN
vt 0 NaN
vt 0 NaN
vt 0 NaN
vt 0 NaN
vt 0 NaN
vt 0 NaN
vt 0 NaN
vt 0 NaN
vt 0 NaN
vt 0 NaN
vt 0 NaN
vt 0 NaN
vt 0 NaN
vt 0 NaN
vt 0 NaN
vt 0 NaN
vt 0 NaN
vt 0 NaN
vt 0 NaN
vt 0 NaN
vt 0 NaN
vt 0 NaN
vt 0 NaN
vt 0 NaN
vt 0 NaN
vt 0 NaN
vt 0 NaN
vt 0 NaN
vt 0 NaN
vt 0 NaN
vt 0 NaN
vt 0 NaN
vt 0 NaN
vt 0 NaN
vt 0 NaN
vt 0 NaN
vt 0 NaN
vt 0 NaN
vt 0 NaN
vt 0 NaN
vt 0 NaN
vt 0 NaN
vt 0 NaN
vt 0 NaN
vt 0 NaN
vt 0 NaN
vt 0 NaN
vt 0 NaN
vt 0 NaN
vt 0 NaN
vt 0 NaN
vt 0 NaN
vt 0 NaN
vt 0 NaN
vt 0 NaN
vt 0 NaN
vt 0 NaN
vt 0 NaN
vt 0 NaN
vt 0 NaN
vt 0 NaN
vt 0 NaN
vt 0 NaN
vt 0 NaN
vt 0 NaN
vt 0 NaN
vt 0 NaN
vt 0 NaN
vt 0 NaN
vt 0 NaN
vt 0 NaN
vt 0 NaN
vt 0 NaN
vt 0 NaN
vt 0 NaN
vt 0 NaN
vt 0 NaN
vt 0 NaN
vt 0 NaN
vt 0 NaN
vt 0 NaN
vt 0 NaN
vt 0 NaN
vt 0 NaN
vt 0 NaN
vt 0 NaN
vt 0 NaN
vt 0 NaN
vt 0 NaN
vt 0 NaN
vt 0 NaN
vt 0 NaN
vt 0 NaN
vt 0 NaN
vt 0 NaN
vt 0 NaN
vt 0 NaN
vt 0 NaN
vt 0 NaN
vt 0 NaN
vt 0 NaN
vt 0 NaN
vt 0 NaN
vt 0 NaN
vt 0 NaN
vt 0 NaN
vt 0 NaN
vt 0 NaN
vt 0 NaN
vt 0 NaN
vt 0 NaN
vt 0 NaN
vt 0 NaN
vt 0 NaN
vt 0 NaN
vt 0 NaN
vt 0 NaN
vt 0 NaN
vt 0 NaN
vt 0 NaN
vt 0 NaN
vt 0 NaN
vt 0 NaN
vt 0 NaN
vt 0 NaN
vt 0 NaN
vt 0 NaN
vt 0 NaN
vt 0 NaN
vt 0 NaN
vt 0 NaN
vt 0 NaN
vt 0 NaN
vt 0 NaN
vt 0 NaN
vt 0 NaN
vt 0 NaN
vt 0 NaN
vt 0 NaN
vt 0 NaN
vt 0 NaN
vt 0 NaN
vt 0 NaN
vt 0 NaN
vt 0 NaN
vt 0 NaN
vt 0 NaN
vt 0 NaN
vt 0 NaN
vt 0 NaN
vt 0 NaN
vt 0 NaN
vt 0 NaN
vt 0 NaN
vt 0 NaN
vt 0 NaN
vt 0 NaN
vt 0 NaN
vt 0 NaN
vt 0 NaN
vt 0 NaN
vt 0 NaN
vt 0 NaN
vt 0 NaN
vt 0 NaN
vt 0 NaN
vt 0 NaN
vt 0 NaN
vt 0 NaN
vt 0 NaN
vt 0 NaN
vt 0 NaN
vt 0 NaN
vt 0 NaN
vt 0 NaN
vt 0 NaN
vt 0 NaN
vt 0 NaN
vt 0 NaN
vt 0 NaN
vt 0 NaN
vt 0 NaN
vt 0 NaN
vt 0 NaN
vt 0 NaN
vt 0 NaN
vt 0 NaN
vt 0 NaN
vt 0 NaN
vt 0 NaN
vt 0 NaN
vt 0 NaN
vt 0 NaN
vt 0 NaN
vt 0 NaN
vt 0 NaN
vt 0 NaN
vt 0 NaN
vt 0 NaN
vt 0 NaN
vt 0 NaN
vt 0 NaN
vt 0 NaN
vt 0 NaN
vt 0 NaN
vt 0 NaN
vt 0 NaN
vt 0 NaN
vt 0 NaN
vt 0 NaN
vt 0 NaN
vt 0 NaN
vt 0 NaN
vt 0 NaN
vt 0 NaN
vt 0 NaN
vt 0 NaN
vt 0 NaN
vt 0 NaN
vt 0 NaN
vt 0 NaN
vt 0 NaN
vt 0 NaN
vt 0 NaN
vt 0 NaN
vt 0 NaN
vt 0 NaN
vt 0 NaN
vt 0 NaN
vt 0 NaN
vt 0 NaN
vt 0 NaN
vt 0 NaN
vt 0 NaN
vt 0 NaN
vt 0 NaN
vt 0 NaN
vt 0 NaN
vt 0 NaN
vt 0 NaN
vt 0 NaN
vt 0 NaN
vt 0 NaN
vt 0 NaN
vt 0 NaN
vt 0 NaN
vt 0 NaN
vt 0 NaN
vt 0 NaN
vt 0 NaN
vt 0 NaN
vt 0 NaN
vt 0 NaN
vt 0 NaN
vt 0 NaN
vt 0 NaN
vt 0 NaN
vt 0 NaN
vt 0 NaN
vt 0 NaN
vt 0 NaN
vt 0 NaN
vt 0 NaN
vt 0 NaN
vt 0 NaN
vt 0 NaN
vt 0 NaN
vt 0 NaN
vt 0 NaN
vt 0 NaN
vt 0 NaN
vt 0 NaN
vt 0 NaN
vt 0 NaN
vt 0 NaN
vt 0 NaN
vt 0 NaN
vt 0 NaN
vt 0 NaN
vt 0 NaN
vt 0 NaN
vt 0 NaN
vt 0 NaN
vt 0 NaN
vt 0 NaN
vt 0 NaN
vt 0 NaN
vt 0 NaN
vt 0 NaN
vt 0 NaN
vt 0 NaN
vt 0 NaN
vt 0 NaN
vt 0 NaN
vt 0 NaN
vt 0 NaN
vt 0 NaN
vt 0 NaN
vt 0 NaN
vt 0 NaN
vt 0 NaN
vt 0 NaN
vt 0 NaN
vt 0 NaN
vt 0 NaN
vt 0 NaN
vt 0 NaN
vt 0 NaN
vt 0 NaN
vt 0 NaN
vt 0 NaN
vt 0 NaN
vt 0 NaN
vt 0 NaN
vt 0 NaN
vt 0 NaN
vt 0 NaN
vt 0 NaN
vt 0 NaN
vt 0 NaN
vt 0 NaN
vt 0 NaN
vt 0 NaN
vt 0 NaN
vt 0 NaN
vt 0 NaN
vt 0 NaN
vt 0 NaN
vt 0 NaN
vt 0 NaN
vt 0 NaN
vt 0 NaN
vt 0 NaN
vt 0 NaN
vt 0 NaN
vt 0 NaN
vt 0 NaN
vt 0 NaN
vt 0 NaN
vt 0 NaN
vt 0 NaN
vt 0 NaN
vt 0 NaN
vt 0 NaN
vt 0 NaN
vt 0 NaN
vt 0 NaN
vt 0 NaN
vt 0 NaN
vt 0 NaN
vt 0 NaN
vt 0 NaN
vt 0 NaN
vt 0 NaN
vt 0 NaN
vt 0 NaN
vt 0 NaN
vt 0 NaN
vt 0 NaN
vt 0 NaN
vt 0 NaN
vt 0 NaN
vt 0 NaN
vt 0 NaN
vt 0 NaN
vt 0 NaN
vt 0 NaN
vt 0 NaN
vt 0 NaN
vt 0 NaN
vt 0 NaN
vt 0 NaN
vt 0 NaN
vt 0 NaN
vt 0 NaN
vt 0 NaN
vt 0 NaN
vt 0 NaN
vt 0 NaN
vt 0 NaN
vt 0 NaN
vt 0 NaN
vt 0 NaN
vt 0 NaN
vt 0 NaN
vt 0 NaN
vt 0 NaN
vt 0 NaN
vt 0 NaN
vt 0 NaN
vt 0 NaN
vt 0 NaN
vt 0 NaN
vt 0 NaN
vt 0 NaN
vt 0 NaN
vt 0 NaN
vt 0 NaN
vt 0 NaN
vt 0 NaN
vt 0 NaN
vt 0 NaN
vt 0 NaN
vt 0 NaN
vt 0 NaN
vt 0 NaN
vt 0 NaN
vt 0 NaN
vt 0 NaN
vt 0 NaN
vt 0 NaN
vt 0 NaN
vt 0 NaN
vt 0 NaN
vt 0 NaN
vt 0 NaN
vt 0 NaN
vt 0 NaN
vt 0 NaN
vt 0 NaN
vt 0 NaN
vt 0 NaN
vt 0 NaN
vt 0 NaN
vt 0 NaN
vt 0 NaN
vt 0 NaN
vt 0 NaN
vt 0 NaN
vt 0 NaN
vt 0 NaN
vt 0 NaN
vt 0 NaN
vt 0 NaN
vt 0 NaN
vt 0 NaN
vt 0 NaN
vt 0 NaN
vt 0 NaN
vt 0 NaN
vt 0 NaN
vt 0 NaN
vt 0 NaN
vt 0 NaN
vt 0 NaN
vt 0 NaN
vt 0 NaN
vt 0 NaN
vt 0 NaN
vt 0 NaN
vt 0 NaN
vt 0 NaN
vt 0 NaN
vt 0 NaN
vt 0 NaN
vt 0 NaN
vt 0 NaN
vt 0 NaN
vt 0 NaN
vt 0 NaN
vt 0 NaN
vt 0 NaN
vt 0 NaN
vt 0 NaN
vt 0 NaN
vt 0 NaN
vt 0 NaN
vt 0 NaN
vt 0 NaN
vt 0 NaN
vt 0 NaN
vt 0 NaN
vt 0 NaN
vt 0 NaN
vt 0 NaN
vt 0 NaN
vt 0 NaN
vt 0 NaN
vt 0 NaN
vt 0 NaN
vt 0 NaN
vt 0 NaN
vt 0 NaN
vt 0 NaN
vt 0 NaN
vt 0 NaN
vt 0 NaN
vt 0 NaN
vt 0 NaN
vt 0 NaN
vt 0 NaN
vt 0 NaN
vt 0 NaN
vt 0 NaN
vt 0 NaN
vt 0 NaN
vt 0 NaN
vt 0 NaN
vt 0 NaN
vt 0 NaN
vt 0 NaN
vt 0 NaN
vt 0 NaN
vt 0 NaN
vt 0 NaN
vt 0 NaN
vt 0 NaN
vt 0 NaN
vt 0 NaN
vt 0 NaN
vt 0 NaN
vt 0 NaN
vt 0 NaN
vt 0 NaN
vt 0 NaN
vt 0 NaN
vt 0 NaN
vt 0 NaN
vt 0 NaN
vt 0 NaN
vt 0 NaN
vt 0 NaN
vt 0 NaN
vt 0 NaN
vt 0 NaN
vt 0 NaN
vt 0 NaN
vt 0 NaN
vt 0 NaN
vt 0 NaN
vt 0 NaN
vt 0 NaN
vt 0 NaN
vt 0 NaN
vt 0 NaN
vt 0 NaN
vt 0 NaN
vt 0 NaN
vt 0 NaN
vt 0 NaN
vt 0 NaN
vt 0 NaN
vt 0 NaN
vt 0 NaN
vt 0 NaN
vt 0 NaN
vt 0 NaN
vt 0 NaN
vt 0 NaN
vt 0 NaN
vt 0 NaN
vt 0 NaN
vt 0 NaN
vt 0 NaN
vt 0 NaN
vt 0 NaN
vt 0 NaN
vt 0 NaN
vt 0 NaN
vt 0 NaN
vt 0 NaN
vt 0 NaN
vt 0 NaN
vt 0 NaN
vt 0 NaN
vt 0 NaN
vt 0 NaN
vt 0 NaN
vt 0 NaN
vt 0 NaN
vt 0 NaN
vt 0 NaN
vt 0 NaN
vt 0 NaN
vt 0 NaN
vt 0 NaN
vt 0 NaN
vt 0 NaN
vt 0 NaN
vt 0 NaN
vt 0 NaN
vt 0 NaN
vt 0 NaN
vt 0 NaN
vt 0 NaN
vt 0 NaN
vt 0 NaN
vt 0 NaN
vt 0 NaN
vt 0 NaN
vt 0 NaN
vt 0 NaN
vt 0 NaN
vt 0 NaN
vt 0 NaN
vt 0 NaN
vt 0 NaN
vt 0 NaN
vt 0 NaN
vt 0 NaN
vt 0 NaN
vt 0 NaN
vt 0 NaN
vt 0 NaN
vt 0 NaN
vt 0 NaN
vt 0 NaN
vt 0 NaN
vt 0 NaN
vt 0 NaN
vt 0 NaN
vt 0 NaN
vt 0 NaN
vt 0 NaN
vt 0 NaN
vt 0 NaN
vt 0 NaN
vt 0 NaN
vt 0 NaN
vt 0 NaN
vt 0 NaN
vt 0 NaN
vt 0 NaN
vt 0 NaN
vt 0 NaN
vt 0 NaN
vt 0 NaN
vt 0 NaN
vt 0 NaN
vt 0 NaN
vt 0 NaN
vt 0 NaN
vt 0 NaN
vt 0 NaN
vt 0 NaN
vt 0 NaN
vt 0 NaN
vt 0 NaN
vt 0 NaN
vt 0 NaN
vt 0 NaN
vt 0 NaN
vt 0 NaN
vt 0 NaN
vt 0 NaN
vt 0 NaN
vt 0 NaN
vt 0 NaN
vt 0 NaN
vt 0 NaN
vt 0 NaN
vt 0 NaN
vt 0 NaN
vt 0 NaN
vt 0 NaN
vt 0 NaN
vt 0 NaN
vt 0 NaN
vt 0 NaN
vt 0 NaN
vt 0 NaN
vt 0 NaN
vt 0 NaN
vt 0 NaN
vt 0 NaN
vt 0 NaN
vt 0 NaN
vt 0 NaN
vt 0 NaN
vt 0 NaN
vt 0 NaN
vt 0 NaN
vt 0 NaN
vt 0 NaN
vt 0 NaN
vt 0 NaN
vt 0 NaN
vt 0 NaN
vt 0 NaN
vt 0 NaN
vt 0 NaN
vt 0 NaN
vt 0 NaN
vt 0 NaN
vt 0 NaN
vt 0 NaN
vt 0 NaN
vt 0 NaN
vt 0 NaN
vt 0 NaN
vt 0 NaN
vt 0 NaN
vt 0 NaN
vt 0 NaN
vt 0 NaN
vt 0 NaN
vt 0 NaN
vt 0 NaN
vt 0 NaN
vt 0 NaN
vt 0 NaN
vt 0 NaN
vt 0 NaN
vt 0 NaN
vt 0 NaN
vt 0 NaN
vt 0 NaN
vt 0 NaN
vt 0 NaN
vt 0 NaN
vt 0 NaN
vt 0 NaN
vt 0 NaN
vt 0 NaN
vt 0 NaN
vt 0 NaN
vt 0 NaN
vt 0 NaN
vt 0 NaN
vt 0 NaN
vt 0 NaN
vt 0 NaN
vt 0 NaN
vt 0 NaN
vt 0 NaN
vt 0 NaN
vt 0 NaN
vt 0 NaN
vt 0 NaN
vt 0 NaN
vt 0 NaN
vt 0 NaN
vt 0 NaN
vt 0 NaN
vt 0 NaN
vt 0 NaN
vt 0 NaN
vt 0 NaN
vt 0 NaN
vt 0 NaN
vt 0 NaN
vt 0 NaN
vt 0 NaN
vt 0 NaN
vt 0 NaN
vt 0 NaN
vt 0 NaN
vt 0 NaN
vt 0 NaN
vt 0 NaN
vt 0 NaN
vt 0 NaN
vt 0 NaN
vt 0 NaN
vt 0 NaN
vt 0 NaN
vt 0 NaN
vt 0 NaN
vt 0 NaN
vt 0 NaN
vt 0 NaN
vt 0 NaN
vt 0 NaN
vt 0 NaN
vt 0 NaN
vt 0 NaN
vt 0 NaN
vt 0 NaN
vt 0 NaN
vt 0 NaN
vt 0 NaN
vt 0 NaN
vt 0 NaN
vt 0 NaN
vt 0 NaN
vt 0 NaN
vt 0 NaN
vt 0 NaN
vt 0 NaN
vt 0 NaN
vt 0 NaN
vt 0 NaN
vt 0 NaN
vt 0 NaN
vt 0 NaN
vt 0 NaN
vt 0 NaN
vt 0 NaN
vt 0 NaN
vt 0 NaN
vt 0 NaN
vt 0 NaN
vt 0 NaN
vt 0 NaN
vt 0 NaN
vt 0 NaN
vt 0 NaN
vt 0 NaN
vt 0 NaN
vt 0 NaN
vt 0 NaN
vt 0 NaN
vt 0 NaN
vt 0 NaN
vt 0 NaN
vt 0 NaN
vt 0 NaN
vt 0 NaN
vt 0 NaN
vt 0 NaN
vt 0 NaN
vt 0 NaN
vt 0 NaN
vt 0 NaN
vt 0 NaN
vt 0 NaN
vt 0 NaN
vt 0 NaN
vt 0 NaN
vt 0 NaN
vt 0 NaN
vt 0 NaN
vt 0 NaN
vt 0 NaN
vt 0 NaN
vt 0 NaN
vt 0 NaN
vt 0 NaN
vt 0 NaN
vt 0 NaN
vt 0 NaN
vt 0 NaN
vt 0 NaN
vt 0 NaN
vt 0 NaN
vt 0 NaN
vt 0 NaN
vt 0 NaN
vt 0 NaN
vt 0 NaN
vt 0 NaN
vt 0 NaN
vt 0 NaN
vt 0 NaN
vt 0 NaN
vt 0 NaN
vt 0 NaN
vt 0 NaN
vt 0 NaN
vt 0 NaN
vt 0 NaN
vt 0 NaN
vt 0 NaN
vt 0 NaN
vt 0 NaN
vt 0 NaN
vt 0 NaN
vt 0 NaN
vt 0 NaN
vt 0 NaN
vt 0 NaN
vt 0 NaN
vt 0 NaN
vt 0 NaN
vt 0 NaN
vt 0 NaN
vt 0 NaN
vt 0 NaN
vt 0 NaN
vt 0 NaN
vt 0 NaN
vt 0 NaN
vt 0 NaN
vt 0 NaN
vt 0 NaN
vt 0 NaN
vt 0 NaN
vt 0 NaN
vt 0 NaN
vt 0 NaN
vt 0 NaN
vt 0 NaN
vt 0 NaN
vt 0 NaN
vt 0 NaN
vt 0 NaN
vt 0 NaN
vt 0 NaN
vt 0 NaN
vt 0 NaN
vt 0 NaN
vt 0 NaN
vt 0 NaN
vt 0 NaN
vt 0 NaN
vt 0 NaN
vt 0 NaN
vt 0 NaN
vt 0 NaN
vt 0 NaN
vt 0 NaN
vt 0 NaN
vt 0 NaN
vt 0 NaN
vt 0 NaN
vt 0 NaN
vt 0 NaN
vt 0 NaN
vt 0 NaN
vt 0 NaN
vt 0 NaN
vt 0 NaN
vt 0 NaN
vt 0 NaN
vt 0 NaN
vt 0 NaN
vt 0 NaN
vt 0 NaN
vt 0 NaN
vt 0 NaN
vt 0 NaN
vt 0 NaN
vt 0 NaN
vt 0 NaN
vt 0 NaN
vt 0 NaN
vt 0 NaN
vt 0 NaN
vt 0 NaN
vt 0 NaN
vt 0 NaN
vt 0 NaN
vt 0 NaN
vt 0 NaN
vt 0 NaN
vt 0 NaN
vt 0 NaN
vt 0 NaN
vt 0 NaN
vt 0 NaN
vt 0 NaN
vt 0 NaN
vt 0 NaN
vt 0 NaN
vt 0 NaN
vt 0 NaN
vt 0 NaN
vt 0 NaN
vt 0 NaN
vt 0 NaN
vt 0 NaN
vt 0 NaN
vt 0 NaN
vt 0 NaN
vt 0 NaN
vt 0 NaN
vt 0 NaN
vt 0 NaN
vt 0 NaN
vt 0 NaN
vt 0 NaN
vt 0 NaN
vt 0 NaN
vt 0 NaN
vt 0 NaN
vt 0 NaN
vt 0 NaN
vt 0 NaN
vt 0 NaN
vt 0 NaN
vt 0 NaN
vt 0 NaN
vt 0 NaN
vt 0 NaN
vt 0 NaN
vt 0 NaN
vt 0 NaN
vt 0 NaN
vt 0 NaN
vt 0 NaN
vt 0 NaN
vt 0 NaN
vt 0 NaN
vt 0 NaN
vt 0 NaN
vt 0 NaN
vt 0 NaN
vt 0 NaN
vt 0 NaN
vt 0 NaN
vt 0 NaN
vt 0 NaN
vt 0 NaN
vt 0 NaN
vt 0 NaN
vt 0 NaN
vt 0 NaN
vt 0 NaN
vt 0 NaN
vt 0 NaN
vt 0 NaN
vt 0 NaN
vt 0 NaN
vt 0 NaN
vt 0 NaN
vt 0 NaN
vt 0 NaN
vt 0 NaN
vt 0 NaN
vt 0 NaN
vt 0 NaN
vt 0 NaN
vt 0 NaN
vt 0 NaN
vt 0 NaN
vt 0 NaN
vt 0 NaN
vt 0 NaN
vt 0 NaN
vt 0 NaN
vt 0 NaN
vt 0 NaN
vt 0 NaN
vt 0 NaN
vt 0 NaN
vt 0 NaN
vt 0 NaN
vt 0 NaN
vt 0 NaN
vt 0 NaN
vt 0 NaN
vt 0 NaN
vt 0 NaN
vt 0 NaN
vt 0 NaN
vt 0 NaN
vt 0 NaN
vt 0 NaN
vt 0 NaN
vt 0 NaN
vt 0 NaN
vt 0 NaN
vt 0 NaN
vt 0 NaN
vt 0 NaN
vt 0 NaN
vt 0 NaN
vt 0 NaN
vt 0 NaN
vt 0 NaN
vt 0 NaN
vt 0 NaN
vt 0 NaN
vt 0 NaN
vt 0 NaN
vt 0 NaN
vt 0 NaN
vt 0 NaN
vt 0 NaN
vt 0 NaN
vt 0 NaN
vt 0 NaN
vt 0 NaN
vt 0 NaN
vt 0 NaN
vt 0 NaN
vt 0 NaN
vt 0 NaN
vt 0 NaN
vt 0 NaN
vt 0 NaN
vt 0 NaN
vt 0 NaN
vt 0 NaN
vt 0 NaN
vt 0 NaN
vt 0 NaN
vt 0 NaN
vt 0 NaN
vt 0 NaN
vt 0 NaN
vt 0 NaN
vt 0 NaN
vt 0 NaN
vt 0 NaN
vt 0 NaN
vt 0 NaN
vt 0 NaN
vt 0 NaN
vt 0 NaN
vt 0 NaN
vt 0 NaN
vt 0 NaN
vt 0 NaN
vt 0 NaN
vt 0 NaN
vt 0 NaN
vt 0 NaN
vt 0 NaN
vt 0 NaN
vt 0 NaN
vt 0 NaN
vt 0 NaN
vt 0 NaN
vt 0 NaN
vt 0 NaN
vt 0 NaN
vt 0 NaN
vt 0 NaN
vt 0 NaN
vt 0 NaN
vt 0 NaN
vt 0 NaN
vt 0 NaN
vt 0 NaN
vt 0 NaN
vt 0 NaN
vt 0 NaN
vt 0 NaN
vt 0 NaN
vt 0 NaN
vt 0 NaN
vt 0 NaN
vt 0 NaN
vt 0 NaN
vt 0 NaN
vt 0 NaN
vt 0 NaN
vt 0 NaN
vt 0 NaN
vt 0 NaN
vt 0 NaN
vt 0 NaN
vt 0 NaN
vt 0 NaN
vt 0 NaN
vt 0 NaN
vt 0 NaN
vt 0 NaN
vt 0 NaN
vt 0 NaN
vt 0 NaN
vt 0 NaN
vt 0 NaN
vt 0 NaN
vt 0 NaN
vt 0 NaN
vt 0 NaN
vt 0 NaN
vt 0 NaN
vt 0 NaN
vt 0 NaN
vt 0 NaN
vt 0 NaN
vt 0 NaN
vt 0 NaN
vt 0 NaN
vt 0 NaN
vt 0 NaN
vt 0 NaN
vt 0 NaN
vt 0 NaN
vt 0 NaN
vt 0 NaN
vt 0 NaN
vt 0 NaN
vt 0 NaN
vt 0 NaN
vt 0 NaN
vt 0 NaN
vt 0 NaN
vt 0 NaN
vt 0 NaN
vt 0 NaN
vt 0 NaN
vt 0 NaN
vt 0 NaN
vt 0 NaN
vt 0 NaN
vt 0 NaN
vt 0 NaN
vt 0 NaN
vt 0 NaN
vt 0 NaN
vt 0 NaN
vt 0 NaN
vt 0 NaN
vt 0 NaN
vt 0 NaN
vt 0 NaN
vt 0 NaN
vt 0 NaN
vt 0 NaN
vt 0 NaN
vt 0 NaN
vt 0 NaN
vt 0 NaN
vt 0 NaN
vt 0 NaN
vt 0 NaN
vt 0 NaN
vt 0 NaN
vt 0 NaN
vt 0 NaN
vt 0 NaN
vt 0 NaN
vt 0 NaN
vt 0 NaN
vt 0 NaN
vt 0 NaN
vt 0 NaN
vt 0 NaN
vt 0 NaN
vt 0 NaN
vt 0 NaN
vt 0 NaN
vt 0 NaN
vt 0 NaN
vt 0 NaN
vt 0 NaN
vt 0 NaN
vt 0 NaN
vt 0 NaN
vt 0 NaN
vt 0 NaN
vt 0 NaN
vt 0 NaN
vt 0 NaN
vt 0 NaN
vt 0 NaN
vt 0 NaN
vt 0 NaN
vt 0 NaN
vt 0 NaN
vt 0 NaN
vt 0 NaN
vt 0 NaN
vt 0 NaN
vt 0 NaN
vt 0 NaN
vt 0 NaN
vt 0 NaN
vt 0 NaN
vt 0 NaN
vt 0 NaN
vt 0 NaN
vt 0 NaN
vt 0 NaN
vt 0 NaN
vt 0 NaN
vt 0 NaN
vt 0 NaN
vt 0 NaN
vt 0 NaN
vt 0 NaN
vt 0 NaN
vt 0 NaN
vt 0 NaN
vt 0 NaN
vt 0 NaN
vt 0 NaN
vt 0 NaN
vt 0 NaN
vt 0 NaN
vt 0 NaN
vt 0 NaN
vt 0 NaN
vt 0 NaN
vt 0 NaN
vt 0 NaN
vt 0 NaN
vt 0 NaN
vt 0 NaN
vt 0 NaN
vt 0 NaN
vt 0 NaN
vt 0 NaN
vt 0 NaN
vt 0 NaN
vt 0 NaN
vt 0 NaN
vt 0 NaN
vt 0 NaN
vt 0 NaN
vt 0 NaN
vt 0 NaN
vt 0 NaN
vt 0 NaN
vt 0 NaN
vt 0 NaN
vt 0 NaN
vt 0 NaN
vt 0 NaN
vt 0 NaN
vt 0 NaN
vt 0 NaN
vt 0 NaN
vt 0 NaN
vt 0 NaN
vt 0 NaN
vt 0 NaN
vt 0 NaN
vt 0 NaN
vt 0 NaN
vt 0 NaN
vt 0 NaN
vt 0 NaN
vt 0 NaN
vt 0 NaN
vt 0 NaN
vt 0 NaN
vt 0 NaN
vt 0 NaN
vt 0 NaN
vt 0 NaN
vt 0 NaN
vt 0 NaN
vt 0 NaN
vt 0 NaN
vt 0 NaN
vt 0 NaN
vt 0 NaN
vt 0 NaN
vt 0 NaN
vt 0 NaN
vt 0 NaN
vt 0 NaN
vt 0 NaN
vt 0 NaN
vt 0 NaN
vt 0 NaN
vt 0 NaN
vt 0 NaN

usemtl color23

f 3/3/1 2/2/1 1/1/1
f 2/3/1 3/2/1 4/1/1
f 5/3/2 3/2/2 1/1/2
f 3/3/2 5/2/2 6/1/2
f 7/5/3 2/5/3 4/4/3
f 2/5/3 7/5/3 8/6/3
f 7/5/4 5/5/4 8/7/4
f 5/5/4 7/5/4 6/8/4
f 5/5/5 2/5/5 8/9/5
f 2/5/5 5/5/5 1/10/5
f 3/2/6 7/3/6 4/11/6
f 7/3/6 3/2/6 6/1/6
f 3/3/1 2/2/1 1/1/1
f 2/3/1 3/2/1 4/1/1
f 5/3/2 3/2/2 1/1/2
f 3/3/2 5/2/2 6/1/2
f 7/5/3 2/5/3 4/4/3
f 2/5/3 7/5/3 8/6/3
f 7/5/4 5/5/4 8/7/4
f 5/5/4 7/5/4 6/8/4
f 5/5/5 2/5/5 8/9/5
f 2/5/5 5/5/5 1/10/5
f 3/2/6 7/3/6 4/11/6
f 7/3/6 3/2/6 6/1/6
f 11/3/1 10/2/1 9/1/1
f 10/3/1 11/2/1 12/1/1
f 13/3/2 11/2/2 9/1/2
f 11/3/2 13/2/2 14/1/2
f 15/5/3 10/5/3 12/12/3
f 10/5/3 15/5/3 16/13/3
f 15/5/4 13/5/4 16/14/4
f 13/5/4 15/5/4 14/15/4
f 13/5/5 10/5/5 16/16/5
f 10/5/5 13/5/5 9/17/5
f 11/2/6 15/3/6 12/11/6
f 15/3/6 11/2/6 14/1/6
f 19/3/1 18/2/1 17/1/1
f 18/3/1 19/2/1 20/1/1
f 21/3/2 19/2/2 17/1/2
f 19/3/2 21/2/2 22/1/2
f 23/5/3 18/5/3 20/18/3
f 18/5/3 23/5/3 24/19/3
f 23/5/4 21/5/4 24/20/4
f 21/5/4 23/5/4 22/21/4
f 21/5/5 18/5/5 24/22/5
f 18/5/5 21/5/5 17/23/5
f 19/2/6 23/3/6 20/11/6
f 23/3/6 19/2/6 22/1/6
f 27/3/1 26/2/1 25/1/1
f 26/3/1 27/2/1 28/1/1
f 29/3/2 27/2/2 25/1/2
f 27/3/2 29/2/2 30/1/2
f 31/5/3 26/5/3 28/24/3
f 26/5/3 31/5/3 32/25/3
f 31/5/4 29/5/4 32/26/4
f 29/5/4 31/5/4 30/27/4
f 29/5/5 26/5/5 32/28/5
f 26/5/5 29/5/5 25/29/5
f 27/2/6 31/3/6 28/11/6
f 31/3/6 27/2/6 30/1/6
f 35/3/1 34/2/1 33/1/1
f 34/3/1 35/2/1 36/1/1
f 37/3/2 35/2/2 33/1/2
f 35/3/2 37/2/2 38/1/2
f 39/5/3 34/5/3 36/30/3
f 34/5/3 39/5/3 40/31/3
f 39/5/4 37/5/4 40/32/4
f 37/5/4 39/5/4 38/33/4
f 37/5/5 34/5/5 40/34/5
f 34/5/5 37/5/5 33/35/5
f 35/2/6 39/3/6 36/11/6
f 39/3/6 35/2/6 38/1/6
f 43/3/1 42/2/1 41/1/1
f 42/3/1 43/2/1 44/1/1
f 45/3/2 43/2/2 41/1/2
f 43/3/2 45/2/2 46/1/2
f 47/5/3 42/5/3 44/36/3
f 42/5/3 47/5/3 48/37/3
f 47/5/4 45/5/4 48/38/4
f 45/5/4 47/5/4 46/39/4
f 45/5/5 42/5/5 48/40/5
f 42/5/5 45/5/5 41/41/5
f 43/2/6 47/3/6 44/11/6
f 47/3/6 43/2/6 46/1/6
f 51/3/1 50/2/1 49/1/1
f 50/3/1 51/2/1 52/1/1
f 53/3/2 51/2/2 49/1/2
f 51/3/2 53/2/2 54/1/2
f 55/5/3 50/5/3 52/42/3
f 50/5/3 55/5/3 56/43/3
f 55/5/4 53/5/4 56/44/4
f 53/5/4 55/5/4 54/45/4
f 53/5/5 50/5/5 56/46/5
f 50/5/5 53/5/5 49/47/5
f 51/2/6 55/3/6 52/11/6
f 55/3/6 51/2/6 54/1/6
f 59/3/1 58/2/1 57/1/1
f 58/3/1 59/2/1 60/1/1
f 61/3/2 59/2/2 57/1/2
f 59/3/2 61/2/2 62/1/2
f 63/5/3 58/5/3 60/48/3
f 58/5/3 63/5/3 64/49/3
f 63/5/4 61/5/4 64/50/4
f 61/5/4 63/5/4 62/51/4
f 61/5/5 58/5/5 64/52/5
f 58/5/5 61/5/5 57/53/5
f 59/2/6 63/3/6 60/11/6
f 63/3/6 59/2/6 62/1/6
f 67/3/1 66/2/1 65/1/1
f 66/3/1 67/2/1 68/1/1
f 69/3/2 67/2/2 65/1/2
f 67/3/2 69/2/2 70/1/2
f 71/5/3 66/5/3 68/54/3
f 66/5/3 71/5/3 72/55/3
f 71/5/4 69/5/4 72/56/4
f 69/5/4 71/5/4 70/57/4
f 69/5/5 66/5/5 72/58/5
f 66/5/5 69/5/5 65/59/5
f 67/2/6 71/3/6 68/11/6
f 71/3/6 67/2/6 70/1/6

usemtl color20

f 6/3/1 8/2/1 5/1/1
f 8/3/1 6/2/1 7/1/1
f 73/3/2 6/2/2 5/1/2
f 6/3/2 73/2/2 74/1/2
f 75/5/3 8/6/3 7/5/3
f 8/6/3 75/5/3 76/60/3
f 75/5/4 73/5/4 76/61/4
f 73/5/4 75/5/4 74/62/4
f 73/5/5 8/9/5 76/63/5
f 8/9/5 73/5/5 5/5/5
f 6/2/6 75/3/6 7/11/6
f 75/3/6 6/2/6 74/1/6
f 78/3/1 9/2/1 77/1/1
f 9/3/1 78/2/1 11/1/1
f 79/3/2 78/2/2 77/1/2
f 78/3/2 79/2/2 80/1/2
f 14/5/3 9/5/3 11/64/3
f 9/5/3 14/5/3 13/65/3
f 14/15/4 79/5/4 13/5/4
f 79/5/4 14/15/4 80/66/4
f 79/5/5 9/17/5 13/5/5
f 9/17/5 79/5/5 77/67/5
f 78/2/6 14/3/6 11/11/6
f 14/3/6 78/2/6 80/1/6
f 30/3/1 32/2/1 29/1/1
f 32/3/1 30/2/1 31/1/1
f 81/3/2 30/2/2 29/1/2
f 30/3/2 81/2/2 82/1/2
f 83/5/3 32/25/3 31/5/3
f 32/25/3 83/5/3 84/68/3
f 83/5/4 81/5/4 84/69/4
f 81/5/4 83/5/4 82/70/4
f 81/5/5 32/28/5 84/71/5
f 32/28/5 81/5/5 29/5/5
f 30/2/6 83/3/6 31/11/6
f 83/3/6 30/2/6 82/1/6
f 87/3/1 86/2/1 85/1/1
f 86/3/1 87/2/1 88/1/1
f 89/3/2 87/2/2 85/1/2
f 87/3/2 89/2/2 90/1/2
f 35/5/3 86/5/3 88/72/3
f 86/5/3 35/5/3 33/73/3
f 35/5/4 89/5/4 33/74/4
f 89/5/4 35/5/4 90/75/4
f 89/5/5 86/5/5 33/35/5
f 86/5/5 89/5/5 85/76/5
f 87/2/6 35/3/6 88/11/6
f 35/3/6 87/2/6 90/1/6
f 93/3/1 92/2/1 91/1/1
f 92/3/1 93/2/1 94/1/1
f 95/3/2 93/2/2 91/1/2
f 93/3/2 95/2/2 96/1/2
f 97/5/3 92/5/3 94/77/3
f 92/5/3 97/5/3 98/78/3
f 97/5/4 95/5/4 98/79/4
f 95/5/4 97/5/4 96/80/4
f 95/5/5 92/5/5 98/81/5
f 92/5/5 95/5/5 91/82/5
f 93/2/6 97/3/6 94/11/6
f 97/3/6 93/2/6 96/1/6
f 101/3/1 100/2/1 99/1/1
f 100/3/1 101/2/1 102/1/1
f 103/3/2 101/2/2 99/1/2
f 101/3/2 103/2/2 104/1/2
f 105/5/3 100/5/3 102/83/3
f 100/5/3 105/5/3 106/84/3
f 105/5/4 103/5/4 106/85/4
f 103/5/4 105/5/4 104/86/4
f 103/5/5 100/5/5 106/87/5
f 100/5/5 103/5/5 99/88/5
f 101/2/6 105/3/6 102/11/6
f 105/3/6 101/2/6 104/1/6
f 109/3/1 108/2/1 107/1/1
f 108/3/1 109/2/1 110/1/1
f 111/3/2 109/2/2 107/1/2
f 109/3/2 111/2/2 112/1/2
f 113/5/3 108/5/3 110/89/3
f 108/5/3 113/5/3 114/90/3
f 113/5/4 111/5/4 114/91/4
f 111/5/4 113/5/4 112/92/4
f 111/5/5 108/5/5 114/93/5
f 108/5/5 111/5/5 107/94/5
f 109/2/6 113/3/6 110/11/6
f 113/3/6 109/2/6 112/1/6
f 117/3/1 116/2/1 115/1/1
f 116/3/1 117/2/1 118/1/1
f 119/3/2 117/2/2 115/1/2
f 117/3/2 119/2/2 120/1/2
f 121/5/3 116/5/3 118/95/3
f 116/5/3 121/5/3 122/96/3
f 121/5/4 119/5/4 122/97/4
f 119/5/4 121/5/4 120/98/4
f 119/5/5 116/5/5 122/99/5
f 116/5/5 119/5/5 115/100/5
f 117/2/6 121/3/6 118/11/6
f 121/3/6 117/2/6 120/1/6

usemtl color12

f 4/3/1 123/2/1 2/1/1
f 123/3/1 4/2/1 124/1/1
f 8/3/2 4/2/2 2/1/2
f 4/3/2 8/2/2 7/1/2
f 125/5/3 123/5/3 124/101/3
f 123/5/3 125/5/3 126/102/3
f 125/5/4 8/7/4 126/103/4
f 8/7/4 125/5/4 7/5/4
f 8/9/5 123/5/5 126/104/5
f 123/5/5 8/9/5 2/5/5
f 4/2/6 125/3/6 124/11/6
f 125/3/6 4/2/6 7/1/6
f 129/3/1 128/2/1 127/1/1
f 128/3/1 129/2/1 130/1/1
f 131/3/2 129/2/2 127/1/2
f 129/3/2 131/2/2 132/1/2
f 11/64/3 128/5/3 130/105/3
f 128/5/3 11/64/3 9/5/3
f 11/5/4 131/5/4 9/106/4
f 131/5/4 11/5/4 132/107/4
f 131/5/5 128/5/5 9/17/5
f 128/5/5 131/5/5 127/108/5
f 129/2/6 11/3/6 130/11/6
f 11/3/6 129/2/6 132/1/6
f 135/3/1 134/2/1 133/1/1
f 134/3/1 135/2/1 136/1/1
f 137/3/2 135/2/2 133/1/2
f 135/3/2 137/2/2 138/1/2
f 139/5/3 134/5/3 136/109/3
f 134/5/3 139/5/3 140/110/3
f 139/5/4 137/5/4 140/111/4
f 137/5/4 139/5/4 138/112/4
f 137/5/5 134/5/5 140/113/5
f 134/5/5 137/5/5 133/114/5
f 135/2/6 139/3/6 136/11/6
f 139/3/6 135/2/6 138/1/6
f 143/3/1 142/2/1 141/1/1
f 142/3/1 143/2/1 144/1/1
f 145/3/2 143/2/2 141/1/2
f 143/3/2 145/2/2 146/1/2
f 147/5/3 142/5/3 144/115/3
f 142/5/3 147/5/3 148/116/3
f 147/5/4 145/5/4 148/117/4
f 145/5/4 147/5/4 146/118/4
f 145/5/5 142/5/5 148/119/5
f 142/5/5 145/5/5 141/120/5
f 143/2/6 147/3/6 144/11/6
f 147/3/6 143/2/6 146/1/6
f 147/3/1 149/2/1 148/1/1
f 149/3/1 147/2/1 150/1/1
f 151/3/2 147/2/2 148/1/2
f 147/3/2 151/2/2 152/1/2
f 153/5/3 149/5/3 150/121/3
f 149/5/3 153/5/3 154/122/3
f 153/5/4 151/5/4 154/123/4
f 151/5/4 153/5/4 152/124/4
f 151/5/5 149/5/5 154/125/5
f 149/5/5 151/5/5 148/119/5
f 147/2/6 153/3/6 150/11/6
f 153/3/6 147/2/6 152/1/6
f 157/3/1 156/2/1 155/1/1
f 156/3/1 157/2/1 158/1/1
f 159/3/2 157/2/2 155/1/2
f 157/3/2 159/2/2 160/1/2
f 161/5/3 156/5/3 158/126/3
f 156/5/3 161/5/3 162/127/3
f 161/5/4 159/5/4 162/128/4
f 159/5/4 161/5/4 160/129/4
f 159/5/5 156/5/5 162/130/5
f 156/5/5 159/5/5 155/131/5
f 157/2/6 161/3/6 158/11/6
f 161/3/6 157/2/6 160/1/6
f 165/3/1 164/2/1 163/1/1
f 164/3/1 165/2/1 166/1/1
f 167/3/2 165/2/2 163/1/2
f 165/3/2 167/2/2 168/1/2
f 169/5/3 164/5/3 166/132/3
f 164/5/3 169/5/3 170/133/3
f 169/5/4 167/5/4 170/134/4
f 167/5/4 169/5/4 168/135/4
f 167/5/5 164/5/5 170/136/5
f 164/5/5 167/5/5 163/137/5
f 165/2/6 169/3/6 166/11/6
f 169/3/6 165/2/6 168/1/6
f 173/3/1 172/2/1 171/1/1
f 172/3/1 173/2/1 174/1/1
f 175/3/2 173/2/2 171/1/2
f 173/3/2 175/2/2 176/1/2
f 177/5/3 172/5/3 174/138/3
f 172/5/3 177/5/3 178/139/3
f 177/5/4 175/5/4 178/140/4
f 175/5/4 177/5/4 176/141/4
f 175/5/5 172/5/5 178/142/5
f 172/5/5 175/5/5 171/143/5
f 173/2/6 177/3/6 174/11/6
f 177/3/6 173/2/6 176/1/6
f 181/3/1 180/2/1 179/1/1
f 180/3/1 181/2/1 182/1/1
f 183/3/2 181/2/2 179/1/2
f 181/3/2 183/2/2 184/1/2
f 185/5/3 180/5/3 182/144/3
f 180/5/3 185/5/3 186/145/3
f 185/5/4 183/5/4 186/146/4
f 183/5/4 185/5/4 184/147/4
f 183/5/5 180/5/5 186/148/5
f 180/5/5 183/5/5 179/149/5
f 181/2/6 185/3/6 182/11/6
f 185/3/6 181/2/6 184/1/6
f 189/3/1 188/2/1 187/1/1
f 188/3/1 189/2/1 190/1/1
f 191/3/2 189/2/2 187/1/2
f 189/3/2 191/2/2 192/1/2
f 193/5/3 188/5/3 190/150/3
f 188/5/3 193/5/3 194/151/3
f 193/5/4 191/5/4 194/152/4
f 191/5/4 193/5/4 192/153/4
f 191/5/5 188/5/5 194/154/5
f 188/5/5 191/5/5 187/155/5
f 189/2/6 193/3/6 190/11/6
f 193/3/6 189/2/6 192/1/6
f 197/3/1 196/2/1 195/1/1
f 196/3/1 197/2/1 198/1/1
f 199/3/2 197/2/2 195/1/2
f 197/3/2 199/2/2 200/1/2
f 201/5/3 196/5/3 198/156/3
f 196/5/3 201/5/3 202/157/3
f 201/5/4 199/5/4 202/158/4
f 199/5/4 201/5/4 200/159/4
f 199/5/5 196/5/5 202/160/5
f 196/5/5 199/5/5 195/161/5
f 197/2/6 201/3/6 198/11/6
f 201/3/6 197/2/6 200/1/6
f 205/3/1 204/2/1 203/1/1
f 204/3/1 205/2/1 206/1/1
f 207/3/2 205/2/2 203/1/2
f 205/3/2 207/2/2 208/1/2
f 209/5/3 204/5/3 206/162/3
f 204/5/3 209/5/3 210/163/3
f 209/5/4 207/5/4 210/164/4
f 207/5/4 209/5/4 208/165/4
f 207/5/5 204/5/5 210/166/5
f 204/5/5 207/5/5 203/167/5
f 205/2/6 209/3/6 206/11/6
f 209/3/6 205/2/6 208/1/6

usemtl color5

f 213/3/1 212/2/1 211/1/1
f 212/3/1 213/2/1 214/1/1
f 215/3/2 213/2/2 211/1/2
f 213/3/2 215/2/2 216/1/2
f 217/5/3 212/5/3 214/168/3
f 212/5/3 217/5/3 218/169/3
f 217/5/4 215/5/4 218/170/4
f 215/5/4 217/5/4 216/171/4
f 215/5/5 212/5/5 218/172/5
f 212/5/5 215/5/5 211/173/5
f 213/2/6 217/3/6 214/11/6
f 217/3/6 213/2/6 216/1/6
f 221/3/1 220/2/1 219/1/1
f 220/3/1 221/2/1 222/1/1
f 223/3/2 221/2/2 219/1/2
f 221/3/2 223/2/2 224/1/2
f 225/5/3 220/5/3 222/174/3
f 220/5/3 225/5/3 226/175/3
f 225/5/4 223/5/4 226/176/4
f 223/5/4 225/5/4 224/177/4
f 223/5/5 220/5/5 226/178/5
f 220/5/5 223/5/5 219/179/5
f 221/2/6 225/3/6 222/11/6
f 225/3/6 221/2/6 224/1/6
f 138/3/1 140/2/1 137/1/1
f 140/3/1 138/2/1 139/1/1
f 17/3/2 138/2/2 137/1/2
f 138/3/2 17/2/2 19/1/2
f 20/18/3 140/110/3 139/5/3
f 140/110/3 20/18/3 18/5/3
f 20/5/4 17/5/4 18/180/4
f 17/5/4 20/5/4 19/181/4
f 17/23/5 140/113/5 18/5/5
f 140/113/5 17/23/5 137/5/5
f 138/2/6 20/3/6 139/11/6
f 20/3/6 138/2/6 19/1/6
f 22/3/1 24/2/1 21/1/1
f 24/3/1 22/2/1 23/1/1
f 141/3/2 22/2/2 21/1/2
f 22/3/2 141/2/2 143/1/2
f 144/115/3 24/19/3 23/5/3
f 24/19/3 144/115/3 142/5/3
f 144/5/4 141/5/4 142/182/4
f 141/5/4 144/5/4 143/183/4
f 141/120/5 24/22/5 142/5/5
f 24/22/5 141/120/5 21/5/5
f 22/2/6 144/3/6 23/11/6
f 144/3/6 22/2/6 143/1/6
f 229/3/1 228/2/1 227/1/1
f 228/3/1 229/2/1 230/1/1
f 231/3/2 229/2/2 227/1/2
f 229/3/2 231/2/2 232/1/2
f 233/5/3 228/5/3 230/184/3
f 228/5/3 233/5/3 234/185/3
f 233/5/4 231/5/4 234/186/4
f 231/5/4 233/5/4 232/187/4
f 231/5/5 228/5/5 234/188/5
f 228/5/5 231/5/5 227/189/5
f 229/2/6 233/3/6 230/11/6
f 233/3/6 229/2/6 232/1/6
f 237/3/1 236/2/1 235/1/1
f 236/3/1 237/2/1 238/1/1
f 239/3/2 237/2/2 235/1/2
f 237/3/2 239/2/2 240/1/2
f 241/5/3 236/5/3 238/190/3
f 236/5/3 241/5/3 242/191/3
f 241/5/4 239/5/4 242/192/4
f 239/5/4 241/5/4 240/193/4
f 239/5/5 236/5/5 242/194/5
f 236/5/5 239/5/5 235/195/5
f 237/2/6 241/3/6 238/11/6
f 241/3/6 237/2/6 240/1/6
f 245/3/1 244/2/1 243/1/1
f 244/3/1 245/2/1 246/1/1
f 247/3/2 245/2/2 243/1/2
f 245/3/2 247/2/2 248/1/2
f 249/5/3 244/5/3 246/196/3
f 244/5/3 249/5/3 250/197/3
f 249/5/4 247/5/4 250/198/4
f 247/5/4 249/5/4 248/199/4
f 247/5/5 244/5/5 250/200/5
f 244/5/5 247/5/5 243/201/5
f 245/2/6 249/3/6 246/11/6
f 249/3/6 245/2/6 248/1/6
f 253/3/1 252/2/1 251/1/1
f 252/3/1 253/2/1 254/1/1
f 255/3/2 253/2/2 251/1/2
f 253/3/2 255/2/2 256/1/2
f 257/5/3 252/5/3 254/202/3
f 252/5/3 257/5/3 258/203/3
f 257/5/4 255/5/4 258/204/4
f 255/5/4 257/5/4 256/205/4
f 255/5/5 252/5/5 258/206/5
f 252/5/5 255/5/5 251/207/5
f 253/2/6 257/3/6 254/11/6
f 257/3/6 253/2/6 256/1/6
f 261/3/1 260/2/1 259/1/1
f 260/3/1 261/2/1 262/1/1
f 263/3/2 261/2/2 259/1/2
f 261/3/2 263/2/2 264/1/2
f 265/5/3 260/5/3 262/208/3
f 260/5/3 265/5/3 266/209/3
f 265/5/4 263/5/4 266/210/4
f 263/5/4 265/5/4 264/211/4
f 263/5/5 260/5/5 266/212/5
f 260/5/5 263/5/5 259/213/5
f 261/2/6 265/3/6 262/11/6
f 265/3/6 261/2/6 264/1/6
f 269/3/1 268/2/1 267/1/1
f 268/3/1 269/2/1 270/1/1
f 271/3/2 269/2/2 267/1/2
f 269/3/2 271/2/2 272/1/2
f 273/5/3 268/5/3 270/214/3
f 268/5/3 273/5/3 274/215/3
f 273/5/4 271/5/4 274/216/4
f 271/5/4 273/5/4 272/217/4
f 271/5/5 268/5/5 274/218/5
f 268/5/5 271/5/5 267/219/5
f 269/2/6 273/3/6 270/11/6
f 273/3/6 269/2/6 272/1/6
f 277/3/1 276/2/1 275/1/1
f 276/3/1 277/2/1 278/1/1
f 279/3/2 277/2/2 275/1/2
f 277/3/2 279/2/2 280/1/2
f 281/5/3 276/5/3 278/220/3
f 276/5/3 281/5/3 282/221/3
f 281/5/4 279/5/4 282/222/4
f 279/5/4 281/5/4 280/223/4
f 279/5/5 276/5/5 282/224/5
f 276/5/5 279/5/5 275/225/5
f 277/2/6 281/3/6 278/11/6
f 281/3/6 277/2/6 280/1/6
f 285/3/1 284/2/1 283/1/1
f 284/3/1 285/2/1 286/1/1
f 268/3/2 285/2/2 283/1/2
f 285/3/2 268/2/2 270/1/2
f 287/5/3 284/5/3 286/226/3
f 284/5/3 287/5/3 288/227/3
f 287/5/4 268/5/4 288/228/4
f 268/5/4 287/5/4 270/229/4
f 268/5/5 284/5/5 288/230/5
f 284/5/5 268/5/5 283/231/5
f 285/2/6 287/3/6 286/11/6
f 287/3/6 285/2/6 270/1/6
f 273/3/1 289/2/1 274/1/1
f 289/3/1 273/2/1 290/1/1
f 291/3/2 273/2/2 274/1/2
f 273/3/2 291/2/2 292/1/2
f 293/5/3 289/5/3 290/232/3
f 289/5/3 293/5/3 294/233/3
f 293/5/4 291/5/4 294/234/4
f 291/5/4 293/5/4 292/235/4
f 291/5/5 289/5/5 294/236/5
f 289/5/5 291/5/5 274/218/5
f 273/2/6 293/3/6 290/11/6
f 293/3/6 273/2/6 292/1/6
f 297/3/1 296/2/1 295/1/1
f 296/3/1 297/2/1 298/1/1
f 299/3/2 297/2/2 295/1/2
f 297/3/2 299/2/2 300/1/2
f 301/5/3 296/5/3 298/237/3
f 296/5/3 301/5/3 302/238/3
f 301/5/4 299/5/4 302/239/4
f 299/5/4 301/5/4 300/240/4
f 299/5/5 296/5/5 302/241/5
f 296/5/5 299/5/5 295/242/5
f 297/2/6 301/3/6 298/11/6
f 301/3/6 297/2/6 300/1/6
f 305/3/1 304/2/1 303/1/1
f 304/3/1 305/2/1 306/1/1
f 307/3/2 305/2/2 303/1/2
f 305/3/2 307/2/2 308/1/2
f 309/5/3 304/5/3 306/243/3
f 304/5/3 309/5/3 310/244/3
f 309/5/4 307/5/4 310/245/4
f 307/5/4 309/5/4 308/246/4
f 307/5/5 304/5/5 310/247/5
f 304/5/5 307/5/5 303/248/5
f 305/2/6 309/3/6 306/11/6
f 309/3/6 305/2/6 308/1/6
f 313/3/1 312/2/1 311/1/1
f 312/3/1 313/2/1 314/1/1
f 315/3/2 313/2/2 311/1/2
f 313/3/2 315/2/2 316/1/2
f 317/5/3 312/5/3 314/249/3
f 312/5/3 317/5/3 318/250/3
f 317/5/4 315/5/4 318/251/4
f 315/5/4 317/5/4 316/252/4
f 315/5/5 312/5/5 318/253/5
f 312/5/5 315/5/5 311/254/5
f 313/2/6 317/3/6 314/11/6
f 317/3/6 313/2/6 316/1/6
f 321/3/1 320/2/1 319/1/1
f 320/3/1 321/2/1 322/1/1
f 323/3/2 321/2/2 319/1/2
f 321/3/2 323/2/2 324/1/2
f 325/5/3 320/5/3 322/255/3
f 320/5/3 325/5/3 326/256/3
f 325/5/4 323/5/4 326/257/4
f 323/5/4 325/5/4 324/258/4
f 323/5/5 320/5/5 326/259/5
f 320/5/5 323/5/5 319/260/5
f 321/2/6 325/3/6 322/11/6
f 325/3/6 321/2/6 324/1/6
f 329/3/1 328/2/1 327/1/1
f 328/3/1 329/2/1 330/1/1
f 331/3/2 329/2/2 327/1/2
f 329/3/2 331/2/2 332/1/2
f 333/5/3 328/5/3 330/261/3
f 328/5/3 333/5/3 334/262/3
f 333/5/4 331/5/4 334/263/4
f 331/5/4 333/5/4 332/264/4
f 331/5/5 328/5/5 334/265/5
f 328/5/5 331/5/5 327/266/5
f 329/2/6 333/3/6 330/11/6
f 333/3/6 329/2/6 332/1/6
f 36/3/1 335/2/1 34/1/1
f 335/3/1 36/2/1 336/1/1
f 40/3/2 36/2/2 34/1/2
f 36/3/2 40/2/2 39/1/2
f 337/5/3 335/5/3 336/267/3
f 335/5/3 337/5/3 338/268/3
f 337/5/4 40/32/4 338/269/4
f 40/32/4 337/5/4 39/5/4
f 40/34/5 335/5/5 338/270/5
f 335/5/5 40/34/5 34/5/5
f 36/2/6 337/3/6 336/11/6
f 337/3/6 36/2/6 39/1/6
f 341/3/1 340/2/1 339/1/1
f 340/3/1 341/2/1 342/1/1
f 343/3/2 341/2/2 339/1/2
f 341/3/2 343/2/2 344/1/2
f 345/5/3 340/5/3 342/271/3
f 340/5/3 345/5/3 346/272/3
f 345/5/4 343/5/4 346/273/4
f 343/5/4 345/5/4 344/274/4
f 343/5/5 340/5/5 346/275/5
f 340/5/5 343/5/5 339/276/5
f 341/2/6 345/3/6 342/11/6
f 345/3/6 341/2/6 344/1/6
f 105/3/1 347/2/1 106/1/1
f 347/3/1 105/2/1 348/1/1
f 349/3/2 105/2/2 106/1/2
f 105/3/2 349/2/2 350/1/2
f 351/5/3 347/5/3 348/277/3
f 347/5/3 351/5/3 352/278/3
f 351/5/4 349/5/4 352/279/4
f 349/5/4 351/5/4 350/280/4
f 349/5/5 347/5/5 352/281/5
f 347/5/5 349/5/5 106/87/5
f 105/2/6 351/3/6 348/11/6
f 351/3/6 105/2/6 350/1/6
f 355/3/1 354/2/1 353/1/1
f 354/3/1 355/2/1 356/1/1
f 357/3/2 355/2/2 353/1/2
f 355/3/2 357/2/2 358/1/2
f 359/5/3 354/5/3 356/282/3
f 354/5/3 359/5/3 360/283/3
f 359/5/4 357/5/4 360/284/4
f 357/5/4 359/5/4 358/285/4
f 357/5/5 354/5/5 360/286/5
f 354/5/5 357/5/5 353/287/5
f 355/2/6 359/3/6 356/11/6
f 359/3/6 355/2/6 358/1/6
f 363/3/1 362/2/1 361/1/1
f 362/3/1 363/2/1 364/1/1
f 365/3/2 363/2/2 361/1/2
f 363/3/2 365/2/2 366/1/2
f 367/5/3 362/5/3 364/288/3
f 362/5/3 367/5/3 368/289/3
f 367/5/4 365/5/4 368/290/4
f 365/5/4 367/5/4 366/291/4
f 365/5/5 362/5/5 368/292/5
f 362/5/5 365/5/5 361/293/5
f 363/2/6 367/3/6 364/11/6
f 367/3/6 363/2/6 366/1/6
f 371/3/1 370/2/1 369/1/1
f 370/3/1 371/2/1 372/1/1
f 373/3/2 371/2/2 369/1/2
f 371/3/2 373/2/2 374/1/2
f 375/5/3 370/5/3 372/294/3
f 370/5/3 375/5/3 376/295/3
f 375/5/4 373/5/4 376/296/4
f 373/5/4 375/5/4 374/297/4
f 373/5/5 370/5/5 376/298/5
f 370/5/5 373/5/5 369/299/5
f 371/2/6 375/3/6 372/11/6
f 375/3/6 371/2/6 374/1/6
f 359/3/1 377/2/1 360/1/1
f 377/3/1 359/2/1 378/1/1
f 379/3/2 359/2/2 360/1/2
f 359/3/2 379/2/2 380/1/2
f 381/5/3 377/5/3 378/300/3
f 377/5/3 381/5/3 382/301/3
f 381/5/4 379/5/4 382/302/4
f 379/5/4 381/5/4 380/303/4
f 379/5/5 377/5/5 382/304/5
f 377/5/5 379/5/5 360/286/5
f 359/2/6 381/3/6 378/11/6
f 381/3/6 359/2/6 380/1/6
f 384/3/1 69/2/1 383/1/1
f 69/3/1 384/2/1 70/1/1
f 385/3/2 384/2/2 383/1/2
f 384/3/2 385/2/2 386/1/2
f 387/5/3 69/5/3 70/305/3
f 69/5/3 387/5/3 388/306/3
f 387/5/4 385/5/4 388/307/4
f 385/5/4 387/5/4 386/308/4
f 385/5/5 69/5/5 388/309/5
f 69/5/5 385/5/5 383/310/5
f 384/2/6 387/3/6 70/11/6
f 387/3/6 384/2/6 386/1/6
f 391/3/1 390/2/1 389/1/1
f 390/3/1 391/2/1 392/1/1
f 393/3/2 391/2/2 389/1/2
f 391/3/2 393/2/2 394/1/2
f 395/5/3 390/5/3 392/311/3
f 390/5/3 395/5/3 396/312/3
f 395/5/4 393/5/4 396/313/4
f 393/5/4 395/5/4 394/314/4
f 393/5/5 390/5/5 396/315/5
f 390/5/5 393/5/5 389/316/5
f 391/2/6 395/3/6 392/11/6
f 395/3/6 391/2/6 394/1/6
f 399/3/1 398/2/1 397/1/1
f 398/3/1 399/2/1 400/1/1
f 401/3/2 399/2/2 397/1/2
f 399/3/2 401/2/2 402/1/2
f 403/5/3 398/5/3 400/317/3
f 398/5/3 403/5/3 404/318/3
f 403/5/4 401/5/4 404/319/4
f 401/5/4 403/5/4 402/320/4
f 401/5/5 398/5/5 404/321/5
f 398/5/5 401/5/5 397/322/5
f 399/2/6 403/3/6 400/11/6
f 403/3/6 399/2/6 402/1/6
f 407/3/1 406/2/1 405/1/1
f 406/3/1 407/2/1 408/1/1
f 409/3/2 407/2/2 405/1/2
f 407/3/2 409/2/2 410/1/2
f 411/5/3 406/5/3 408/323/3
f 406/5/3 411/5/3 412/324/3
f 411/5/4 409/5/4 412/325/4
f 409/5/4 411/5/4 410/326/4
f 409/5/5 406/5/5 412/327/5
f 406/5/5 409/5/5 405/328/5
f 407/2/6 411/3/6 408/11/6
f 411/3/6 407/2/6 410/1/6
f 415/3/1 414/2/1 413/1/1
f 414/3/1 415/2/1 416/1/1
f 417/3/2 415/2/2 413/1/2
f 415/3/2 417/2/2 418/1/2
f 419/5/3 414/5/3 416/329/3
f 414/5/3 419/5/3 420/330/3
f 419/5/4 417/5/4 420/331/4
f 417/5/4 419/5/4 418/332/4
f 417/5/5 414/5/5 420/333/5
f 414/5/5 417/5/5 413/334/5
f 415/2/6 419/3/6 416/11/6
f 419/3/6 415/2/6 418/1/6
f 423/3/1 422/2/1 421/1/1
f 422/3/1 423/2/1 424/1/1
f 425/3/2 423/2/2 421/1/2
f 423/3/2 425/2/2 426/1/2
f 427/5/3 422/5/3 424/335/3
f 422/5/3 427/5/3 428/336/3
f 427/5/4 425/5/4 428/337/4
f 425/5/4 427/5/4 426/338/4
f 425/5/5 422/5/5 428/339/5
f 422/5/5 425/5/5 421/340/5
f 423/2/6 427/3/6 424/11/6
f 427/3/6 423/2/6 426/1/6
f 431/3/1 430/2/1 429/1/1
f 430/3/1 431/2/1 432/1/1
f 433/3/2 431/2/2 429/1/2
f 431/3/2 433/2/2 434/1/2
f 435/5/3 430/5/3 432/341/3
f 430/5/3 435/5/3 436/342/3
f 435/5/4 433/5/4 436/343/4
f 433/5/4 435/5/4 434/344/4
f 433/5/5 430/5/5 436/345/5
f 430/5/5 433/5/5 429/346/5
f 431/2/6 435/3/6 432/11/6
f 435/3/6 431/2/6 434/1/6
f 439/3/1 438/2/1 437/1/1
f 438/3/1 439/2/1 440/1/1
f 441/3/2 439/2/2 437/1/2
f 439/3/2 441/2/2 442/1/2
f 443/5/3 438/5/3 440/347/3
f 438/5/3 443/5/3 444/348/3
f 443/5/4 441/5/4 444/349/4
f 441/5/4 443/5/4 442/350/4
f 441/5/5 438/5/5 444/351/5
f 438/5/5 441/5/5 437/352/5
f 439/2/6 443/3/6 440/11/6
f 443/3/6 439/2/6 442/1/6
f 447/3/1 446/2/1 445/1/1
f 446/3/1 447/2/1 448/1/1
f 449/3/2 447/2/2 445/1/2
f 447/3/2 449/2/2 450/1/2
f 451/5/3 446/5/3 448/353/3
f 446/5/3 451/5/3 452/354/3
f 451/5/4 449/5/4 452/355/4
f 449/5/4 451/5/4 450/356/4
f 449/5/5 446/5/5 452/357/5
f 446/5/5 449/5/5 445/358/5
f 447/2/6 451/3/6 448/11/6
f 451/3/6 447/2/6 450/1/6
f 455/3/1 454/2/1 453/1/1
f 454/3/1 455/2/1 456/1/1
f 457/3/2 455/2/2 453/1/2
f 455/3/2 457/2/2 458/1/2
f 459/5/3 454/5/3 456/359/3
f 454/5/3 459/5/3 460/360/3
f 459/5/4 457/5/4 460/361/4
f 457/5/4 459/5/4 458/362/4
f 457/5/5 454/5/5 460/363/5
f 454/5/5 457/5/5 453/364/5
f 455/2/6 459/3/6 456/11/6
f 459/3/6 455/2/6 458/1/6
f 463/3/1 462/2/1 461/1/1
f 462/3/1 463/2/1 464/1/1
f 465/3/2 463/2/2 461/1/2
f 463/3/2 465/2/2 466/1/2
f 467/5/3 462/5/3 464/365/3
f 462/5/3 467/5/3 468/366/3
f 467/5/4 465/5/4 468/367/4
f 465/5/4 467/5/4 466/368/4
f 465/5/5 462/5/5 468/369/5
f 462/5/5 465/5/5 461/370/5
f 463/2/6 467/3/6 464/11/6
f 467/3/6 463/2/6 466/1/6
f 471/3/1 470/2/1 469/1/1
f 470/3/1 471/2/1 472/1/1
f 473/3/2 471/2/2 469/1/2
f 471/3/2 473/2/2 474/1/2
f 475/5/3 470/5/3 472/371/3
f 470/5/3 475/5/3 476/372/3
f 475/5/4 473/5/4 476/373/4
f 473/5/4 475/5/4 474/374/4
f 473/5/5 470/5/5 476/375/5
f 470/5/5 473/5/5 469/376/5
f 471/2/6 475/3/6 472/11/6
f 475/3/6 471/2/6 474/1/6
f 479/3/1 478/2/1 477/1/1
f 478/3/1 479/2/1 480/1/1
f 481/3/2 479/2/2 477/1/2
f 479/3/2 481/2/2 482/1/2
f 483/5/3 478/5/3 480/377/3
f 478/5/3 483/5/3 484/378/3
f 483/5/4 481/5/4 484/379/4
f 481/5/4 483/5/4 482/380/4
f 481/5/5 478/5/5 484/381/5
f 478/5/5 481/5/5 477/382/5
f 479/2/6 483/3/6 480/11/6
f 483/3/6 479/2/6 482/1/6
f 487/3/1 486/2/1 485/1/1
f 486/3/1 487/2/1 488/1/1
f 489/3/2 487/2/2 485/1/2
f 487/3/2 489/2/2 490/1/2
f 491/5/3 486/5/3 488/383/3
f 486/5/3 491/5/3 492/384/3
f 491/5/4 489/5/4 492/385/4
f 489/5/4 491/5/4 490/386/4
f 489/5/5 486/5/5 492/387/5
f 486/5/5 489/5/5 485/388/5
f 487/2/6 491/3/6 488/11/6
f 491/3/6 487/2/6 490/1/6
f 495/3/1 494/2/1 493/1/1
f 494/3/1 495/2/1 496/1/1
f 497/3/2 495/2/2 493/1/2
f 495/3/2 497/2/2 498/1/2
f 499/5/3 494/5/3 496/389/3
f 494/5/3 499/5/3 500/390/3
f 499/5/4 497/5/4 500/391/4
f 497/5/4 499/5/4 498/392/4
f 497/5/5 494/5/5 500/393/5
f 494/5/5 497/5/5 493/394/5
f 495/2/6 499/3/6 496/11/6
f 499/3/6 495/2/6 498/1/6

usemtl color2

f 225/3/1 501/2/1 226/1/1
f 501/3/1 225/2/1 502/1/1
f 503/3/2 225/2/2 226/1/2
f 225/3/2 503/2/2 504/1/2
f 505/5/3 501/5/3 502/395/3
f 501/5/3 505/5/3 506/396/3
f 505/5/4 503/5/4 506/397/4
f 503/5/4 505/5/4 504/398/4
f 503/5/5 501/5/5 506/399/5
f 501/5/5 503/5/5 226/178/5
f 225/2/6 505/3/6 502/11/6
f 505/3/6 225/2/6 504/1/6
f 509/3/1 508/2/1 507/1/1
f 508/3/1 509/2/1 510/1/1
f 511/3/2 509/2/2 507/1/2
f 509/3/2 511/2/2 512/1/2
f 513/5/3 508/5/3 510/400/3
f 508/5/3 513/5/3 514/401/3
f 513/5/4 511/5/4 514/402/4
f 511/5/4 513/5/4 512/403/4
f 511/5/5 508/5/5 514/404/5
f 508/5/5 511/5/5 507/405/5
f 509/2/6 513/3/6 510/11/6
f 513/3/6 509/2/6 512/1/6
f 517/3/1 516/2/1 515/1/1
f 516/3/1 517/2/1 518/1/1
f 519/3/2 517/2/2 515/1/2
f 517/3/2 519/2/2 520/1/2
f 521/5/3 516/5/3 518/406/3
f 516/5/3 521/5/3 522/407/3
f 521/5/4 519/5/4 522/408/4
f 519/5/4 521/5/4 520/409/4
f 519/5/5 516/5/5 522/410/5
f 516/5/5 519/5/5 515/411/5
f 517/2/6 521/3/6 518/11/6
f 521/3/6 517/2/6 520/1/6
f 520/3/1 523/2/1 519/1/1
f 523/3/1 520/2/1 524/1/1
f 525/3/2 520/2/2 519/1/2
f 520/3/2 525/2/2 526/1/2
f 527/5/3 523/5/3 524/412/3
f 523/5/3 527/5/3 528/413/3
f 527/5/4 525/5/4 528/414/4
f 525/5/4 527/5/4 526/415/4
f 525/5/5 523/5/5 528/416/5
f 523/5/5 525/5/5 519/5/5
f 520/2/6 527/3/6 524/11/6
f 527/3/6 520/2/6 526/1/6
f 531/3/1 530/2/1 529/1/1
f 530/3/1 531/2/1 532/1/1
f 228/3/2 531/2/2 529/1/2
f 531/3/2 228/2/2 230/1/2
f 533/5/3 530/5/3 532/417/3
f 530/5/3 533/5/3 534/418/3
f 533/5/4 228/5/4 534/419/4
f 228/5/4 533/5/4 230/420/4
f 228/5/5 530/5/5 534/421/5
f 530/5/5 228/5/5 529/422/5
f 531/2/6 533/3/6 532/11/6
f 533/3/6 531/2/6 230/1/6
f 238/3/1 535/2/1 236/1/1
f 535/3/1 238/2/1 536/1/1
f 242/3/2 238/2/2 236/1/2
f 238/3/2 242/2/2 241/1/2
f 537/5/3 535/5/3 536/423/3
f 535/5/3 537/5/3 538/424/3
f 537/5/4 242/192/4 538/425/4
f 242/192/4 537/5/4 241/5/4
f 242/194/5 535/5/5 538/426/5
f 535/5/5 242/194/5 236/5/5
f 238/2/6 537/3/6 536/11/6
f 537/3/6 238/2/6 241/1/6
f 246/3/1 539/2/1 244/1/1
f 539/3/1 246/2/1 540/1/1
f 250/3/2 246/2/2 244/1/2
f 246/3/2 250/2/2 249/1/2
f 541/5/3 539/5/3 540/427/3
f 539/5/3 541/5/3 542/428/3
f 541/5/4 250/198/4 542/429/4
f 250/198/4 541/5/4 249/5/4
f 250/200/5 539/5/5 542/430/5
f 539/5/5 250/200/5 244/5/5
f 246/2/6 541/3/6 540/11/6
f 541/3/6 246/2/6 249/1/6
f 513/3/1 543/2/1 514/1/1
f 543/3/1 513/2/1 544/1/1
f 252/3/2 513/2/2 514/1/2
f 513/3/2 252/2/2 254/1/2
f 545/5/3 543/5/3 544/431/3
f 543/5/3 545/5/3 546/432/3
f 545/5/4 252/5/4 546/433/4
f 252/5/4 545/5/4 254/434/4
f 252/5/5 543/5/5 546/435/5
f 543/5/5 252/5/5 514/404/5
f 513/2/6 545/3/6 544/11/6
f 545/3/6 513/2/6 254/1/6
f 527/3/1 547/2/1 528/1/1
f 547/3/1 527/2/1 548/1/1
f 155/3/2 527/2/2 528/1/2
f 527/3/2 155/2/2 157/1/2
f 549/5/3 547/5/3 548/436/3
f 547/5/3 549/5/3 550/437/3
f 549/5/4 155/5/4 550/438/4
f 155/5/4 549/5/4 157/439/4
f 155/131/5 547/5/5 550/440/5
f 547/5/5 155/131/5 528/416/5
f 527/2/6 549/3/6 548/11/6
f 549/3/6 527/2/6 157/1/6
f 553/3/1 552/2/1 551/1/1
f 552/3/1 553/2/1 554/1/1
f 530/3/2 553/2/2 551/1/2
f 553/3/2 530/2/2 532/1/2
f 555/5/3 552/5/3 554/441/3
f 552/5/3 555/5/3 556/442/3
f 555/5/4 530/5/4 556/443/4
f 530/5/4 555/5/4 532/444/4
f 530/5/5 552/5/5 556/445/5
f 552/5/5 530/5/5 551/446/5
f 553/2/6 555/3/6 554/11/6
f 555/3/6 553/2/6 532/1/6
f 559/3/1 558/2/1 557/1/1
f 558/3/1 559/2/1 560/1/1
f 561/3/2 559/2/2 557/1/2
f 559/3/2 561/2/2 562/1/2
f 563/5/3 558/5/3 560/447/3
f 558/5/3 563/5/3 564/448/3
f 563/5/4 561/5/4 564/449/4
f 561/5/4 563/5/4 562/450/4
f 561/5/5 558/5/5 564/451/5
f 558/5/5 561/5/5 557/452/5
f 559/2/6 563/3/6 560/11/6
f 563/3/6 559/2/6 562/1/6
f 567/3/1 566/2/1 565/1/1
f 566/3/1 567/2/1 568/1/1
f 516/3/2 567/2/2 565/1/2
f 567/3/2 516/2/2 518/1/2
f 569/5/3 566/5/3 568/453/3
f 566/5/3 569/5/3 570/454/3
f 569/5/4 516/5/4 570/455/4
f 516/5/4 569/5/4 518/456/4
f 516/5/5 566/5/5 570/457/5
f 566/5/5 516/5/5 565/458/5
f 567/2/6 569/3/6 568/11/6
f 569/3/6 567/2/6 518/1/6
f 573/3/1 572/2/1 571/1/1
f 572/3/1 573/2/1 574/1/1
f 575/3/2 573/2/2 571/1/2
f 573/3/2 575/2/2 576/1/2
f 577/5/3 572/5/3 574/459/3
f 572/5/3 577/5/3 578/460/3
f 577/5/4 575/5/4 578/461/4
f 575/5/4 577/5/4 576/462/4
f 575/5/5 572/5/5 578/463/5
f 572/5/5 575/5/5 571/464/5
f 573/2/6 577/3/6 574/11/6
f 577/3/6 573/2/6 576/1/6
f 581/3/1 580/2/1 579/1/1
f 580/3/1 581/2/1 582/1/1
f 583/3/2 581/2/2 579/1/2
f 581/3/2 583/2/2 584/1/2
f 585/5/3 580/5/3 582/465/3
f 580/5/3 585/5/3 586/466/3
f 585/5/4 583/5/4 586/467/4
f 583/5/4 585/5/4 584/468/4
f 583/5/5 580/5/5 586/469/5
f 580/5/5 583/5/5 579/470/5
f 581/2/6 585/3/6 582/11/6
f 585/3/6 581/2/6 584/1/6
f 563/3/1 587/2/1 564/1/1
f 587/3/1 563/2/1 588/1/1
f 589/3/2 563/2/2 564/1/2
f 563/3/2 589/2/2 590/1/2
f 591/5/3 587/5/3 588/471/3
f 587/5/3 591/5/3 592/472/3
f 591/5/4 589/5/4 592/473/4
f 589/5/4 591/5/4 590/474/4
f 589/5/5 587/5/5 592/475/5
f 587/5/5 589/5/5 564/451/5
f 563/2/6 591/3/6 588/11/6
f 591/3/6 563/2/6 590/1/6
f 595/3/1 594/2/1 593/1/1
f 594/3/1 595/2/1 596/1/1
f 597/3/2 595/2/2 593/1/2
f 595/3/2 597/2/2 598/1/2
f 599/5/3 594/5/3 596/476/3
f 594/5/3 599/5/3 600/477/3
f 599/5/4 597/5/4 600/478/4
f 597/5/4 599/5/4 598/479/4
f 597/5/5 594/5/5 600/480/5
f 594/5/5 597/5/5 593/481/5
f 595/2/6 599/3/6 596/11/6
f 599/3/6 595/2/6 598/1/6
f 603/3/1 602/2/1 601/1/1
f 602/3/1 603/2/1 604/1/1
f 566/3/2 603/2/2 601/1/2
f 603/3/2 566/2/2 568/1/2
f 605/5/3 602/5/3 604/482/3
f 602/5/3 605/5/3 606/483/3
f 605/5/4 566/5/4 606/484/4
f 566/5/4 605/5/4 568/485/4
f 566/5/5 602/5/5 606/486/5
f 602/5/5 566/5/5 601/487/5
f 603/2/6 605/3/6 604/11/6
f 605/3/6 603/2/6 568/1/6
f 608/3/1 89/2/1 607/1/1
f 89/3/1 608/2/1 90/1/1
f 609/3/2 608/2/2 607/1/2
f 608/3/2 609/2/2 610/1/2
f 611/5/3 89/5/3 90/488/3
f 89/5/3 611/5/3 612/489/3
f 611/5/4 609/5/4 612/490/4
f 609/5/4 611/5/4 610/491/4
f 609/5/5 89/5/5 612/492/5
f 89/5/5 609/5/5 607/493/5
f 608/2/6 611/3/6 90/11/6
f 611/3/6 608/2/6 610/1/6
f 611/3/1 37/2/1 612/1/1
f 37/3/1 611/2/1 38/1/1
f 613/3/2 611/2/2 612/1/2
f 611/3/2 613/2/2 614/1/2
f 615/5/3 37/5/3 38/494/3
f 37/5/3 615/5/3 616/495/3
f 615/5/4 613/5/4 616/496/4
f 613/5/4 615/5/4 614/497/4
f 613/5/5 37/5/5 616/498/5
f 37/5/5 613/5/5 612/492/5
f 611/2/6 615/3/6 38/11/6
f 615/3/6 611/2/6 614/1/6
f 619/3/1 618/2/1 617/1/1
f 618/3/1 619/2/1 620/1/1
f 621/3/2 619/2/2 617/1/2
f 619/3/2 621/2/2 622/1/2
f 623/5/3 618/5/3 620/499/3
f 618/5/3 623/5/3 624/500/3
f 623/5/4 621/5/4 624/501/4
f 621/5/4 623/5/4 622/502/4
f 621/5/5 618/5/5 624/503/5
f 618/5/5 621/5/5 617/504/5
f 619/2/6 623/3/6 620/11/6
f 623/3/6 619/2/6 622/1/6
f 627/3/1 626/2/1 625/1/1
f 626/3/1 627/2/1 628/1/1
f 178/3/2 627/2/2 625/1/2
f 627/3/2 178/2/2 177/1/2
f 629/5/3 626/5/3 628/505/3
f 626/5/3 629/5/3 630/506/3
f 629/5/4 178/140/4 630/507/4
f 178/140/4 629/5/4 177/5/4
f 178/142/5 626/5/5 630/508/5
f 626/5/5 178/142/5 625/509/5
f 627/2/6 629/3/6 628/11/6
f 629/3/6 627/2/6 177/1/6
f 615/3/1 631/2/1 616/1/1
f 631/3/1 615/2/1 632/1/1
f 633/3/2 615/2/2 616/1/2
f 615/3/2 633/2/2 634/1/2
f 635/5/3 631/5/3 632/510/3
f 631/5/3 635/5/3 636/511/3
f 635/5/4 633/5/4 636/512/4
f 633/5/4 635/5/4 634/513/4
f 633/5/5 631/5/5 636/514/5
f 631/5/5 633/5/5 616/498/5
f 615/2/6 635/3/6 632/11/6
f 635/3/6 615/2/6 634/1/6
f 639/3/1 638/2/1 637/1/1
f 638/3/1 639/2/1 640/1/1
f 641/3/2 639/2/2 637/1/2
f 639/3/2 641/2/2 642/1/2
f 643/5/3 638/5/3 640/515/3
f 638/5/3 643/5/3 644/516/3
f 643/5/4 641/5/4 644/517/4
f 641/5/4 643/5/4 642/518/4
f 641/5/5 638/5/5 644/519/5
f 638/5/5 641/5/5 637/520/5
f 639/2/6 643/3/6 640/11/6
f 643/3/6 639/2/6 642/1/6
f 647/3/1 646/2/1 645/1/1
f 646/3/1 647/2/1 648/1/1
f 649/3/2 647/2/2 645/1/2
f 647/3/2 649/2/2 650/1/2
f 651/5/3 646/5/3 648/521/3
f 646/5/3 651/5/3 652/522/3
f 651/5/4 649/5/4 652/523/4
f 649/5/4 651/5/4 650/524/4
f 649/5/5 646/5/5 652/525/5
f 646/5/5 649/5/5 645/526/5
f 647/2/6 651/3/6 648/11/6
f 651/3/6 647/2/6 650/1/6
f 655/3/1 654/2/1 653/1/1
f 654/3/1 655/2/1 656/1/1
f 657/3/2 655/2/2 653/1/2
f 655/3/2 657/2/2 658/1/2
f 659/5/3 654/5/3 656/527/3
f 654/5/3 659/5/3 660/528/3
f 659/5/4 657/5/4 660/529/4
f 657/5/4 659/5/4 658/530/4
f 657/5/5 654/5/5 660/531/5
f 654/5/5 657/5/5 653/532/5
f 655/2/6 659/3/6 656/11/6
f 659/3/6 655/2/6 658/1/6
f 635/3/1 661/2/1 636/1/1
f 661/3/1 635/2/1 662/1/1
f 663/3/2 635/2/2 636/1/2
f 635/3/2 663/2/2 664/1/2
f 665/5/3 661/5/3 662/533/3
f 661/5/3 665/5/3 666/534/3
f 665/5/4 663/5/4 666/535/4
f 663/5/4 665/5/4 664/536/4
f 663/5/5 661/5/5 666/537/5
f 661/5/5 663/5/5 636/514/5
f 635/2/6 665/3/6 662/11/6
f 665/3/6 635/2/6 664/1/6
f 669/3/1 668/2/1 667/1/1
f 668/3/1 669/2/1 670/1/1
f 638/3/2 669/2/2 667/1/2
f 669/3/2 638/2/2 640/1/2
f 671/5/3 668/5/3 670/538/3
f 668/5/3 671/5/3 672/539/3
f 671/5/4 638/5/4 672/540/4
f 638/5/4 671/5/4 640/541/4
f 638/5/5 668/5/5 672/542/5
f 668/5/5 638/5/5 667/543/5
f 669/2/6 671/3/6 670/11/6
f 671/3/6 669/2/6 640/1/6
f 675/3/1 674/2/1 673/1/1
f 674/3/1 675/2/1 676/1/1
f 677/3/2 675/2/2 673/1/2
f 675/3/2 677/2/2 678/1/2
f 679/5/3 674/5/3 676/544/3
f 674/5/3 679/5/3 680/545/3
f 679/5/4 677/5/4 680/546/4
f 677/5/4 679/5/4 678/547/4
f 677/5/5 674/5/5 680/548/5
f 674/5/5 677/5/5 673/549/5
f 675/2/6 679/3/6 676/11/6
f 679/3/6 675/2/6 678/1/6
f 683/3/1 682/2/1 681/1/1
f 682/3/1 683/2/1 684/1/1
f 685/3/2 683/2/2 681/1/2
f 683/3/2 685/2/2 686/1/2
f 687/5/3 682/5/3 684/550/3
f 682/5/3 687/5/3 688/551/3
f 687/5/4 685/5/4 688/552/4
f 685/5/4 687/5/4 686/553/4
f 685/5/5 682/5/5 688/554/5
f 682/5/5 685/5/5 681/555/5
f 683/2/6 687/3/6 684/11/6
f 687/3/6 683/2/6 686/1/6
f 691/3/1 690/2/1 689/1/1
f 690/3/1 691/2/1 692/1/1
f 693/3/2 691/2/2 689/1/2
f 691/3/2 693/2/2 694/1/2
f 695/5/3 690/5/3 692/556/3
f 690/5/3 695/5/3 696/557/3
f 695/5/4 693/5/4 696/558/4
f 693/5/4 695/5/4 694/559/4
f 693/5/5 690/5/5 696/560/5
f 690/5/5 693/5/5 689/561/5
f 691/2/6 695/3/6 692/11/6
f 695/3/6 691/2/6 694/1/6
f 699/3/1 698/2/1 697/1/1
f 698/3/1 699/2/1 700/1/1
f 652/3/2 699/2/2 697/1/2
f 699/3/2 652/2/2 651/1/2
f 701/5/3 698/5/3 700/562/3
f 698/5/3 701/5/3 702/563/3
f 701/5/4 652/523/4 702/564/4
f 652/523/4 701/5/4 651/5/4
f 652/525/5 698/5/5 702/565/5
f 698/5/5 652/525/5 697/566/5
f 699/2/6 701/3/6 700/11/6
f 701/3/6 699/2/6 651/1/6
f 705/3/1 704/2/1 703/1/1
f 704/3/1 705/2/1 706/1/1
f 707/3/2 705/2/2 703/1/2
f 705/3/2 707/2/2 708/1/2
f 709/5/3 704/5/3 706/567/3
f 704/5/3 709/5/3 710/568/3
f 709/5/4 707/5/4 710/569/4
f 707/5/4 709/5/4 708/570/4
f 707/5/5 704/5/5 710/571/5
f 704/5/5 707/5/5 703/572/5
f 705/2/6 709/3/6 706/11/6
f 709/3/6 705/2/6 708/1/6
f 665/3/1 711/2/1 666/1/1
f 711/3/1 665/2/1 712/1/1
f 713/3/2 665/2/2 666/1/2
f 665/3/2 713/2/2 714/1/2
f 715/5/3 711/5/3 712/573/3
f 711/5/3 715/5/3 716/574/3
f 715/5/4 713/5/4 716/575/4
f 713/5/4 715/5/4 714/576/4
f 713/5/5 711/5/5 716/577/5
f 711/5/5 713/5/5 666/537/5
f 665/2/6 715/3/6 712/11/6
f 715/3/6 665/2/6 714/1/6
f 719/3/1 718/2/1 717/1/1
f 718/3/1 719/2/1 720/1/1
f 721/3/2 719/2/2 717/1/2
f 719/3/2 721/2/2 722/1/2
f 723/5/3 718/5/3 720/578/3
f 718/5/3 723/5/3 724/579/3
f 723/5/4 721/5/4 724/580/4
f 721/5/4 723/5/4 722/581/4
f 721/5/5 718/5/5 724/582/5
f 718/5/5 721/5/5 717/583/5
f 719/2/6 723/3/6 720/11/6
f 723/3/6 719/2/6 722/1/6
f 726/3/1 710/2/1 725/1/1
f 710/3/1 726/2/1 709/1/1
f 727/3/2 726/2/2 725/1/2
f 726/3/2 727/2/2 728/1/2
f 729/5/3 710/568/3 709/5/3
f 710/568/3 729/5/3 730/584/3
f 729/5/4 727/5/4 730/585/4
f 727/5/4 729/5/4 728/586/4
f 727/5/5 710/571/5 730/587/5
f 710/571/5 727/5/5 725/588/5
f 726/2/6 729/3/6 709/11/6
f 729/3/6 726/2/6 728/1/6
f 733/3/1 732/2/1 731/1/1
f 732/3/1 733/2/1 734/1/1
f 187/3/2 733/2/2 731/1/2
f 733/3/2 187/2/2 189/1/2
f 735/5/3 732/5/3 734/589/3
f 732/5/3 735/5/3 736/590/3
f 735/5/4 187/5/4 736/591/4
f 187/5/4 735/5/4 189/592/4
f 187/155/5 732/5/5 736/593/5
f 732/5/5 187/155/5 731/594/5
f 733/2/6 735/3/6 734/11/6
f 735/3/6 733/2/6 189/1/6
f 739/3/1 738/2/1 737/1/1
f 738/3/1 739/2/1 740/1/1
f 741/3/2 739/2/2 737/1/2
f 739/3/2 741/2/2 742/1/2
f 743/5/3 738/5/3 740/595/3
f 738/5/3 743/5/3 744/596/3
f 743/5/4 741/5/4 744/597/4
f 741/5/4 743/5/4 742/598/4
f 741/5/5 738/5/5 744/599/5
f 738/5/5 741/5/5 737/600/5
f 739/2/6 743/3/6 740/11/6
f 743/3/6 739/2/6 742/1/6
f 747/3/1 746/2/1 745/1/1
f 746/3/1 747/2/1 748/1/1
f 749/3/2 747/2/2 745/1/2
f 747/3/2 749/2/2 750/1/2
f 751/5/3 746/5/3 748/601/3
f 746/5/3 751/5/3 752/602/3
f 751/5/4 749/5/4 752/603/4
f 749/5/4 751/5/4 750/604/4
f 749/5/5 746/5/5 752/605/5
f 746/5/5 749/5/5 745/606/5
f 747/2/6 751/3/6 748/11/6
f 751/3/6 747/2/6 750/1/6
f 755/3/1 754/2/1 753/1/1
f 754/3/1 755/2/1 756/1/1
f 757/3/2 755/2/2 753/1/2
f 755/3/2 757/2/2 758/1/2
f 759/5/3 754/5/3 756/607/3
f 754/5/3 759/5/3 760/608/3
f 759/5/4 757/5/4 760/609/4
f 757/5/4 759/5/4 758/610/4
f 757/5/5 754/5/5 760/611/5
f 754/5/5 757/5/5 753/612/5
f 755/2/6 759/3/6 756/11/6
f 759/3/6 755/2/6 758/1/6
f 715/3/1 761/2/1 716/1/1
f 761/3/1 715/2/1 762/1/1
f 763/3/2 715/2/2 716/1/2
f 715/3/2 763/2/2 764/1/2
f 765/5/3 761/5/3 762/613/3
f 761/5/3 765/5/3 766/614/3
f 765/5/4 763/5/4 766/615/4
f 763/5/4 765/5/4 764/616/4
f 763/5/5 761/5/5 766/617/5
f 761/5/5 763/5/5 716/577/5
f 715/2/6 765/3/6 762/11/6
f 765/3/6 715/2/6 764/1/6
f 769/3/1 768/2/1 767/1/1
f 768/3/1 769/2/1 770/1/1
f 771/3/2 769/2/2 767/1/2
f 769/3/2 771/2/2 772/1/2
f 773/5/3 768/5/3 770/618/3
f 768/5/3 773/5/3 774/619/3
f 773/5/4 771/5/4 774/620/4
f 771/5/4 773/5/4 772/621/4
f 771/5/5 768/5/5 774/622/5
f 768/5/5 771/5/5 767/623/5
f 769/2/6 773/3/6 770/11/6
f 773/3/6 769/2/6 772/1/6
f 777/3/1 776/2/1 775/1/1
f 776/3/1 777/2/1 778/1/1
f 779/3/2 777/2/2 775/1/2
f 777/3/2 779/2/2 780/1/2
f 781/5/3 776/5/3 778/624/3
f 776/5/3 781/5/3 782/625/3
f 781/5/4 779/5/4 782/626/4
f 779/5/4 781/5/4 780/627/4
f 779/5/5 776/5/5 782/628/5
f 776/5/5 779/5/5 775/629/5
f 777/2/6 781/3/6 778/11/6
f 781/3/6 777/2/6 780/1/6
f 759/3/1 783/2/1 760/1/1
f 783/3/1 759/2/1 784/1/1
f 785/3/2 759/2/2 760/1/2
f 759/3/2 785/2/2 786/1/2
f 787/5/3 783/5/3 784/630/3
f 783/5/3 787/5/3 788/631/3
f 787/5/4 785/5/4 788/632/4
f 785/5/4 787/5/4 786/633/4
f 785/5/5 783/5/5 788/634/5
f 783/5/5 785/5/5 760/611/5
f 759/2/6 787/3/6 784/11/6
f 787/3/6 759/2/6 786/1/6
f 790/3/1 766/2/1 789/1/1
f 766/3/1 790/2/1 765/1/1
f 791/3/2 790/2/2 789/1/2
f 790/3/2 791/2/2 792/1/2
f 793/5/3 766/614/3 765/5/3
f 766/614/3 793/5/3 794/635/3
f 793/5/4 791/5/4 794/636/4
f 791/5/4 793/5/4 792/637/4
f 791/5/5 766/617/5 794/638/5
f 766/617/5 791/5/5 789/639/5
f 790/2/6 793/3/6 765/11/6
f 793/3/6 790/2/6 792/1/6
f 797/3/1 796/2/1 795/1/1
f 796/3/1 797/2/1 798/1/1
f 799/3/2 797/2/2 795/1/2
f 797/3/2 799/2/2 800/1/2
f 801/5/3 796/5/3 798/640/3
f 796/5/3 801/5/3 802/641/3
f 801/5/4 799/5/4 802/642/4
f 799/5/4 801/5/4 800/643/4
f 799/5/5 796/5/5 802/644/5
f 796/5/5 799/5/5 795/645/5
f 797/2/6 801/3/6 798/11/6
f 801/3/6 797/2/6 800/1/6
f 805/3/1 804/2/1 803/1/1
f 804/3/1 805/2/1 806/1/1
f 807/3/2 805/2/2 803/1/2
f 805/3/2 807/2/2 808/1/2
f 809/5/3 804/5/3 806/646/3
f 804/5/3 809/5/3 810/647/3
f 809/5/4 807/5/4 810/648/4
f 807/5/4 809/5/4 808/649/4
f 807/5/5 804/5/5 810/650/5
f 804/5/5 807/5/5 803/651/5
f 805/2/6 809/3/6 806/11/6
f 809/3/6 805/2/6 808/1/6
f 813/3/1 812/2/1 811/1/1
f 812/3/1 813/2/1 814/1/1
f 815/3/2 813/2/2 811/1/2
f 813/3/2 815/2/2 816/1/2
f 817/5/3 812/5/3 814/652/3
f 812/5/3 817/5/3 818/653/3
f 817/5/4 815/5/4 818/654/4
f 815/5/4 817/5/4 816/655/4
f 815/5/5 812/5/5 818/656/5
f 812/5/5 815/5/5 811/657/5
f 813/2/6 817/3/6 814/11/6
f 817/3/6 813/2/6 816/1/6
f 821/3/1 820/2/1 819/1/1
f 820/3/1 821/2/1 822/1/1
f 823/3/2 821/2/2 819/1/2
f 821/3/2 823/2/2 824/1/2
f 825/5/3 820/5/3 822/658/3
f 820/5/3 825/5/3 826/659/3
f 825/5/4 823/5/4 826/660/4
f 823/5/4 825/5/4 824/661/4
f 823/5/5 820/5/5 826/662/5
f 820/5/5 823/5/5 819/663/5
f 821/2/6 825/3/6 822/11/6
f 825/3/6 821/2/6 824/1/6
f 829/3/1 828/2/1 827/1/1
f 828/3/1 829/2/1 830/1/1
f 831/3/2 829/2/2 827/1/2
f 829/3/2 831/2/2 832/1/2
f 833/5/3 828/5/3 830/664/3
f 828/5/3 833/5/3 834/665/3
f 833/5/4 831/5/4 834/666/4
f 831/5/4 833/5/4 832/667/4
f 831/5/5 828/5/5 834/668/5
f 828/5/5 831/5/5 827/669/5
f 829/2/6 833/3/6 830/11/6
f 833/3/6 829/2/6 832/1/6
f 837/3/1 836/2/1 835/1/1
f 836/3/1 837/2/1 838/1/1
f 768/3/2 837/2/2 835/1/2
f 837/3/2 768/2/2 770/1/2
f 839/5/3 836/5/3 838/670/3
f 836/5/3 839/5/3 840/671/3
f 839/5/4 768/5/4 840/672/4
f 768/5/4 839/5/4 770/673/4
f 768/5/5 836/5/5 840/674/5
f 836/5/5 768/5/5 835/675/5
f 837/2/6 839/3/6 838/11/6
f 839/3/6 837/2/6 770/1/6
f 781/3/1 841/2/1 782/1/1
f 841/3/1 781/2/1 842/1/1
f 843/3/2 781/2/2 782/1/2
f 781/3/2 843/2/2 844/1/2
f 845/5/3 841/5/3 842/676/3
f 841/5/3 845/5/3 846/677/3
f 845/5/4 843/5/4 846/678/4
f 843/5/4 845/5/4 844/679/4
f 843/5/5 841/5/5 846/680/5
f 841/5/5 843/5/5 782/628/5
f 781/2/6 845/3/6 842/11/6
f 845/3/6 781/2/6 844/1/6
f 787/3/1 847/2/1 788/1/1
f 847/3/1 787/2/1 848/1/1
f 849/3/2 787/2/2 788/1/2
f 787/3/2 849/2/2 850/1/2
f 851/5/3 847/5/3 848/681/3
f 847/5/3 851/5/3 852/682/3
f 851/5/4 849/5/4 852/683/4
f 849/5/4 851/5/4 850/684/4
f 849/5/5 847/5/5 852/685/5
f 847/5/5 849/5/5 788/634/5
f 787/2/6 851/3/6 848/11/6
f 851/3/6 787/2/6 850/1/6
f 793/3/1 853/2/1 794/1/1
f 853/3/1 793/2/1 854/1/1
f 855/3/2 793/2/2 794/1/2
f 793/3/2 855/2/2 856/1/2
f 857/5/3 853/5/3 854/686/3
f 853/5/3 857/5/3 858/687/3
f 857/5/4 855/5/4 858/688/4
f 855/5/4 857/5/4 856/689/4
f 855/5/5 853/5/5 858/690/5
f 853/5/5 855/5/5 794/638/5
f 793/2/6 857/3/6 854/11/6
f 857/3/6 793/2/6 856/1/6
f 861/3/1 860/2/1 859/1/1
f 860/3/1 861/2/1 862/1/1
f 863/3/2 861/2/2 859/1/2
f 861/3/2 863/2/2 864/1/2
f 798/640/3 860/5/3 862/691/3
f 860/5/3 798/640/3 796/5/3
f 798/5/4 863/5/4 796/692/4
f 863/5/4 798/5/4 864/693/4
f 863/5/5 860/5/5 796/5/5
f 860/5/5 863/5/5 859/694/5
f 861/2/6 798/3/6 862/11/6
f 798/3/6 861/2/6 864/1/6
f 866/3/1 802/2/1 865/1/1
f 802/3/1 866/2/1 801/1/1
f 867/3/2 866/2/2 865/1/2
f 866/3/2 867/2/2 868/1/2
f 806/646/3 802/641/3 801/5/3
f 802/641/3 806/646/3 804/5/3
f 806/5/4 867/5/4 804/695/4
f 867/5/4 806/5/4 868/696/4
f 867/5/5 802/644/5 804/5/5
f 802/644/5 867/5/5 865/697/5
f 866/2/6 806/3/6 801/11/6
f 806/3/6 866/2/6 868/1/6
f 870/3/1 810/2/1 869/1/1
f 810/3/1 870/2/1 809/1/1
f 871/3/2 870/2/2 869/1/2
f 870/3/2 871/2/2 872/1/2
f 814/652/3 810/647/3 809/5/3
f 810/647/3 814/652/3 812/5/3
f 814/5/4 871/5/4 812/698/4
f 871/5/4 814/5/4 872/699/4
f 871/5/5 810/650/5 812/5/5
f 810/650/5 871/5/5 869/700/5
f 870/2/6 814/3/6 809/11/6
f 814/3/6 870/2/6 872/1/6
f 874/3/1 818/2/1 873/1/1
f 818/3/1 874/2/1 817/1/1
f 875/3/2 874/2/2 873/1/2
f 874/3/2 875/2/2 876/1/2
f 822/658/3 818/653/3 817/5/3
f 818/653/3 822/658/3 820/5/3
f 822/5/4 875/5/4 820/701/4
f 875/5/4 822/5/4 876/702/4
f 875/5/5 818/656/5 820/5/5
f 818/656/5 875/5/5 873/703/5
f 874/2/6 822/3/6 817/11/6
f 822/3/6 874/2/6 876/1/6
f 879/3/1 878/2/1 877/1/1
f 878/3/1 879/2/1 880/1/1
f 828/3/2 879/2/2 877/1/2
f 879/3/2 828/2/2 830/1/2
f 881/5/3 878/5/3 880/704/3
f 878/5/3 881/5/3 882/705/3
f 881/5/4 828/5/4 882/706/4
f 828/5/4 881/5/4 830/707/4
f 828/5/5 878/5/5 882/708/5
f 878/5/5 828/5/5 877/709/5
f 879/2/6 881/3/6 880/11/6
f 881/3/6 879/2/6 830/1/6
f 845/3/1 883/2/1 846/1/1
f 883/3/1 845/2/1 884/1/1
f 885/3/2 845/2/2 846/1/2
f 845/3/2 885/2/2 886/1/2
f 415/5/3 883/5/3 884/710/3
f 883/5/3 415/5/3 413/711/3
f 415/5/4 885/5/4 413/712/4
f 885/5/4 415/5/4 886/713/4
f 885/5/5 883/5/5 413/334/5
f 883/5/5 885/5/5 846/680/5
f 845/2/6 415/3/6 884/11/6
f 415/3/6 845/2/6 886/1/6
f 857/3/1 887/2/1 858/1/1
f 887/3/1 857/2/1 888/1/1
f 889/3/2 857/2/2 858/1/2
f 857/3/2 889/2/2 890/1/2
f 891/5/3 887/5/3 888/714/3
f 887/5/3 891/5/3 892/715/3
f 891/5/4 889/5/4 892/716/4
f 889/5/4 891/5/4 890/717/4
f 889/5/5 887/5/5 892/718/5
f 887/5/5 889/5/5 858/690/5
f 857/2/6 891/3/6 888/11/6
f 891/3/6 857/2/6 890/1/6
f 895/3/1 894/2/1 893/1/1
f 894/3/1 895/2/1 896/1/1
f 897/3/2 895/2/2 893/1/2
f 895/3/2 897/2/2 898/1/2
f 899/5/3 894/5/3 896/719/3
f 894/5/3 899/5/3 900/720/3
f 899/5/4 897/5/4 900/721/4
f 897/5/4 899/5/4 898/722/4
f 897/5/5 894/5/5 900/723/5
f 894/5/5 897/5/5 893/724/5
f 895/2/6 899/3/6 896/11/6
f 899/3/6 895/2/6 898/1/6
f 903/3/1 902/2/1 901/1/1
f 902/3/1 903/2/1 904/1/1
f 905/3/2 903/2/2 901/1/2
f 903/3/2 905/2/2 906/1/2
f 907/5/3 902/5/3 904/725/3
f 902/5/3 907/5/3 908/726/3
f 907/5/4 905/5/4 908/727/4
f 905/5/4 907/5/4 906/728/4
f 905/5/5 902/5/5 908/729/5
f 902/5/5 905/5/5 901/730/5
f 903/2/6 907/3/6 904/11/6
f 907/3/6 903/2/6 906/1/6
f 911/3/1 910/2/1 909/1/1
f 910/3/1 911/2/1 912/1/1
f 913/3/2 911/2/2 909/1/2
f 911/3/2 913/2/2 914/1/2
f 915/5/3 910/5/3 912/731/3
f 910/5/3 915/5/3 916/732/3
f 915/5/4 913/5/4 916/733/4
f 913/5/4 915/5/4 914/734/4
f 913/5/5 910/5/5 916/735/5
f 910/5/5 913/5/5 909/736/5
f 911/2/6 915/3/6 912/11/6
f 915/3/6 911/2/6 914/1/6
f 919/3/1 918/2/1 917/1/1
f 918/3/1 919/2/1 920/1/1
f 921/3/2 919/2/2 917/1/2
f 919/3/2 921/2/2 922/1/2
f 923/5/3 918/5/3 920/737/3
f 918/5/3 923/5/3 924/738/3
f 923/5/4 921/5/4 924/739/4
f 921/5/4 923/5/4 922/740/4
f 921/5/5 918/5/5 924/741/5
f 918/5/5 921/5/5 917/742/5
f 919/2/6 923/3/6 920/11/6
f 923/3/6 919/2/6 922/1/6
f 927/3/1 926/2/1 925/1/1
f 926/3/1 927/2/1 928/1/1
f 929/3/2 927/2/2 925/1/2
f 927/3/2 929/2/2 930/1/2
f 931/5/3 926/5/3 928/743/3
f 926/5/3 931/5/3 932/744/3
f 931/5/4 929/5/4 932/745/4
f 929/5/4 931/5/4 930/746/4
f 929/5/5 926/5/5 932/747/5
f 926/5/5 929/5/5 925/748/5
f 927/2/6 931/3/6 928/11/6
f 931/3/6 927/2/6 930/1/6
f 915/3/1 933/2/1 916/1/1
f 933/3/1 915/2/1 934/1/1
f 935/3/2 915/2/2 916/1/2
f 915/3/2 935/2/2 936/1/2
f 937/5/3 933/5/3 934/749/3
f 933/5/3 937/5/3 938/750/3
f 937/5/4 935/5/4 938/751/4
f 935/5/4 937/5/4 936/752/4
f 935/5/5 933/5/5 938/753/5
f 933/5/5 935/5/5 916/735/5
f 915/2/6 937/3/6 934/11/6
f 937/3/6 915/2/6 936/1/6
f 941/3/1 940/2/1 939/1/1
f 940/3/1 941/2/1 942/1/1
f 943/3/2 941/2/2 939/1/2
f 941/3/2 943/2/2 944/1/2
f 945/5/3 940/5/3 942/754/3
f 940/5/3 945/5/3 946/755/3
f 945/5/4 943/5/4 946/756/4
f 943/5/4 945/5/4 944/757/4
f 943/5/5 940/5/5 946/758/5
f 940/5/5 943/5/5 939/759/5
f 941/2/6 945/3/6 942/11/6
f 945/3/6 941/2/6 944/1/6
f 949/3/1 948/2/1 947/1/1
f 948/3/1 949/2/1 950/1/1
f 951/3/2 949/2/2 947/1/2
f 949/3/2 951/2/2 952/1/2
f 953/5/3 948/5/3 950/760/3
f 948/5/3 953/5/3 954/761/3
f 953/5/4 951/5/4 954/762/4
f 951/5/4 953/5/4 952/763/4
f 951/5/5 948/5/5 954/764/5
f 948/5/5 951/5/5 947/765/5
f 949/2/6 953/3/6 950/11/6
f 953/3/6 949/2/6 952/1/6
f 520/3/1 523/2/1 519/1/1
f 523/3/1 520/2/1 524/1/1
f 525/3/2 520/2/2 519/1/2
f 520/3/2 525/2/2 526/1/2
f 527/5/3 523/5/3 524/412/3
f 523/5/3 527/5/3 528/413/3
f 527/5/4 525/5/4 528/414/4
f 525/5/4 527/5/4 526/415/4
f 525/5/5 523/5/5 528/416/5
f 523/5/5 525/5/5 519/5/5
f 520/2/6 527/3/6 524/11/6
f 527/3/6 520/2/6 526/1/6

usemtl color18

f 502/3/1 955/2/1 501/1/1
f 955/3/1 502/2/1 956/1/1
f 506/3/2 502/2/2 501/1/2
f 502/3/2 506/2/2 505/1/2
f 957/5/3 955/5/3 956/766/3
f 955/5/3 957/5/3 958/767/3
f 957/5/4 506/397/4 958/768/4
f 506/397/4 957/5/4 505/5/4
f 506/399/5 955/5/5 958/769/5
f 955/5/5 506/399/5 501/5/5
f 502/2/6 957/3/6 956/11/6
f 957/3/6 502/2/6 505/1/6
f 961/3/1 960/2/1 959/1/1
f 960/3/1 961/2/1 962/1/1
f 963/3/2 961/2/2 959/1/2
f 961/3/2 963/2/2 964/1/2
f 965/5/3 960/5/3 962/770/3
f 960/5/3 965/5/3 966/771/3
f 965/5/4 963/5/4 966/772/4
f 963/5/4 965/5/4 964/773/4
f 963/5/5 960/5/5 966/774/5
f 960/5/5 963/5/5 959/775/5
f 961/2/6 965/3/6 962/11/6
f 965/3/6 961/2/6 964/1/6
f 969/3/1 968/2/1 967/1/1
f 968/3/1 969/2/1 970/1/1
f 971/3/2 969/2/2 967/1/2
f 969/3/2 971/2/2 972/1/2
f 973/5/3 968/5/3 970/776/3
f 968/5/3 973/5/3 974/777/3
f 973/5/4 971/5/4 974/778/4
f 971/5/4 973/5/4 972/779/4
f 971/5/5 968/5/5 974/780/5
f 968/5/5 971/5/5 967/781/5
f 969/2/6 973/3/6 970/11/6
f 973/3/6 969/2/6 972/1/6
f 977/3/1 976/2/1 975/1/1
f 976/3/1 977/2/1 978/1/1
f 979/3/2 977/2/2 975/1/2
f 977/3/2 979/2/2 980/1/2
f 981/5/3 976/5/3 978/782/3
f 976/5/3 981/5/3 982/783/3
f 981/5/4 979/5/4 982/784/4
f 979/5/4 981/5/4 980/785/4
f 979/5/5 976/5/5 982/786/5
f 976/5/5 979/5/5 975/787/5
f 977/2/6 981/3/6 978/11/6
f 981/3/6 977/2/6 980/1/6
f 985/3/1 984/2/1 983/1/1
f 984/3/1 985/2/1 986/1/1
f 134/3/2 985/2/2 983/1/2
f 985/3/2 134/2/2 136/1/2
f 987/5/3 984/5/3 986/788/3
f 984/5/3 987/5/3 988/789/3
f 987/5/4 134/5/4 988/790/4
f 134/5/4 987/5/4 136/791/4
f 134/5/5 984/5/5 988/792/5
f 984/5/5 134/5/5 983/793/5
f 985/2/6 987/3/6 986/11/6
f 987/3/6 985/2/6 136/1/6
f 990/3/1 565/2/1 989/1/1
f 565/3/1 990/2/1 567/1/1
f 991/3/2 990/2/2 989/1/2
f 990/3/2 991/2/2 992/1/2
f 518/406/3 565/5/3 567/794/3
f 565/5/3 518/406/3 516/5/3
f 518/456/4 991/5/4 516/5/4
f 991/5/4 518/456/4 992/795/4
f 991/5/5 565/458/5 516/5/5
f 565/458/5 991/5/5 989/796/5
f 990/2/6 518/3/6 567/11/6
f 518/3/6 990/2/6 992/1/6
f 995/3/1 994/2/1 993/1/1
f 994/3/1 995/2/1 996/1/1
f 528/3/2 995/2/2 993/1/2
f 995/3/2 528/2/2 527/1/2
f 997/5/3 994/5/3 996/797/3
f 994/5/3 997/5/3 998/798/3
f 997/5/4 528/414/4 998/799/4
f 528/414/4 997/5/4 527/5/4
f 528/416/5 994/5/5 998/800/5
f 994/5/5 528/416/5 993/801/5
f 995/2/6 997/3/6 996/11/6
f 997/3/6 995/2/6 527/1/6
f 536/3/1 999/2/1 535/1/1
f 999/3/1 536/2/1 1000/1/1
f 538/3/2 536/2/2 535/1/2
f 536/3/2 538/2/2 537/1/2
f 1001/5/3 999/5/3 1000/802/3
f 999/5/3 1001/5/3 1002/803/3
f 1001/5/4 538/425/4 1002/804/4
f 538/425/4 1001/5/4 537/5/4
f 538/426/5 999/5/5 1002/805/5
f 999/5/5 538/426/5 535/5/5
f 536/2/6 1001/3/6 1000/11/6
f 1001/3/6 536/2/6 537/1/6
f 540/3/1 1003/2/1 539/1/1
f 1003/3/1 540/2/1 1004/1/1
f 542/3/2 540/2/2 539/1/2
f 540/3/2 542/2/2 541/1/2
f 1005/5/3 1003/5/3 1004/806/3
f 1003/5/3 1005/5/3 1006/807/3
f 1005/5/4 542/429/4 1006/808/4
f 542/429/4 1005/5/4 541/5/4
f 542/430/5 1003/5/5 1006/809/5
f 1003/5/5 542/430/5 539/5/5
f 540/2/6 1005/3/6 1004/11/6
f 1005/3/6 540/2/6 541/1/6
f 544/3/1 1007/2/1 543/1/1
f 1007/3/1 544/2/1 1008/1/1
f 546/3/2 544/2/2 543/1/2
f 544/3/2 546/2/2 545/1/2
f 1009/5/3 1007/5/3 1008/810/3
f 1007/5/3 1009/5/3 1010/811/3
f 1009/5/4 546/433/4 1010/812/4
f 546/433/4 1009/5/4 545/5/4
f 546/435/5 1007/5/5 1010/813/5
f 1007/5/5 546/435/5 543/5/5
f 544/2/6 1009/3/6 1008/11/6
f 1009/3/6 544/2/6 545/1/6
f 1012/3/1 601/2/1 1011/1/1
f 601/3/1 1012/2/1 603/1/1
f 565/3/2 1012/2/2 1011/1/2
f 1012/3/2 565/2/2 567/1/2
f 568/453/3 601/5/3 603/814/3
f 601/5/3 568/453/3 566/5/3
f 568/485/4 565/5/4 566/5/4
f 565/5/4 568/485/4 567/815/4
f 565/458/5 601/487/5 566/5/5
f 601/487/5 565/458/5 1011/816/5
f 1012/2/6 568/3/6 603/11/6
f 568/3/6 1012/2/6 567/1/6
f 1015/3/1 1014/2/1 1013/1/1
f 1014/3/1 1015/2/1 1016/1/1
f 1017/3/2 1015/2/2 1013/1/2
f 1015/3/2 1017/2/2 1018/1/2
f 1019/5/3 1014/5/3 1016/817/3
f 1014/5/3 1019/5/3 1020/818/3
f 1019/5/4 1017/5/4 1020/819/4
f 1017/5/4 1019/5/4 1018/820/4
f 1017/5/5 1014/5/5 1020/821/5
f 1014/5/5 1017/5/5 1013/822/5
f 1015/2/6 1019/3/6 1016/11/6
f 1019/3/6 1015/2/6 1018/1/6
f 620/3/1 1021/2/1 618/1/1
f 1021/3/1 620/2/1 1022/1/1
f 1023/3/2 620/2/2 618/1/2
f 620/3/2 1023/2/2 1024/1/2
f 1025/5/3 1021/5/3 1022/823/3
f 1021/5/3 1025/5/3 1026/824/3
f 1025/5/4 1023/5/4 1026/825/4
f 1023/5/4 1025/5/4 1024/826/4
f 1023/5/5 1021/5/5 1026/827/5
f 1021/5/5 1023/5/5 618/5/5
f 620/2/6 1025/3/6 1022/11/6
f 1025/3/6 620/2/6 1024/1/6
f 1029/3/1 1028/2/1 1027/1/1
f 1028/3/1 1029/2/1 1030/1/1
f 1031/3/2 1029/2/2 1027/1/2
f 1029/3/2 1031/2/2 1032/1/2
f 1033/5/3 1028/5/3 1030/828/3
f 1028/5/3 1033/5/3 1034/829/3
f 1033/5/4 1031/5/4 1034/830/4
f 1031/5/4 1033/5/4 1032/831/4
f 1031/5/5 1028/5/5 1034/832/5
f 1028/5/5 1031/5/5 1027/833/5
f 1029/2/6 1033/3/6 1030/11/6
f 1033/3/6 1029/2/6 1032/1/6
f 1037/3/1 1036/2/1 1035/1/1
f 1036/3/1 1037/2/1 1038/1/1
f 1021/3/2 1037/2/2 1035/1/2
f 1037/3/2 1021/2/2 1022/1/2
f 1039/5/3 1036/5/3 1038/834/3
f 1036/5/3 1039/5/3 1040/835/3
f 1039/5/4 1021/5/4 1040/836/4
f 1021/5/4 1039/5/4 1022/837/4
f 1021/5/5 1036/5/5 1040/838/5
f 1036/5/5 1021/5/5 1035/839/5
f 1037/2/6 1039/3/6 1038/11/6
f 1039/3/6 1037/2/6 1022/1/6
f 1025/3/1 1041/2/1 1026/1/1
f 1041/3/1 1025/2/1 1042/1/1
f 1043/3/2 1025/2/2 1026/1/2
f 1025/3/2 1043/2/2 1044/1/2
f 1045/5/3 1041/5/3 1042/840/3
f 1041/5/3 1045/5/3 1046/841/3
f 1045/5/4 1043/5/4 1046/842/4
f 1043/5/4 1045/5/4 1044/843/4
f 1043/5/5 1041/5/5 1046/844/5
f 1041/5/5 1043/5/5 1026/827/5
f 1025/2/6 1045/3/6 1042/11/6
f 1045/3/6 1025/2/6 1044/1/6
f 1049/3/1 1048/2/1 1047/1/1
f 1048/3/1 1049/2/1 1050/1/1
f 1036/3/2 1049/2/2 1047/1/2
f 1049/3/2 1036/2/2 1038/1/2
f 1051/5/3 1048/5/3 1050/845/3
f 1048/5/3 1051/5/3 1052/846/3
f 1051/5/4 1036/5/4 1052/847/4
f 1036/5/4 1051/5/4 1038/848/4
f 1036/5/5 1048/5/5 1052/849/5
f 1048/5/5 1036/5/5 1047/850/5
f 1049/2/6 1051/3/6 1050/11/6
f 1051/3/6 1049/2/6 1038/1/6
f 1045/3/1 1053/2/1 1046/1/1
f 1053/3/1 1045/2/1 1054/1/1
f 1055/3/2 1045/2/2 1046/1/2
f 1045/3/2 1055/2/2 1056/1/2
f 1057/5/3 1053/5/3 1054/851/3
f 1053/5/3 1057/5/3 1058/852/3
f 1057/5/4 1055/5/4 1058/853/4
f 1055/5/4 1057/5/4 1056/854/4
f 1055/5/5 1053/5/5 1058/855/5
f 1053/5/5 1055/5/5 1046/844/5
f 1045/2/6 1057/3/6 1054/11/6
f 1057/3/6 1045/2/6 1056/1/6
f 1061/3/1 1060/2/1 1059/1/1
f 1060/3/1 1061/2/1 1062/1/1
f 1063/3/2 1061/2/2 1059/1/2
f 1061/3/2 1063/2/2 1064/1/2
f 1065/5/3 1060/5/3 1062/856/3
f 1060/5/3 1065/5/3 1066/857/3
f 1065/5/4 1063/5/4 1066/858/4
f 1063/5/4 1065/5/4 1064/859/4
f 1063/5/5 1060/5/5 1066/860/5
f 1060/5/5 1063/5/5 1059/861/5
f 1061/2/6 1065/3/6 1062/11/6
f 1065/3/6 1061/2/6 1064/1/6
f 1068/3/1 835/2/1 1067/1/1
f 835/3/1 1068/2/1 837/1/1
f 767/3/2 1068/2/2 1067/1/2
f 1068/3/2 767/2/2 769/1/2
f 770/618/3 835/5/3 837/862/3
f 835/5/3 770/618/3 768/5/3
f 770/673/4 767/5/4 768/5/4
f 767/5/4 770/673/4 769/863/4
f 767/623/5 835/675/5 768/5/5
f 835/675/5 767/623/5 1067/864/5
f 1068/2/6 770/3/6 837/11/6
f 770/3/6 1068/2/6 769/1/6
f 780/3/1 782/2/1 779/1/1
f 782/3/1 780/2/1 781/1/1
f 1069/3/2 780/2/2 779/1/2
f 780/3/2 1069/2/2 1070/1/2
f 844/5/3 782/625/3 781/5/3
f 782/625/3 844/5/3 843/865/3
f 844/679/4 1069/5/4 843/5/4
f 1069/5/4 844/679/4 1070/866/4
f 1069/5/5 782/628/5 843/5/5
f 782/628/5 1069/5/5 779/5/5
f 780/2/6 844/3/6 781/11/6
f 844/3/6 780/2/6 1070/1/6
f 1073/3/1 1072/2/1 1071/1/1
f 1072/3/1 1073/2/1 1074/1/1
f 1075/3/2 1073/2/2 1071/1/2
f 1073/3/2 1075/2/2 1076/1/2
f 1077/5/3 1072/5/3 1074/867/3
f 1072/5/3 1077/5/3 1078/868/3
f 1077/5/4 1075/5/4 1078/869/4
f 1075/5/4 1077/5/4 1076/870/4
f 1075/5/5 1072/5/5 1078/871/5
f 1072/5/5 1075/5/5 1071/872/5
f 1073/2/6 1077/3/6 1074/11/6
f 1077/3/6 1073/2/6 1076/1/6
f 1080/3/1 409/2/1 1079/1/1
f 409/3/1 1080/2/1 410/1/1
f 835/3/2 1080/2/2 1079/1/2
f 1080/3/2 835/2/2 837/1/2
f 838/670/3 409/5/3 410/873/3
f 409/5/3 838/670/3 836/5/3
f 838/5/4 835/5/4 836/874/4
f 835/5/4 838/5/4 837/875/4
f 835/675/5 409/5/5 836/5/5
f 409/5/5 835/675/5 1079/876/5
f 1080/2/6 838/3/6 410/11/6
f 838/3/6 1080/2/6 837/1/6
f 844/3/1 846/2/1 843/1/1
f 846/3/1 844/2/1 845/1/1
f 1081/3/2 844/2/2 843/1/2
f 844/3/2 1081/2/2 1082/1/2
f 886/5/3 846/677/3 845/5/3
f 846/677/3 886/5/3 885/877/3
f 886/713/4 1081/5/4 885/5/4
f 1081/5/4 886/713/4 1082/878/4
f 1081/5/5 846/680/5 885/5/5
f 846/680/5 1081/5/5 843/5/5
f 844/2/6 886/3/6 845/11/6
f 886/3/6 844/2/6 1082/1/6
f 1085/3/1 1084/2/1 1083/1/1
f 1084/3/1 1085/2/1 1086/1/1
f 1087/3/2 1085/2/2 1083/1/2
f 1085/3/2 1087/2/2 1088/1/2
f 1089/5/3 1084/5/3 1086/879/3
f 1084/5/3 1089/5/3 1090/880/3
f 1089/5/4 1087/5/4 1090/881/4
f 1087/5/4 1089/5/4 1088/882/4
f 1087/5/5 1084/5/5 1090/883/5
f 1084/5/5 1087/5/5 1083/884/5
f 1085/2/6 1089/3/6 1086/11/6
f 1089/3/6 1085/2/6 1088/1/6
f 1051/3/1 1091/2/1 1052/1/1
f 1091/3/1 1051/2/1 1092/1/1
f 1093/3/2 1051/2/2 1052/1/2
f 1051/3/2 1093/2/2 1094/1/2
f 1095/5/3 1091/5/3 1092/885/3
f 1091/5/3 1095/5/3 1096/886/3
f 1095/5/4 1093/5/4 1096/887/4
f 1093/5/4 1095/5/4 1094/888/4
f 1093/5/5 1091/5/5 1096/889/5
f 1091/5/5 1093/5/5 1052/849/5
f 1051/2/6 1095/3/6 1092/11/6
f 1095/3/6 1051/2/6 1094/1/6
f 1099/3/1 1098/2/1 1097/1/1
f 1098/3/1 1099/2/1 1100/1/1
f 1072/3/2 1099/2/2 1097/1/2
f 1099/3/2 1072/2/2 1074/1/2
f 1101/5/3 1098/5/3 1100/890/3
f 1098/5/3 1101/5/3 1102/891/3
f 1101/5/4 1072/5/4 1102/892/4
f 1072/5/4 1101/5/4 1074/893/4
f 1072/5/5 1098/5/5 1102/894/5
f 1098/5/5 1072/5/5 1097/895/5
f 1099/2/6 1101/3/6 1100/11/6
f 1101/3/6 1099/2/6 1074/1/6
f 1104/3/1 893/2/1 1103/1/1
f 893/3/1 1104/2/1 895/1/1
f 1105/3/2 1104/2/2 1103/1/2
f 1104/3/2 1105/2/2 1106/1/2
f 898/5/3 893/5/3 895/896/3
f 893/5/3 898/5/3 897/897/3
f 898/722/4 1105/5/4 897/5/4
f 1105/5/4 898/722/4 1106/898/4
f 1105/5/5 893/724/5 897/5/5
f 893/724/5 1105/5/5 1103/899/5
f 1104/2/6 898/3/6 895/11/6
f 898/3/6 1104/2/6 1106/1/6
f 1095/3/1 1107/2/1 1096/1/1
f 1107/3/1 1095/2/1 1108/1/1
f 1098/3/2 1095/2/2 1096/1/2
f 1095/3/2 1098/2/2 1100/1/2
f 1109/5/3 1107/5/3 1108/900/3
f 1107/5/3 1109/5/3 1110/901/3
f 1109/5/4 1098/5/4 1110/902/4
f 1098/5/4 1109/5/4 1100/903/4
f 1098/5/5 1107/5/5 1110/904/5
f 1107/5/5 1098/5/5 1096/889/5
f 1095/2/6 1109/3/6 1108/11/6
f 1109/3/6 1095/2/6 1100/1/6

usemtl color30

f 1113/3/1 1112/2/1 1111/1/1
f 1112/3/1 1113/2/1 1114/1/1
f 1115/3/2 1113/2/2 1111/1/2
f 1113/3/2 1115/2/2 1116/1/2
f 1117/5/3 1112/5/3 1114/905/3
f 1112/5/3 1117/5/3 1118/906/3
f 1117/5/4 1115/5/4 1118/907/4
f 1115/5/4 1117/5/4 1116/908/4
f 1115/5/5 1112/5/5 1118/909/5
f 1112/5/5 1115/5/5 1111/910/5
f 1113/2/6 1117/3/6 1114/11/6
f 1117/3/6 1113/2/6 1116/1/6
f 1121/3/1 1120/2/1 1119/1/1
f 1120/3/1 1121/2/1 1122/1/1
f 1112/3/2 1121/2/2 1119/1/2
f 1121/3/2 1112/2/2 1114/1/2
f 1123/5/3 1120/5/3 1122/911/3
f 1120/5/3 1123/5/3 1124/912/3
f 1123/5/4 1112/5/4 1124/913/4
f 1112/5/4 1123/5/4 1114/914/4
f 1112/5/5 1120/5/5 1124/915/5
f 1120/5/5 1112/5/5 1119/916/5
f 1121/2/6 1123/3/6 1122/11/6
f 1123/3/6 1121/2/6 1114/1/6
f 265/3/1 1125/2/1 266/1/1
f 1125/3/1 265/2/1 1126/1/1
f 1127/3/2 265/2/2 266/1/2
f 265/3/2 1127/2/2 1128/1/2
f 1129/5/3 1125/5/3 1126/917/3
f 1125/5/3 1129/5/3 1130/918/3
f 1129/5/4 1127/5/4 1130/919/4
f 1127/5/4 1129/5/4 1128/920/4
f 1127/5/5 1125/5/5 1130/921/5
f 1125/5/5 1127/5/5 266/212/5
f 265/2/6 1129/3/6 1126/11/6
f 1129/3/6 265/2/6 1128/1/6

usemtl color7

f 512/3/1 514/2/1 511/1/1
f 514/3/1 512/2/1 513/1/1
f 251/3/2 512/2/2 511/1/2
f 512/3/2 251/2/2 253/1/2
f 254/202/3 514/401/3 513/5/3
f 514/401/3 254/202/3 252/5/3
f 254/434/4 251/5/4 252/5/4
f 251/5/4 254/434/4 253/922/4
f 251/207/5 514/404/5 252/5/5
f 514/404/5 251/207/5 511/5/5
f 512/2/6 254/3/6 513/11/6
f 254/3/6 512/2/6 253/1/6
f 1133/3/1 1132/2/1 1131/1/1
f 1132/3/1 1133/2/1 1134/1/1
f 1135/3/2 1133/2/2 1131/1/2
f 1133/3/2 1135/2/2 1136/1/2
f 1137/5/3 1132/5/3 1134/923/3
f 1132/5/3 1137/5/3 1138/924/3
f 1137/5/4 1135/5/4 1138/925/4
f 1135/5/4 1137/5/4 1136/926/4
f 1135/5/5 1132/5/5 1138/927/5
f 1132/5/5 1135/5/5 1131/928/5
f 1133/2/6 1137/3/6 1134/11/6
f 1137/3/6 1133/2/6 1136/1/6
f 1140/3/1 575/2/1 1139/1/1
f 575/3/1 1140/2/1 576/1/1
f 551/3/2 1140/2/2 1139/1/2
f 1140/3/2 551/2/2 553/1/2
f 554/441/3 575/5/3 576/929/3
f 575/5/3 554/441/3 552/5/3
f 554/5/4 551/5/4 552/930/4
f 551/5/4 554/5/4 553/931/4
f 551/446/5 575/5/5 552/5/5
f 575/5/5 551/446/5 1139/932/5
f 1140/2/6 554/3/6 576/11/6
f 554/3/6 1140/2/6 553/1/6
f 1142/3/1 613/2/1 1141/1/1
f 613/3/1 1142/2/1 614/1/1
f 283/3/2 1142/2/2 1141/1/2
f 1142/3/2 283/2/2 285/1/2
f 286/226/3 613/5/3 614/933/3
f 613/5/3 286/226/3 284/5/3
f 286/5/4 283/5/4 284/934/4
f 283/5/4 286/5/4 285/935/4
f 283/231/5 613/5/5 284/5/5
f 613/5/5 283/231/5 1141/936/5
f 1142/2/6 286/3/6 614/11/6
f 286/3/6 1142/2/6 285/1/6
f 292/3/1 294/2/1 291/1/1
f 294/3/1 292/2/1 293/1/1
f 1143/3/2 292/2/2 291/1/2
f 292/3/2 1143/2/2 1144/1/2
f 1145/5/3 294/233/3 293/5/3
f 294/233/3 1145/5/3 1146/937/3
f 1145/5/4 1143/5/4 1146/938/4
f 1143/5/4 1145/5/4 1144/939/4
f 1143/5/5 294/236/5 1146/940/5
f 294/236/5 1143/5/5 291/5/5
f 292/2/6 1145/3/6 293/11/6
f 1145/3/6 292/2/6 1144/1/6
f 1149/3/1 1148/2/1 1147/1/1
f 1148/3/1 1149/2/1 1150/1/1
f 1151/3/2 1149/2/2 1147/1/2
f 1149/3/2 1151/2/2 1152/1/2
f 1153/5/3 1148/5/3 1150/941/3
f 1148/5/3 1153/5/3 1154/942/3
f 1153/5/4 1151/5/4 1154/943/4
f 1151/5/4 1153/5/4 1152/944/4
f 1151/5/5 1148/5/5 1154/945/5
f 1148/5/5 1151/5/5 1147/946/5
f 1149/2/6 1153/3/6 1150/11/6
f 1153/3/6 1149/2/6 1152/1/6
f 1157/3/1 1156/2/1 1155/1/1
f 1156/3/1 1157/2/1 1158/1/1
f 1159/3/2 1157/2/2 1155/1/2
f 1157/3/2 1159/2/2 1160/1/2
f 1161/5/3 1156/5/3 1158/947/3
f 1156/5/3 1161/5/3 1162/948/3
f 1161/5/4 1159/5/4 1162/949/4
f 1159/5/4 1161/5/4 1160/950/4
f 1159/5/5 1156/5/5 1162/951/5
f 1156/5/5 1159/5/5 1155/952/5
f 1157/2/6 1161/3/6 1158/11/6
f 1161/3/6 1157/2/6 1160/1/6
f 88/3/1 1163/2/1 86/1/1
f 1163/3/1 88/2/1 1164/1/1
f 33/3/2 88/2/2 86/1/2
f 88/3/2 33/2/2 35/1/2
f 36/30/3 1163/5/3 1164/953/3
f 1163/5/3 36/30/3 34/5/3
f 36/5/4 33/74/4 34/954/4
f 33/74/4 36/5/4 35/5/4
f 33/35/5 1163/5/5 34/5/5
f 1163/5/5 33/35/5 86/5/5
f 88/2/6 36/3/6 1164/11/6
f 36/3/6 88/2/6 35/1/6
f 1167/3/1 1166/2/1 1165/1/1
f 1166/3/1 1167/2/1 1168/1/1
f 1169/3/2 1167/2/2 1165/1/2
f 1167/3/2 1169/2/2 1170/1/2
f 43/5/3 1166/5/3 1168/955/3
f 1166/5/3 43/5/3 41/956/3
f 43/5/4 1169/5/4 41/957/4
f 1169/5/4 43/5/4 1170/958/4
f 1169/5/5 1166/5/5 41/41/5
f 1166/5/5 1169/5/5 1165/959/5
f 1167/2/6 43/3/6 1168/11/6
f 43/3/6 1167/2/6 1170/1/6
f 97/3/1 1171/2/1 98/1/1
f 1171/3/1 97/2/1 1172/1/1
f 100/3/2 97/2/2 98/1/2
f 97/3/2 100/2/2 102/1/2
f 1173/5/3 1171/5/3 1172/960/3
f 1171/5/3 1173/5/3 1174/961/3
f 1173/5/4 100/5/4 1174/962/4
f 100/5/4 1173/5/4 102/963/4
f 100/5/5 1171/5/5 1174/964/5
f 1171/5/5 100/5/5 98/81/5
f 97/2/6 1173/3/6 1172/11/6
f 1173/3/6 97/2/6 102/1/6
f 1176/3/1 191/2/1 1175/1/1
f 191/3/1 1176/2/1 192/1/1
f 1177/3/2 1176/2/2 1175/1/2
f 1176/3/2 1177/2/2 1178/1/2
f 1179/5/3 191/5/3 192/965/3
f 191/5/3 1179/5/3 1180/966/3
f 1179/5/4 1177/5/4 1180/967/4
f 1177/5/4 1179/5/4 1178/968/4
f 1177/5/5 191/5/5 1180/969/5
f 191/5/5 1177/5/5 1175/970/5
f 1176/2/6 1179/3/6 192/11/6
f 1179/3/6 1176/2/6 1178/1/6
f 1182/3/1 757/2/1 1181/1/1
f 757/3/1 1182/2/1 758/1/1
f 661/3/2 1182/2/2 1181/1/2
f 1182/3/2 661/2/2 662/1/2
f 1183/5/3 757/5/3 758/971/3
f 757/5/3 1183/5/3 1184/972/3
f 1183/5/4 661/5/4 1184/973/4
f 661/5/4 1183/5/4 662/974/4
f 661/5/5 757/5/5 1184/975/5
f 757/5/5 661/5/5 1181/976/5
f 1182/2/6 1183/3/6 758/11/6
f 1183/3/6 1182/2/6 662/1/6
f 1183/3/1 785/2/1 1184/1/1
f 785/3/1 1183/2/1 786/1/1
f 711/3/2 1183/2/2 1184/1/2
f 1183/3/2 711/2/2 712/1/2
f 1185/5/3 785/5/3 786/977/3
f 785/5/3 1185/5/3 1186/978/3
f 1185/5/4 711/5/4 1186/979/4
f 711/5/4 1185/5/4 712/980/4
f 711/5/5 785/5/5 1186/981/5
f 785/5/5 711/5/5 1184/975/5
f 1183/2/6 1185/3/6 786/11/6
f 1185/3/6 1183/2/6 712/1/6
f 193/3/1 1187/2/1 194/1/1
f 1187/3/1 193/2/1 1188/1/1
f 1189/3/2 193/2/2 194/1/2
f 193/3/2 1189/2/2 1190/1/2
f 1191/5/3 1187/5/3 1188/982/3
f 1187/5/3 1191/5/3 1192/983/3
f 1191/5/4 1189/5/4 1192/984/4
f 1189/5/4 1191/5/4 1190/985/4
f 1189/5/5 1187/5/5 1192/986/5
f 1187/5/5 1189/5/5 194/154/5
f 193/2/6 1191/3/6 1188/11/6
f 1191/3/6 193/2/6 1190/1/6
f 356/3/1 1193/2/1 354/1/1
f 1193/3/1 356/2/1 1194/1/1
f 360/3/2 356/2/2 354/1/2
f 356/3/2 360/2/2 359/1/2
f 378/300/3 1193/5/3 1194/987/3
f 1193/5/3 378/300/3 377/5/3
f 378/5/4 360/284/4 377/988/4
f 360/284/4 378/5/4 359/5/4
f 360/286/5 1193/5/5 377/5/5
f 1193/5/5 360/286/5 354/5/5
f 356/2/6 378/3/6 1194/11/6
f 378/3/6 356/2/6 359/1/6
f 1197/3/1 1196/2/1 1195/1/1
f 1196/3/1 1197/2/1 1198/1/1
f 1199/3/2 1197/2/2 1195/1/2
f 1197/3/2 1199/2/2 1200/1/2
f 1201/5/3 1196/5/3 1198/989/3
f 1196/5/3 1201/5/3 1202/990/3
f 1201/5/4 1199/5/4 1202/991/4
f 1199/5/4 1201/5/4 1200/992/4
f 1199/5/5 1196/5/5 1202/993/5
f 1196/5/5 1199/5/5 1195/994/5
f 1197/2/6 1201/3/6 1198/11/6
f 1201/3/6 1197/2/6 1200/1/6
f 1204/3/1 61/2/1 1203/1/1
f 61/3/1 1204/2/1 62/1/1
f 1205/3/2 1204/2/2 1203/1/2
f 1204/3/2 1205/2/2 1206/1/2
f 67/5/3 61/5/3 62/995/3
f 61/5/3 67/5/3 65/996/3
f 67/5/4 1205/5/4 65/997/4
f 1205/5/4 67/5/4 1206/998/4
f 1205/5/5 61/5/5 65/59/5
f 61/5/5 1205/5/5 1203/999/5
f 1204/2/6 67/3/6 62/11/6
f 67/3/6 1204/2/6 1206/1/6
f 1209/3/1 1208/2/1 1207/1/1
f 1208/3/1 1209/2/1 1210/1/1
f 1211/3/2 1209/2/2 1207/1/2
f 1209/3/2 1211/2/2 1212/1/2
f 1213/5/3 1208/5/3 1210/1000/3
f 1208/5/3 1213/5/3 1214/1001/3
f 1213/5/4 1211/5/4 1214/1002/4
f 1211/5/4 1213/5/4 1212/1003/4
f 1211/5/5 1208/5/5 1214/1004/5
f 1208/5/5 1211/5/5 1207/1005/5
f 1209/2/6 1213/3/6 1210/11/6
f 1213/3/6 1209/2/6 1212/1/6
f 1217/3/1 1216/2/1 1215/1/1
f 1216/3/1 1217/2/1 1218/1/1
f 826/3/2 1217/2/2 1215/1/2
f 1217/3/2 826/2/2 825/1/2
f 1219/5/3 1216/5/3 1218/1006/3
f 1216/5/3 1219/5/3 1220/1007/3
f 1219/5/4 826/660/4 1220/1008/4
f 826/660/4 1219/5/4 825/5/4
f 826/662/5 1216/5/5 1220/1009/5
f 1216/5/5 826/662/5 1215/1010/5
f 1217/2/6 1219/3/6 1218/11/6
f 1219/3/6 1217/2/6 825/1/6
f 880/3/1 1221/2/1 878/1/1
f 1221/3/1 880/2/1 1222/1/1
f 882/3/2 880/2/2 878/1/2
f 880/3/2 882/2/2 881/1/2
f 1223/5/3 1221/5/3 1222/1011/3
f 1221/5/3 1223/5/3 1224/1012/3
f 1223/5/4 882/706/4 1224/1013/4
f 882/706/4 1223/5/4 881/5/4
f 882/708/5 1221/5/5 1224/1014/5
f 1221/5/5 882/708/5 878/5/5
f 880/2/6 1223/3/6 1222/11/6
f 1223/3/6 880/2/6 881/1/6
f 1227/3/1 1226/2/1 1225/1/1
f 1226/3/1 1227/2/1 1228/1/1
f 1229/3/2 1227/2/2 1225/1/2
f 1227/3/2 1229/2/2 1230/1/2
f 1231/5/3 1226/5/3 1228/1015/3
f 1226/5/3 1231/5/3 1232/1016/3
f 1231/5/4 1229/5/4 1232/1017/4
f 1229/5/4 1231/5/4 1230/1018/4
f 1229/5/5 1226/5/5 1232/1019/5
f 1226/5/5 1229/5/5 1225/1020/5
f 1227/2/6 1231/3/6 1228/11/6
f 1231/3/6 1227/2/6 1230/1/6
f 1235/3/1 1234/2/1 1233/1/1
f 1234/3/1 1235/2/1 1236/1/1
f 1237/3/2 1235/2/2 1233/1/2
f 1235/3/2 1237/2/2 1238/1/2
f 1239/5/3 1234/5/3 1236/1021/3
f 1234/5/3 1239/5/3 1240/1022/3
f 1239/5/4 1237/5/4 1240/1023/4
f 1237/5/4 1239/5/4 1238/1024/4
f 1237/5/5 1234/5/5 1240/1025/5
f 1234/5/5 1237/5/5 1233/1026/5
f 1235/2/6 1239/3/6 1236/11/6
f 1239/3/6 1235/2/6 1238/1/6

usemtl color27

f 256/3/1 258/2/1 255/1/1
f 258/3/1 256/2/1 257/1/1
f 259/3/2 256/2/2 255/1/2
f 256/3/2 259/2/2 261/1/2
f 262/208/3 258/203/3 257/5/3
f 258/203/3 262/208/3 260/5/3
f 262/5/4 259/5/4 260/1027/4
f 259/5/4 262/5/4 261/1028/4
f 259/213/5 258/206/5 260/5/5
f 258/206/5 259/213/5 255/5/5
f 256/2/6 262/3/6 257/11/6
f 262/3/6 256/2/6 261/1/6
f 280/3/1 282/2/1 279/1/1
f 282/3/1 280/2/1 281/1/1
f 1241/3/2 280/2/2 279/1/2
f 280/3/2 1241/2/2 1242/1/2
f 1243/5/3 282/221/3 281/5/3
f 282/221/3 1243/5/3 1244/1029/3
f 1243/5/4 1241/5/4 1244/1030/4
f 1241/5/4 1243/5/4 1242/1031/4
f 1241/5/5 282/224/5 1244/1032/5
f 282/224/5 1241/5/5 279/5/5
f 280/2/6 1243/3/6 281/11/6
f 1243/3/6 280/2/6 1242/1/6
f 1247/3/1 1246/2/1 1245/1/1
f 1246/3/1 1247/2/1 1248/1/1
f 25/3/2 1247/2/2 1245/1/2
f 1247/3/2 25/2/2 27/1/2
f 28/24/3 1246/5/3 1248/1033/3
f 1246/5/3 28/24/3 26/5/3
f 28/5/4 25/5/4 26/1034/4
f 25/5/4 28/5/4 27/1035/4
f 25/29/5 1246/5/5 26/5/5
f 1246/5/5 25/29/5 1245/1036/5
f 1247/2/6 28/3/6 1248/11/6
f 28/3/6 1247/2/6 27/1/6
f 316/3/1 318/2/1 315/1/1
f 318/3/1 316/2/1 317/1/1
f 319/3/2 316/2/2 315/1/2
f 316/3/2 319/2/2 321/1/2
f 322/255/3 318/250/3 317/5/3
f 318/250/3 322/255/3 320/5/3
f 322/5/4 319/5/4 320/1037/4
f 319/5/4 322/5/4 321/1038/4
f 319/260/5 318/253/5 320/5/5
f 318/253/5 319/260/5 315/5/5
f 316/2/6 322/3/6 317/11/6
f 322/3/6 316/2/6 321/1/6
f 324/3/1 326/2/1 323/1/1
f 326/3/1 324/2/1 325/1/1
f 1249/3/2 324/2/2 323/1/2
f 324/3/2 1249/2/2 1250/1/2
f 1251/5/3 326/256/3 325/5/3
f 326/256/3 1251/5/3 1252/1039/3
f 1251/5/4 1249/5/4 1252/1040/4
f 1249/5/4 1251/5/4 1250/1041/4
f 1249/5/5 326/259/5 1252/1042/5
f 326/259/5 1249/5/5 323/5/5
f 324/2/6 1251/3/6 325/11/6
f 1251/3/6 324/2/6 1250/1/6
f 650/3/1 652/2/1 649/1/1
f 652/3/1 650/2/1 651/1/1
f 653/3/2 650/2/2 649/1/2
f 650/3/2 653/2/2 655/1/2
f 656/527/3 652/522/3 651/5/3
f 652/522/3 656/527/3 654/5/3
f 656/5/4 653/5/4 654/1043/4
f 653/5/4 656/5/4 655/1044/4
f 653/532/5 652/525/5 654/5/5
f 652/525/5 653/532/5 649/5/5
f 650/2/6 656/3/6 651/11/6
f 656/3/6 650/2/6 655/1/6
f 658/3/1 660/2/1 657/1/1
f 660/3/1 658/2/1 659/1/1
f 1027/3/2 658/2/2 657/1/2
f 658/3/2 1027/2/2 1029/1/2
f 1030/828/3 660/528/3 659/5/3
f 660/528/3 1030/828/3 1028/5/3
f 1030/5/4 1027/5/4 1028/1045/4
f 1027/5/4 1030/5/4 1029/1046/4
f 1027/833/5 660/531/5 1028/5/5
f 660/531/5 1027/833/5 657/5/5
f 658/2/6 1030/3/6 659/11/6
f 1030/3/6 658/2/6 1029/1/6
f 1255/3/1 1254/2/1 1253/1/1
f 1254/3/1 1255/2/1 1256/1/1
f 327/3/2 1255/2/2 1253/1/2
f 1255/3/2 327/2/2 329/1/2
f 330/261/3 1254/5/3 1256/1047/3
f 1254/5/3 330/261/3 328/5/3
f 330/5/4 327/5/4 328/1048/4
f 327/5/4 330/5/4 329/1049/4
f 327/266/5 1254/5/5 328/5/5
f 1254/5/5 327/266/5 1253/1050/5
f 1255/2/6 330/3/6 1256/11/6
f 330/3/6 1255/2/6 329/1/6
f 1259/3/1 1258/2/1 1257/1/1
f 1258/3/1 1259/2/1 1260/1/1
f 1261/3/2 1259/2/2 1257/1/2
f 1259/3/2 1261/2/2 1262/1/2
f 1263/5/3 1258/5/3 1260/1051/3
f 1258/5/3 1263/5/3 1264/1052/3
f 1263/5/4 1261/5/4 1264/1053/4
f 1261/5/4 1263/5/4 1262/1054/4
f 1261/5/5 1258/5/5 1264/1055/5
f 1258/5/5 1261/5/5 1257/1056/5
f 1259/2/6 1263/3/6 1260/11/6
f 1263/3/6 1259/2/6 1262/1/6

usemtl color29

f 1267/3/1 1266/2/1 1265/1/1
f 1266/3/1 1267/2/1 1268/1/1
f 1269/3/2 1267/2/2 1265/1/2
f 1267/3/2 1269/2/2 1270/1/2
f 1271/5/3 1266/5/3 1268/1057/3
f 1266/5/3 1271/5/3 1272/1058/3
f 1271/5/4 1269/5/4 1272/1059/4
f 1269/5/4 1271/5/4 1270/1060/4
f 1269/5/5 1266/5/5 1272/1061/5
f 1266/5/5 1269/5/5 1265/1062/5
f 1267/2/6 1271/3/6 1268/11/6
f 1271/3/6 1267/2/6 1270/1/6
f 1274/3/1 159/2/1 1273/1/1
f 159/3/1 1274/2/1 160/1/1
f 1119/3/2 1274/2/2 1273/1/2
f 1274/3/2 1119/2/2 1121/1/2
f 1122/911/3 159/5/3 160/1063/3
f 159/5/3 1122/911/3 1120/5/3
f 1122/5/4 1119/5/4 1120/1064/4
f 1119/5/4 1122/5/4 1121/1065/4
f 1119/916/5 159/5/5 1120/5/5
f 159/5/5 1119/916/5 1273/1066/5
f 1274/2/6 1122/3/6 160/11/6
f 1122/3/6 1274/2/6 1121/1/6
f 1277/3/1 1276/2/1 1275/1/1
f 1276/3/1 1277/2/1 1278/1/1
f 1279/3/2 1277/2/2 1275/1/2
f 1277/3/2 1279/2/2 1280/1/2
f 1281/5/3 1276/5/3 1278/1067/3
f 1276/5/3 1281/5/3 1282/1068/3
f 1281/5/4 1279/5/4 1282/1069/4
f 1279/5/4 1281/5/4 1280/1070/4
f 1279/5/5 1276/5/5 1282/1071/5
f 1276/5/5 1279/5/5 1275/1072/5
f 1277/2/6 1281/3/6 1278/11/6
f 1281/3/6 1277/2/6 1280/1/6

usemtl color4

f 1285/3/1 1284/2/1 1283/1/1
f 1284/3/1 1285/2/1 1286/1/1
f 1287/3/2 1285/2/2 1283/1/2
f 1285/3/2 1287/2/2 1288/1/2
f 560/447/3 1284/5/3 1286/1073/3
f 1284/5/3 560/447/3 558/5/3
f 560/5/4 1287/5/4 558/1074/4
f 1287/5/4 560/5/4 1288/1075/4
f 1287/5/5 1284/5/5 558/5/5
f 1284/5/5 1287/5/5 1283/1076/5
f 1285/2/6 560/3/6 1286/11/6
f 560/3/6 1285/2/6 1288/1/6
f 1288/3/1 557/2/1 1287/1/1
f 557/3/1 1288/2/1 559/1/1
f 1289/3/2 1288/2/2 1287/1/2
f 1288/3/2 1289/2/2 1290/1/2
f 562/5/3 557/5/3 559/1077/3
f 557/5/3 562/5/3 561/1078/3
f 562/450/4 1289/5/4 561/5/4
f 1289/5/4 562/450/4 1290/1079/4
f 1289/5/5 557/452/5 561/5/5
f 557/452/5 1289/5/5 1287/5/5
f 1288/2/6 562/3/6 559/11/6
f 562/3/6 1288/2/6 1290/1/6
f 1293/3/1 1292/2/1 1291/1/1
f 1292/3/1 1293/2/1 1294/1/1
f 1295/3/2 1293/2/2 1291/1/2
f 1293/3/2 1295/2/2 1296/1/2
f 1297/5/3 1292/5/3 1294/1080/3
f 1292/5/3 1297/5/3 1298/1081/3
f 1297/5/4 1295/5/4 1298/1082/4
f 1295/5/4 1297/5/4 1296/1083/4
f 1295/5/5 1292/5/5 1298/1084/5
f 1292/5/5 1295/5/5 1291/1085/5
f 1293/2/6 1297/3/6 1294/11/6
f 1297/3/6 1293/2/6 1296/1/6
f 1301/3/1 1300/2/1 1299/1/1
f 1300/3/1 1301/2/1 1302/1/1
f 1303/3/2 1301/2/2 1299/1/2
f 1301/3/2 1303/2/2 1304/1/2
f 1305/5/3 1300/5/3 1302/1086/3
f 1300/5/3 1305/5/3 1306/1087/3
f 1305/5/4 1303/5/4 1306/1088/4
f 1303/5/4 1305/5/4 1304/1089/4
f 1303/5/5 1300/5/5 1306/1090/5
f 1300/5/5 1303/5/5 1299/1091/5
f 1301/2/6 1305/3/6 1302/11/6
f 1305/3/6 1301/2/6 1304/1/6
f 1309/3/1 1308/2/1 1307/1/1
f 1308/3/1 1309/2/1 1310/1/1
f 1311/3/2 1309/2/2 1307/1/2
f 1309/3/2 1311/2/2 1312/1/2
f 1286/1073/3 1308/5/3 1310/1092/3
f 1308/5/3 1286/1073/3 1284/5/3
f 1286/5/4 1311/5/4 1284/1093/4
f 1311/5/4 1286/5/4 1312/1094/4
f 1311/5/5 1308/5/5 1284/5/5
f 1308/5/5 1311/5/5 1307/1095/5
f 1309/2/6 1286/3/6 1310/11/6
f 1286/3/6 1309/2/6 1312/1/6
f 1314/3/1 589/2/1 1313/1/1
f 589/3/1 1314/2/1 590/1/1
f 1315/3/2 1314/2/2 1313/1/2
f 1314/3/2 1315/2/2 1316/1/2
f 595/5/3 589/5/3 590/1096/3
f 589/5/3 595/5/3 593/1097/3
f 595/5/4 1315/5/4 593/1098/4
f 1315/5/4 595/5/4 1316/1099/4
f 1315/5/5 589/5/5 593/481/5
f 589/5/5 1315/5/5 1313/1100/5
f 1314/2/6 595/3/6 590/11/6
f 595/3/6 1314/2/6 1316/1/6
f 1134/3/1 597/2/1 1132/1/1
f 597/3/1 1134/2/1 598/1/1
f 1138/3/2 1134/2/2 1132/1/2
f 1134/3/2 1138/2/2 1137/1/2
f 1317/5/3 597/5/3 598/1101/3
f 597/5/3 1317/5/3 1318/1102/3
f 1317/5/4 1138/925/4 1318/1103/4
f 1138/925/4 1317/5/4 1137/5/4
f 1138/927/5 597/5/5 1318/1104/5
f 597/5/5 1138/927/5 1132/5/5
f 1134/2/6 1317/3/6 598/11/6
f 1317/3/6 1134/2/6 1137/1/6
f 610/3/1 612/2/1 609/1/1
f 612/3/1 610/2/1 611/1/1
f 1141/3/2 610/2/2 609/1/2
f 610/3/2 1141/2/2 1142/1/2
f 614/933/3 612/489/3 611/5/3
f 612/489/3 614/933/3 613/5/3
f 614/497/4 1141/5/4 613/5/4
f 1141/5/4 614/497/4 1142/1105/4
f 1141/936/5 612/492/5 613/5/5
f 612/492/5 1141/936/5 609/5/5
f 610/2/6 614/3/6 611/11/6
f 614/3/6 610/2/6 1142/1/6
f 270/3/1 1319/2/1 268/1/1
f 1319/3/1 270/2/1 1320/1/1
f 274/3/2 270/2/2 268/1/2
f 270/3/2 274/2/2 273/1/2
f 1321/5/3 1319/5/3 1320/1106/3
f 1319/5/3 1321/5/3 1322/1107/3
f 1321/5/4 274/216/4 1322/1108/4
f 274/216/4 1321/5/4 273/5/4
f 274/218/5 1319/5/5 1322/1109/5
f 1319/5/5 274/218/5 268/5/5
f 270/2/6 1321/3/6 1320/11/6
f 1321/3/6 270/2/6 273/1/6
f 1325/3/1 1324/2/1 1323/1/1
f 1324/3/1 1325/2/1 1326/1/1
f 1327/3/2 1325/2/2 1323/1/2
f 1325/3/2 1327/2/2 1328/1/2
f 1149/5/3 1324/5/3 1326/1110/3
f 1324/5/3 1149/5/3 1147/1111/3
f 1149/5/4 1327/5/4 1147/1112/4
f 1327/5/4 1149/5/4 1328/1113/4
f 1327/5/5 1324/5/5 1147/946/5
f 1324/5/5 1327/5/5 1323/1114/5
f 1325/2/6 1149/3/6 1326/11/6
f 1149/3/6 1325/2/6 1328/1/6
f 614/3/1 616/2/1 613/1/1
f 616/3/1 614/2/1 615/1/1
f 1329/3/2 614/2/2 613/1/2
f 614/3/2 1329/2/2 1330/1/2
f 1331/5/3 616/495/3 615/5/3
f 616/495/3 1331/5/3 1332/1115/3
f 1331/5/4 1329/5/4 1332/1116/4
f 1329/5/4 1331/5/4 1330/1117/4
f 1329/5/5 616/498/5 1332/1118/5
f 616/498/5 1329/5/5 613/5/5
f 614/2/6 1331/3/6 615/11/6
f 1331/3/6 614/2/6 1330/1/6
f 1335/3/1 1334/2/1 1333/1/1
f 1334/3/1 1335/2/1 1336/1/1
f 1337/3/2 1335/2/2 1333/1/2
f 1335/3/2 1337/2/2 1338/1/2
f 1339/5/3 1334/5/3 1336/1119/3
f 1334/5/3 1339/5/3 1340/1120/3
f 1339/5/4 1337/5/4 1340/1121/4
f 1337/5/4 1339/5/4 1338/1122/4
f 1337/5/5 1334/5/5 1340/1123/5
f 1334/5/5 1337/5/5 1333/1124/5
f 1335/2/6 1339/3/6 1336/11/6
f 1339/3/6 1335/2/6 1338/1/6
f 1338/3/1 1341/2/1 1337/1/1
f 1341/3/1 1338/2/1 1342/1/1
f 294/3/2 1338/2/2 1337/1/2
f 1338/3/2 294/2/2 293/1/2
f 1343/5/3 1341/5/3 1342/1125/3
f 1341/5/3 1343/5/3 1344/1126/3
f 1343/5/4 294/234/4 1344/1127/4
f 294/234/4 1343/5/4 293/5/4
f 294/236/5 1341/5/5 1344/1128/5
f 1341/5/5 294/236/5 1337/5/5
f 1338/2/6 1343/3/6 1342/11/6
f 1343/3/6 1338/2/6 293/1/6
f 1347/3/1 1346/2/1 1345/1/1
f 1346/3/1 1347/2/1 1348/1/1
f 1349/3/2 1347/2/2 1345/1/2
f 1347/3/2 1349/2/2 1350/1/2
f 1351/5/3 1346/5/3 1348/1129/3
f 1346/5/3 1351/5/3 1352/1130/3
f 1351/5/4 1349/5/4 1352/1131/4
f 1349/5/4 1351/5/4 1350/1132/4
f 1349/5/5 1346/5/5 1352/1133/5
f 1346/5/5 1349/5/5 1345/1134/5
f 1347/2/6 1351/3/6 1348/11/6
f 1351/3/6 1347/2/6 1350/1/6
f 298/3/1 1353/2/1 296/1/1
f 1353/3/1 298/2/1 1354/1/1
f 302/3/2 298/2/2 296/1/2
f 298/3/2 302/2/2 301/1/2
f 1355/5/3 1353/5/3 1354/1135/3
f 1353/5/3 1355/5/3 1356/1136/3
f 1355/5/4 302/239/4 1356/1137/4
f 302/239/4 1355/5/4 301/5/4
f 302/241/5 1353/5/5 1356/1138/5
f 1353/5/5 302/241/5 296/5/5
f 298/2/6 1355/3/6 1354/11/6
f 1355/3/6 298/2/6 301/1/6
f 306/3/1 737/2/1 304/1/1
f 737/3/1 306/2/1 739/1/1
f 310/3/2 306/2/2 304/1/2
f 306/3/2 310/2/2 309/1/2
f 742/5/3 737/5/3 739/1139/3
f 737/5/3 742/5/3 741/1140/3
f 742/598/4 310/245/4 741/5/4
f 310/245/4 742/598/4 309/5/4
f 310/247/5 737/600/5 741/5/5
f 737/600/5 310/247/5 304/5/5
f 306/2/6 742/3/6 739/11/6
f 742/3/6 306/2/6 309/1/6
f 309/3/1 1357/2/1 310/1/1
f 1357/3/1 309/2/1 1358/1/1
f 86/3/2 309/2/2 310/1/2
f 309/3/2 86/2/2 88/1/2
f 1164/953/3 1357/5/3 1358/1141/3
f 1357/5/3 1164/953/3 1163/5/3
f 1164/5/4 86/5/4 1163/1142/4
f 86/5/4 1164/5/4 88/1143/4
f 86/5/5 1357/5/5 1163/5/5
f 1357/5/5 86/5/5 310/247/5
f 309/2/6 1164/3/6 1358/11/6
f 1164/3/6 309/2/6 88/1/6
f 634/3/1 636/2/1 633/1/1
f 636/3/1 634/2/1 635/1/1
f 1332/3/2 634/2/2 633/1/2
f 634/3/2 1332/2/2 1331/1/2
f 664/5/3 636/511/3 635/5/3
f 636/511/3 664/5/3 663/1144/3
f 664/536/4 1332/1116/4 663/5/4
f 1332/1116/4 664/536/4 1331/5/4
f 1332/1118/5 636/514/5 663/5/5
f 636/514/5 1332/1118/5 633/5/5
f 634/2/6 664/3/6 635/11/6
f 664/3/6 634/2/6 1331/1/6
f 1361/3/1 1360/2/1 1359/1/1
f 1360/3/1 1361/2/1 1362/1/1
f 645/3/2 1361/2/2 1359/1/2
f 1361/3/2 645/2/2 647/1/2
f 648/521/3 1360/5/3 1362/1145/3
f 1360/5/3 648/521/3 646/5/3
f 648/5/4 645/5/4 646/1146/4
f 645/5/4 648/5/4 647/1147/4
f 645/526/5 1360/5/5 646/5/5
f 1360/5/5 645/526/5 1359/1148/5
f 1361/2/6 648/3/6 1362/11/6
f 648/3/6 1361/2/6 647/1/6
f 1365/3/1 1364/2/1 1363/1/1
f 1364/3/1 1365/2/1 1366/1/1
f 1367/3/2 1365/2/2 1363/1/2
f 1365/3/2 1367/2/2 1368/1/2
f 1369/5/3 1364/5/3 1366/1149/3
f 1364/5/3 1369/5/3 1370/1150/3
f 1369/5/4 1367/5/4 1370/1151/4
f 1367/5/4 1369/5/4 1368/1152/4
f 1367/5/5 1364/5/5 1370/1153/5
f 1364/5/5 1367/5/5 1363/1154/5
f 1365/2/6 1369/3/6 1366/11/6
f 1369/3/6 1365/2/6 1368/1/6
f 1372/3/1 725/2/1 1371/1/1
f 725/3/1 1372/2/1 726/1/1
f 1373/3/2 1372/2/2 1371/1/2
f 1372/3/2 1373/2/2 1374/1/2
f 728/5/3 725/5/3 726/1155/3
f 725/5/3 728/5/3 727/1156/3
f 728/586/4 1373/5/4 727/5/4
f 1373/5/4 728/586/4 1374/1157/4
f 1373/5/5 725/588/5 727/5/5
f 725/588/5 1373/5/5 1371/1158/5
f 1372/2/6 728/3/6 726/11/6
f 728/3/6 1372/2/6 1374/1/6
f 1374/3/1 1375/2/1 1373/1/1
f 1375/3/1 1374/2/1 1376/1/1
f 179/3/2 1374/2/2 1373/1/2
f 1374/3/2 179/2/2 181/1/2
f 182/144/3 1375/5/3 1376/1159/3
f 1375/5/3 182/144/3 180/5/3
f 182/5/4 179/5/4 180/1160/4
f 179/5/4 182/5/4 181/1161/4
f 179/149/5 1375/5/5 180/5/5
f 1375/5/5 179/149/5 1373/5/5
f 1374/2/6 182/3/6 1376/11/6
f 182/3/6 1374/2/6 181/1/6
f 1358/3/1 1377/2/1 1357/1/1
f 1377/3/1 1358/2/1 1378/1/1
f 34/3/2 1358/2/2 1357/1/2
f 1358/3/2 34/2/2 36/1/2
f 336/267/3 1377/5/3 1378/1162/3
f 1377/5/3 336/267/3 335/5/3
f 336/5/4 34/954/4 335/1163/4
f 34/954/4 336/5/4 36/5/4
f 34/5/5 1377/5/5 335/5/5
f 1377/5/5 34/5/5 1357/5/5
f 1358/2/6 336/3/6 1378/11/6
f 336/3/6 1358/2/6 36/1/6
f 664/3/1 666/2/1 663/1/1
f 666/3/1 664/2/1 665/1/1
f 1379/3/2 664/2/2 663/1/2
f 664/3/2 1379/2/2 1380/1/2
f 714/5/3 666/534/3 665/5/3
f 666/534/3 714/5/3 713/1164/3
f 714/576/4 1379/5/4 713/5/4
f 1379/5/4 714/576/4 1380/1165/4
f 1379/5/5 666/537/5 713/5/5
f 666/537/5 1379/5/5 663/5/5
f 664/2/6 714/3/6 665/11/6
f 714/3/6 664/2/6 1380/1/6
f 1383/3/1 1382/2/1 1381/1/1
f 1382/3/1 1383/2/1 1384/1/1
f 1334/3/2 1383/2/2 1381/1/2
f 1383/3/2 1334/2/2 1336/1/2
f 1385/5/3 1382/5/3 1384/1166/3
f 1382/5/3 1385/5/3 1386/1167/3
f 1385/5/4 1334/5/4 1386/1168/4
f 1334/5/4 1385/5/4 1336/1169/4
f 1334/5/5 1382/5/5 1386/1170/5
f 1382/5/5 1334/5/5 1381/1171/5
f 1383/2/6 1385/3/6 1384/11/6
f 1385/3/6 1383/2/6 1336/1/6
f 1389/3/1 1388/2/1 1387/1/1
f 1388/3/1 1389/2/1 1390/1/1
f 1391/3/2 1389/2/2 1387/1/2
f 1389/3/2 1391/2/2 1392/1/2
f 1393/5/3 1388/5/3 1390/1172/3
f 1388/5/3 1393/5/3 1394/1173/3
f 1393/5/4 1391/5/4 1394/1174/4
f 1391/5/4 1393/5/4 1392/1175/4
f 1391/5/5 1388/5/5 1394/1176/5
f 1388/5/5 1391/5/5 1387/1177/5
f 1389/2/6 1393/3/6 1390/11/6
f 1393/3/6 1389/2/6 1392/1/6
f 1396/3/1 731/2/1 1395/1/1
f 731/3/1 1396/2/1 733/1/1
f 1397/3/2 1396/2/2 1395/1/2
f 1396/3/2 1397/2/2 1398/1/2
f 189/5/3 731/5/3 733/1178/3
f 731/5/3 189/5/3 187/1179/3
f 189/592/4 1397/5/4 187/5/4
f 1397/5/4 189/592/4 1398/1180/4
f 1397/5/5 731/594/5 187/155/5
f 731/594/5 1397/5/5 1395/1181/5
f 1396/2/6 189/3/6 733/11/6
f 189/3/6 1396/2/6 1398/1/6
f 1400/3/1 745/2/1 1399/1/1
f 745/3/1 1400/2/1 747/1/1
f 335/3/2 1400/2/2 1399/1/2
f 1400/3/2 335/2/2 336/1/2
f 750/5/3 745/5/3 747/1182/3
f 745/5/3 750/5/3 749/1183/3
f 750/604/4 335/1163/4 749/5/4
f 335/1163/4 750/604/4 336/5/4
f 335/5/5 745/606/5 749/5/5
f 745/606/5 335/5/5 1399/1184/5
f 1400/2/6 750/3/6 747/11/6
f 750/3/6 1400/2/6 336/1/6
f 337/3/1 753/2/1 338/1/1
f 753/3/1 337/2/1 755/1/1
f 1181/3/2 337/2/2 338/1/2
f 337/3/2 1181/2/2 1182/1/2
f 758/971/3 753/5/3 755/1185/3
f 753/5/3 758/971/3 757/5/3
f 758/610/4 1181/5/4 757/5/4
f 1181/5/4 758/610/4 1182/1186/4
f 1181/976/5 753/612/5 757/5/5
f 753/612/5 1181/976/5 338/270/5
f 337/2/6 758/3/6 755/11/6
f 758/3/6 337/2/6 1182/1/6
f 714/3/1 716/2/1 713/1/1
f 716/3/1 714/2/1 715/1/1
f 1382/3/2 714/2/2 713/1/2
f 714/3/2 1382/2/2 1384/1/2
f 764/5/3 716/574/3 715/5/3
f 716/574/3 764/5/3 763/1187/3
f 764/616/4 1382/5/4 763/5/4
f 1382/5/4 764/616/4 1384/1188/4
f 1382/5/5 716/577/5 763/5/5
f 716/577/5 1382/5/5 713/5/5
f 714/2/6 764/3/6 715/11/6
f 764/3/6 714/2/6 1384/1/6
f 47/3/1 1401/2/1 48/1/1
f 1401/3/1 47/2/1 1402/1/1
f 50/3/2 47/2/2 48/1/2
f 47/3/2 50/2/2 52/1/2
f 1403/5/3 1401/5/3 1402/1189/3
f 1401/5/3 1403/5/3 1404/1190/3
f 1403/5/4 50/5/4 1404/1191/4
f 50/5/4 1403/5/4 52/1192/4
f 50/5/5 1401/5/5 1404/1193/5
f 1401/5/5 50/5/5 48/40/5
f 47/2/6 1403/3/6 1402/11/6
f 1403/3/6 47/2/6 52/1/6
f 55/3/1 1405/2/1 56/1/1
f 1405/3/1 55/2/1 1406/1/1
f 1407/3/2 55/2/2 56/1/2
f 55/3/2 1407/2/2 1408/1/2
f 1409/5/3 1405/5/3 1406/1194/3
f 1405/5/3 1409/5/3 1410/1195/3
f 1409/5/4 1407/5/4 1410/1196/4
f 1407/5/4 1409/5/4 1408/1197/4
f 1407/5/5 1405/5/5 1410/1198/5
f 1405/5/5 1407/5/5 56/46/5
f 55/2/6 1409/3/6 1406/11/6
f 1409/3/6 55/2/6 1408/1/6
f 758/3/1 760/2/1 757/1/1
f 760/3/1 758/2/1 759/1/1
f 1184/3/2 758/2/2 757/1/2
f 758/3/2 1184/2/2 1183/1/2
f 786/977/3 760/608/3 759/5/3
f 760/608/3 786/977/3 785/5/3
f 786/633/4 1184/973/4 785/5/4
f 1184/973/4 786/633/4 1183/5/4
f 1184/975/5 760/611/5 785/5/5
f 760/611/5 1184/975/5 757/5/5
f 758/2/6 786/3/6 759/11/6
f 786/3/6 758/2/6 1183/1/6
f 1413/3/1 1412/2/1 1411/1/1
f 1412/3/1 1413/2/1 1414/1/1
f 353/3/2 1413/2/2 1411/1/2
f 1413/3/2 353/2/2 355/1/2
f 356/282/3 1412/5/3 1414/1199/3
f 1412/5/3 356/282/3 354/5/3
f 356/5/4 353/5/4 354/1200/4
f 353/5/4 356/5/4 355/1201/4
f 353/287/5 1412/5/5 354/5/5
f 1412/5/5 353/287/5 1411/1202/5
f 1413/2/6 356/3/6 1414/11/6
f 356/3/6 1413/2/6 355/1/6
f 374/3/1 376/2/1 373/1/1
f 376/3/1 374/2/1 375/1/1
f 1415/3/2 374/2/2 373/1/2
f 374/3/2 1415/2/2 1416/1/2
f 1417/5/3 376/295/3 375/5/3
f 376/295/3 1417/5/3 1418/1203/3
f 1417/5/4 1415/5/4 1418/1204/4
f 1415/5/4 1417/5/4 1416/1205/4
f 1415/5/5 376/298/5 1418/1206/5
f 376/298/5 1415/5/5 373/5/5
f 374/2/6 1417/3/6 375/11/6
f 1417/3/6 374/2/6 1416/1/6
f 772/3/1 774/2/1 771/1/1
f 774/3/1 772/2/1 773/1/1
f 775/3/2 772/2/2 771/1/2
f 772/3/2 775/2/2 777/1/2
f 778/624/3 774/619/3 773/5/3
f 774/619/3 778/624/3 776/5/3
f 778/5/4 775/5/4 776/1207/4
f 775/5/4 778/5/4 777/1208/4
f 775/629/5 774/622/5 776/5/5
f 774/622/5 775/629/5 771/5/5
f 772/2/6 778/3/6 773/11/6
f 778/3/6 772/2/6 777/1/6
f 786/3/1 788/2/1 785/1/1
f 788/3/1 786/2/1 787/1/1
f 1186/3/2 786/2/2 785/1/2
f 786/3/2 1186/2/2 1185/1/2
f 850/5/3 788/631/3 787/5/3
f 788/631/3 850/5/3 849/1209/3
f 850/684/4 1186/979/4 849/5/4
f 1186/979/4 850/684/4 1185/5/4
f 1186/981/5 788/634/5 849/5/5
f 788/634/5 1186/981/5 785/5/5
f 786/2/6 850/3/6 787/11/6
f 850/3/6 786/2/6 1185/1/6
f 1421/3/1 1420/2/1 1419/1/1
f 1420/3/1 1421/2/1 1422/1/1
f 1423/3/2 1421/2/2 1419/1/2
f 1421/3/2 1423/2/2 1424/1/2
f 1425/5/3 1420/5/3 1422/1210/3
f 1420/5/3 1425/5/3 1426/1211/3
f 1425/5/4 1423/5/4 1426/1212/4
f 1423/5/4 1425/5/4 1424/1213/4
f 1423/5/5 1420/5/5 1426/1214/5
f 1420/5/5 1423/5/5 1419/1215/5
f 1421/2/6 1425/3/6 1422/11/6
f 1425/3/6 1421/2/6 1424/1/6
f 378/3/1 1427/2/1 377/1/1
f 1427/3/1 378/2/1 1428/1/1
f 382/3/2 378/2/2 377/1/2
f 378/3/2 382/2/2 381/1/2
f 1429/5/3 1427/5/3 1428/1216/3
f 1427/5/3 1429/5/3 1430/1217/3
f 1429/5/4 382/302/4 1430/1218/4
f 382/302/4 1429/5/4 381/5/4
f 382/304/5 1427/5/5 1430/1219/5
f 1427/5/5 382/304/5 377/5/5
f 378/2/6 1429/3/6 1428/11/6
f 1429/3/6 378/2/6 381/1/6
f 1198/3/1 1431/2/1 1196/1/1
f 1431/3/1 1198/2/1 1432/1/1
f 1202/3/2 1198/2/2 1196/1/2
f 1198/3/2 1202/2/2 1201/1/2
f 1433/5/3 1431/5/3 1432/1220/3
f 1431/5/3 1433/5/3 1434/1221/3
f 1433/5/4 1202/991/4 1434/1222/4
f 1202/991/4 1433/5/4 1201/5/4
f 1202/993/5 1431/5/5 1434/1223/5
f 1431/5/5 1202/993/5 1196/5/5
f 1198/2/6 1433/3/6 1432/11/6
f 1433/3/6 1198/2/6 1201/1/6
f 1436/3/1 111/2/1 1435/1/1
f 111/3/1 1436/2/1 112/1/1
f 1437/3/2 1436/2/2 1435/1/2
f 1436/3/2 1437/2/2 1438/1/2
f 117/5/3 111/5/3 112/1224/3
f 111/5/3 117/5/3 115/1225/3
f 117/5/4 1437/5/4 115/1226/4
f 1437/5/4 117/5/4 1438/1227/4
f 1437/5/5 111/5/5 115/100/5
f 111/5/5 1437/5/5 1435/1228/5
f 1436/2/6 117/3/6 112/11/6
f 117/3/6 1436/2/6 1438/1/6
f 1440/3/1 119/2/1 1439/1/1
f 119/3/1 1440/2/1 120/1/1
f 1441/3/2 1440/2/2 1439/1/2
f 1440/3/2 1441/2/2 1442/1/2
f 1443/5/3 119/5/3 120/1229/3
f 119/5/3 1443/5/3 1444/1230/3
f 1443/5/4 1441/5/4 1444/1231/4
f 1441/5/4 1443/5/4 1442/1232/4
f 1441/5/5 119/5/5 1444/1233/5
f 119/5/5 1441/5/5 1439/1234/5
f 1440/2/6 1443/3/6 120/11/6
f 1443/3/6 1440/2/6 1442/1/6
f 1446/3/1 909/2/1 1445/1/1
f 909/3/1 1446/2/1 911/1/1
f 1208/3/2 1446/2/2 1445/1/2
f 1446/3/2 1208/2/2 1210/1/2
f 914/5/3 909/5/3 911/1235/3
f 909/5/3 914/5/3 913/1236/3
f 914/734/4 1208/5/4 913/5/4
f 1208/5/4 914/734/4 1210/1237/4
f 1208/5/5 909/736/5 913/5/5
f 909/736/5 1208/5/5 1445/1238/5
f 1446/2/6 914/3/6 911/11/6
f 914/3/6 1446/2/6 1210/1/6
f 1449/3/1 1448/2/1 1447/1/1
f 1448/3/1 1449/2/1 1450/1/1
f 58/3/2 1449/2/2 1447/1/2
f 1449/3/2 58/2/2 60/1/2
f 1451/5/3 1448/5/3 1450/1239/3
f 1448/5/3 1451/5/3 1452/1240/3
f 1451/5/4 58/5/4 1452/1241/4
f 58/5/4 1451/5/4 60/1242/4
f 58/5/5 1448/5/5 1452/1243/5
f 1448/5/5 58/5/5 1447/1244/5
f 1449/2/6 1451/3/6 1450/11/6
f 1451/3/6 1449/2/6 60/1/6
f 884/3/1 917/2/1 883/1/1
f 917/3/1 884/2/1 919/1/1
f 413/3/2 884/2/2 883/1/2
f 884/3/2 413/2/2 415/1/2
f 922/5/3 917/5/3 919/1245/3
f 917/5/3 922/5/3 921/1246/3
f 922/740/4 413/712/4 921/5/4
f 413/712/4 922/740/4 415/5/4
f 413/334/5 917/742/5 921/5/5
f 917/742/5 413/334/5 883/5/5
f 884/2/6 922/3/6 919/11/6
f 922/3/6 884/2/6 415/1/6
f 936/3/1 938/2/1 935/1/1
f 938/3/1 936/2/1 937/1/1
f 1226/3/2 936/2/2 935/1/2
f 936/3/2 1226/2/2 1228/1/2
f 1453/5/3 938/750/3 937/5/3
f 938/750/3 1453/5/3 1454/1247/3
f 1453/5/4 1226/5/4 1454/1248/4
f 1226/5/4 1453/5/4 1228/1249/4
f 1226/5/5 938/753/5 1454/1250/5
f 938/753/5 1226/5/5 935/5/5
f 936/2/6 1453/3/6 937/11/6
f 1453/3/6 936/2/6 1228/1/6
f 1457/3/1 1456/2/1 1455/1/1
f 1456/3/1 1457/2/1 1458/1/1
f 1459/3/2 1457/2/2 1455/1/2
f 1457/3/2 1459/2/2 1460/1/2
f 1461/5/3 1456/5/3 1458/1251/3
f 1456/5/3 1461/5/3 1462/1252/3
f 1461/5/4 1459/5/4 1462/1253/4
f 1459/5/4 1461/5/4 1460/1254/4
f 1459/5/5 1456/5/5 1462/1255/5
f 1456/5/5 1459/5/5 1455/1256/5
f 1457/2/6 1461/3/6 1458/11/6
f 1461/3/6 1457/2/6 1460/1/6
f 1465/3/1 1464/2/1 1463/1/1
f 1464/3/1 1465/2/1 1466/1/1
f 1467/3/2 1465/2/2 1463/1/2
f 1465/3/2 1467/2/2 1468/1/2
f 1469/5/3 1464/5/3 1466/1257/3
f 1464/5/3 1469/5/3 1470/1258/3
f 1469/5/4 1467/5/4 1470/1259/4
f 1467/5/4 1469/5/4 1468/1260/4
f 1467/5/5 1464/5/5 1470/1261/5
f 1464/5/5 1467/5/5 1463/1262/5
f 1465/2/6 1469/3/6 1466/11/6
f 1469/3/6 1465/2/6 1468/1/6
f 1473/3/1 1472/2/1 1471/1/1
f 1472/3/1 1473/2/1 1474/1/1
f 1475/3/2 1473/2/2 1471/1/2
f 1473/3/2 1475/2/2 1476/1/2
f 1477/5/3 1472/5/3 1474/1263/3
f 1472/5/3 1477/5/3 1478/1264/3
f 1477/5/4 1475/5/4 1478/1265/4
f 1475/5/4 1477/5/4 1476/1266/4
f 1475/5/5 1472/5/5 1478/1267/5
f 1472/5/5 1475/5/5 1471/1268/5
f 1473/2/6 1477/3/6 1474/11/6
f 1477/3/6 1473/2/6 1476/1/6
f 1481/3/1 1480/2/1 1479/1/1
f 1480/3/1 1481/2/1 1482/1/1
f 1483/3/2 1481/2/2 1479/1/2
f 1481/3/2 1483/2/2 1484/1/2
f 1485/5/3 1480/5/3 1482/1269/3
f 1480/5/3 1485/5/3 1486/1270/3
f 1485/5/4 1483/5/4 1486/1271/4
f 1483/5/4 1485/5/4 1484/1272/4
f 1483/5/5 1480/5/5 1486/1273/5
f 1480/5/5 1483/5/5 1479/1274/5
f 1481/2/6 1485/3/6 1482/11/6
f 1485/3/6 1481/2/6 1484/1/6
f 1489/3/1 1488/2/1 1487/1/1
f 1488/3/1 1489/2/1 1490/1/1
f 1234/3/2 1489/2/2 1487/1/2
f 1489/3/2 1234/2/2 1236/1/2
f 1491/5/3 1488/5/3 1490/1275/3
f 1488/5/3 1491/5/3 1492/1276/3
f 1491/5/4 1234/5/4 1492/1277/4
f 1234/5/4 1491/5/4 1236/1278/4
f 1234/5/5 1488/5/5 1492/1279/5
f 1488/5/5 1234/5/5 1487/1280/5
f 1489/2/6 1491/3/6 1490/11/6
f 1491/3/6 1489/2/6 1236/1/6
f 1288/3/1 557/2/1 1287/1/1
f 557/3/1 1288/2/1 559/1/1
f 1289/3/2 1288/2/2 1287/1/2
f 1288/3/2 1289/2/2 1290/1/2
f 562/5/3 557/5/3 559/1077/3
f 557/5/3 562/5/3 561/1078/3
f 562/450/4 1289/5/4 561/5/4
f 1289/5/4 562/450/4 1290/1079/4
f 1289/5/5 557/452/5 561/5/5
f 557/452/5 1289/5/5 1287/5/5
f 1288/2/6 562/3/6 559/11/6
f 562/3/6 1288/2/6 1290/1/6
f 1338/3/1 1341/2/1 1337/1/1
f 1341/3/1 1338/2/1 1342/1/1
f 294/3/2 1338/2/2 1337/1/2
f 1338/3/2 294/2/2 293/1/2
f 1343/5/3 1341/5/3 1342/1125/3
f 1341/5/3 1343/5/3 1344/1126/3
f 1343/5/4 294/234/4 1344/1127/4
f 294/234/4 1343/5/4 293/5/4
f 294/236/5 1341/5/5 1344/1128/5
f 1341/5/5 294/236/5 1337/5/5
f 1338/2/6 1343/3/6 1342/11/6
f 1343/3/6 1338/2/6 293/1/6
f 309/3/1 1357/2/1 310/1/1
f 1357/3/1 309/2/1 1358/1/1
f 86/3/2 309/2/2 310/1/2
f 309/3/2 86/2/2 88/1/2
f 1164/953/3 1357/5/3 1358/1141/3
f 1357/5/3 1164/953/3 1163/5/3
f 1164/5/4 86/5/4 1163/1142/4
f 86/5/4 1164/5/4 88/1143/4
f 86/5/5 1357/5/5 1163/5/5
f 1357/5/5 86/5/5 310/247/5
f 309/2/6 1164/3/6 1358/11/6
f 1164/3/6 309/2/6 88/1/6
f 1374/3/1 1375/2/1 1373/1/1
f 1375/3/1 1374/2/1 1376/1/1
f 179/3/2 1374/2/2 1373/1/2
f 1374/3/2 179/2/2 181/1/2
f 182/144/3 1375/5/3 1376/1159/3
f 1375/5/3 182/144/3 180/5/3
f 182/5/4 179/5/4 180/1160/4
f 179/5/4 182/5/4 181/1161/4
f 179/149/5 1375/5/5 180/5/5
f 1375/5/5 179/149/5 1373/5/5
f 1374/2/6 182/3/6 1376/11/6
f 182/3/6 1374/2/6 181/1/6

usemtl color14

f 1494/3/1 1313/2/1 1493/1/1
f 1313/3/1 1494/2/1 1314/1/1
f 1495/3/2 1494/2/2 1493/1/2
f 1494/3/2 1495/2/2 1496/1/2
f 1316/5/3 1313/5/3 1314/1281/3
f 1313/5/3 1316/5/3 1315/1282/3
f 1316/1099/4 1495/5/4 1315/5/4
f 1495/5/4 1316/1099/4 1496/1283/4
f 1495/5/5 1313/1100/5 1315/5/5
f 1313/1100/5 1495/5/5 1493/1284/5
f 1494/2/6 1316/3/6 1314/11/6
f 1316/3/6 1494/2/6 1496/1/6
f 1242/3/1 1244/2/1 1241/1/1
f 1244/3/1 1242/2/1 1243/1/1
f 1245/3/2 1242/2/2 1241/1/2
f 1242/3/2 1245/2/2 1247/1/2
f 1248/1033/3 1244/1029/3 1243/5/3
f 1244/1029/3 1248/1033/3 1246/5/3
f 1248/5/4 1245/5/4 1246/1285/4
f 1245/5/4 1248/5/4 1247/1286/4
f 1245/1036/5 1244/1032/5 1246/5/5
f 1244/1032/5 1245/1036/5 1241/5/5
f 1242/2/6 1248/3/6 1243/11/6
f 1248/3/6 1242/2/6 1247/1/6
f 1499/3/1 1498/2/1 1497/1/1
f 1498/3/1 1499/2/1 1500/1/1
f 163/3/2 1499/2/2 1497/1/2
f 1499/3/2 163/2/2 165/1/2
f 166/132/3 1498/5/3 1500/1287/3
f 1498/5/3 166/132/3 164/5/3
f 166/5/4 163/5/4 164/1288/4
f 163/5/4 166/5/4 165/1289/4
f 163/137/5 1498/5/5 164/5/5
f 1498/5/5 163/137/5 1497/1290/5
f 1499/2/6 166/3/6 1500/11/6
f 166/3/6 1499/2/6 165/1/6
f 308/3/1 310/2/1 307/1/1
f 310/3/1 308/2/1 309/1/1
f 85/3/2 308/2/2 307/1/2
f 308/3/2 85/2/2 87/1/2
f 88/72/3 310/244/3 309/5/3
f 310/244/3 88/72/3 86/5/3
f 88/1143/4 85/5/4 86/5/4
f 85/5/4 88/1143/4 87/1291/4
f 85/76/5 310/247/5 86/5/5
f 310/247/5 85/76/5 307/5/5
f 308/2/6 88/3/6 309/11/6
f 88/3/6 308/2/6 87/1/6
f 39/3/1 338/2/1 40/1/1
f 338/3/1 39/2/1 337/1/1
f 631/3/2 39/2/2 40/1/2
f 39/3/2 631/2/2 632/1/2
f 1182/5/3 338/268/3 337/5/3
f 338/268/3 1182/5/3 1181/1292/3
f 1182/1186/4 631/5/4 1181/5/4
f 631/5/4 1182/1186/4 632/1293/4
f 631/5/5 338/270/5 1181/976/5
f 338/270/5 631/5/5 40/34/5
f 39/2/6 1182/3/6 337/11/6
f 1182/3/6 39/2/6 632/1/6
f 1502/3/1 373/2/1 1501/1/1
f 373/3/1 1502/2/1 374/1/1
f 1503/3/2 1502/2/2 1501/1/2
f 1502/3/2 1503/2/2 1504/1/2
f 1416/5/3 373/5/3 374/1294/3
f 373/5/3 1416/5/3 1415/1295/3
f 1416/1205/4 1503/5/4 1415/5/4
f 1503/5/4 1416/1205/4 1504/1296/4
f 1503/5/5 373/5/5 1415/5/5
f 373/5/5 1503/5/5 1501/1297/5
f 1502/2/6 1416/3/6 374/11/6
f 1416/3/6 1502/2/6 1504/1/6
f 342/3/1 357/2/1 340/1/1
f 357/3/1 342/2/1 358/1/1
f 1505/3/2 342/2/2 340/1/2
f 342/3/2 1505/2/2 1506/1/2
f 363/5/3 357/5/3 358/1298/3
f 357/5/3 363/5/3 361/1299/3
f 363/5/4 1505/5/4 361/1300/4
f 1505/5/4 363/5/4 1506/1301/4
f 1505/5/5 357/5/5 361/293/5
f 357/5/5 1505/5/5 340/5/5
f 342/2/6 363/3/6 358/11/6
f 363/3/6 342/2/6 1506/1/6
f 1263/3/1 369/2/1 1264/1/1
f 369/3/1 1263/2/1 371/1/1
f 1507/3/2 1263/2/2 1264/1/2
f 1263/3/2 1507/2/2 1508/1/2
f 374/1294/3 369/5/3 371/1302/3
f 369/5/3 374/1294/3 373/5/3
f 374/297/4 1507/5/4 373/5/4
f 1507/5/4 374/297/4 1508/1303/4
f 1507/5/5 369/299/5 373/5/5
f 369/299/5 1507/5/5 1264/1055/5
f 1263/2/6 374/3/6 371/11/6
f 374/3/6 1263/2/6 1508/1/6
f 1510/3/1 379/2/1 1509/1/1
f 379/3/1 1510/2/1 380/1/1
f 361/3/2 1510/2/2 1509/1/2
f 1510/3/2 361/2/2 363/1/2
f 364/288/3 379/5/3 380/1304/3
f 379/5/3 364/288/3 362/5/3
f 364/5/4 361/1300/4 362/1305/4
f 361/1300/4 364/5/4 363/5/4
f 361/293/5 379/5/5 362/5/5
f 379/5/5 361/293/5 1509/1306/5
f 1510/2/6 364/3/6 380/11/6
f 364/3/6 1510/2/6 363/1/6
f 1512/3/1 397/2/1 1511/1/1
f 397/3/1 1512/2/1 399/1/1
f 1513/3/2 1512/2/2 1511/1/2
f 1512/3/2 1513/2/2 1514/1/2
f 402/5/3 397/5/3 399/1307/3
f 397/5/3 402/5/3 401/1308/3
f 402/320/4 1513/5/4 401/5/4
f 1513/5/4 402/320/4 1514/1309/4
f 1513/5/5 397/322/5 401/5/5
f 397/322/5 1513/5/5 1511/1310/5
f 1512/2/6 402/3/6 399/11/6
f 402/3/6 1512/2/6 1514/1/6
f 1516/3/1 1079/2/1 1515/1/1
f 1079/3/1 1516/2/1 1080/1/1
f 1067/3/2 1516/2/2 1515/1/2
f 1516/3/2 1067/2/2 1068/1/2
f 837/862/3 1079/5/3 1080/1311/3
f 1079/5/3 837/862/3 835/5/3
f 837/875/4 1067/5/4 835/5/4
f 1067/5/4 837/875/4 1068/1312/4
f 1067/864/5 1079/876/5 835/675/5
f 1079/876/5 1067/864/5 1515/1313/5
f 1516/2/6 837/3/6 1080/11/6
f 837/3/6 1516/2/6 1068/1/6
f 1518/3/1 425/2/1 1517/1/1
f 425/3/1 1518/2/1 426/1/1
f 1519/3/2 1518/2/2 1517/1/2
f 1518/3/2 1519/2/2 1520/1/2
f 431/5/3 425/5/3 426/1314/3
f 425/5/3 431/5/3 429/1315/3
f 431/5/4 1519/5/4 429/1316/4
f 1519/5/4 431/5/4 1520/1317/4
f 1519/5/5 425/5/5 429/346/5
f 425/5/5 1519/5/5 1517/1318/5
f 1518/2/6 431/3/6 426/11/6
f 431/3/6 1518/2/6 1520/1/6
f 1522/3/1 433/2/1 1521/1/1
f 433/3/1 1522/2/1 434/1/1
f 1523/3/2 1522/2/2 1521/1/2
f 1522/3/2 1523/2/2 1524/1/2
f 1525/5/3 433/5/3 434/1319/3
f 433/5/3 1525/5/3 1526/1320/3
f 1525/5/4 1523/5/4 1526/1321/4
f 1523/5/4 1525/5/4 1524/1322/4
f 1523/5/5 433/5/5 1526/1323/5
f 433/5/5 1523/5/5 1521/1324/5
f 1522/2/6 1525/3/6 434/11/6
f 1525/3/6 1522/2/6 1524/1/6
f 1524/3/1 405/2/1 1523/1/1
f 405/3/1 1524/2/1 407/1/1
f 1079/3/2 1524/2/2 1523/1/2
f 1524/3/2 1079/2/2 1080/1/2
f 410/873/3 405/5/3 407/1325/3
f 405/5/3 410/873/3 409/5/3
f 410/326/4 1079/5/4 409/5/4
f 1079/5/4 410/326/4 1080/1326/4
f 1079/876/5 405/328/5 409/5/5
f 405/328/5 1079/876/5 1523/5/5
f 1524/2/6 410/3/6 407/11/6
f 410/3/6 1524/2/6 1080/1/6
f 1212/3/1 1214/2/1 1211/1/1
f 1214/3/1 1212/2/1 1213/1/1
f 1527/3/2 1212/2/2 1211/1/2
f 1212/3/2 1527/2/2 1528/1/2
f 1529/5/3 1214/1001/3 1213/5/3
f 1214/1001/3 1529/5/3 1530/1327/3
f 1529/5/4 1527/5/4 1530/1328/4
f 1527/5/4 1529/5/4 1528/1329/4
f 1527/5/5 1214/1004/5 1530/1330/5
f 1214/1004/5 1527/5/5 1211/5/5
f 1212/2/6 1529/3/6 1213/11/6
f 1529/3/6 1212/2/6 1528/1/6
f 1533/3/1 1532/2/1 1531/1/1
f 1532/3/1 1533/2/1 1534/1/1
f 1535/3/2 1533/2/2 1531/1/2
f 1533/3/2 1535/2/2 1536/1/2
f 426/1314/3 1532/5/3 1534/1331/3
f 1532/5/3 426/1314/3 425/5/3
f 426/338/4 1535/5/4 425/5/4
f 1535/5/4 426/338/4 1536/1332/4
f 1535/5/5 1532/5/5 425/5/5
f 1532/5/5 1535/5/5 1531/1333/5
f 1533/2/6 426/3/6 1534/11/6
f 426/3/6 1533/2/6 1536/1/6
f 1538/3/1 429/2/1 1537/1/1
f 429/3/1 1538/2/1 431/1/1
f 1539/3/2 1538/2/2 1537/1/2
f 1538/3/2 1539/2/2 1540/1/2
f 434/1319/3 429/1315/3 431/5/3
f 429/1315/3 434/1319/3 433/5/3
f 434/344/4 1539/5/4 433/5/4
f 1539/5/4 434/344/4 1540/1334/4
f 1539/5/5 429/346/5 433/5/5
f 429/346/5 1539/5/5 1537/1335/5
f 1538/2/6 434/3/6 431/11/6
f 434/3/6 1538/2/6 1540/1/6
f 1529/3/1 1225/2/1 1530/1/1
f 1225/3/1 1529/2/1 1227/1/1
f 1541/3/2 1529/2/2 1530/1/2
f 1529/3/2 1541/2/2 1542/1/2
f 1230/5/3 1225/5/3 1227/1336/3
f 1225/5/3 1230/5/3 1229/1337/3
f 1230/1018/4 1541/5/4 1229/5/4
f 1541/5/4 1230/1018/4 1542/1338/4
f 1541/5/5 1225/1020/5 1229/5/5
f 1225/1020/5 1541/5/5 1530/1330/5
f 1529/2/6 1230/3/6 1227/11/6
f 1230/3/6 1529/2/6 1542/1/6
f 886/3/1 413/2/1 885/1/1
f 413/3/1 886/2/1 415/1/1
f 1543/3/2 886/2/2 885/1/2
f 886/3/2 1543/2/2 1544/1/2
f 418/5/3 413/711/3 415/5/3
f 413/711/3 418/5/3 417/1339/3
f 418/332/4 1543/5/4 417/5/4
f 1543/5/4 418/332/4 1544/1340/4
f 1543/5/5 413/334/5 417/5/5
f 413/334/5 1543/5/5 885/5/5
f 886/2/6 418/3/6 415/11/6
f 418/3/6 886/2/6 1544/1/6
f 418/3/1 1545/2/1 417/1/1
f 1545/3/1 418/2/1 1546/1/1
f 1547/3/2 418/2/2 417/1/2
f 418/3/2 1547/2/2 1548/1/2
f 450/5/3 1545/5/3 1546/1341/3
f 1545/5/3 450/5/3 449/1342/3
f 450/356/4 1547/5/4 449/5/4
f 1547/5/4 450/356/4 1548/1343/4
f 1547/5/5 1545/5/5 449/5/5
f 1545/5/5 1547/5/5 417/5/5
f 418/2/6 450/3/6 1546/11/6
f 450/3/6 418/2/6 1548/1/6
f 1524/3/1 405/2/1 1523/1/1
f 405/3/1 1524/2/1 407/1/1
f 1079/3/2 1524/2/2 1523/1/2
f 1524/3/2 1079/2/2 1080/1/2
f 410/873/3 405/5/3 407/1325/3
f 405/5/3 410/873/3 409/5/3
f 410/326/4 1079/5/4 409/5/4
f 1079/5/4 410/326/4 1080/1326/4
f 1079/876/5 405/328/5 409/5/5
f 405/328/5 1079/876/5 1523/5/5
f 1524/2/6 410/3/6 407/11/6
f 410/3/6 1524/2/6 1080/1/6

usemtl color19

f 1296/3/1 1298/2/1 1295/1/1
f 1298/3/1 1296/2/1 1297/1/1
f 1299/3/2 1296/2/2 1295/1/2
f 1296/3/2 1299/2/2 1301/1/2
f 1302/1086/3 1298/1081/3 1297/5/3
f 1298/1081/3 1302/1086/3 1300/5/3
f 1302/5/4 1299/5/4 1300/1344/4
f 1299/5/4 1302/5/4 1301/1345/4
f 1299/1091/5 1298/1084/5 1300/5/5
f 1298/1084/5 1299/1091/5 1295/5/5
f 1296/2/6 1302/3/6 1297/11/6
f 1302/3/6 1296/2/6 1301/1/6
f 176/3/1 630/2/1 175/1/1
f 630/3/1 176/2/1 629/1/1
f 295/3/2 176/2/2 175/1/2
f 176/3/2 295/2/2 297/1/2
f 1354/1135/3 630/506/3 629/5/3
f 630/506/3 1354/1135/3 1353/5/3
f 1354/5/4 295/5/4 1353/1346/4
f 295/5/4 1354/5/4 297/1347/4
f 295/242/5 630/508/5 1353/5/5
f 630/508/5 295/242/5 175/5/5
f 176/2/6 1354/3/6 629/11/6
f 1354/3/6 176/2/6 297/1/6
f 300/3/1 1356/2/1 299/1/1
f 1356/3/1 300/2/1 1355/1/1
f 303/3/2 300/2/2 299/1/2
f 300/3/2 303/2/2 305/1/2
f 739/1139/3 1356/1136/3 1355/5/3
f 1356/1136/3 739/1139/3 737/5/3
f 739/5/4 303/5/4 737/1348/4
f 303/5/4 739/5/4 305/1349/4
f 303/248/5 1356/1138/5 737/600/5
f 1356/1138/5 303/248/5 299/5/5
f 300/2/6 739/3/6 1355/11/6
f 739/3/6 300/2/6 305/1/6
f 651/3/1 1549/2/1 652/1/1
f 1549/3/1 651/2/1 1550/1/1
f 654/3/2 651/2/2 652/1/2
f 651/3/2 654/2/2 656/1/2
f 1551/5/3 1549/5/3 1550/1350/3
f 1549/5/3 1551/5/3 1552/1351/3
f 1551/5/4 654/1043/4 1552/1352/4
f 654/1043/4 1551/5/4 656/5/4
f 654/5/5 1549/5/5 1552/1353/5
f 1549/5/5 654/5/5 652/525/5
f 651/2/6 1551/3/6 1550/11/6
f 1551/3/6 651/2/6 656/1/6
f 659/3/1 717/2/1 660/1/1
f 717/3/1 659/2/1 719/1/1
f 1028/3/2 659/2/2 660/1/2
f 659/3/2 1028/2/2 1030/1/2
f 1553/5/3 717/5/3 719/1354/3
f 717/5/3 1553/5/3 1554/1355/3
f 1553/5/4 1028/1045/4 1554/1356/4
f 1028/1045/4 1553/5/4 1030/5/4
f 1028/5/5 717/583/5 1554/1357/5
f 717/583/5 1028/5/5 660/531/5
f 659/2/6 1553/3/6 719/11/6
f 1553/3/6 659/2/6 1030/1/6
f 1260/3/1 1555/2/1 1258/1/1
f 1555/3/1 1260/2/1 1556/1/1
f 1264/3/2 1260/2/2 1258/1/2
f 1260/3/2 1264/2/2 1263/1/2
f 372/294/3 1555/5/3 1556/1358/3
f 1555/5/3 372/294/3 370/5/3
f 372/5/4 1264/1053/4 370/1359/4
f 1264/1053/4 372/5/4 1263/5/4
f 1264/1055/5 1555/5/5 370/5/5
f 1555/5/5 1264/1055/5 1258/5/5
f 1260/2/6 372/3/6 1556/11/6
f 372/3/6 1260/2/6 1263/1/6
f 1558/3/1 1220/2/1 1557/1/1
f 1220/3/1 1558/2/1 1219/1/1
f 877/3/2 1558/2/2 1557/1/2
f 1558/3/2 877/2/2 879/1/2
f 1222/1011/3 1220/1007/3 1219/5/3
f 1220/1007/3 1222/1011/3 1221/5/3
f 1222/5/4 877/5/4 1221/1360/4
f 877/5/4 1222/5/4 879/1361/4
f 877/709/5 1220/1009/5 1221/5/5
f 1220/1009/5 877/709/5 1557/1362/5
f 1558/2/6 1222/3/6 1219/11/6
f 1222/3/6 1558/2/6 879/1/6
f 830/3/1 1224/2/1 828/1/1
f 1224/3/1 830/2/1 1223/1/1
f 1103/3/2 830/2/2 828/1/2
f 830/3/2 1103/2/2 1104/1/2
f 896/719/3 1224/1012/3 1223/5/3
f 1224/1012/3 896/719/3 894/5/3
f 896/5/4 1103/5/4 894/1363/4
f 1103/5/4 896/5/4 1104/1364/4
f 1103/899/5 1224/1014/5 894/5/5
f 1224/1014/5 1103/899/5 828/5/5
f 830/2/6 896/3/6 1223/11/6
f 896/3/6 830/2/6 1104/1/6

usemtl color1

f 554/3/1 1559/2/1 552/1/1
f 1559/3/1 554/2/1 1560/1/1
f 1561/3/2 554/2/2 552/1/2
f 554/3/2 1561/2/2 1562/1/2
f 1563/5/3 1559/5/3 1560/1365/3
f 1559/5/3 1563/5/3 1564/1366/3
f 1563/5/4 1561/5/4 1564/1367/4
f 1561/5/4 1563/5/4 1562/1368/4
f 1561/5/5 1559/5/5 1564/1369/5
f 1559/5/5 1561/5/5 552/5/5
f 554/2/6 1563/3/6 1560/11/6
f 1563/3/6 554/2/6 1562/1/6
f 1001/3/1 1565/2/1 1002/1/1
f 1565/3/1 1001/2/1 1566/1/1
f 1003/3/2 1001/2/2 1002/1/2
f 1001/3/2 1003/2/2 1004/1/2
f 1567/5/3 1565/5/3 1566/1370/3
f 1565/5/3 1567/5/3 1568/1371/3
f 1567/5/4 1003/5/4 1568/1372/4
f 1003/5/4 1567/5/4 1004/1373/4
f 1003/5/5 1565/5/5 1568/1374/5
f 1565/5/5 1003/5/5 1002/805/5
f 1001/2/6 1567/3/6 1566/11/6
f 1567/3/6 1001/2/6 1004/1/6
f 1005/3/1 1569/2/1 1006/1/1
f 1569/3/1 1005/2/1 1570/1/1
f 1125/3/2 1005/2/2 1006/1/2
f 1005/3/2 1125/2/2 1126/1/2
f 1571/5/3 1569/5/3 1570/1375/3
f 1569/5/3 1571/5/3 1572/1376/3
f 1571/5/4 1125/5/4 1572/1377/4
f 1125/5/4 1571/5/4 1126/1378/4
f 1125/5/5 1569/5/5 1572/1379/5
f 1569/5/5 1125/5/5 1006/809/5
f 1005/2/6 1571/3/6 1570/11/6
f 1571/3/6 1005/2/6 1126/1/6
f 82/3/1 84/2/1 81/1/1
f 84/3/1 82/2/1 83/1/1
f 1573/3/2 82/2/2 81/1/2
f 82/3/2 1573/2/2 1574/1/2
f 1575/5/3 84/68/3 83/5/3
f 84/68/3 1575/5/3 1576/1380/3
f 1575/5/4 1573/5/4 1576/1381/4
f 1573/5/4 1575/5/4 1574/1382/4
f 1573/5/5 84/71/5 1576/1383/5
f 84/71/5 1573/5/5 81/5/5
f 82/2/6 1575/3/6 83/11/6
f 1575/3/6 82/2/6 1574/1/6
f 1579/3/1 1578/2/1 1577/1/1
f 1578/3/1 1579/2/1 1580/1/1
f 1013/3/2 1579/2/2 1577/1/2
f 1579/3/2 1013/2/2 1015/1/2
f 1016/817/3 1578/5/3 1580/1384/3
f 1578/5/3 1016/817/3 1014/5/3
f 1016/5/4 1013/5/4 1014/1385/4
f 1013/5/4 1016/5/4 1015/1386/4
f 1013/822/5 1578/5/5 1014/5/5
f 1578/5/5 1013/822/5 1577/1387/5
f 1579/2/6 1016/3/6 1580/11/6
f 1016/3/6 1579/2/6 1015/1/6
f 1575/3/1 1581/2/1 1576/1/1
f 1581/3/1 1575/2/1 1582/1/1
f 1583/3/2 1575/2/2 1576/1/2
f 1575/3/2 1583/2/2 1584/1/2
f 1585/5/3 1581/5/3 1582/1388/3
f 1581/5/3 1585/5/3 1586/1389/3
f 1585/5/4 1583/5/4 1586/1390/4
f 1583/5/4 1585/5/4 1584/1391/4
f 1583/5/5 1581/5/5 1586/1392/5
f 1581/5/5 1583/5/5 1576/1383/5
f 1575/2/6 1585/3/6 1582/11/6
f 1585/3/6 1575/2/6 1584/1/6
f 622/3/1 624/2/1 621/1/1
f 624/3/1 622/2/1 623/1/1
f 1587/3/2 622/2/2 621/1/2
f 622/3/2 1587/2/2 1588/1/2
f 1589/5/3 624/500/3 623/5/3
f 624/500/3 1589/5/3 1590/1393/3
f 1589/5/4 1587/5/4 1590/1394/4
f 1587/5/4 1589/5/4 1588/1395/4
f 1587/5/5 624/503/5 1590/1396/5
f 624/503/5 1587/5/5 621/5/5
f 622/2/6 1589/3/6 623/11/6
f 1589/3/6 622/2/6 1588/1/6
f 1250/3/1 1252/2/1 1249/1/1
f 1252/3/1 1250/2/1 1251/1/1
f 1591/3/2 1250/2/2 1249/1/2
f 1250/3/2 1591/2/2 1592/1/2
f 1593/5/3 1252/1039/3 1251/5/3
f 1252/1039/3 1593/5/3 1594/1397/3
f 1593/5/4 1591/5/4 1594/1398/4
f 1591/5/4 1593/5/4 1592/1399/4
f 1591/5/5 1252/1042/5 1594/1400/5
f 1252/1042/5 1591/5/5 1249/5/5
f 1250/2/6 1593/3/6 1251/11/6
f 1593/3/6 1250/2/6 1592/1/6
f 174/3/1 1595/2/1 172/1/1
f 1595/3/1 174/2/1 1596/1/1
f 625/3/2 174/2/2 172/1/2
f 174/3/2 625/2/2 627/1/2
f 628/505/3 1595/5/3 1596/1401/3
f 1595/5/3 628/505/3 626/5/3
f 628/5/4 625/5/4 626/1402/4
f 625/5/4 628/5/4 627/1403/4
f 625/509/5 1595/5/5 626/5/5
f 1595/5/5 625/509/5 172/5/5
f 174/2/6 628/3/6 1596/11/6
f 628/3/6 174/2/6 627/1/6
f 1585/3/1 1597/2/1 1586/1/1
f 1597/3/1 1585/2/1 1598/1/1
f 1599/3/2 1585/2/2 1586/1/2
f 1585/3/2 1599/2/2 1600/1/2
f 1601/5/3 1597/5/3 1598/1404/3
f 1597/5/3 1601/5/3 1602/1405/3
f 1601/5/4 1599/5/4 1602/1406/4
f 1599/5/4 1601/5/4 1600/1407/4
f 1599/5/5 1597/5/5 1602/1408/5
f 1597/5/5 1599/5/5 1586/1392/5
f 1585/2/6 1601/3/6 1598/11/6
f 1601/3/6 1585/2/6 1600/1/6
f 1601/3/1 1603/2/1 1602/1/1
f 1603/3/1 1601/2/1 1604/1/1
f 1605/3/2 1601/2/2 1602/1/2
f 1601/3/2 1605/2/2 1606/1/2
f 1607/5/3 1603/5/3 1604/1409/3
f 1603/5/3 1607/5/3 1608/1410/3
f 1607/5/4 1605/5/4 1608/1411/4
f 1605/5/4 1607/5/4 1606/1412/4
f 1605/5/5 1603/5/5 1608/1413/5
f 1603/5/5 1605/5/5 1602/1408/5
f 1601/2/6 1607/3/6 1604/11/6
f 1607/3/6 1601/2/6 1606/1/6
f 648/3/1 1609/2/1 646/1/1
f 1609/3/1 648/2/1 1610/1/1
f 673/3/2 648/2/2 646/1/2
f 648/3/2 673/2/2 675/1/2
f 1611/5/3 1609/5/3 1610/1414/3
f 1609/5/3 1611/5/3 1612/1415/3
f 1611/5/4 673/5/4 1612/1416/4
f 673/5/4 1611/5/4 675/1417/4
f 673/549/5 1609/5/5 1612/1418/5
f 1609/5/5 673/549/5 646/5/5
f 648/2/6 1611/3/6 1610/11/6
f 1611/3/6 648/2/6 675/1/6
f 678/3/1 680/2/1 677/1/1
f 680/3/1 678/2/1 679/1/1
f 681/3/2 678/2/2 677/1/2
f 678/3/2 681/2/2 683/1/2
f 684/550/3 680/545/3 679/5/3
f 680/545/3 684/550/3 682/5/3
f 684/5/4 681/5/4 682/1419/4
f 681/5/4 684/5/4 683/1420/4
f 681/555/5 680/548/5 682/5/5
f 680/548/5 681/555/5 677/5/5
f 678/2/6 684/3/6 679/11/6
f 684/3/6 678/2/6 683/1/6
f 686/3/1 688/2/1 685/1/1
f 688/3/1 686/2/1 687/1/1
f 689/3/2 686/2/2 685/1/2
f 686/3/2 689/2/2 691/1/2
f 692/556/3 688/551/3 687/5/3
f 688/551/3 692/556/3 690/5/3
f 692/5/4 689/5/4 690/1421/4
f 689/5/4 692/5/4 691/1422/4
f 689/561/5 688/554/5 690/5/5
f 688/554/5 689/561/5 685/5/5
f 686/2/6 692/3/6 687/11/6
f 692/3/6 686/2/6 691/1/6
f 694/3/1 696/2/1 693/1/1
f 696/3/1 694/2/1 695/1/1
f 697/3/2 694/2/2 693/1/2
f 694/3/2 697/2/2 699/1/2
f 700/562/3 696/557/3 695/5/3
f 696/557/3 700/562/3 698/5/3
f 700/5/4 697/5/4 698/1423/4
f 697/5/4 700/5/4 699/1424/4
f 697/566/5 696/560/5 698/5/5
f 696/560/5 697/566/5 693/5/5
f 694/2/6 700/3/6 695/11/6
f 700/3/6 694/2/6 699/1/6
f 656/3/1 1613/2/1 654/1/1
f 1613/3/1 656/2/1 1614/1/1
f 660/3/2 656/2/2 654/1/2
f 656/3/2 660/2/2 659/1/2
f 720/578/3 1613/5/3 1614/1425/3
f 1613/5/3 720/578/3 718/5/3
f 720/5/4 660/529/4 718/1426/4
f 660/529/4 720/5/4 659/5/4
f 660/531/5 1613/5/5 718/5/5
f 1613/5/5 660/531/5 654/5/5
f 656/2/6 720/3/6 1614/11/6
f 720/3/6 656/2/6 659/1/6
f 1617/3/1 1616/2/1 1615/1/1
f 1616/3/1 1617/2/1 1618/1/1
f 1619/3/2 1617/2/2 1615/1/2
f 1617/3/2 1619/2/2 1620/1/2
f 1621/5/3 1616/5/3 1618/1427/3
f 1616/5/3 1621/5/3 1622/1428/3
f 1621/5/4 1619/5/4 1622/1429/4
f 1619/5/4 1621/5/4 1620/1430/4
f 1619/5/5 1616/5/5 1622/1431/5
f 1616/5/5 1619/5/5 1615/1432/5
f 1617/2/6 1621/3/6 1618/11/6
f 1621/3/6 1617/2/6 1620/1/6
f 1625/3/1 1624/2/1 1623/1/1
f 1624/3/1 1625/2/1 1626/1/1
f 1627/3/2 1625/2/2 1623/1/2
f 1625/3/2 1627/2/2 1628/1/2
f 1629/5/3 1624/5/3 1626/1433/3
f 1624/5/3 1629/5/3 1630/1434/3
f 1629/5/4 1627/5/4 1630/1435/4
f 1627/5/4 1629/5/4 1628/1436/4
f 1627/5/5 1624/5/5 1630/1437/5
f 1624/5/5 1627/5/5 1623/1438/5
f 1625/2/6 1629/3/6 1626/11/6
f 1629/3/6 1625/2/6 1628/1/6
f 1607/3/1 1631/2/1 1608/1/1
f 1631/3/1 1607/2/1 1632/1/1
f 1633/3/2 1607/2/2 1608/1/2
f 1607/3/2 1633/2/2 1634/1/2
f 1635/5/3 1631/5/3 1632/1439/3
f 1631/5/3 1635/5/3 1636/1440/3
f 1635/5/4 1633/5/4 1636/1441/4
f 1633/5/4 1635/5/4 1634/1442/4
f 1633/5/5 1631/5/5 1636/1443/5
f 1631/5/5 1633/5/5 1608/1413/5
f 1607/2/6 1635/3/6 1632/11/6
f 1635/3/6 1607/2/6 1634/1/6
f 1384/3/1 789/2/1 1382/1/1
f 789/3/1 1384/2/1 790/1/1
f 1386/3/2 1384/2/2 1382/1/2
f 1384/3/2 1386/2/2 1385/1/2
f 792/5/3 789/5/3 790/1444/3
f 789/5/3 792/5/3 791/1445/3
f 792/637/4 1386/1168/4 791/5/4
f 1386/1168/4 792/637/4 1385/5/4
f 1386/1170/5 789/639/5 791/5/5
f 789/639/5 1386/1170/5 1382/5/5
f 1384/2/6 792/3/6 790/11/6
f 792/3/6 1384/2/6 1385/1/6
f 1639/3/1 1638/2/1 1637/1/1
f 1638/3/1 1639/2/1 1640/1/1
f 1612/3/2 1639/2/2 1637/1/2
f 1639/3/2 1612/2/2 1611/1/2
f 676/544/3 1638/5/3 1640/1446/3
f 1638/5/3 676/544/3 674/5/3
f 676/5/4 1612/1416/4 674/1447/4
f 1612/1416/4 676/5/4 1611/5/4
f 1612/1418/5 1638/5/5 674/5/5
f 1638/5/5 1612/1418/5 1637/1448/5
f 1639/2/6 676/3/6 1640/11/6
f 676/3/6 1639/2/6 1611/1/6
f 1550/3/1 702/2/1 1549/1/1
f 702/3/1 1550/2/1 701/1/1
f 1552/3/2 1550/2/2 1549/1/2
f 1550/3/2 1552/2/2 1551/1/2
f 1614/1425/3 702/563/3 701/5/3
f 702/563/3 1614/1425/3 1613/5/3
f 1614/5/4 1552/1352/4 1613/1449/4
f 1552/1352/4 1614/5/4 1551/5/4
f 1552/1353/5 702/565/5 1613/5/5
f 702/565/5 1552/1353/5 1549/5/5
f 1550/2/6 1614/3/6 701/11/6
f 1614/3/6 1550/2/6 1551/1/6
f 722/3/1 724/2/1 721/1/1
f 724/3/1 722/2/1 723/1/1
f 1554/3/2 722/2/2 721/1/2
f 722/3/2 1554/2/2 1553/1/2
f 1641/5/3 724/579/3 723/5/3
f 724/579/3 1641/5/3 1642/1450/3
f 1641/5/4 1554/1356/4 1642/1451/4
f 1554/1356/4 1641/5/4 1553/5/4
f 1554/1357/5 724/582/5 1642/1452/5
f 724/582/5 1554/1357/5 721/5/5
f 722/2/6 1641/3/6 723/11/6
f 1641/3/6 722/2/6 1553/1/6
f 1645/3/1 1644/2/1 1643/1/1
f 1644/3/1 1645/2/1 1646/1/1
f 1647/3/2 1645/2/2 1643/1/2
f 1645/3/2 1647/2/2 1648/1/2
f 1649/5/3 1644/5/3 1646/1453/3
f 1644/5/3 1649/5/3 1650/1454/3
f 1649/5/4 1647/5/4 1650/1455/4
f 1647/5/4 1649/5/4 1648/1456/4
f 1647/5/5 1644/5/5 1650/1457/5
f 1644/5/5 1647/5/5 1643/1458/5
f 1645/2/6 1649/3/6 1646/11/6
f 1649/3/6 1645/2/6 1648/1/6
f 1653/3/1 1652/2/1 1651/1/1
f 1652/3/1 1653/2/1 1654/1/1
f 1655/3/2 1653/2/2 1651/1/2
f 1653/3/2 1655/2/2 1656/1/2
f 1657/5/3 1652/5/3 1654/1459/3
f 1652/5/3 1657/5/3 1658/1460/3
f 1657/5/4 1655/5/4 1658/1461/4
f 1655/5/4 1657/5/4 1656/1462/4
f 1655/5/5 1652/5/5 1658/1463/5
f 1652/5/5 1655/5/5 1651/1464/5
f 1653/2/6 1657/3/6 1654/11/6
f 1657/3/6 1653/2/6 1656/1/6
f 1635/3/1 1083/2/1 1636/1/1
f 1083/3/1 1635/2/1 1085/1/1
f 1659/3/2 1635/2/2 1636/1/2
f 1635/3/2 1659/2/2 1660/1/2
f 1088/5/3 1083/5/3 1085/1465/3
f 1083/5/3 1088/5/3 1087/1466/3
f 1088/882/4 1659/5/4 1087/5/4
f 1659/5/4 1088/882/4 1660/1467/4
f 1659/5/5 1083/884/5 1087/5/5
f 1083/884/5 1659/5/5 1636/1443/5
f 1635/2/6 1088/3/6 1085/11/6
f 1088/3/6 1635/2/6 1660/1/6
f 756/3/1 1661/2/1 754/1/1
f 1661/3/1 756/2/1 1662/1/1
f 760/3/2 756/2/2 754/1/2
f 756/3/2 760/2/2 759/1/2
f 784/630/3 1661/5/3 1662/1468/3
f 1661/5/3 784/630/3 783/5/3
f 784/5/4 760/609/4 783/1469/4
f 760/609/4 784/5/4 759/5/4
f 760/611/5 1661/5/5 783/5/5
f 1661/5/5 760/611/5 754/5/5
f 756/2/6 784/3/6 1662/11/6
f 784/3/6 756/2/6 759/1/6
f 1665/3/1 1664/2/1 1663/1/1
f 1664/3/1 1665/2/1 1666/1/1
f 795/3/2 1665/2/2 1663/1/2
f 1665/3/2 795/2/2 797/1/2
f 864/5/3 1664/5/3 1666/1470/3
f 1664/5/3 864/5/3 863/1471/3
f 864/693/4 795/5/4 863/5/4
f 795/5/4 864/693/4 797/1472/4
f 795/645/5 1664/5/5 863/5/5
f 1664/5/5 795/645/5 1663/1473/5
f 1665/2/6 864/3/6 1666/11/6
f 864/3/6 1665/2/6 797/1/6
f 800/3/1 865/2/1 799/1/1
f 865/3/1 800/2/1 866/1/1
f 803/3/2 800/2/2 799/1/2
f 800/3/2 803/2/2 805/1/2
f 868/5/3 865/5/3 866/1474/3
f 865/5/3 868/5/3 867/1475/3
f 868/696/4 803/5/4 867/5/4
f 803/5/4 868/696/4 805/1476/4
f 803/651/5 865/697/5 867/5/5
f 865/697/5 803/651/5 799/5/5
f 800/2/6 868/3/6 866/11/6
f 868/3/6 800/2/6 805/1/6
f 808/3/1 869/2/1 807/1/1
f 869/3/1 808/2/1 870/1/1
f 811/3/2 808/2/2 807/1/2
f 808/3/2 811/2/2 813/1/2
f 872/5/3 869/5/3 870/1477/3
f 869/5/3 872/5/3 871/1478/3
f 872/699/4 811/5/4 871/5/4
f 811/5/4 872/699/4 813/1479/4
f 811/657/5 869/700/5 871/5/5
f 869/700/5 811/657/5 807/5/5
f 808/2/6 872/3/6 870/11/6
f 872/3/6 808/2/6 813/1/6
f 816/3/1 873/2/1 815/1/1
f 873/3/1 816/2/1 874/1/1
f 819/3/2 816/2/2 815/1/2
f 816/3/2 819/2/2 821/1/2
f 876/5/3 873/5/3 874/1480/3
f 873/5/3 876/5/3 875/1481/3
f 876/702/4 819/5/4 875/5/4
f 819/5/4 876/702/4 821/1482/4
f 819/663/5 873/703/5 875/5/5
f 873/703/5 819/663/5 815/5/5
f 816/2/6 876/3/6 874/11/6
f 876/3/6 816/2/6 821/1/6
f 824/3/1 1557/2/1 823/1/1
f 1557/3/1 824/2/1 1558/1/1
f 827/3/2 824/2/2 823/1/2
f 824/3/2 827/2/2 829/1/2
f 830/664/3 1557/5/3 1558/1483/3
f 1557/5/3 830/664/3 828/5/3
f 830/707/4 827/5/4 828/5/4
f 827/5/4 830/707/4 829/1484/4
f 827/669/5 1557/1362/5 828/5/5
f 1557/1362/5 827/669/5 823/5/5
f 824/2/6 830/3/6 1558/11/6
f 830/3/6 824/2/6 829/1/6
f 832/3/1 834/2/1 831/1/1
f 834/3/1 832/2/1 833/1/1
f 1667/3/2 832/2/2 831/1/2
f 832/3/2 1667/2/2 1668/1/2
f 1104/5/3 834/665/3 833/5/3
f 834/665/3 1104/5/3 1103/1485/3
f 1104/1364/4 1667/5/4 1103/5/4
f 1667/5/4 1104/1364/4 1668/1486/4
f 1667/5/5 834/668/5 1103/899/5
f 834/668/5 1667/5/5 831/5/5
f 832/2/6 1104/3/6 833/11/6
f 1104/3/6 832/2/6 1668/1/6
f 784/3/1 1669/2/1 783/1/1
f 1669/3/1 784/2/1 1670/1/1
f 788/3/2 784/2/2 783/1/2
f 784/3/2 788/2/2 787/1/2
f 848/681/3 1669/5/3 1670/1487/3
f 1669/5/3 848/681/3 847/5/3
f 848/5/4 788/632/4 847/1488/4
f 788/632/4 848/5/4 787/5/4
f 788/634/5 1669/5/5 847/5/5
f 1669/5/5 788/634/5 783/5/5
f 784/2/6 848/3/6 1670/11/6
f 848/3/6 784/2/6 787/1/6
f 1088/3/1 1090/2/1 1087/1/1
f 1090/3/1 1088/2/1 1089/1/1
f 1671/3/2 1088/2/2 1087/1/2
f 1088/3/2 1671/2/2 1672/1/2
f 1673/5/3 1090/880/3 1089/5/3
f 1090/880/3 1673/5/3 1674/1489/3
f 1673/5/4 1671/5/4 1674/1490/4
f 1671/5/4 1673/5/4 1672/1491/4
f 1671/5/5 1090/883/5 1674/1492/5
f 1090/883/5 1671/5/5 1087/5/5
f 1088/2/6 1673/3/6 1089/11/6
f 1673/3/6 1088/2/6 1672/1/6
f 1677/3/1 1676/2/1 1675/1/1
f 1676/3/1 1677/2/1 1678/1/1
f 1679/3/2 1677/2/2 1675/1/2
f 1677/3/2 1679/2/2 1680/1/2
f 1681/5/3 1676/5/3 1678/1493/3
f 1676/5/3 1681/5/3 1682/1494/3
f 1681/5/4 1679/5/4 1682/1495/4
f 1679/5/4 1681/5/4 1680/1496/4
f 1679/5/5 1676/5/5 1682/1497/5
f 1676/5/5 1679/5/5 1675/1498/5
f 1677/2/6 1681/3/6 1678/11/6
f 1681/3/6 1677/2/6 1680/1/6
f 1685/3/1 1684/2/1 1683/1/1
f 1684/3/1 1685/2/1 1686/1/1
f 1687/3/2 1685/2/2 1683/1/2
f 1685/3/2 1687/2/2 1688/1/2
f 1689/5/3 1684/5/3 1686/1499/3
f 1684/5/3 1689/5/3 1690/1500/3
f 1689/5/4 1687/5/4 1690/1501/4
f 1687/5/4 1689/5/4 1688/1502/4
f 1687/5/5 1684/5/5 1690/1503/5
f 1684/5/5 1687/5/5 1683/1504/5
f 1685/2/6 1689/3/6 1686/11/6
f 1689/3/6 1685/2/6 1688/1/6
f 410/3/1 901/2/1 409/1/1
f 901/3/1 410/2/1 903/1/1
f 836/3/2 410/2/2 409/1/2
f 410/3/2 836/2/2 838/1/2
f 906/5/3 901/5/3 903/1505/3
f 901/5/3 906/5/3 905/1506/3
f 906/728/4 836/874/4 905/5/4
f 836/874/4 906/728/4 838/5/4
f 836/5/5 901/730/5 905/5/5
f 901/730/5 836/5/5 409/5/5
f 410/2/6 906/3/6 903/11/6
f 906/3/6 410/2/6 838/1/6
f 1673/3/1 1691/2/1 1674/1/1
f 1691/3/1 1673/2/1 1692/1/1
f 1693/3/2 1673/2/2 1674/1/2
f 1673/3/2 1693/2/2 1694/1/2
f 1695/5/3 1691/5/3 1692/1507/3
f 1691/5/3 1695/5/3 1696/1508/3
f 1695/5/4 1693/5/4 1696/1509/4
f 1693/5/4 1695/5/4 1694/1510/4
f 1693/5/5 1691/5/5 1696/1511/5
f 1691/5/5 1693/5/5 1674/1492/5
f 1673/2/6 1695/3/6 1692/11/6
f 1695/3/6 1673/2/6 1694/1/6
f 1699/3/1 1698/2/1 1697/1/1
f 1698/3/1 1699/2/1 1700/1/1
f 203/3/2 1699/2/2 1697/1/2
f 1699/3/2 203/2/2 205/1/2
f 206/162/3 1698/5/3 1700/1512/3
f 1698/5/3 206/162/3 204/5/3
f 206/5/4 203/5/4 204/1513/4
f 203/5/4 206/5/4 205/1514/4
f 203/167/5 1698/5/5 204/5/5
f 1698/5/5 203/167/5 1697/1515/5
f 1699/2/6 206/3/6 1700/11/6
f 206/3/6 1699/2/6 205/1/6
f 1702/3/1 913/2/1 1701/1/1
f 913/3/1 1702/2/1 914/1/1
f 1703/3/2 1702/2/2 1701/1/2
f 1702/3/2 1703/2/2 1704/1/2
f 1705/5/3 913/1236/3 914/5/3
f 913/1236/3 1705/5/3 1706/1516/3
f 1705/5/4 1703/5/4 1706/1517/4
f 1703/5/4 1705/5/4 1704/1518/4
f 1703/5/5 913/5/5 1706/1519/5
f 913/5/5 1703/5/5 1701/1520/5
f 1702/2/6 1705/3/6 914/11/6
f 1705/3/6 1702/2/6 1704/1/6
f 1709/3/1 1708/2/1 1707/1/1
f 1708/3/1 1709/2/1 1710/1/1
f 1711/3/2 1709/2/2 1707/1/2
f 1709/3/2 1711/2/2 1712/1/2
f 1227/1336/3 1708/5/3 1710/1521/3
f 1708/5/3 1227/1336/3 1225/5/3
f 1227/5/4 1711/5/4 1225/1522/4
f 1711/5/4 1227/5/4 1712/1523/4
f 1711/5/5 1708/5/5 1225/1020/5
f 1708/5/5 1711/5/5 1707/1524/5
f 1709/2/6 1227/3/6 1710/11/6
f 1227/3/6 1709/2/6 1712/1/6
f 1695/3/1 925/2/1 1696/1/1
f 925/3/1 1695/2/1 927/1/1
f 1216/3/2 1695/2/2 1696/1/2
f 1695/3/2 1216/2/2 1218/1/2
f 1713/5/3 925/5/3 927/1525/3
f 925/5/3 1713/5/3 1714/1526/3
f 1713/5/4 1216/5/4 1714/1527/4
f 1216/5/4 1713/5/4 1218/1528/4
f 1216/5/5 925/748/5 1714/1529/5
f 925/748/5 1216/5/5 1696/1511/5
f 1695/2/6 1713/3/6 927/11/6
f 1713/3/6 1695/2/6 1218/1/6
f 1109/3/1 1715/2/1 1110/1/1
f 1715/3/1 1109/2/1 1716/1/1
f 1717/3/2 1109/2/2 1110/1/2
f 1109/3/2 1717/2/2 1718/1/2
f 1719/5/3 1715/5/3 1716/1530/3
f 1715/5/3 1719/5/3 1720/1531/3
f 1719/5/4 1717/5/4 1720/1532/4
f 1717/5/4 1719/5/4 1718/1533/4
f 1717/5/5 1715/5/5 1720/1534/5
f 1715/5/5 1717/5/5 1110/904/5
f 1109/2/6 1719/3/6 1716/11/6
f 1719/3/6 1109/2/6 1718/1/6
f 1723/3/1 1722/2/1 1721/1/1
f 1722/3/1 1723/2/1 1724/1/1
f 1725/3/2 1723/2/2 1721/1/2
f 1723/3/2 1725/2/2 1726/1/2
f 1727/5/3 1722/5/3 1724/1535/3
f 1722/5/3 1727/5/3 1728/1536/3
f 1727/5/4 1725/5/4 1728/1537/4
f 1725/5/4 1727/5/4 1726/1538/4
f 1725/5/5 1722/5/5 1728/1539/5
f 1722/5/5 1725/5/5 1721/1540/5
f 1723/2/6 1727/3/6 1724/11/6
f 1727/3/6 1723/2/6 1726/1/6
f 904/3/1 1729/2/1 902/1/1
f 1729/3/1 904/2/1 1730/1/1
f 908/3/2 904/2/2 902/1/2
f 904/3/2 908/2/2 907/1/2
f 1731/5/3 1729/5/3 1730/1541/3
f 1729/5/3 1731/5/3 1732/1542/3
f 1731/5/4 908/727/4 1732/1543/4
f 908/727/4 1731/5/4 907/5/4
f 908/729/5 1729/5/5 1732/1544/5
f 1729/5/5 908/729/5 902/5/5
f 904/2/6 1731/3/6 1730/11/6
f 1731/3/6 904/2/6 907/1/6
f 1705/3/1 935/2/1 1706/1/1
f 935/3/1 1705/2/1 936/1/1
f 1708/3/2 1705/2/2 1706/1/2
f 1705/3/2 1708/2/2 1710/1/2
f 1733/5/3 935/5/3 936/1545/3
f 935/5/3 1733/5/3 1734/1546/3
f 1733/5/4 1708/5/4 1734/1547/4
f 1708/5/4 1733/5/4 1710/1548/4
f 1708/5/5 935/5/5 1734/1549/5
f 935/5/5 1708/5/5 1706/1519/5
f 1705/2/6 1733/3/6 936/11/6
f 1733/3/6 1705/2/6 1710/1/6
f 1737/3/1 1736/2/1 1735/1/1
f 1736/3/1 1737/2/1 1738/1/1
f 1739/3/2 1737/2/2 1735/1/2
f 1737/3/2 1739/2/2 1740/1/2
f 1741/5/3 1736/5/3 1738/1550/3
f 1736/5/3 1741/5/3 1742/1551/3
f 1741/5/4 1739/5/4 1742/1552/4
f 1739/5/4 1741/5/4 1740/1553/4
f 1739/5/5 1736/5/5 1742/1554/5
f 1736/5/5 1739/5/5 1735/1555/5
f 1737/2/6 1741/3/6 1738/11/6
f 1741/3/6 1737/2/6 1740/1/6
f 1745/3/1 1744/2/1 1743/1/1
f 1744/3/1 1745/2/1 1746/1/1
f 1747/3/2 1745/2/2 1743/1/2
f 1745/3/2 1747/2/2 1748/1/2
f 1749/5/3 1744/5/3 1746/1556/3
f 1744/5/3 1749/5/3 1750/1557/3
f 1749/5/4 1747/5/4 1750/1558/4
f 1747/5/4 1749/5/4 1748/1559/4
f 1747/5/5 1744/5/5 1750/1560/5
f 1744/5/5 1747/5/5 1743/1561/5
f 1745/2/6 1749/3/6 1746/11/6
f 1749/3/6 1745/2/6 1748/1/6
f 1753/3/1 1752/2/1 1751/1/1
f 1752/3/1 1753/2/1 1754/1/1
f 1755/3/2 1753/2/2 1751/1/2
f 1753/3/2 1755/2/2 1756/1/2
f 1757/5/3 1752/5/3 1754/1562/3
f 1752/5/3 1757/5/3 1758/1563/3
f 1757/5/4 1755/5/4 1758/1564/4
f 1755/5/4 1757/5/4 1756/1565/4
f 1755/5/5 1752/5/5 1758/1566/5
f 1752/5/5 1755/5/5 1751/1567/5
f 1753/2/6 1757/3/6 1754/11/6
f 1757/3/6 1753/2/6 1756/1/6
f 1761/3/1 1760/2/1 1759/1/1
f 1760/3/1 1761/2/1 1762/1/1
f 1763/3/2 1761/2/2 1759/1/2
f 1761/3/2 1763/2/2 1764/1/2
f 1765/5/3 1760/5/3 1762/1568/3
f 1760/5/3 1765/5/3 1766/1569/3
f 1765/5/4 1763/5/4 1766/1570/4
f 1763/5/4 1765/5/4 1764/1571/4
f 1763/5/5 1760/5/5 1766/1572/5
f 1760/5/5 1763/5/5 1759/1573/5
f 1761/2/6 1765/3/6 1762/11/6
f 1765/3/6 1761/2/6 1764/1/6
f 1769/3/1 1768/2/1 1767/1/1
f 1768/3/1 1769/2/1 1770/1/1
f 1771/3/2 1769/2/2 1767/1/2
f 1769/3/2 1771/2/2 1772/1/2
f 1773/5/3 1768/5/3 1770/1574/3
f 1768/5/3 1773/5/3 1774/1575/3
f 1773/5/4 1771/5/4 1774/1576/4
f 1771/5/4 1773/5/4 1772/1577/4
f 1771/5/5 1768/5/5 1774/1578/5
f 1768/5/5 1771/5/5 1767/1579/5
f 1769/2/6 1773/3/6 1770/11/6
f 1773/3/6 1769/2/6 1772/1/6
f 1777/3/1 1776/2/1 1775/1/1
f 1776/3/1 1777/2/1 1778/1/1
f 1779/3/2 1777/2/2 1775/1/2
f 1777/3/2 1779/2/2 1780/1/2
f 1781/5/3 1776/5/3 1778/1580/3
f 1776/5/3 1781/5/3 1782/1581/3
f 1781/5/4 1779/5/4 1782/1582/4
f 1779/5/4 1781/5/4 1780/1583/4
f 1779/5/5 1776/5/5 1782/1584/5
f 1776/5/5 1779/5/5 1775/1585/5
f 1777/2/6 1781/3/6 1778/11/6
f 1781/3/6 1777/2/6 1780/1/6
f 1785/3/1 1784/2/1 1783/1/1
f 1784/3/1 1785/2/1 1786/1/1
f 1787/3/2 1785/2/2 1783/1/2
f 1785/3/2 1787/2/2 1788/1/2
f 1789/5/3 1784/5/3 1786/1586/3
f 1784/5/3 1789/5/3 1790/1587/3
f 1789/5/4 1787/5/4 1790/1588/4
f 1787/5/4 1789/5/4 1788/1589/4
f 1787/5/5 1784/5/5 1790/1590/5
f 1784/5/5 1787/5/5 1783/1591/5
f 1785/2/6 1789/3/6 1786/11/6
f 1789/3/6 1785/2/6 1788/1/6
f 1793/3/1 1792/2/1 1791/1/1
f 1792/3/1 1793/2/1 1794/1/1
f 1795/3/2 1793/2/2 1791/1/2
f 1793/3/2 1795/2/2 1796/1/2
f 1797/5/3 1792/5/3 1794/1592/3
f 1792/5/3 1797/5/3 1798/1593/3
f 1797/5/4 1795/5/4 1798/1594/4
f 1795/5/4 1797/5/4 1796/1595/4
f 1795/5/5 1792/5/5 1798/1596/5
f 1792/5/5 1795/5/5 1791/1597/5
f 1793/2/6 1797/3/6 1794/11/6
f 1797/3/6 1793/2/6 1796/1/6
f 1800/3/1 1750/2/1 1799/1/1
f 1750/3/1 1800/2/1 1749/1/1
f 947/3/2 1800/2/2 1799/1/2
f 1800/3/2 947/2/2 949/1/2
f 950/760/3 1750/1557/3 1749/5/3
f 1750/1557/3 950/760/3 948/5/3
f 950/5/4 947/5/4 948/1598/4
f 947/5/4 950/5/4 949/1599/4
f 947/765/5 1750/1560/5 948/5/5
f 1750/1560/5 947/765/5 1799/1600/5
f 1800/2/6 950/3/6 1749/11/6
f 950/3/6 1800/2/6 949/1/6
f 952/3/1 954/2/1 951/1/1
f 954/3/1 952/2/1 953/1/1
f 1801/3/2 952/2/2 951/1/2
f 952/3/2 1801/2/2 1802/1/2
f 1754/1562/3 954/761/3 953/5/3
f 954/761/3 1754/1562/3 1752/5/3
f 1754/5/4 1801/5/4 1752/1601/4
f 1801/5/4 1754/5/4 1802/1602/4
f 1801/5/5 954/764/5 1752/5/5
f 954/764/5 1801/5/5 951/5/5
f 952/2/6 1754/3/6 953/11/6
f 1754/3/6 952/2/6 1802/1/6
f 945/3/1 1803/2/1 946/1/1
f 1803/3/1 945/2/1 1804/1/1
f 1805/3/2 945/2/2 946/1/2
f 945/3/2 1805/2/2 1806/1/2
f 1807/5/3 1803/5/3 1804/1603/3
f 1803/5/3 1807/5/3 1808/1604/3
f 1807/5/4 1805/5/4 1808/1605/4
f 1805/5/4 1807/5/4 1806/1606/4
f 1805/5/5 1803/5/5 1808/1607/5
f 1803/5/5 1805/5/5 946/758/5
f 945/2/6 1807/3/6 1804/11/6
f 1807/3/6 945/2/6 1806/1/6

usemtl color13

f 168/3/1 170/2/1 167/1/1
f 170/3/1 168/2/1 169/1/1
f 1809/3/2 168/2/2 167/1/2
f 168/3/2 1809/2/2 1810/1/2
f 1811/5/3 170/133/3 169/5/3
f 170/133/3 1811/5/3 1812/1608/3
f 1811/5/4 1809/5/4 1812/1609/4
f 1809/5/4 1811/5/4 1810/1610/4
f 1809/5/5 170/136/5 1812/1611/5
f 170/136/5 1809/5/5 167/5/5
f 168/2/6 1811/3/6 169/11/6
f 1811/3/6 168/2/6 1810/1/6
f 184/3/1 186/2/1 183/1/1
f 186/3/1 184/2/1 185/1/1
f 1813/3/2 184/2/2 183/1/2
f 184/3/2 1813/2/2 1814/1/2
f 1815/5/3 186/145/3 185/5/3
f 186/145/3 1815/5/3 1816/1612/3
f 1815/5/4 1813/5/4 1816/1613/4
f 1813/5/4 1815/5/4 1814/1614/4
f 1813/5/5 186/148/5 1816/1615/5
f 186/148/5 1813/5/5 183/5/5
f 184/2/6 1815/3/6 185/11/6
f 1815/3/6 184/2/6 1814/1/6
f 1819/3/1 1818/2/1 1817/1/1
f 1818/3/1 1819/2/1 1820/1/1
f 339/3/2 1819/2/2 1817/1/2
f 1819/3/2 339/2/2 341/1/2
f 342/271/3 1818/5/3 1820/1616/3
f 1818/5/3 342/271/3 340/5/3
f 342/5/4 339/5/4 340/1617/4
f 339/5/4 342/5/4 341/1618/4
f 339/276/5 1818/5/5 340/5/5
f 1818/5/5 339/276/5 1817/1619/5
f 1819/2/6 342/3/6 1820/11/6
f 342/3/6 1819/2/6 341/1/6
f 344/3/1 346/2/1 343/1/1
f 346/3/1 344/2/1 345/1/1
f 1821/3/2 344/2/2 343/1/2
f 344/3/2 1821/2/2 1822/1/2
f 1506/5/3 346/272/3 345/5/3
f 346/272/3 1506/5/3 1505/1620/3
f 1506/1301/4 1821/5/4 1505/5/4
f 1821/5/4 1506/1301/4 1822/1621/4
f 1821/5/5 346/275/5 1505/5/5
f 346/275/5 1821/5/5 343/5/5
f 344/2/6 1506/3/6 345/11/6
f 1506/3/6 344/2/6 1822/1/6
f 1824/3/1 1411/2/1 1823/1/1
f 1411/3/1 1824/2/1 1413/1/1
f 1818/3/2 1824/2/2 1823/1/2
f 1824/3/2 1818/2/2 1820/1/2
f 355/5/3 1411/5/3 1413/1622/3
f 1411/5/3 355/5/3 353/1623/3
f 355/1201/4 1818/5/4 353/5/4
f 1818/5/4 355/1201/4 1820/1624/4
f 1818/5/5 1411/1202/5 353/287/5
f 1411/1202/5 1818/5/5 1823/1625/5
f 1824/2/6 355/3/6 1413/11/6
f 355/3/6 1824/2/6 1820/1/6
f 1506/3/1 361/2/1 1505/1/1
f 361/3/1 1506/2/1 363/1/1
f 1825/3/2 1506/2/2 1505/1/2
f 1506/3/2 1825/2/2 1826/1/2
f 366/5/3 361/1299/3 363/5/3
f 361/1299/3 366/5/3 365/1626/3
f 366/291/4 1825/5/4 365/5/4
f 1825/5/4 366/291/4 1826/1627/4
f 1825/5/5 361/293/5 365/5/5
f 361/293/5 1825/5/5 1505/5/5
f 1506/2/6 366/3/6 363/11/6
f 366/3/6 1506/2/6 1826/1/6
f 192/3/1 194/2/1 191/1/1
f 194/3/1 192/2/1 193/1/1
f 1180/3/2 192/2/2 191/1/2
f 192/3/2 1180/2/2 1179/1/2
f 1190/5/3 194/151/3 193/5/3
f 194/151/3 1190/5/3 1189/1628/3
f 1190/985/4 1180/967/4 1189/5/4
f 1180/967/4 1190/985/4 1179/5/4
f 1180/969/5 194/154/5 1189/5/5
f 194/154/5 1180/969/5 191/5/5
f 192/2/6 1190/3/6 193/11/6
f 1190/3/6 192/2/6 1179/1/6
f 1829/3/1 1828/2/1 1827/1/1
f 1828/3/1 1829/2/1 1830/1/1
f 1831/3/2 1829/2/2 1827/1/2
f 1829/3/2 1831/2/2 1832/1/2
f 1833/5/3 1828/5/3 1830/1629/3
f 1828/5/3 1833/5/3 1834/1630/3
f 1833/5/4 1831/5/4 1834/1631/4
f 1831/5/4 1833/5/4 1832/1632/4
f 1831/5/5 1828/5/5 1834/1633/5
f 1828/5/5 1831/5/5 1827/1634/5
f 1829/2/6 1833/3/6 1830/11/6
f 1833/3/6 1829/2/6 1832/1/6
f 1837/3/1 1836/2/1 1835/1/1
f 1836/3/1 1837/2/1 1838/1/1
f 1839/3/2 1837/2/2 1835/1/2
f 1837/3/2 1839/2/2 1840/1/2
f 1841/5/3 1836/5/3 1838/1635/3
f 1836/5/3 1841/5/3 1842/1636/3
f 1841/5/4 1839/5/4 1842/1637/4
f 1839/5/4 1841/5/4 1840/1638/4
f 1839/5/5 1836/5/5 1842/1639/5
f 1836/5/5 1839/5/5 1835/1640/5
f 1837/2/6 1841/3/6 1838/11/6
f 1841/3/6 1837/2/6 1840/1/6
f 1845/3/1 1844/2/1 1843/1/1
f 1844/3/1 1845/2/1 1846/1/1
f 1847/3/2 1845/2/2 1843/1/2
f 1845/3/2 1847/2/2 1848/1/2
f 1849/5/3 1844/5/3 1846/1641/3
f 1844/5/3 1849/5/3 1850/1642/3
f 1849/5/4 1847/5/4 1850/1643/4
f 1847/5/4 1849/5/4 1848/1644/4
f 1847/5/5 1844/5/5 1850/1645/5
f 1844/5/5 1847/5/5 1843/1646/5
f 1845/2/6 1849/3/6 1846/11/6
f 1849/3/6 1845/2/6 1848/1/6
f 1853/3/1 1852/2/1 1851/1/1
f 1852/3/1 1853/2/1 1854/1/1
f 1855/3/2 1853/2/2 1851/1/2
f 1853/3/2 1855/2/2 1856/1/2
f 1857/5/3 1852/5/3 1854/1647/3
f 1852/5/3 1857/5/3 1858/1648/3
f 1857/5/4 1855/5/4 1858/1649/4
f 1855/5/4 1857/5/4 1856/1650/4
f 1855/5/5 1852/5/5 1858/1651/5
f 1852/5/5 1855/5/5 1851/1652/5
f 1853/2/6 1857/3/6 1854/11/6
f 1857/3/6 1853/2/6 1856/1/6
f 1861/3/1 1860/2/1 1859/1/1
f 1860/3/1 1861/2/1 1862/1/1
f 1863/3/2 1861/2/2 1859/1/2
f 1861/3/2 1863/2/2 1864/1/2
f 1865/5/3 1860/5/3 1862/1653/3
f 1860/5/3 1865/5/3 1866/1654/3
f 1865/5/4 1863/5/4 1866/1655/4
f 1863/5/4 1865/5/4 1864/1656/4
f 1863/5/5 1860/5/5 1866/1657/5
f 1860/5/5 1863/5/5 1859/1658/5
f 1861/2/6 1865/3/6 1862/11/6
f 1865/3/6 1861/2/6 1864/1/6
f 1414/3/1 855/2/1 1412/1/1
f 855/3/1 1414/2/1 856/1/1
f 354/3/2 1414/2/2 1412/1/2
f 1414/3/2 354/2/2 356/1/2
f 1194/987/3 855/5/3 856/1659/3
f 855/5/3 1194/987/3 1193/5/3
f 1194/5/4 354/1200/4 1193/1660/4
f 354/1200/4 1194/5/4 356/5/4
f 354/5/5 855/5/5 1193/5/5
f 855/5/5 354/5/5 1412/5/5
f 1414/2/6 1194/3/6 856/11/6
f 1194/3/6 1414/2/6 356/1/6
f 364/3/1 1867/2/1 362/1/1
f 1867/3/1 364/2/1 1868/1/1
f 368/3/2 364/2/2 362/1/2
f 364/3/2 368/2/2 367/1/2
f 1869/5/3 1867/5/3 1868/1661/3
f 1867/5/3 1869/5/3 1870/1662/3
f 1869/5/4 368/290/4 1870/1663/4
f 368/290/4 1869/5/4 367/5/4
f 368/292/5 1867/5/5 1870/1664/5
f 1867/5/5 368/292/5 362/5/5
f 364/2/6 1869/3/6 1868/11/6
f 1869/3/6 364/2/6 367/1/6
f 200/3/1 202/2/1 199/1/1
f 202/3/1 200/2/1 201/1/1
f 1871/3/2 200/2/2 199/1/2
f 200/3/2 1871/2/2 1872/1/2
f 1873/5/3 202/157/3 201/5/3
f 202/157/3 1873/5/3 1874/1665/3
f 1873/5/4 1871/5/4 1874/1666/4
f 1871/5/4 1873/5/4 1872/1667/4
f 1871/5/5 202/160/5 1874/1668/5
f 202/160/5 1871/5/5 199/5/5
f 200/2/6 1873/3/6 201/11/6
f 1873/3/6 200/2/6 1872/1/6
f 1194/3/1 889/2/1 1193/1/1
f 889/3/1 1194/2/1 890/1/1
f 377/3/2 1194/2/2 1193/1/2
f 1194/3/2 377/2/2 378/1/2
f 1428/1216/3 889/5/3 890/1669/3
f 889/5/3 1428/1216/3 1427/5/3
f 1428/5/4 377/988/4 1427/1670/4
f 377/988/4 1428/5/4 378/5/4
f 377/5/5 889/5/5 1427/5/5
f 889/5/5 377/5/5 1193/5/5
f 1194/2/6 1428/3/6 890/11/6
f 1428/3/6 1194/2/6 378/1/6
f 381/3/1 1430/2/1 382/1/1
f 1430/3/1 381/2/1 1429/1/1
f 1867/3/2 381/2/2 382/1/2
f 381/3/2 1867/2/2 1868/1/2
f 1875/5/3 1430/1217/3 1429/5/3
f 1430/1217/3 1875/5/3 1876/1671/3
f 1875/5/4 1867/5/4 1876/1672/4
f 1867/5/4 1875/5/4 1868/1673/4
f 1867/5/5 1430/1219/5 1876/1674/5
f 1430/1219/5 1867/5/5 382/304/5
f 381/2/6 1875/3/6 1429/11/6
f 1875/3/6 381/2/6 1868/1/6
f 208/3/1 210/2/1 207/1/1
f 210/3/1 208/2/1 209/1/1
f 1877/3/2 208/2/2 207/1/2
f 208/3/2 1877/2/2 1878/1/2
f 1879/5/3 210/163/3 209/5/3
f 210/163/3 1879/5/3 1880/1675/3
f 1879/5/4 1877/5/4 1880/1676/4
f 1877/5/4 1879/5/4 1878/1677/4
f 1877/5/5 210/166/5 1880/1678/5
f 210/166/5 1877/5/5 207/5/5
f 208/2/6 1879/3/6 209/11/6
f 1879/3/6 208/2/6 1878/1/6

usemtl color9

f 1810/3/1 1812/2/1 1809/1/1
f 1812/3/1 1810/2/1 1811/1/1
f 602/3/2 1810/2/2 1809/1/2
f 1810/3/2 602/2/2 604/1/2
f 1881/5/3 1812/1608/3 1811/5/3
f 1812/1608/3 1881/5/3 1882/1679/3
f 1881/5/4 602/5/4 1882/1680/4
f 602/5/4 1881/5/4 604/1681/4
f 602/5/5 1812/1611/5 1882/1682/5
f 1812/1611/5 602/5/5 1809/5/5
f 1810/2/6 1881/3/6 1811/11/6
f 1881/3/6 1810/2/6 604/1/6
f 1814/3/1 1816/2/1 1813/1/1
f 1816/3/1 1814/2/1 1815/1/1
f 1883/3/2 1814/2/2 1813/1/2
f 1814/3/2 1883/2/2 1884/1/2
f 1885/5/3 1816/1612/3 1815/5/3
f 1816/1612/3 1885/5/3 1886/1683/3
f 1885/5/4 1883/5/4 1886/1684/4
f 1883/5/4 1885/5/4 1884/1685/4
f 1883/5/5 1816/1615/5 1886/1686/5
f 1816/1615/5 1883/5/5 1813/5/5
f 1814/2/6 1885/3/6 1815/11/6
f 1885/3/6 1814/2/6 1884/1/6
f 1262/3/1 1264/2/1 1261/1/1
f 1264/3/1 1262/2/1 1263/1/1
f 1501/3/2 1262/2/2 1261/1/2
f 1262/3/2 1501/2/2 1502/1/2
f 1508/5/3 1264/1052/3 1263/5/3
f 1264/1052/3 1508/5/3 1507/1687/3
f 1508/1303/4 1501/5/4 1507/5/4
f 1501/5/4 1508/1303/4 1502/1688/4
f 1501/1297/5 1264/1055/5 1507/5/5
f 1264/1055/5 1501/1297/5 1261/5/5
f 1262/2/6 1508/3/6 1263/11/6
f 1508/3/6 1262/2/6 1502/1/6
f 1889/3/1 1888/2/1 1887/1/1
f 1888/3/1 1889/2/1 1890/1/1
f 1258/3/2 1889/2/2 1887/1/2
f 1889/3/2 1258/2/2 1260/1/2
f 1891/5/3 1888/5/3 1890/1689/3
f 1888/5/3 1891/5/3 1892/1690/3
f 1891/5/4 1258/5/4 1892/1691/4
f 1258/5/4 1891/5/4 1260/1692/4
f 1258/5/5 1888/5/5 1892/1693/5
f 1888/5/5 1258/5/5 1887/1694/5
f 1889/2/6 1891/3/6 1890/11/6
f 1891/3/6 1889/2/6 1260/1/6
f 1179/3/1 1189/2/1 1180/1/1
f 1189/3/1 1179/2/1 1190/1/1
f 1893/3/2 1179/2/2 1180/1/2
f 1179/3/2 1893/2/2 1894/1/2
f 1895/5/3 1189/1628/3 1190/5/3
f 1189/1628/3 1895/5/3 1896/1695/3
f 1895/5/4 1893/5/4 1896/1696/4
f 1893/5/4 1895/5/4 1894/1697/4
f 1893/5/5 1189/5/5 1896/1698/5
f 1189/5/5 1893/5/5 1180/969/5
f 1179/2/6 1895/3/6 1190/11/6
f 1895/3/6 1179/2/6 1894/1/6
f 1514/3/1 401/2/1 1513/1/1
f 401/3/1 1514/2/1 402/1/1
f 1515/3/2 1514/2/2 1513/1/2
f 1514/3/2 1515/2/2 1516/1/2
f 1080/1311/3 401/1308/3 402/5/3
f 401/1308/3 1080/1311/3 1079/5/3
f 1080/1326/4 1515/5/4 1079/5/4
f 1515/5/4 1080/1326/4 1516/1699/4
f 1515/1313/5 401/5/5 1079/876/5
f 401/5/5 1515/1313/5 1513/5/5
f 1514/2/6 1080/3/6 402/11/6
f 1080/3/6 1514/2/6 1516/1/6
f 1872/3/1 1874/2/1 1871/1/1
f 1874/3/1 1872/2/1 1873/1/1
f 1897/3/2 1872/2/2 1871/1/2
f 1872/3/2 1897/2/2 1898/1/2
f 1899/5/3 1874/1665/3 1873/5/3
f 1874/1665/3 1899/5/3 1900/1700/3
f 1899/5/4 1897/5/4 1900/1701/4
f 1897/5/4 1899/5/4 1898/1702/4
f 1897/5/5 1874/1668/5 1900/1703/5
f 1874/1668/5 1897/5/5 1871/5/5
f 1872/2/6 1899/3/6 1873/11/6
f 1899/3/6 1872/2/6 1898/1/6
f 1544/3/1 417/2/1 1543/1/1
f 417/3/1 1544/2/1 418/1/1
f 1901/3/2 1544/2/2 1543/1/2
f 1544/3/2 1901/2/2 1902/1/2
f 1548/5/3 417/1339/3 418/5/3
f 417/1339/3 1548/5/3 1547/1704/3
f 1548/1343/4 1901/5/4 1547/5/4
f 1901/5/4 1548/1343/4 1902/1705/4
f 1901/5/5 417/5/5 1547/5/5
f 417/5/5 1901/5/5 1543/5/5
f 1544/2/6 1548/3/6 418/11/6
f 1548/3/6 1544/2/6 1902/1/6
f 1878/3/1 1880/2/1 1877/1/1
f 1880/3/1 1878/2/1 1879/1/1
f 1903/3/2 1878/2/2 1877/1/2
f 1878/3/2 1903/2/2 1904/1/2
f 1905/5/3 1880/1675/3 1879/5/3
f 1880/1675/3 1905/5/3 1906/1706/3
f 1905/5/4 1903/5/4 1906/1707/4
f 1903/5/4 1905/5/4 1904/1708/4
f 1903/5/5 1880/1678/5 1906/1709/5
f 1880/1678/5 1903/5/5 1877/5/5
f 1878/2/6 1905/3/6 1879/11/6
f 1905/3/6 1878/2/6 1904/1/6
f 1548/3/1 452/2/1 1547/1/1
f 452/3/1 1548/2/1 451/1/1
f 1907/3/2 1548/2/2 1547/1/2
f 1548/3/2 1907/2/2 1908/1/2
f 1909/5/3 452/354/3 451/5/3
f 452/354/3 1909/5/3 1910/1710/3
f 1909/5/4 1907/5/4 1910/1711/4
f 1907/5/4 1909/5/4 1908/1712/4
f 1907/5/5 452/357/5 1910/1713/5
f 452/357/5 1907/5/5 1547/5/5
f 1548/2/6 1909/3/6 451/11/6
f 1909/3/6 1548/2/6 1908/1/6

usemtl color10

f 1913/3/1 1912/2/1 1911/1/1
f 1912/3/1 1913/2/1 1914/1/1
f 1915/3/2 1913/2/2 1911/1/2
f 1913/3/2 1915/2/2 1916/1/2
f 1917/5/3 1912/5/3 1914/1714/3
f 1912/5/3 1917/5/3 1918/1715/3
f 1917/5/4 1915/5/4 1918/1716/4
f 1915/5/4 1917/5/4 1916/1717/4
f 1915/5/5 1912/5/5 1918/1718/5
f 1912/5/5 1915/5/5 1911/1719/5
f 1913/2/6 1917/3/6 1914/11/6
f 1917/3/6 1913/2/6 1916/1/6
f 1350/3/1 1352/2/1 1349/1/1
f 1352/3/1 1350/2/1 1351/1/1
f 1155/3/2 1350/2/2 1349/1/2
f 1350/3/2 1155/2/2 1157/1/2
f 1158/947/3 1352/1130/3 1351/5/3
f 1352/1130/3 1158/947/3 1156/5/3
f 1158/5/4 1155/5/4 1156/1720/4
f 1155/5/4 1158/5/4 1157/1721/4
f 1155/952/5 1352/1133/5 1156/5/5
f 1352/1133/5 1155/952/5 1349/5/5
f 1350/2/6 1158/3/6 1351/11/6
f 1158/3/6 1350/2/6 1157/1/6
f 1160/3/1 1162/2/1 1159/1/1
f 1162/3/1 1160/2/1 1161/1/1
f 1912/3/2 1160/2/2 1159/1/2
f 1160/3/2 1912/2/2 1914/1/2
f 1919/5/3 1162/948/3 1161/5/3
f 1162/948/3 1919/5/3 1920/1722/3
f 1919/5/4 1912/5/4 1920/1723/4
f 1912/5/4 1919/5/4 1914/1724/4
f 1912/5/5 1162/951/5 1920/1725/5
f 1162/951/5 1912/5/5 1159/5/5
f 1160/2/6 1919/3/6 1161/11/6
f 1919/3/6 1160/2/6 1914/1/6
f 1923/3/1 1922/2/1 1921/1/1
f 1922/3/1 1923/2/1 1924/1/1
f 1925/3/2 1923/2/2 1921/1/2
f 1923/3/2 1925/2/2 1926/1/2
f 1646/1453/3 1922/5/3 1924/1726/3
f 1922/5/3 1646/1453/3 1644/5/3
f 1646/5/4 1925/5/4 1644/1727/4
f 1925/5/4 1646/5/4 1926/1728/4
f 1925/5/5 1922/5/5 1644/5/5
f 1922/5/5 1925/5/5 1921/1729/5
f 1923/2/6 1646/3/6 1924/11/6
f 1646/3/6 1923/2/6 1926/1/6
f 1398/3/1 187/2/1 1397/1/1
f 187/3/1 1398/2/1 189/1/1
f 1175/3/2 1398/2/2 1397/1/2
f 1398/3/2 1175/2/2 1176/1/2
f 192/965/3 187/1179/3 189/5/3
f 187/1179/3 192/965/3 191/5/3
f 192/153/4 1175/5/4 191/5/4
f 1175/5/4 192/153/4 1176/1730/4
f 1175/970/5 187/155/5 191/5/5
f 187/155/5 1175/970/5 1397/5/5
f 1398/2/6 192/3/6 189/11/6
f 192/3/6 1398/2/6 1176/1/6
f 1178/3/1 1180/2/1 1177/1/1
f 1180/3/1 1178/2/1 1179/1/1
f 1927/3/2 1178/2/2 1177/1/2
f 1178/3/2 1927/2/2 1928/1/2
f 1894/5/3 1180/966/3 1179/5/3
f 1180/966/3 1894/5/3 1893/1731/3
f 1894/1697/4 1927/5/4 1893/5/4
f 1927/5/4 1894/1697/4 1928/1732/4
f 1927/5/5 1180/969/5 1893/5/5
f 1180/969/5 1927/5/5 1177/5/5
f 1178/2/6 1894/3/6 1179/11/6
f 1894/3/6 1178/2/6 1928/1/6
f 1064/3/1 1066/2/1 1063/1/1
f 1066/3/1 1064/2/1 1065/1/1
f 1929/3/2 1064/2/2 1063/1/2
f 1064/3/2 1929/2/2 1930/1/2
f 1931/5/3 1066/857/3 1065/5/3
f 1066/857/3 1931/5/3 1932/1733/3
f 1931/5/4 1929/5/4 1932/1734/4
f 1929/5/4 1931/5/4 1930/1735/4
f 1929/5/5 1066/860/5 1932/1736/5
f 1066/860/5 1929/5/5 1063/5/5
f 1064/2/6 1931/3/6 1065/11/6
f 1931/3/6 1064/2/6 1930/1/6
f 1935/3/1 1934/2/1 1933/1/1
f 1934/3/1 1935/2/1 1936/1/1
f 1937/3/2 1935/2/2 1933/1/2
f 1935/3/2 1937/2/2 1938/1/2
f 1939/5/3 1934/5/3 1936/1737/3
f 1934/5/3 1939/5/3 1940/1738/3
f 1939/5/4 1937/5/4 1940/1739/4
f 1937/5/4 1939/5/4 1938/1740/4
f 1937/5/5 1934/5/5 1940/1741/5
f 1934/5/5 1937/5/5 1933/1742/5
f 1935/2/6 1939/3/6 1936/11/6
f 1939/3/6 1935/2/6 1938/1/6
f 1943/3/1 1942/2/1 1941/1/1
f 1942/3/1 1943/2/1 1944/1/1
f 1945/3/2 1943/2/2 1941/1/2
f 1943/3/2 1945/2/2 1946/1/2
f 1947/5/3 1942/5/3 1944/1743/3
f 1942/5/3 1947/5/3 1948/1744/3
f 1947/5/4 1945/5/4 1948/1745/4
f 1945/5/4 1947/5/4 1946/1746/4
f 1945/5/5 1942/5/5 1948/1747/5
f 1942/5/5 1945/5/5 1941/1748/5
f 1943/2/6 1947/3/6 1944/11/6
f 1947/3/6 1943/2/6 1946/1/6
f 1951/3/1 1950/2/1 1949/1/1
f 1950/3/1 1951/2/1 1952/1/1
f 1953/3/2 1951/2/2 1949/1/2
f 1951/3/2 1953/2/2 1954/1/2
f 1955/5/3 1950/5/3 1952/1749/3
f 1950/5/3 1955/5/3 1956/1750/3
f 1955/5/4 1953/5/4 1956/1751/4
f 1953/5/4 1955/5/4 1954/1752/4
f 1953/5/5 1950/5/5 1956/1753/5
f 1950/5/5 1953/5/5 1949/1754/5
f 1951/2/6 1955/3/6 1952/11/6
f 1955/3/6 1951/2/6 1954/1/6
f 1959/3/1 1958/2/1 1957/1/1
f 1958/3/1 1959/2/1 1960/1/1
f 1961/3/2 1959/2/2 1957/1/2
f 1959/3/2 1961/2/2 1962/1/2
f 1963/5/3 1958/5/3 1960/1755/3
f 1958/5/3 1963/5/3 1964/1756/3
f 1963/5/4 1961/5/4 1964/1757/4
f 1961/5/4 1963/5/4 1962/1758/4
f 1961/5/5 1958/5/5 1964/1759/5
f 1958/5/5 1961/5/5 1957/1760/5
f 1959/2/6 1963/3/6 1960/11/6
f 1963/3/6 1959/2/6 1962/1/6
f 1967/3/1 1966/2/1 1965/1/1
f 1966/3/1 1967/2/1 1968/1/1
f 1969/3/2 1967/2/2 1965/1/2
f 1967/3/2 1969/2/2 1970/1/2
f 1971/5/3 1966/5/3 1968/1761/3
f 1966/5/3 1971/5/3 1972/1762/3
f 1971/5/4 1969/5/4 1972/1763/4
f 1969/5/4 1971/5/4 1970/1764/4
f 1969/5/5 1966/5/5 1972/1765/5
f 1966/5/5 1969/5/5 1965/1766/5
f 1967/2/6 1971/3/6 1968/11/6
f 1971/3/6 1967/2/6 1970/1/6
f 190/3/1 736/2/1 188/1/1
f 736/3/1 190/2/1 735/1/1
f 194/3/2 190/2/2 188/1/2
f 190/3/2 194/2/2 193/1/2
f 1188/982/3 736/590/3 735/5/3
f 736/590/3 1188/982/3 1187/5/3
f 1188/5/4 194/152/4 1187/1767/4
f 194/152/4 1188/5/4 193/5/4
f 194/154/5 736/593/5 1187/5/5
f 736/593/5 194/154/5 188/5/5
f 190/2/6 1188/3/6 735/11/6
f 1188/3/6 190/2/6 193/1/6
f 1190/3/1 1192/2/1 1189/1/1
f 1192/3/1 1190/2/1 1191/1/1
f 1896/3/2 1190/2/2 1189/1/2
f 1190/3/2 1896/2/2 1895/1/2
f 1973/5/3 1192/983/3 1191/5/3
f 1192/983/3 1973/5/3 1974/1768/3
f 1973/5/4 1896/1696/4 1974/1769/4
f 1896/1696/4 1973/5/4 1895/5/4
f 1896/1698/5 1192/986/5 1974/1770/5
f 1192/986/5 1896/1698/5 1189/5/5
f 1190/2/6 1973/3/6 1191/11/6
f 1973/3/6 1190/2/6 1895/1/6
f 1977/3/1 1976/2/1 1975/1/1
f 1976/3/1 1977/2/1 1978/1/1
f 1683/3/2 1977/2/2 1975/1/2
f 1977/3/2 1683/2/2 1685/1/2
f 1686/1499/3 1976/5/3 1978/1771/3
f 1976/5/3 1686/1499/3 1684/5/3
f 1686/5/4 1683/5/4 1684/1772/4
f 1683/5/4 1686/5/4 1685/1773/4
f 1683/1504/5 1976/5/5 1684/5/5
f 1976/5/5 1683/1504/5 1975/1774/5
f 1977/2/6 1686/3/6 1978/11/6
f 1686/3/6 1977/2/6 1685/1/6
f 1688/3/1 1690/2/1 1687/1/1
f 1690/3/1 1688/2/1 1689/1/1
f 1979/3/2 1688/2/2 1687/1/2
f 1688/3/2 1979/2/2 1980/1/2
f 1981/5/3 1690/1500/3 1689/5/3
f 1690/1500/3 1981/5/3 1982/1775/3
f 1981/5/4 1979/5/4 1982/1776/4
f 1979/5/4 1981/5/4 1980/1777/4
f 1979/5/5 1690/1503/5 1982/1778/5
f 1690/1503/5 1979/5/5 1687/5/5
f 1688/2/6 1981/3/6 1689/11/6
f 1981/3/6 1688/2/6 1980/1/6
f 1740/3/1 1742/2/1 1739/1/1
f 1742/3/1 1740/2/1 1741/1/1
f 1983/3/2 1740/2/2 1739/1/2
f 1740/3/2 1983/2/2 1984/1/2
f 1985/5/3 1742/1551/3 1741/5/3
f 1742/1551/3 1985/5/3 1986/1779/3
f 1985/5/4 1983/5/4 1986/1780/4
f 1983/5/4 1985/5/4 1984/1781/4
f 1983/5/5 1742/1554/5 1986/1782/5
f 1742/1554/5 1983/5/5 1739/5/5
f 1740/2/6 1985/3/6 1741/11/6
f 1985/3/6 1740/2/6 1984/1/6

usemtl color22

f 1989/3/1 1988/2/1 1987/1/1
f 1988/3/1 1989/2/1 1990/1/1
f 1991/3/2 1989/2/2 1987/1/2
f 1989/3/2 1991/2/2 1992/1/2
f 1993/5/3 1988/5/3 1990/1783/3
f 1988/5/3 1993/5/3 1994/1784/3
f 1993/5/4 1991/5/4 1994/1785/4
f 1991/5/4 1993/5/4 1992/1786/4
f 1991/5/5 1988/5/5 1994/1787/5
f 1988/5/5 1991/5/5 1987/1788/5
f 1989/2/6 1993/3/6 1990/11/6
f 1993/3/6 1989/2/6 1992/1/6
f 1997/3/1 1996/2/1 1995/1/1
f 1996/3/1 1997/2/1 1998/1/1
f 1999/3/2 1997/2/2 1995/1/2
f 1997/3/2 1999/2/2 2000/1/2
f 2001/5/3 1996/5/3 1998/1789/3
f 1996/5/3 2001/5/3 2002/1790/3
f 2001/5/4 1999/5/4 2002/1791/4
f 1999/5/4 2001/5/4 2000/1792/4
f 1999/5/5 1996/5/5 2002/1793/5
f 1996/5/5 1999/5/5 1995/1794/5
f 1997/2/6 2001/3/6 1998/11/6
f 2001/3/6 1997/2/6 2000/1/6
f 1993/3/1 2003/2/1 1994/1/1
f 2003/3/1 1993/2/1 2004/1/1
f 1996/3/2 1993/2/2 1994/1/2
f 1993/3/2 1996/2/2 1998/1/2
f 2005/5/3 2003/5/3 2004/1795/3
f 2003/5/3 2005/5/3 2006/1796/3
f 2005/5/4 1996/5/4 2006/1797/4
f 1996/5/4 2005/5/4 1998/1798/4
f 1996/5/5 2003/5/5 2006/1799/5
f 2003/5/5 1996/5/5 1994/1787/5
f 1993/2/6 2005/3/6 2004/11/6
f 2005/3/6 1993/2/6 1998/1/6
f 2009/3/1 2008/2/1 2007/1/1
f 2008/3/1 2009/2/1 2010/1/1
f 2011/3/2 2009/2/2 2007/1/2
f 2009/3/2 2011/2/2 2012/1/2
f 2013/5/3 2008/5/3 2010/1800/3
f 2008/5/3 2013/5/3 2014/1801/3
f 2013/5/4 2011/5/4 2014/1802/4
f 2011/5/4 2013/5/4 2012/1803/4
f 2011/5/5 2008/5/5 2014/1804/5
f 2008/5/5 2011/5/5 2007/1805/5
f 2009/2/6 2013/3/6 2010/11/6
f 2013/3/6 2009/2/6 2012/1/6
f 2017/3/1 2016/2/1 2015/1/1
f 2016/3/1 2017/2/1 2018/1/1
f 2019/3/2 2017/2/2 2015/1/2
f 2017/3/2 2019/2/2 2020/1/2
f 2021/5/3 2016/5/3 2018/1806/3
f 2016/5/3 2021/5/3 2022/1807/3
f 2021/5/4 2019/5/4 2022/1808/4
f 2019/5/4 2021/5/4 2020/1809/4
f 2019/5/5 2016/5/5 2022/1810/5
f 2016/5/5 2019/5/5 2015/1811/5
f 2017/2/6 2021/3/6 2018/11/6
f 2021/3/6 2017/2/6 2020/1/6

usemtl color28

f 2024/3/1 1367/2/1 2023/1/1
f 1367/3/1 2024/2/1 1368/1/1
f 2025/3/2 2024/2/2 2023/1/2
f 2024/3/2 2025/2/2 2026/1/2
f 2027/5/3 1367/5/3 1368/1812/3
f 1367/5/3 2027/5/3 2028/1813/3
f 2027/5/4 2025/5/4 2028/1814/4
f 2025/5/4 2027/5/4 2026/1815/4
f 2025/5/5 1367/5/5 2028/1816/5
f 1367/5/5 2025/5/5 2023/1817/5
f 2024/2/6 2027/3/6 1368/11/6
f 2027/3/6 2024/2/6 2026/1/6

usemtl color3

f 1331/3/1 663/2/1 1332/1/1
f 663/3/1 1331/2/1 664/1/1
f 1319/3/2 1331/2/2 1332/1/2
f 1331/3/2 1319/2/2 1320/1/2
f 1380/5/3 663/1144/3 664/5/3
f 663/1144/3 1380/5/3 1379/1818/3
f 1380/1165/4 1319/5/4 1379/5/4
f 1319/5/4 1380/1165/4 1320/1819/4
f 1319/5/5 663/5/5 1379/5/5
f 663/5/5 1319/5/5 1332/1118/5
f 1331/2/6 1380/3/6 664/11/6
f 1380/3/6 1331/2/6 1320/1/6
f 1321/3/1 1381/2/1 1322/1/1
f 1381/3/1 1321/2/1 1383/1/1
f 2029/3/2 1321/2/2 1322/1/2
f 1321/3/2 2029/2/2 2030/1/2
f 1336/1119/3 1381/5/3 1383/1820/3
f 1381/5/3 1336/1119/3 1334/5/3
f 1336/1169/4 2029/5/4 1334/5/4
f 2029/5/4 1336/1169/4 2030/1821/4
f 2029/5/5 1381/1171/5 1334/5/5
f 1381/1171/5 2029/5/5 1322/1109/5
f 1321/2/6 1336/3/6 1383/11/6
f 1336/3/6 1321/2/6 2030/1/6
f 1380/3/1 713/2/1 1379/1/1
f 713/3/1 1380/2/1 714/1/1
f 1381/3/2 1380/2/2 1379/1/2
f 1380/3/2 1381/2/2 1383/1/2
f 1384/1166/3 713/1164/3 714/5/3
f 713/1164/3 1384/1166/3 1382/5/3
f 1384/1188/4 1381/5/4 1382/5/4
f 1381/5/4 1384/1188/4 1383/1822/4
f 1381/1171/5 713/5/5 1382/5/5
f 713/5/5 1381/1171/5 1379/5/5
f 1380/2/6 1384/3/6 714/11/6
f 1384/3/6 1380/2/6 1383/1/6
f 1618/3/1 2031/2/1 1616/1/1
f 2031/3/1 1618/2/1 2032/1/1
f 1622/3/2 1618/2/2 1616/1/2
f 1618/3/2 1622/2/2 1621/1/2
f 2033/5/3 2031/5/3 2032/1823/3
f 2031/5/3 2033/5/3 2034/1824/3
f 2033/5/4 1622/1429/4 2034/1825/4
f 1622/1429/4 2033/5/4 1621/5/4
f 1622/1431/5 2031/5/5 2034/1826/5
f 2031/5/5 1622/1431/5 1616/5/5
f 1618/2/6 2033/3/6 2032/11/6
f 2033/3/6 1618/2/6 1621/1/6
f 1626/3/1 2035/2/1 1624/1/1
f 2035/3/1 1626/2/1 2036/1/1
f 1630/3/2 1626/2/2 1624/1/2
f 1626/3/2 1630/2/2 1629/1/2
f 2037/5/3 2035/5/3 2036/1827/3
f 2035/5/3 2037/5/3 2038/1828/3
f 2037/5/4 1630/1435/4 2038/1829/4
f 1630/1435/4 2037/5/4 1629/5/4
f 1630/1437/5 2035/5/5 2038/1830/5
f 2035/5/5 1630/1437/5 1624/5/5
f 1626/2/6 2037/3/6 2036/11/6
f 2037/3/6 1626/2/6 1629/1/6
f 2041/3/1 2040/2/1 2039/1/1
f 2040/3/1 2041/2/1 2042/1/1
f 2043/3/2 2041/2/2 2039/1/2
f 2041/3/2 2043/2/2 2044/1/2
f 2045/5/3 2040/5/3 2042/1831/3
f 2040/5/3 2045/5/3 2046/1832/3
f 2045/5/4 2043/5/4 2046/1833/4
f 2043/5/4 2045/5/4 2044/1834/4
f 2043/5/5 2040/5/5 2046/1835/5
f 2040/5/5 2043/5/5 2039/1836/5
f 2041/2/6 2045/3/6 2042/11/6
f 2045/3/6 2041/2/6 2044/1/6
f 1704/3/1 1706/2/1 1703/1/1
f 1706/3/1 1704/2/1 1705/1/1
f 1707/3/2 1704/2/2 1703/1/2
f 1704/3/2 1707/2/2 1709/1/2
f 1710/1521/3 1706/1516/3 1705/5/3
f 1706/1516/3 1710/1521/3 1708/5/3
f 1710/1548/4 1707/5/4 1708/5/4
f 1707/5/4 1710/1548/4 1709/1837/4
f 1707/1524/5 1706/1519/5 1708/5/5
f 1706/1519/5 1707/1524/5 1703/5/5
f 1704/2/6 1710/3/6 1705/11/6
f 1710/3/6 1704/2/6 1709/1/6
f 2049/3/1 2048/2/1 2047/1/1
f 2048/3/1 2049/2/1 2050/1/1
f 2051/3/2 2049/2/2 2047/1/2
f 2049/3/2 2051/2/2 2052/1/2
f 455/5/3 2048/5/3 2050/1838/3
f 2048/5/3 455/5/3 453/1839/3
f 455/5/4 2051/5/4 453/1840/4
f 2051/5/4 455/5/4 2052/1841/4
f 2051/5/5 2048/5/5 453/364/5
f 2048/5/5 2051/5/5 2047/1842/5
f 2049/2/6 455/3/6 2050/11/6
f 455/3/6 2049/2/6 2052/1/6
f 2054/3/1 457/2/1 2053/1/1
f 457/3/1 2054/2/1 458/1/1
f 2055/3/2 2054/2/2 2053/1/2
f 2054/3/2 2055/2/2 2056/1/2
f 463/5/3 457/5/3 458/1843/3
f 457/5/3 463/5/3 461/1844/3
f 463/5/4 2055/5/4 461/1845/4
f 2055/5/4 463/5/4 2056/1846/4
f 2055/5/5 457/5/5 461/370/5
f 457/5/5 2055/5/5 2053/1847/5
f 2054/2/6 463/3/6 458/11/6
f 463/3/6 2054/2/6 2056/1/6
f 2058/3/1 465/2/1 2057/1/1
f 465/3/1 2058/2/1 466/1/1
f 2059/3/2 2058/2/2 2057/1/2
f 2058/3/2 2059/2/2 2060/1/2
f 471/5/3 465/5/3 466/1848/3
f 465/5/3 471/5/3 469/1849/3
f 471/5/4 2059/5/4 469/1850/4
f 2059/5/4 471/5/4 2060/1851/4
f 2059/5/5 465/5/5 469/376/5
f 465/5/5 2059/5/5 2057/1852/5
f 2058/2/6 471/3/6 466/11/6
f 471/3/6 2058/2/6 2060/1/6
f 2063/3/1 2062/2/1 2061/1/1
f 2062/3/1 2063/2/1 2064/1/1
f 2065/3/2 2063/2/2 2061/1/2
f 2063/3/2 2065/2/2 2066/1/2
f 482/5/3 2062/5/3 2064/1853/3
f 2062/5/3 482/5/3 481/1854/3
f 482/380/4 2065/5/4 481/5/4
f 2065/5/4 482/380/4 2066/1855/4
f 2065/5/5 2062/5/5 481/5/5
f 2062/5/5 2065/5/5 2061/1856/5
f 2063/2/6 482/3/6 2064/11/6
f 482/3/6 2063/2/6 2066/1/6
f 2068/3/1 485/2/1 2067/1/1
f 485/3/1 2068/2/1 487/1/1
f 2069/3/2 2068/2/2 2067/1/2
f 2068/3/2 2069/2/2 2070/1/2
f 490/5/3 485/5/3 487/1857/3
f 485/5/3 490/5/3 489/1858/3
f 490/386/4 2069/5/4 489/5/4
f 2069/5/4 490/386/4 2070/1859/4
f 2069/5/5 485/388/5 489/5/5
f 485/388/5 2069/5/5 2067/1860/5
f 2068/2/6 490/3/6 487/11/6
f 490/3/6 2068/2/6 2070/1/6
f 2073/3/1 2072/2/1 2071/1/1
f 2072/3/1 2073/2/1 2074/1/1
f 2075/3/2 2073/2/2 2071/1/2
f 2073/3/2 2075/2/2 2076/1/2
f 2077/5/3 2072/5/3 2074/1861/3
f 2072/5/3 2077/5/3 2078/1862/3
f 2077/5/4 2075/5/4 2078/1863/4
f 2075/5/4 2077/5/4 2076/1864/4
f 2075/5/5 2072/5/5 2078/1865/5
f 2072/5/5 2075/5/5 2071/1866/5
f 2073/2/6 2077/3/6 2074/11/6
f 2077/3/6 2073/2/6 2076/1/6
f 2081/3/1 2080/2/1 2079/1/1
f 2080/3/1 2081/2/1 2082/1/1
f 2083/3/2 2081/2/2 2079/1/2
f 2081/3/2 2083/2/2 2084/1/2
f 2085/5/3 2080/5/3 2082/1867/3
f 2080/5/3 2085/5/3 2086/1868/3
f 2085/5/4 2083/5/4 2086/1869/4
f 2083/5/4 2085/5/4 2084/1870/4
f 2083/5/5 2080/5/5 2086/1871/5
f 2080/5/5 2083/5/5 2079/1872/5
f 2081/2/6 2085/3/6 2082/11/6
f 2085/3/6 2081/2/6 2084/1/6
f 2089/3/1 2088/2/1 2087/1/1
f 2088/3/1 2089/2/1 2090/1/1
f 2091/3/2 2089/2/2 2087/1/2
f 2089/3/2 2091/2/2 2092/1/2
f 2093/5/3 2088/5/3 2090/1873/3
f 2088/5/3 2093/5/3 2094/1874/3
f 2093/5/4 2091/5/4 2094/1875/4
f 2091/5/4 2093/5/4 2092/1876/4
f 2091/5/5 2088/5/5 2094/1877/5
f 2088/5/5 2091/5/5 2087/1878/5
f 2089/2/6 2093/3/6 2090/11/6
f 2093/3/6 2089/2/6 2092/1/6
f 2097/3/1 2096/2/1 2095/1/1
f 2096/3/1 2097/2/1 2098/1/1
f 2099/3/2 2097/2/2 2095/1/2
f 2097/3/2 2099/2/2 2100/1/2
f 2101/5/3 2096/5/3 2098/1879/3
f 2096/5/3 2101/5/3 2102/1880/3
f 2101/5/4 2099/5/4 2102/1881/4
f 2099/5/4 2101/5/4 2100/1882/4
f 2099/5/5 2096/5/5 2102/1883/5
f 2096/5/5 2099/5/5 2095/1884/5
f 2097/2/6 2101/3/6 2098/11/6
f 2101/3/6 2097/2/6 2100/1/6
f 2105/3/1 2104/2/1 2103/1/1
f 2104/3/1 2105/2/1 2106/1/1
f 2107/3/2 2105/2/2 2103/1/2
f 2105/3/2 2107/2/2 2108/1/2
f 2109/5/3 2104/5/3 2106/1885/3
f 2104/5/3 2109/5/3 2110/1886/3
f 2109/5/4 2107/5/4 2110/1887/4
f 2107/5/4 2109/5/4 2108/1888/4
f 2107/5/5 2104/5/5 2110/1889/5
f 2104/5/5 2107/5/5 2103/1890/5
f 2105/2/6 2109/3/6 2106/11/6
f 2109/3/6 2105/2/6 2108/1/6
f 2113/3/1 2112/2/1 2111/1/1
f 2112/3/1 2113/2/1 2114/1/1
f 2115/3/2 2113/2/2 2111/1/2
f 2113/3/2 2115/2/2 2116/1/2
f 2117/5/3 2112/5/3 2114/1891/3
f 2112/5/3 2117/5/3 2118/1892/3
f 2117/5/4 2115/5/4 2118/1893/4
f 2115/5/4 2117/5/4 2116/1894/4
f 2115/5/5 2112/5/5 2118/1895/5
f 2112/5/5 2115/5/5 2111/1896/5
f 2113/2/6 2117/3/6 2114/11/6
f 2117/3/6 2113/2/6 2116/1/6
f 2121/3/1 2120/2/1 2119/1/1
f 2120/3/1 2121/2/1 2122/1/1
f 2123/3/2 2121/2/2 2119/1/2
f 2121/3/2 2123/2/2 2124/1/2
f 2125/5/3 2120/5/3 2122/1897/3
f 2120/5/3 2125/5/3 2126/1898/3
f 2125/5/4 2123/5/4 2126/1899/4
f 2123/5/4 2125/5/4 2124/1900/4
f 2123/5/5 2120/5/5 2126/1901/5
f 2120/5/5 2123/5/5 2119/1902/5
f 2121/2/6 2125/3/6 2122/11/6
f 2125/3/6 2121/2/6 2124/1/6
f 2129/3/1 2128/2/1 2127/1/1
f 2128/3/1 2129/2/1 2130/1/1
f 2131/3/2 2129/2/2 2127/1/2
f 2129/3/2 2131/2/2 2132/1/2
f 2133/5/3 2128/5/3 2130/1903/3
f 2128/5/3 2133/5/3 2134/1904/3
f 2133/5/4 2131/5/4 2134/1905/4
f 2131/5/4 2133/5/4 2132/1906/4
f 2131/5/5 2128/5/5 2134/1907/5
f 2128/5/5 2131/5/5 2127/1908/5
f 2129/2/6 2133/3/6 2130/11/6
f 2133/3/6 2129/2/6 2132/1/6
f 2137/3/1 2136/2/1 2135/1/1
f 2136/3/1 2137/2/1 2138/1/1
f 2139/3/2 2137/2/2 2135/1/2
f 2137/3/2 2139/2/2 2140/1/2
f 2141/5/3 2136/5/3 2138/1909/3
f 2136/5/3 2141/5/3 2142/1910/3
f 2141/5/4 2139/5/4 2142/1911/4
f 2139/5/4 2141/5/4 2140/1912/4
f 2139/5/5 2136/5/5 2142/1913/5
f 2136/5/5 2139/5/5 2135/1914/5
f 2137/2/6 2141/3/6 2138/11/6
f 2141/3/6 2137/2/6 2140/1/6
f 2145/3/1 2144/2/1 2143/1/1
f 2144/3/1 2145/2/1 2146/1/1
f 2147/3/2 2145/2/2 2143/1/2
f 2145/3/2 2147/2/2 2148/1/2
f 2149/5/3 2144/5/3 2146/1915/3
f 2144/5/3 2149/5/3 2150/1916/3
f 2149/5/4 2147/5/4 2150/1917/4
f 2147/5/4 2149/5/4 2148/1918/4
f 2147/5/5 2144/5/5 2150/1919/5
f 2144/5/5 2147/5/5 2143/1920/5
f 2145/2/6 2149/3/6 2146/11/6
f 2149/3/6 2145/2/6 2148/1/6
f 1806/3/1 1808/2/1 1805/1/1
f 1808/3/1 1806/2/1 1807/1/1
f 1455/3/2 1806/2/2 1805/1/2
f 1806/3/2 1455/2/2 1457/1/2
f 1458/1251/3 1808/1604/3 1807/5/3
f 1808/1604/3 1458/1251/3 1456/5/3
f 1458/5/4 1455/5/4 1456/1921/4
f 1455/5/4 1458/5/4 1457/1922/4
f 1455/1256/5 1808/1607/5 1456/5/5
f 1808/1607/5 1455/1256/5 1805/5/5
f 1806/2/6 1458/3/6 1807/11/6
f 1458/3/6 1806/2/6 1457/1/6
f 1460/3/1 1462/2/1 1459/1/1
f 1462/3/1 1460/2/1 1461/1/1
f 1463/3/2 1460/2/2 1459/1/2
f 1460/3/2 1463/2/2 1465/1/2
f 1466/1257/3 1462/1252/3 1461/5/3
f 1462/1252/3 1466/1257/3 1464/5/3
f 1466/5/4 1463/5/4 1464/1923/4
f 1463/5/4 1466/5/4 1465/1924/4
f 1463/1262/5 1462/1255/5 1464/5/5
f 1462/1255/5 1463/1262/5 1459/5/5
f 1460/2/6 1466/3/6 1461/11/6
f 1466/3/6 1460/2/6 1465/1/6
f 1468/3/1 1470/2/1 1467/1/1
f 1470/3/1 1468/2/1 1469/1/1
f 1471/3/2 1468/2/2 1467/1/2
f 1468/3/2 1471/2/2 1473/1/2
f 1474/1263/3 1470/1258/3 1469/5/3
f 1470/1258/3 1474/1263/3 1472/5/3
f 1474/5/4 1471/5/4 1472/1925/4
f 1471/5/4 1474/5/4 1473/1926/4
f 1471/1268/5 1470/1261/5 1472/5/5
f 1470/1261/5 1471/1268/5 1467/5/5
f 1468/2/6 1474/3/6 1469/11/6
f 1474/3/6 1468/2/6 1473/1/6
f 1476/3/1 1478/2/1 1475/1/1
f 1478/3/1 1476/2/1 1477/1/1
f 1479/3/2 1476/2/2 1475/1/2
f 1476/3/2 1479/2/2 1481/1/2
f 1482/1269/3 1478/1264/3 1477/5/3
f 1478/1264/3 1482/1269/3 1480/5/3
f 1482/5/4 1479/5/4 1480/1927/4
f 1479/5/4 1482/5/4 1481/1928/4
f 1479/1274/5 1478/1267/5 1480/5/5
f 1478/1267/5 1479/1274/5 1475/5/5
f 1476/2/6 1482/3/6 1477/11/6
f 1482/3/6 1476/2/6 1481/1/6
f 1484/3/1 1486/2/1 1483/1/1
f 1486/3/1 1484/2/1 1485/1/1
f 1487/3/2 1484/2/2 1483/1/2
f 1484/3/2 1487/2/2 1489/1/2
f 1490/1275/3 1486/1270/3 1485/5/3
f 1486/1270/3 1490/1275/3 1488/5/3
f 1490/5/4 1487/5/4 1488/1929/4
f 1487/5/4 1490/5/4 1489/1930/4
f 1487/1280/5 1486/1273/5 1488/5/5
f 1486/1273/5 1487/1280/5 1483/5/5
f 1484/2/6 1490/3/6 1485/11/6
f 1490/3/6 1484/2/6 1489/1/6

usemtl color24

f 2153/3/1 2152/2/1 2151/1/1
f 2152/3/1 2153/2/1 2154/1/1
f 1253/3/2 2153/2/2 2151/1/2
f 2153/3/2 1253/2/2 1255/1/2
f 1256/1047/3 2152/5/3 2154/1931/3
f 2152/5/3 1256/1047/3 1254/5/3
f 1256/5/4 1253/5/4 1254/1932/4
f 1253/5/4 1256/5/4 1255/1933/4
f 1253/1050/5 2152/5/5 1254/5/5
f 2152/5/5 1253/1050/5 2151/1934/5
f 2153/2/6 1256/3/6 2154/11/6
f 1256/3/6 2153/2/6 1255/1/6
f 1890/3/1 2155/2/1 1888/1/1
f 2155/3/1 1890/2/1 2156/1/1
f 1892/3/2 1890/2/2 1888/1/2
f 1890/3/2 1892/2/2 1891/1/2
f 1556/1358/3 2155/5/3 2156/1935/3
f 2155/5/3 1556/1358/3 1555/5/3
f 1556/5/4 1892/1691/4 1555/1936/4
f 1892/1691/4 1556/5/4 1891/5/4
f 1892/1693/5 2155/5/5 1555/5/5
f 2155/5/5 1892/1693/5 1888/5/5
f 1890/2/6 1556/3/6 2156/11/6
f 1556/3/6 1890/2/6 1891/1/6

usemtl color17

f 2158/3/1 1503/2/1 2157/1/1
f 1503/3/1 2158/2/1 1504/1/1
f 1346/3/2 2158/2/2 2157/1/2
f 2158/3/2 1346/2/2 1348/1/2
f 2159/5/3 1503/5/3 1504/1937/3
f 1503/5/3 2159/5/3 2160/1938/3
f 2159/5/4 1346/5/4 2160/1939/4
f 1346/5/4 2159/5/4 1348/1940/4
f 1346/5/5 1503/5/5 2160/1941/5
f 1503/5/5 1346/5/5 2157/1942/5
f 2158/2/6 2159/3/6 1504/11/6
f 2159/3/6 2158/2/6 1348/1/6
f 1417/3/1 2161/2/1 1418/1/1
f 2161/3/1 1417/2/1 2162/1/1
f 2163/3/2 1417/2/2 1418/1/2
f 1417/3/2 2163/2/2 2164/1/2
f 2165/5/3 2161/5/3 2162/1943/3
f 2161/5/3 2165/5/3 2166/1944/3
f 2165/5/4 2163/5/4 2166/1945/4
f 2163/5/4 2165/5/4 2164/1946/4
f 2163/5/5 2161/5/5 2166/1947/5
f 2161/5/5 2163/5/5 1418/1206/5
f 1417/2/6 2165/3/6 2162/11/6
f 2165/3/6 1417/2/6 2164/1/6
f 709/3/1 2167/2/1 710/1/1
f 2167/3/1 709/2/1 2168/1/1
f 195/3/2 709/2/2 710/1/2
f 709/3/2 195/2/2 197/1/2
f 198/156/3 2167/5/3 2168/1948/3
f 2167/5/3 198/156/3 196/5/3
f 198/5/4 195/5/4 196/1949/4
f 195/5/4 198/5/4 197/1950/4
f 195/161/5 2167/5/5 196/5/5
f 2167/5/5 195/161/5 710/571/5
f 709/2/6 198/3/6 2168/11/6
f 198/3/6 709/2/6 197/1/6
f 2165/3/1 2169/2/1 2166/1/1
f 2169/3/1 2165/2/1 2170/1/1
f 1975/3/2 2165/2/2 2166/1/2
f 2165/3/2 1975/2/2 1977/1/2
f 1978/1771/3 2169/5/3 2170/1951/3
f 2169/5/3 1978/1771/3 1976/5/3
f 1978/5/4 1975/5/4 1976/1952/4
f 1975/5/4 1978/5/4 1977/1953/4
f 1975/1774/5 2169/5/5 1976/5/5
f 2169/5/5 1975/1774/5 2166/1947/5
f 2165/2/6 1978/3/6 2170/11/6
f 1978/3/6 2165/2/6 1977/1/6

usemtl color6

f 1030/3/1 1642/2/1 1028/1/1
f 1642/3/1 1030/2/1 1641/1/1
f 1034/3/2 1030/2/2 1028/1/2
f 1030/3/2 1034/2/2 1033/1/2
f 2171/5/3 1642/1450/3 1641/5/3
f 1642/1450/3 2171/5/3 2172/1954/3
f 2171/5/4 1034/830/4 2172/1955/4
f 1034/830/4 2171/5/4 1033/5/4
f 1034/832/5 1642/1452/5 2172/1956/5
f 1642/1452/5 1034/832/5 1028/5/5
f 1030/2/6 2171/3/6 1641/11/6
f 2171/3/6 1030/2/6 1033/1/6
f 2175/3/1 2174/2/1 2173/1/1
f 2174/3/1 2175/2/1 2176/1/1
f 2177/3/2 2175/2/2 2173/1/2
f 2175/3/2 2177/2/2 2178/1/2
f 2041/5/3 2174/5/3 2176/1957/3
f 2174/5/3 2041/5/3 2039/1958/3
f 2041/5/4 2177/5/4 2039/1959/4
f 2177/5/4 2041/5/4 2178/1960/4
f 2177/5/5 2174/5/5 2039/1836/5
f 2174/5/5 2177/5/5 2173/1961/5
f 2175/2/6 2041/3/6 2176/11/6
f 2041/3/6 2175/2/6 2178/1/6
f 2045/3/1 2179/2/1 2046/1/1
f 2179/3/1 2045/2/1 2180/1/1
f 2181/3/2 2045/2/2 2046/1/2
f 2045/3/2 2181/2/2 2182/1/2
f 2183/5/3 2179/5/3 2180/1962/3
f 2179/5/3 2183/5/3 2184/1963/3
f 2183/5/4 2181/5/4 2184/1964/4
f 2181/5/4 2183/5/4 2182/1965/4
f 2181/5/5 2179/5/5 2184/1966/5
f 2179/5/5 2181/5/5 2046/1835/5
f 2045/2/6 2183/3/6 2180/11/6
f 2183/3/6 2045/2/6 2182/1/6
f 1668/3/1 1103/2/1 1667/1/1
f 1103/3/1 1668/2/1 1104/1/1
f 2185/3/2 1668/2/2 1667/1/2
f 1668/3/2 2185/2/2 2186/1/2
f 1106/5/3 1103/1485/3 1104/5/3
f 1103/1485/3 1106/5/3 1105/1967/3
f 1106/898/4 2185/5/4 1105/5/4
f 2185/5/4 1106/898/4 2186/1968/4
f 2185/5/5 1103/899/5 1105/5/5
f 1103/899/5 2185/5/5 1667/5/5
f 1668/2/6 1106/3/6 1104/11/6
f 1106/3/6 1668/2/6 2186/1/6
f 1741/3/1 2187/2/1 1742/1/1
f 2187/3/1 1741/2/1 2188/1/1
f 2111/3/2 1741/2/2 1742/1/2
f 1741/3/2 2111/2/2 2113/1/2
f 2114/1891/3 2187/5/3 2188/1969/3
f 2187/5/3 2114/1891/3 2112/5/3
f 2114/5/4 2111/5/4 2112/1970/4
f 2111/5/4 2114/5/4 2113/1971/4
f 2111/1896/5 2187/5/5 2112/5/5
f 2187/5/5 2111/1896/5 1742/1554/5
f 1741/2/6 2114/3/6 2188/11/6
f 2114/3/6 1741/2/6 2113/1/6

usemtl color26

f 2190/3/1 1887/2/1 2189/1/1
f 1887/3/1 2190/2/1 1889/1/1
f 1257/3/2 2190/2/2 2189/1/2
f 2190/3/2 1257/2/2 1259/1/2
f 1260/1051/3 1887/5/3 1889/1972/3
f 1887/5/3 1260/1051/3 1258/5/3
f 1260/1692/4 1257/5/4 1258/5/4
f 1257/5/4 1260/1692/4 1259/1973/4
f 1257/1056/5 1887/1694/5 1258/5/5
f 1887/1694/5 1257/1056/5 2189/1974/5
f 2190/2/6 1260/3/6 1889/11/6
f 1260/3/6 2190/2/6 1259/1/6

usemtl color25

f 2192/3/1 1394/2/1 2191/1/1
f 1394/3/1 2192/2/1 1393/1/1
f 2193/3/2 2192/2/2 2191/1/2
f 2192/3/2 2193/2/2 2194/1/2
f 2195/5/3 1394/1173/3 1393/5/3
f 1394/1173/3 2195/5/3 2196/1975/3
f 2195/5/4 2193/5/4 2196/1976/4
f 2193/5/4 2195/5/4 2194/1977/4
f 2193/5/5 1394/1176/5 2196/1978/5
f 1394/1176/5 2193/5/5 2191/1979/5
f 2192/2/6 2195/3/6 1393/11/6
f 2195/3/6 2192/2/6 2194/1/6
f 2199/3/1 2198/2/1 2197/1/1
f 2198/3/1 2199/2/1 2200/1/1
f 2201/3/2 2199/2/2 2197/1/2
f 2199/3/2 2201/2/2 2202/1/2
f 2203/5/3 2198/5/3 2200/1980/3
f 2198/5/3 2203/5/3 2204/1981/3
f 2203/5/4 2201/5/4 2204/1982/4
f 2201/5/4 2203/5/4 2202/1983/4
f 2201/5/5 2198/5/5 2204/1984/5
f 2198/5/5 2201/5/5 2197/1985/5
f 2199/2/6 2203/3/6 2200/11/6
f 2203/3/6 2199/2/6 2202/1/6
f 1200/3/1 1202/2/1 1199/1/1
f 1202/3/1 1200/2/1 1201/1/1
f 2205/3/2 1200/2/2 1199/1/2
f 1200/3/2 2205/2/2 2206/1/2
f 2207/5/3 1202/990/3 1201/5/3
f 1202/990/3 2207/5/3 2208/1986/3
f 2207/5/4 2205/5/4 2208/1987/4
f 2205/5/4 2207/5/4 2206/1988/4
f 2205/5/5 1202/993/5 2208/1989/5
f 1202/993/5 2205/5/5 1199/5/5
f 1200/2/6 2207/3/6 1201/11/6
f 2207/3/6 1200/2/6 2206/1/6
f 2211/3/1 2210/2/1 2209/1/1
f 2210/3/1 2211/2/1 2212/1/1
f 2213/3/2 2211/2/2 2209/1/2
f 2211/3/2 2213/2/2 2214/1/2
f 2215/5/3 2210/5/3 2212/1990/3
f 2210/5/3 2215/5/3 2216/1991/3
f 2215/5/4 2213/5/4 2216/1992/4
f 2213/5/4 2215/5/4 2214/1993/4
f 2213/5/5 2210/5/5 2216/1994/5
f 2210/5/5 2213/5/5 2209/1995/5
f 2211/2/6 2215/3/6 2212/11/6
f 2215/3/6 2211/2/6 2214/1/6

usemtl color15

f 1648/3/1 1650/2/1 1647/1/1
f 1650/3/1 1648/2/1 1649/1/1
f 1651/3/2 1648/2/2 1647/1/2
f 1648/3/2 1651/2/2 1653/1/2
f 1654/1459/3 1650/1454/3 1649/5/3
f 1650/1454/3 1654/1459/3 1652/5/3
f 1654/5/4 1651/5/4 1652/1996/4
f 1651/5/4 1654/5/4 1653/1997/4
f 1651/1464/5 1650/1457/5 1652/5/5
f 1650/1457/5 1651/1464/5 1647/5/5
f 1648/2/6 1654/3/6 1649/11/6
f 1654/3/6 1648/2/6 1653/1/6
f 1355/3/1 2217/2/1 1356/1/1
f 2217/3/1 1355/2/1 2218/1/1
f 737/3/2 1355/2/2 1356/1/2
f 1355/3/2 737/2/2 739/1/2
f 740/595/3 2217/5/3 2218/1998/3
f 2217/5/3 740/595/3 738/5/3
f 740/5/4 737/1348/4 738/1999/4
f 737/1348/4 740/5/4 739/5/4
f 737/600/5 2217/5/5 738/5/5
f 2217/5/5 737/600/5 1356/1138/5
f 1355/2/6 740/3/6 2218/11/6
f 740/3/6 1355/2/6 739/1/6
f 394/3/1 396/2/1 393/1/1
f 396/3/1 394/2/1 395/1/1
f 1419/3/2 394/2/2 393/1/2
f 394/3/2 1419/2/2 1421/1/2
f 1422/1210/3 396/312/3 395/5/3
f 396/312/3 1422/1210/3 1420/5/3
f 1422/5/4 1419/5/4 1420/2000/4
f 1419/5/4 1422/5/4 1421/2001/4
f 1419/1215/5 396/315/5 1420/5/5
f 396/315/5 1419/1215/5 393/5/5
f 394/2/6 1422/3/6 395/11/6
f 1422/3/6 394/2/6 1421/1/6
f 1718/3/1 1720/2/1 1717/1/1
f 1720/3/1 1718/2/1 1719/1/1
f 1721/3/2 1718/2/2 1717/1/2
f 1718/3/2 1721/2/2 1723/1/2
f 1724/1535/3 1720/1531/3 1719/5/3
f 1720/1531/3 1724/1535/3 1722/5/3
f 1724/5/4 1721/5/4 1722/2002/4
f 1721/5/4 1724/5/4 1723/2003/4
f 1721/1540/5 1720/1534/5 1722/5/5
f 1720/1534/5 1721/1540/5 1717/5/5
f 1718/2/6 1724/3/6 1719/11/6
f 1724/3/6 1718/2/6 1723/1/6
f 1726/3/1 1728/2/1 1725/1/1
f 1728/3/1 1726/2/1 1727/1/1
f 2219/3/2 1726/2/2 1725/1/2
f 1726/3/2 2219/2/2 2220/1/2
f 2221/5/3 1728/1536/3 1727/5/3
f 1728/1536/3 2221/5/3 2222/2004/3
f 2221/5/4 2219/5/4 2222/2005/4
f 2219/5/4 2221/5/4 2220/2006/4
f 2219/5/5 1728/1539/5 2222/2007/5
f 1728/1539/5 2219/5/5 1725/5/5
f 1726/2/6 2221/3/6 1727/11/6
f 2221/3/6 1726/2/6 2220/1/6

usemtl color21

f 2225/3/1 2224/2/1 2223/1/1
f 2224/3/1 2225/2/1 2226/1/1
f 2227/3/2 2225/2/2 2223/1/2
f 2225/3/2 2227/2/2 2228/1/2
f 1677/5/3 2224/5/3 2226/2008/3
f 2224/5/3 1677/5/3 1675/2009/3
f 1677/5/4 2227/5/4 1675/2010/4
f 2227/5/4 1677/5/4 2228/2011/4
f 2227/5/5 2224/5/5 1675/1498/5
f 2224/5/5 2227/5/5 2223/2012/5
f 2225/2/6 1677/3/6 2226/11/6
f 1677/3/6 2225/2/6 2228/1/6

usemtl color16

f 1210/3/1 1701/2/1 1208/1/1
f 1701/3/1 1210/2/1 1702/1/1
f 1214/3/2 1210/2/2 1208/1/2
f 1210/3/2 1214/2/2 1213/1/2
f 1704/5/3 1701/5/3 1702/2013/3
f 1701/5/3 1704/5/3 1703/2014/3
f 1704/1518/4 1214/1002/4 1703/5/4
f 1214/1002/4 1704/1518/4 1213/5/4
f 1214/1004/5 1701/1520/5 1703/5/5
f 1701/1520/5 1214/1004/5 1208/5/5
f 1210/2/6 1704/3/6 1702/11/6
f 1704/3/6 1210/2/6 1213/1/6
f 2230/3/1 1707/2/1 2229/1/1
f 1707/3/1 2230/2/1 1709/1/1
f 1530/3/2 2230/2/2 2229/1/2
f 2230/3/2 1530/2/2 1529/1/2
f 1712/5/3 1707/5/3 1709/2015/3
f 1707/5/3 1712/5/3 1711/2016/3
f 1712/1523/4 1530/1328/4 1711/5/4
f 1530/1328/4 1712/1523/4 1529/5/4
f 1530/1330/5 1707/1524/5 1711/5/5
f 1707/1524/5 1530/1330/5 2229/2017/5
f 2230/2/6 1712/3/6 1709/11/6
f 1712/3/6 2230/2/6 1529/1/6
f 2220/3/1 2222/2/1 2219/1/1
f 2222/3/1 2220/2/1 2221/1/1
f 2231/3/2 2220/2/2 2219/1/2
f 2220/3/2 2231/2/2 2232/1/2
f 2233/5/3 2222/2004/3 2221/5/3
f 2222/2004/3 2233/5/3 2234/2018/3
f 2233/5/4 2231/5/4 2234/2019/4
f 2231/5/4 2233/5/4 2232/2020/4
f 2231/5/5 2222/2007/5 2234/2021/5
f 2222/2007/5 2231/5/5 2219/5/5
f 2220/2/6 2233/3/6 2221/11/6
f 2233/3/6 2220/2/6 2232/1/6

usemtl color8

f 1213/3/1 1703/2/1 1214/1/1
f 1703/3/1 1213/2/1 1704/1/1
f 2229/3/2 1213/2/2 1214/1/2
f 1213/3/2 2229/2/2 2230/1/2
f 1709/2015/3 1703/2014/3 1704/5/3
f 1703/2014/3 1709/2015/3 1707/5/3
f 1709/1837/4 2229/5/4 1707/5/4
f 2229/5/4 1709/1837/4 2230/2022/4
f 2229/2017/5 1703/5/5 1707/1524/5
f 1703/5/5 2229/2017/5 1214/1004/5
f 1213/2/6 1709/3/6 1704/11/6
f 1709/3/6 1213/2/6 2230/1/6
f 914/3/1 916/2/1 913/1/1
f 916/3/1 914/2/1 915/1/1
f 1706/3/2 914/2/2 913/1/2
f 914/3/2 1706/2/2 1705/1/2
f 936/1545/3 916/732/3 915/5/3
f 916/732/3 936/1545/3 935/5/3
f 936/752/4 1706/1517/4 935/5/4
f 1706/1517/4 936/752/4 1705/5/4
f 1706/1519/5 916/735/5 935/5/5
f 916/735/5 1706/1519/5 913/5/5
f 914/2/6 936/3/6 915/11/6
f 936/3/6 914/2/6 1705/1/6
f 1710/3/1 1734/2/1 1708/1/1
f 1734/3/1 1710/2/1 1733/1/1
f 1225/3/2 1710/2/2 1708/1/2
f 1710/3/2 1225/2/2 1227/1/2
f 1228/1015/3 1734/1546/3 1733/5/3
f 1734/1546/3 1228/1015/3 1226/5/3
f 1228/1249/4 1225/1522/4 1226/5/4
f 1225/1522/4 1228/1249/4 1227/5/4
f 1225/1020/5 1734/1549/5 1226/5/5
f 1734/1549/5 1225/1020/5 1708/5/5
f 1710/2/6 1228/3/6 1733/11/6
f 1228/3/6 1710/2/6 1227/1/6

usemtl color11

f 2236/3/1 1233/2/1 2235/1/1
f 1233/3/1 2236/2/1 1235/1/1
f 2237/3/2 2236/2/2 2235/1/2
f 2236/3/2 2237/2/2 2238/1/2
f 1238/5/3 1233/5/3 1235/2023/3
f 1233/5/3 1238/5/3 1237/2024/3
f 1238/1024/4 2237/5/4 1237/5/4
f 2237/5/4 1238/1024/4 2238/2025/4
f 2237/5/5 1233/1026/5 1237/5/5
f 1233/1026/5 2237/5/5 2235/2026/5
f 2236/2/6 1238/3/6 1235/11/6
f 1238/3/6 2236/2/6 2238/1/6

