# Created by Kenney (www.kenney.nl)

mtllib Launcher ZVT Wazzasoft.mtl

v -3 10 -2.5
v -3 8 -2.5
v -3 10 2.5
v -3 8 2.5
v -4 10 -2.5
v -4 10 2.5
v -4 8 2.5
v -4 8 -2.5
v -3 9 -2.5
v -3 9 2.5
v -4 9 2.5
v -4 9 -2.5
v 11 9 -0.5
v 11 8 -0.5
v 11 9 0.5
v 11 8 0.5
v 10 9 -0.5
v 10 9 0.5
v 10 8 0.5
v 10 8 -0.5
v 8 8 -0.5
v 8 7 -0.5
v 8 8 0.5
v 8 7 0.5
v 7 8 -0.5
v 7 8 0.5
v 7 7 0.5
v 7 7 -0.5
v 1 8 -1
v 1 7 -1
v 1 8 1
v 1 7 1
v 0 8 -1
v 0 8 1
v 0 7 1
v 0 7 -1
v -1 8 -0.5
v -1 7 -0.5
v -1 8 0.5
v -1 7 0.5
v -2 8 -0.5
v -2 8 0.5
v -2 7 0.5
v -2 7 -0.5
v 3 7 -0.5
v 3 6 -0.5
v 3 7 0.5
v 3 6 0.5
v 2 7 -0.5
v 2 7 0.5
v 2 6 0.5
v 2 6 -0.5
v 6 1 -1
v 6 0 -1
v 6 1 1
v 6 0 1
v 5 1 -1
v 5 1 1
v 5 0 1
v 5 0 -1
v -8 0 -2.5
v -8 -1 -2.5
v -8 0 2.5
v -8 -1 2.5
v -9 0 -2.5
v -9 0 2.5
v -9 -1 2.5
v -9 -1 -2.5
v -12 0 -2.5
v -12 -1 -2.5
v -12 0 2.5
v -12 -1 2.5
v -13 0 -2.5
v -13 0 2.5
v -13 -1 2.5
v -13 -1 -2.5
v 7 -1 -1
v 7 -2 -1
v 7 -1 1
v 7 -2 1
v 6 -1 -1
v 6 -1 1
v 6 -2 1
v 6 -2 -1
v 11 -3 -2
v 11 -4 -2
v 11 -3 2
v 11 -4 2
v 8 -3 -2
v 8 -3 2
v 8 -4 2
v 8 -4 -2
v -5 10 -2.5
v -5 10 2.5
v -5 9 2.5
v -5 9 -2.5
v -5 9 -0.5
v -5 8 -0.5
v -5 9 0.5
v -5 8 0.5
v -6 9 -0.5
v -6 9 0.5
v -6 8 0.5
v -6 8 -0.5
v -6 7 -0.5
v -6 7 0.5
v -7 8 -0.5
v -7 8 0.5
v -7 7 0.5
v -7 7 -0.5
v 8 6 -0.5
v 8 6 0.5
v 7 6 0.5
v 7 6 -0.5
v 7 6 -1
v 7 5 -1
v 7 6 1
v 7 5 1
v 6 6 -1
v 6 6 1
v 6 5 1
v 6 5 -1
v 1 6 -1
v 1 5 -1
v 1 6 1
v 1 5 1
v -1 6 -1
v -1 6 1
v -1 5 1
v -1 5 -1
v 8 5 -1.5
v 8 4 -1.5
v 8 5 1.5
v 8 4 1.5
v 7 5 -1.5
v 7 5 1.5
v 7 4 1.5
v 7 4 -1.5
v 3 5 -1.5
v 3 4 -1.5
v 3 5 1.5
v 3 4 1.5
v 2 5 -1.5
v 2 5 1.5
v 2 4 1.5
v 2 4 -1.5
v 6 3 -1
v 6 2 -1
v 6 3 1
v 6 2 1
v 4 3 -1
v 4 3 1
v 4 2 1
v 4 2 -1
v 3 2 -1
v 3 1 -1
v 3 2 1
v 3 1 1
v 2 2 -1
v 2 2 1
v 2 1 1
v 2 1 -1
v -9 2 -2
v -9 1 -2
v -9 2 2
v -9 1 2
v -10 2 -2
v -10 2 2
v -10 1 2
v -10 1 -2
v -12 2 -2
v -12 1 -2
v -12 2 2
v -12 1 2
v -13 2 -2
v -13 2 2
v -13 1 2
v -13 1 -2
v 8 -1 -1
v 8 -3 -1
v 8 -1 1
v 8 -3 1
v 7 -3 1
v 7 -3 -1
v -7 -1 -2.5
v -7 -2 -2.5
v -7 -1 2.5
v -7 -2 2.5
v -10 -1 -2.5
v -10 -1 2.5
v -10 -2 2.5
v -10 -2 -2.5
v -12 -2 -2.5
v -12 -2 2.5
v -13 -2 2.5
v -13 -2 -2.5
v 10 -4 -2
v 10 -5 -2
v 10 -4 2
v 10 -5 2
v 6 -4 -2
v 6 -4 2
v 6 -5 2
v 6 -5 -2
v 4 -4 -2
v 4 -5 -2
v 4 -4 2
v 4 -5 2
v 3 -4 -2
v 3 -4 2
v 3 -5 2
v 3 -5 -2
v 12 -5 -2
v 12 -6 -2
v 12 -5 2
v 12 -6 2
v 11 -5 -2
v 11 -5 2
v 11 -6 2
v 11 -6 -2
v 9 -5 -2
v 9 -6 -2
v 9 -5 2
v 9 -6 2
v 8 -5 -2
v 8 -5 2
v 8 -6 2
v 8 -6 -2
v 7 -5 -2
v 7 -6 -2
v 7 -5 2
v 7 -6 2
v 6 -6 2
v 6 -6 -2
v 3 -6 -2
v 3 -6 2
v 2 -5 -2
v 2 -5 2
v 2 -6 2
v 2 -6 -2
v 10 9 -1
v 10 8 -1
v 10 9 1
v 10 8 1
v 9 9 -1
v 9 9 1
v 9 8 1
v 9 8 -1
v -4 9 -1
v -4 8 -1
v -4 9 1
v -4 8 1
v -5 9 -1
v -5 9 1
v -5 8 1
v -5 8 -1
v -2 6 -0.5
v -2 5 -0.5
v -2 6 0.5
v -2 5 0.5
v -3 6 -0.5
v -3 6 0.5
v -3 5 0.5
v -3 5 -0.5
v -11 4 -2.5
v -11 3 -2.5
v -11 4 2.5
v -11 3 2.5
v -12 4 -2.5
v -12 4 2.5
v -12 3 2.5
v -12 3 -2.5
v -11 3 -3
v -11 2 -3
v -11 3 3
v -11 2 3
v -12 3 -3
v -12 3 3
v -12 2 3
v -12 2 -3
v 2 1 -2.5
v 2 -1 -2.5
v 2 1 2.5
v 2 -1 2.5
v 1 1 -2.5
v 1 1 2.5
v 1 -1 2.5
v 1 -1 -2.5
v -11 -1 -3
v -11 -2 -3
v -11 -1 3
v -11 -2 3
v -12 -1 -3
v -12 -1 3
v -12 -2 3
v -12 -2 -3
v -8 -3 -3
v -8 -4 -3
v -8 -3 3
v -8 -4 3
v -9 -3 -3
v -9 -3 3
v -9 -4 3
v -9 -4 -3
v -9 -5 -3
v -9 -5 3
v -10 -4 -3
v -10 -4 3
v -10 -5 3
v -10 -5 -3
v -10 -6 -3
v -10 -6 3
v -11 -5 -3
v -11 -5 3
v -11 -6 3
v -11 -6 -3
v -2 -6 -3
v -2 -7 -3
v -2 -6 3
v -2 -7 3
v -3 -6 -3
v -3 -6 3
v -3 -7 3
v -3 -7 -3
v 8 -8 -2.5
v 8 -9 -2.5
v 8 -8 2.5
v 8 -9 2.5
v 7 -8 -2.5
v 7 -8 2.5
v 7 -9 2.5
v 7 -9 -2.5
v 11 6 -0.5
v 11 6 0.5
v 10 6 0.5
v 10 6 -0.5
v 6 8 -1
v 6 7 -1
v 6 8 1
v 6 7 1
v 5 8 -1
v 5 8 1
v 5 7 1
v 5 7 -1
v 2 8 -1
v 2 7 -1
v 2 8 1
v 2 7 1
v 5 7 -0.5
v 5 6 -0.5
v 5 7 0.5
v 5 6 0.5
v 4 7 -0.5
v 4 7 0.5
v 4 6 0.5
v 4 6 -0.5
v 0 6 1
v 0 6 -1
v -1 6 -0.5
v -1 6 0.5
v -7 6 -0.5
v -7 6 0.5
v -8 7 -0.5
v -8 7 0.5
v -8 6 0.5
v -8 6 -0.5
v 9 5 -0.5
v 9 4 -0.5
v 9 5 0.5
v 9 4 0.5
v 8 5 -0.5
v 8 5 0.5
v 8 4 0.5
v 8 4 -0.5
v 1 5 -1.5
v 1 4 -1.5
v 1 5 1.5
v 1 4 1.5
v -1 5 -1.5
v -1 5 1.5
v -1 4 1.5
v -1 4 -1.5
v -2 5 -1
v -2 4 -1
v -2 5 1
v -2 4 1
v -3 5 -1
v -3 5 1
v -3 4 1
v -3 4 -1
v 5 4 -2
v 5 3 -2
v 5 4 2
v 5 3 2
v 3 4 -2
v 3 4 2
v 3 3 2
v 3 3 -2
v 3 3 -1
v 3 3 1
v 2 3 -1
v 2 3 1
v 7 2 -1
v 7 1 -1
v 7 2 1
v 7 1 1
v -11 2 -2
v -11 2 2
v -11 1 2
v -11 1 -2
v 8 0 -0.5
v 8 -1 -0.5
v 8 0 0.5
v 8 -1 0.5
v 7 0 -0.5
v 7 0 0.5
v 7 -1 0.5
v 7 -1 -0.5
v 6 -3 1
v 6 -3 -1
v 4 -2 -1
v 4 -3 -1
v 4 -2 1
v 4 -3 1
v 3 -2 -1
v 3 -2 1
v 3 -3 1
v 3 -3 -1
v -4 -2 -2
v -4 -3 -2
v -4 -2 2
v -4 -3 2
v -7 -2 -2
v -7 -2 2
v -7 -3 2
v -7 -3 -2
v -9 -2 -2
v -9 -3 -2
v -9 -2 2
v -9 -3 2
v -10 -2 -2
v -10 -2 2
v -10 -3 2
v -10 -3 -2
v -12 -2 -2
v -12 -3 -2
v -12 -2 2
v -12 -3 2
v -13 -2 -2
v -13 -2 2
v -13 -3 2
v -13 -3 -2
v 4 -3 -2
v 4 -3 2
v 3 -3 -2
v 3 -3 2
v 13 -4 -1.5
v 13 -6 -1.5
v 13 -4 1.5
v 13 -6 1.5
v 12 -4 -1.5
v 12 -4 1.5
v 12 -6 1.5
v 12 -6 -1.5
v 2 -4 -2
v 2 -4 2
v 4 -7 -2
v 4 -7 2
v 3 -7 2
v 3 -7 -2
v 1 -5 -2
v 1 -5 2
v 1 -6 2
v 1 -6 -2
v -11 -5 -1
v -11 -6 -1
v -11 -5 1
v -11 -6 1
v -12 -5 -1
v -12 -5 1
v -12 -6 1
v -12 -6 -1
v 12 -7 -1.5
v 12 -7 1.5
v 11 -6 -1.5
v 11 -6 1.5
v 11 -7 1.5
v 11 -7 -1.5
v 11 -7 -2
v 11 -7 2
v 9 -7 2
v 9 -7 -2
v 8 -9 -1.5
v 8 -10 -1.5
v 8 -9 1.5
v 8 -10 1.5
v 7 -9 -1.5
v 7 -9 1.5
v 7 -10 1.5
v 7 -10 -1.5
v 10 6 -1
v 10 6 1
v 9 6 1
v 9 6 -1
v -5 7 -1
v -5 7 1
v -6 8 -1
v -6 8 1
v -6 7 1
v -6 7 -1
v -6 6 -1
v -6 6 1
v -7 7 -1
v -7 7 1
v -7 6 1
v -7 6 -1
v -6 4 -1.5
v -6 3 -1.5
v -6 4 1.5
v -6 3 1.5
v -7 4 -1.5
v -7 4 1.5
v -7 3 1.5
v -7 3 -1.5
v -8 4 -1
v -8 3 -1
v -8 4 1
v -8 3 1
v -9 4 -1
v -9 4 1
v -9 3 1
v -9 3 -1
v 2 3 -2.5
v 2 2 -2.5
v 2 3 2.5
v 2 2 2.5
v 1 3 -2.5
v 1 3 2.5
v 1 2 2.5
v 1 2 -2.5
v -9 3 -2
v -9 3 2
v -10 3 -2
v -10 3 2
v -11 1 -3
v -11 1 3
v -12 1 3
v -12 1 -3
v -7 -2 -3
v -7 -3 -3
v -7 -2 3
v -7 -3 3
v -8 -2 -3
v -8 -2 3
v 1 -3 -3
v 1 -4 -3
v 1 -3 3
v 1 -4 3
v 0 -3 -3
v 0 -3 3
v 0 -4 3
v 0 -4 -3
v 0 -5 -3
v 0 -5 3
v -1 -4 -3
v -1 -4 3
v -1 -5 3
v -1 -5 -3
v 5 -5 -2.5
v 5 -6 -2.5
v 5 -5 2.5
v 5 -6 2.5
v 4 -5 -2.5
v 4 -5 2.5
v 4 -6 2.5
v 4 -6 -2.5
v -1 -6 -3
v -1 -6 3
v -2 -5 -3
v -2 -5 3
v 6 -6 -2.5
v 6 -7 -2.5
v 6 -6 2.5
v 6 -7 2.5
v 5 -7 2.5
v 5 -7 -2.5
v 7 -7 -2.5
v 7 -7 2.5
v 6 -8 2.5
v 6 -8 -2.5
v 7 8 -1
v 7 7 -1
v 7 8 1
v 7 7 1
v -2 5 -1.5
v -2 5 1.5
v -2 4 1.5
v -2 4 -1.5
v 5 -1 1
v 5 -1 -1
v -1 8 -1
v -1 8 1
v -1 7 1
v -1 7 -1
v -2 6 -1
v -2 6 1
v -1 3 -1.5
v -1 2 -1.5
v -1 3 1.5
v -1 2 1.5
v -2 3 -1.5
v -2 3 1.5
v -2 2 1.5
v -2 2 -1.5
v 7 0 -1
v 7 0 1
v 7 -3 -2
v 7 -4 -2
v 7 -3 2
v 7 -4 2
v 6 -3 -2
v 6 -3 2
v -4 8 -0.5
v -4 7 -0.5
v -4 8 0.5
v -4 7 0.5
v -5 7 0.5
v -5 7 -0.5
v -5 6 -0.5
v -5 6 0.5
v -6 6 0.5
v -6 6 -0.5
v -6 5 -0.5
v -6 5 0.5
v -7 5 0.5
v -7 5 -0.5
v -5 5 -0.5
v -5 4 -0.5
v -5 5 0.5
v -5 4 0.5
v -6 4 0.5
v -6 4 -0.5
v -5 3 -3
v -5 2 -3
v -5 3 3
v -5 2 3
v -6 3 -3
v -6 3 3
v -6 2 3
v -6 2 -3
v -7 3 -3
v -7 2 -3
v -7 3 3
v -7 2 3
v -8 3 -3
v -8 3 3
v -8 2 3
v -8 2 -3
v 1 2 -3
v 1 1 -3
v 1 2 3
v 1 1 3
v -1 2 -3
v -1 2 3
v -1 1 3
v -1 1 -3
v -6 1 -3
v -6 1 3
v -7 1 3
v -7 1 -3
v -8 1 -3
v -8 1 3
v -9 2 -3
v -9 2 3
v -9 1 3
v -9 1 -3
v -3 1 -3
v -3 0 -3
v -3 1 3
v -3 0 3
v -5 1 -3
v -5 1 3
v -5 0 3
v -5 0 -3
v -9 0 -3
v -9 0 3
v -10 1 -3
v -10 1 3
v -10 0 3
v -10 0 -3
v -11 0 -3
v -11 0 3
v -12 0 3
v -12 0 -3
v -5 -1 -3
v -5 -1 3
v -6 0 -3
v -6 0 3
v -6 -1 3
v -6 -1 -3
v -10 -1 -3
v -10 -1 3
v 1 -1 -3
v 1 -2 -3
v 1 -1 3
v 1 -2 3
v 0 -1 -3
v 0 -1 3
v 0 -2 3
v 0 -2 -3
v -6 -2 -3
v -6 -2 3
v -7 -1 -3
v -7 -1 3
v 2 -2 -2.5
v 2 -3 -2.5
v 2 -2 2.5
v 2 -3 2.5
v 1 -2 -2.5
v 1 -2 2.5
v 1 -3 2.5
v 1 -3 -2.5
v -9 -2 -3
v -9 -2 3
v -11 -3 -3
v -11 -4 -3
v -11 -3 3
v -11 -4 3
v -12 -3 -3
v -12 -3 3
v -12 -4 3
v -12 -4 -3
v 5 -4 -2.5
v 5 -4 2.5
v 4 -4 -2.5
v 4 -4 2.5
v -11 -4 -2.5
v -11 -5 -2.5
v -11 -4 2.5
v -11 -5 2.5
v -12 -4 -2.5
v -12 -4 2.5
v -12 -5 2.5
v -12 -5 -2.5
v 0 -5 -2.5
v 0 -6 -2.5
v 0 -5 2.5
v 0 -6 2.5
v -1 -5 -2.5
v -1 -5 2.5
v -1 -6 2.5
v -1 -6 -2.5
v -1 -7 -2.5
v -1 -7 2.5
v -2 -6 -2.5
v -2 -6 2.5
v -2 -7 2.5
v -2 -7 -2.5
v -2 -8 -2.5
v -2 -8 2.5
v -3 -7 -2.5
v -3 -7 2.5
v -3 -8 2.5
v -3 -8 -2.5
v 11 5 -0.5
v 11 5 0.5
v 10 5 0.5
v 10 5 -0.5
v 4 5 -1.5
v 4 4 -1.5
v 4 5 1.5
v 4 4 1.5
v 5 2 -1
v 5 2 1
v -10 1 -2.5
v -10 0 -2.5
v -10 1 2.5
v -10 0 2.5
v -11 1 -2.5
v -11 1 2.5
v -11 0 2.5
v -11 0 -2.5
v -12 1 -2.5
v -12 1 2.5
v -13 1 -2.5
v -13 1 2.5
v 12 -4 -2
v 12 -4 2
v 10 -6 2
v 10 -6 -2
v 5 6 1
v 5 6 -1
v 2 6 -1
v 2 6 1
v 11 4 -0.5
v 11 4 0.5
v 10 4 0.5
v 10 4 -0.5
v 6 5 -1.5
v 6 5 1.5
v 6 4 1.5
v 6 4 -1.5
v 5 5 -1.5
v 5 4 -1.5
v 5 5 1.5
v 5 4 1.5
v 10 4 -1
v 10 3 -1
v 10 4 1
v 10 3 1
v 9 4 -1
v 9 4 1
v 9 3 1
v 9 3 -1
v 2 4 -2
v 2 3 -2
v 2 4 2
v 2 3 2
v 1 4 -2
v 1 4 2
v 1 3 2
v 1 3 -2
v 7 3 -1
v 7 3 1
v 8 2 -1
v 8 1 -1
v 8 2 1
v 8 1 1
v 4 1 -1
v 4 1 1
v -1 2 -2
v -1 1 -2
v -1 2 2
v -1 1 2
v -2 2 -2
v -2 2 2
v -2 1 2
v -2 1 -2
v 0 1 -2.5
v 0 0 -2.5
v 0 1 2.5
v 0 0 2.5
v -1 1 -2.5
v -1 1 2.5
v -1 0 2.5
v -1 0 -2.5
v 9 -1 -0.5
v 9 -2 -0.5
v 9 -1 0.5
v 9 -2 0.5
v 8 -2 0.5
v 8 -2 -0.5
v 0 -1 -2.5
v 0 -2 -2.5
v 0 -1 2.5
v 0 -2 2.5
v -1 -1 -2.5
v -1 -1 2.5
v -1 -2 2.5
v -1 -2 -2.5
v -3 -2 -2
v -3 -3 -2
v -3 -2 2
v -3 -3 2
v 12 -3 -1.5
v 12 -3 1.5
v 11 -3 -1.5
v 11 -3 1.5
v 11 -4 1.5
v 11 -4 -1.5
v 2 -3 -2
v 2 -3 2
v 11 -5 -1.5
v 11 -5 1.5
v 10 -4 -1.5
v 10 -4 1.5
v 10 -5 1.5
v 10 -5 -1.5
v 1 -4 -2
v 1 -4 2
v 10 -6 -1.5
v 10 -6 1.5
v 9 -5 -1.5
v 9 -5 1.5
v 9 -6 1.5
v 9 -6 -1.5
v 8 -5 -1.5
v 8 -6 -1.5
v 8 -5 1.5
v 8 -6 1.5
v 7 -5 -1.5
v 7 -5 1.5
v 7 -6 1.5
v 7 -6 -1.5
v 5 -5 -2
v 5 -5 2
v 5 -6 2
v 5 -6 -2
v 1 -7 -2
v 1 -7 2
v 0 -5 -2
v 0 -5 2
v 0 -7 2
v 0 -7 -2
v 8 -7 2
v 8 -7 -2
v 7 -7 -2
v 7 -7 2
v 6 -7 2
v 6 -7 -2
v -10 -6 -1
v -10 -7 -1
v -10 -6 1
v -10 -7 1
v -11 -7 1
v -11 -7 -1
v 5 -7 -1.5
v 5 -8 -1.5
v 5 -7 1.5
v 5 -8 1.5
v 4 -7 -1.5
v 4 -7 1.5
v 4 -8 1.5
v 4 -8 -1.5
v 6 -8 -1.5
v 6 -9 -1.5
v 6 -8 1.5
v 6 -9 1.5
v 5 -9 1.5
v 5 -9 -1.5
v 6 -10 1.5
v 6 -10 -1.5
v 10 5 -1
v 10 5 1
v 9 5 1
v 9 5 -1
v 7 4 -2
v 7 3 -2
v 7 4 2
v 7 3 2
v 0 1 -3
v 0 1 3
v 5 5 1
v 5 5 -1
v 2 5 -1
v 2 5 1
v 8 1 -0.5
v 8 1 0.5
v 7 1 -0.5
v 7 1 0.5
v 4 1 -0.5
v 4 0 -0.5
v 4 1 0.5
v 4 0 0.5
v 3 1 -0.5
v 3 1 0.5
v 3 0 0.5
v 3 0 -0.5
v -11 -2 -2
v -11 -2 2
v -11 -3 2
v -11 -3 -2
v -7 5 -1
v -7 5 1
v -8 6 -1
v -8 6 1
v -8 5 1
v -8 5 -1
v -6 5 -1.5
v -6 5 1.5
v -7 5 -1.5
v -7 5 1.5
v -5 4 -1.5
v -5 3 -1.5
v -5 4 1.5
v -5 3 1.5
v -4 3 -2.5
v -4 2 -2.5
v -4 3 2.5
v -4 2 2.5
v -5 3 -2.5
v -5 3 2.5
v -5 2 2.5
v -5 2 -2.5
v 2 2 -3
v 2 1 -3
v 2 2 3
v 2 1 3
v 5 1 -0.5
v 5 0 -0.5
v 5 1 0.5
v 5 0 0.5
v 2 -1 -3
v 2 -2 -3
v 2 -1 3
v 2 -2 3
v 2 -4 -2.5
v 2 -4 2.5
v 1 -4 2.5
v 1 -4 -2.5
v 1 -5 -2.5
v 1 -5 2.5
v 0 -4 -2.5
v 0 -4 2.5
v 8 4 -1
v 8 4 1
v 8 3 1
v 8 3 -1
v 8 3 -1.5
v 8 3 1.5
v 7 3 1.5
v 7 3 -1.5
v 0 4 -2.5
v 0 3 -2.5
v 0 4 2.5
v 0 3 2.5
v -2 4 -2.5
v -2 4 2.5
v -2 3 2.5
v -2 3 -2.5
v -4 4 -1
v -4 3 -1
v -4 4 1
v -4 3 1
v -5 4 -1
v -5 4 1
v -5 3 1
v -5 3 -1
v 0 2 2.5
v 0 2 -2.5
v 0 3 -3
v 0 2 -3
v 0 3 3
v 0 2 3
v -1 3 -3
v -1 3 3
v -3 3 -2.5
v -3 2 -2.5
v -3 3 2.5
v -3 2 2.5
v -8 3 -2.5
v -8 2 -2.5
v -8 3 2.5
v -8 2 2.5
v -9 3 -2.5
v -9 3 2.5
v -9 2 2.5
v -9 2 -2.5
v -2 2 -3
v -2 1 -3
v -2 2 3
v -2 1 3
v -8 0 -3
v -8 0 3
v -4 0 -3
v -4 -1 -3
v -4 0 3
v -4 -1 3
v -9 -1 -3
v -9 -1 3
v -5 -2 -3
v -5 -2 3
v -10 -2 -3
v -10 -2 3
v -10 -3 -3
v -10 -3 3
v 6 -4 -2.5
v 6 -5 -2.5
v 6 -4 2.5
v 6 -5 2.5
v 4 -7 2.5
v 4 -7 -2.5
v 5 -8 2.5
v 5 -8 -2.5
v 6 -9 2.5
v 6 -9 -2.5
v 0 4 -2
v 0 4 2
v 0 3 2
v 0 3 -2
v -2 3 -1
v -2 3 1
v -3 3 1
v -3 3 -1
v 9 2 -1
v 9 2 1
v 9 -3 -0.5
v 9 -3 0.5
v 8 -3 0.5
v 8 -3 -0.5
v 0 -2 -2
v 0 -3 -2
v 0 -2 2
v 0 -3 2
v -1 -2 -2
v -1 -2 2
v -1 -3 2
v -1 -3 -2
v -3 3 -1.5
v -3 3 1.5
v -3 2 1.5
v -3 2 -1.5
v 8 -3 -2.5
v 8 -4 -2.5
v 8 -3 2.5
v 8 -4 2.5
v 7 -3 -2.5
v 7 -3 2.5
v 7 -4 2.5
v 7 -4 -2.5
v -5 2 -2
v -5 1 -2
v -5 2 2
v -5 1 2
v -6 2 -2
v -6 2 2
v -6 1 2
v -6 1 -2
v 3 1 -2
v 3 0 -2
v 3 1 2
v 3 0 2
v 2 1 -2
v 2 1 2
v 2 0 2
v 2 0 -2
v -1 0 -3
v -1 0 3
v -2 0 3
v -2 0 -3
v -2 1 -2.5
v -2 0 -2.5
v -2 1 2.5
v -2 0 2.5
v -3 1 -2.5
v -3 1 2.5
v -3 0 2.5
v -3 0 -2.5
v -3 -1 -2.5
v -3 -1 2.5
v -4 0 -2.5
v -4 0 2.5
v -4 -1 2.5
v -4 -1 -2.5
v 3 -1 -2
v 3 -1 2
v 2 -1 -2
v 2 -1 2
v -1 -1 -3
v -1 -2 -3
v -1 -1 3
v -1 -2 3
v -2 -1 -3
v -2 -1 3
v -2 -2 3
v -2 -2 -3
v -5 1 -3.5
v -5 0 -3.5
v -5 1 3.5
v -5 0 3.5
v -6 1 -3.5
v -6 1 3.5
v -6 0 3.5
v -6 0 -3.5
v -1 -3 -1.5
v -1 -4 -1.5
v -1 -3 1.5
v -1 -4 1.5
v -2 -3 -1.5
v -2 -3 1.5
v -2 -4 1.5
v -2 -4 -1.5
v -8 1 -3.5
v -8 1 3.5
v -8 0 3.5
v -8 0 -3.5
v -4 -2 -2.5
v -4 -2 2.5
v -5 -1 -2.5
v -5 -1 2.5
v -5 -2 2.5
v -5 -2 -2.5
v -2 -3 -3
v -2 -3 3
v -3 -2 -3
v -3 -2 3
v -3 -3 3
v -3 -3 -3
v -13 1 -1
v -13 0 -1
v -13 1 1
v -13 0 1
v -14 1 -1
v -14 1 1
v -14 0 1
v -14 0 -1
v -13 0 -1.5
v -13 -1 -1.5
v -13 0 1.5
v -13 -1 1.5
v -14 0 -1.5
v -14 0 1.5
v -14 -1 1.5
v -14 -1 -1.5
v -13 -1 -1
v -13 -2 -1
v -13 -1 1
v -13 -2 1
v -14 -1 -1
v -14 -1 1
v -14 -2 1
v -14 -2 -1
v 5 -1 -0.5
v 5 -1 0.5
v 4 -1 0.5
v 4 -1 -0.5
v -1 0 -3.5
v -1 -1 -3.5
v -1 0 3.5
v -1 -1 3.5
v -2 0 -3.5
v -2 0 3.5
v -2 -1 3.5
v -2 -1 -3.5
v -3 -1 3
v -3 -1 -3
v -4 -2 3
v -4 -2 -3
v -6 -1 -3.5
v -6 -1 3.5
v -8 -1 3.5
v -8 -1 -3.5
v -2 -2 -3.5
v -2 -2 3.5
v -3 -1 -3.5
v -3 -1 3.5
v -3 -2 3.5
v -3 -2 -3.5
v -1 -2 -3.5
v -1 -3 -3.5
v -1 -2 3.5
v -1 -3 3.5
v -2 -3 3.5
v -2 -3 -3.5
v -3 -3 -1.5
v -3 -3 1.5
v -3 -4 1.5
v -3 -4 -1.5

vn 1 0 0
vn 0 1 0
vn 0 -1 0
vn -1 0 0
vn 0 0 -1
vn 0 0 1

vt -19.68504 19.68504
vt 19.68504 19.68504
vt -19.68504 -19.68504
vt 0 NaN
vt 0 0
vt 0 NaN
vt 0 NaN
vt 0 NaN
vt 0 NaN
vt 0 NaN
vt 19.68504 -19.68504
vt 0 NaN
vt 0 NaN
vt 0 NaN
vt 0 NaN
vt 0 NaN
vt 0 NaN
vt 0 NaN
vt 0 NaN
vt 0 NaN
vt 0 NaN
vt 0 NaN
vt 0 NaN
vt 0 NaN
vt 0 NaN
vt 0 NaN
vt 0 NaN
vt 0 NaN
vt 0 NaN
vt 0 NaN
vt 0 NaN
vt 0 NaN
vt 0 NaN
vt 0 NaN
vt 0 NaN
vt 0 NaN
vt 0 NaN
vt 0 NaN
vt 0 NaN
vt 0 NaN
vt 0 NaN
vt 0 NaN
vt 0 NaN
vt 0 NaN
vt 0 NaN
vt 0 NaN
vt 0 NaN
vt 0 NaN
vt 0 NaN
vt 0 NaN
vt 0 NaN
vt 0 NaN
vt 0 NaN
vt 0 NaN
vt 0 NaN
vt 0 NaN
vt 0 NaN
vt 0 NaN
vt 0 NaN
vt 0 NaN
vt 0 NaN
vt 0 NaN
vt 0 NaN
vt 0 NaN
vt 0 NaN
vt 0 NaN
vt 0 NaN
vt 0 NaN
vt 0 NaN
vt 0 NaN
vt 0 NaN
vt 0 NaN
vt 0 NaN
vt 0 NaN
vt 0 NaN
vt 0 NaN
vt 0 NaN
vt 0 NaN
vt 0 NaN
vt 0 NaN
vt 0 NaN
vt 0 NaN
vt 0 NaN
vt 0 NaN
vt 0 NaN
vt 0 NaN
vt 0 NaN
vt 0 NaN
vt 0 NaN
vt 0 NaN
vt 0 NaN
vt 0 NaN
vt 0 NaN
vt 0 NaN
vt 0 NaN
vt 0 NaN
vt 0 NaN
vt 0 NaN
vt 0 NaN
vt 0 NaN
vt 0 NaN
vt 0 NaN
vt 0 NaN
vt 0 NaN
vt 0 NaN
vt 0 NaN
vt 0 NaN
vt 0 NaN
vt 0 NaN
vt 0 NaN
vt 0 NaN
vt 0 NaN
vt 0 NaN
vt 0 NaN
vt 0 NaN
vt 0 NaN
vt 0 NaN
vt 0 NaN
vt 0 NaN
vt 0 NaN
vt 0 NaN
vt 0 NaN
vt 0 NaN
vt 0 NaN
vt 0 NaN
vt 0 NaN
vt 0 NaN
vt 0 NaN
vt 0 NaN
vt 0 NaN
vt 0 NaN
vt 0 NaN
vt 0 NaN
vt 0 NaN
vt 0 NaN
vt 0 NaN
vt 0 NaN
vt 0 NaN
vt 0 NaN
vt 0 NaN
vt 0 NaN
vt 0 NaN
vt 0 NaN
vt 0 NaN
vt 0 NaN
vt 0 NaN
vt 0 NaN
vt 0 NaN
vt 0 NaN
vt 0 NaN
vt 0 NaN
vt 0 NaN
vt 0 NaN
vt 0 NaN
vt 0 NaN
vt 0 NaN
vt 0 NaN
vt 0 NaN
vt 0 NaN
vt 0 NaN
vt 0 NaN
vt 0 NaN
vt 0 NaN
vt 0 NaN
vt 0 NaN
vt 0 NaN
vt 0 NaN
vt 0 NaN
vt 0 NaN
vt 0 NaN
vt 0 NaN
vt 0 NaN
vt 0 NaN
vt 0 NaN
vt 0 NaN
vt 0 NaN
vt 0 NaN
vt 0 NaN
vt 0 NaN
vt 0 NaN
vt 0 NaN
vt 0 NaN
vt 0 NaN
vt 0 NaN
vt 0 NaN
vt 0 NaN
vt 0 NaN
vt 0 NaN
vt 0 NaN
vt 0 NaN
vt 0 NaN
vt 0 NaN
vt 0 NaN
vt 0 NaN
vt 0 NaN
vt 0 NaN
vt 0 NaN
vt 0 NaN
vt 0 NaN
vt 0 NaN
vt 0 NaN
vt 0 NaN
vt 0 NaN
vt 0 NaN
vt 0 NaN
vt 0 NaN
vt 0 NaN
vt 0 NaN
vt 0 NaN
vt 0 NaN
vt 0 NaN
vt 0 NaN
vt 0 NaN
vt 0 NaN
vt 0 NaN
vt 0 NaN
vt 0 NaN
vt 0 NaN
vt 0 NaN
vt 0 NaN
vt 0 NaN
vt 0 NaN
vt 0 NaN
vt 0 NaN
vt 0 NaN
vt 0 NaN
vt 0 NaN
vt 0 NaN
vt 0 NaN
vt 0 NaN
vt 0 NaN
vt 0 NaN
vt 0 NaN
vt 0 NaN
vt 0 NaN
vt 0 NaN
vt 0 NaN
vt 0 NaN
vt 0 NaN
vt 0 NaN
vt 0 NaN
vt 0 NaN
vt 0 NaN
vt 0 NaN
vt 0 NaN
vt 0 NaN
vt 0 NaN
vt 0 NaN
vt 0 NaN
vt 0 NaN
vt 0 NaN
vt 0 NaN
vt 0 NaN
vt 0 NaN
vt 0 NaN
vt 0 NaN
vt 0 NaN
vt 0 NaN
vt 0 NaN
vt 0 NaN
vt 0 NaN
vt 0 NaN
vt 0 NaN
vt 0 NaN
vt 0 NaN
vt 0 NaN
vt 0 NaN
vt 0 NaN
vt 0 NaN
vt 0 NaN
vt 0 NaN
vt 0 NaN
vt 0 NaN
vt 0 NaN
vt 0 NaN
vt 0 NaN
vt 0 NaN
vt 0 NaN
vt 0 NaN
vt 0 NaN
vt 0 NaN
vt 0 NaN
vt 0 NaN
vt 0 NaN
vt 0 NaN
vt 0 NaN
vt 0 NaN
vt 0 NaN
vt 0 NaN
vt 0 NaN
vt 0 NaN
vt 0 NaN
vt 0 NaN
vt 0 NaN
vt 0 NaN
vt 0 NaN
vt 0 NaN
vt 0 NaN
vt 0 NaN
vt 0 NaN
vt 0 NaN
vt 0 NaN
vt 0 NaN
vt 0 NaN
vt 0 NaN
vt 0 NaN
vt 0 NaN
vt 0 NaN
vt 0 NaN
vt 0 NaN
vt 0 NaN
vt 0 NaN
vt 0 NaN
vt 0 NaN
vt 0 NaN
vt 0 NaN
vt 0 NaN
vt 0 NaN
vt 0 NaN
vt 0 NaN
vt 0 NaN
vt 0 NaN
vt 0 NaN
vt 0 NaN
vt 0 NaN
vt 0 NaN
vt 0 NaN
vt 0 NaN
vt 0 NaN
vt 0 NaN
vt 0 NaN
vt 0 NaN
vt 0 NaN
vt 0 NaN
vt 0 NaN
vt 0 NaN
vt 0 NaN
vt 0 NaN
vt 0 NaN
vt 0 NaN
vt 0 NaN
vt 0 NaN
vt 0 NaN
vt 0 NaN
vt 0 NaN
vt 0 NaN
vt 0 NaN
vt 0 NaN
vt 0 NaN
vt 0 NaN
vt 0 NaN
vt 0 NaN
vt 0 NaN
vt 0 NaN
vt 0 NaN
vt 0 NaN
vt 0 NaN
vt 0 NaN
vt 0 NaN
vt 0 NaN
vt 0 NaN
vt 0 NaN
vt 0 NaN
vt 0 NaN
vt 0 NaN
vt 0 NaN
vt 0 NaN
vt 0 NaN
vt 0 NaN
vt 0 NaN
vt 0 NaN
vt 0 NaN
vt 0 NaN
vt 0 NaN
vt 0 NaN
vt 0 NaN
vt 0 NaN
vt 0 NaN
vt 0 NaN
vt 0 NaN
vt 0 NaN
vt 0 NaN
vt 0 NaN
vt 0 NaN
vt 0 NaN
vt 0 NaN
vt 0 NaN
vt 0 NaN
vt 0 NaN
vt 0 NaN
vt 0 NaN
vt 0 NaN
vt 0 NaN
vt 0 NaN
vt 0 NaN
vt 0 NaN
vt 0 NaN
vt 0 NaN
vt 0 NaN
vt 0 NaN
vt 0 NaN
vt 0 NaN
vt 0 NaN
vt 0 NaN
vt 0 NaN
vt 0 NaN
vt 0 NaN
vt 0 NaN
vt 0 NaN
vt 0 NaN
vt 0 NaN
vt 0 NaN
vt 0 NaN
vt 0 NaN
vt 0 NaN
vt 0 NaN
vt 0 NaN
vt 0 NaN
vt 0 NaN
vt 0 NaN
vt 0 NaN
vt 0 NaN
vt 0 NaN
vt 0 NaN
vt 0 NaN
vt 0 NaN
vt 0 NaN
vt 0 NaN
vt 0 NaN
vt 0 NaN
vt 0 NaN
vt 0 NaN
vt 0 NaN
vt 0 NaN
vt 0 NaN
vt 0 NaN
vt 0 NaN
vt 0 NaN
vt 0 NaN
vt 0 NaN
vt 0 NaN
vt 0 NaN
vt 0 NaN
vt 0 NaN
vt 0 NaN
vt 0 NaN
vt 0 NaN
vt 0 NaN
vt 0 NaN
vt 0 NaN
vt 0 NaN
vt 0 NaN
vt 0 NaN
vt 0 NaN
vt 0 NaN
vt 0 NaN
vt 0 NaN
vt 0 NaN
vt 0 NaN
vt 0 NaN
vt 0 NaN
vt 0 NaN
vt 0 NaN
vt 0 NaN
vt 0 NaN
vt 0 NaN
vt 0 NaN
vt 0 NaN
vt 0 NaN
vt 0 NaN
vt 0 NaN
vt 0 NaN
vt 0 NaN
vt 0 NaN
vt 0 NaN
vt 0 NaN
vt 0 NaN
vt 0 NaN
vt 0 NaN
vt 0 NaN
vt 0 NaN
vt 0 NaN
vt 0 NaN
vt 0 NaN
vt 0 NaN
vt 0 NaN
vt 0 NaN
vt 0 NaN
vt 0 NaN
vt 0 NaN
vt 0 NaN
vt 0 NaN
vt 0 NaN
vt 0 NaN
vt 0 NaN
vt 0 NaN
vt 0 NaN
vt 0 NaN
vt 0 NaN
vt 0 NaN
vt 0 NaN
vt 0 NaN
vt 0 NaN
vt 0 NaN
vt 0 NaN
vt 0 NaN
vt 0 NaN
vt 0 NaN
vt 0 NaN
vt 0 NaN
vt 0 NaN
vt 0 NaN
vt 0 NaN
vt 0 NaN
vt 0 NaN
vt 0 NaN
vt 0 NaN
vt 0 NaN
vt 0 NaN
vt 0 NaN
vt 0 NaN
vt 0 NaN
vt 0 NaN
vt 0 NaN
vt 0 NaN
vt 0 NaN
vt 0 NaN
vt 0 NaN
vt 0 NaN
vt 0 NaN
vt 0 NaN
vt 0 NaN
vt 0 NaN
vt 0 NaN
vt 0 NaN
vt 0 NaN
vt 0 NaN
vt 0 NaN
vt 0 NaN
vt 0 NaN
vt 0 NaN
vt 0 NaN
vt 0 NaN
vt 0 NaN
vt 0 NaN
vt 0 NaN
vt 0 NaN
vt 0 NaN
vt 0 NaN
vt 0 NaN
vt 0 NaN
vt 0 NaN
vt 0 NaN
vt 0 NaN
vt 0 NaN
vt 0 NaN
vt 0 NaN
vt 0 NaN
vt 0 NaN
vt 0 NaN
vt 0 NaN
vt 0 NaN
vt 0 NaN
vt 0 NaN
vt 0 NaN
vt 0 NaN
vt 0 NaN
vt 0 NaN
vt 0 NaN
vt 0 NaN
vt 0 NaN
vt 0 NaN
vt 0 NaN
vt 0 NaN
vt 0 NaN
vt 0 NaN
vt 0 NaN
vt 0 NaN
vt 0 NaN
vt 0 NaN
vt 0 NaN
vt 0 NaN
vt 0 NaN
vt 0 NaN
vt 0 NaN
vt 0 NaN
vt 0 NaN
vt 0 NaN
vt 0 NaN
vt 0 NaN
vt 0 NaN
vt 0 NaN
vt 0 NaN
vt 0 NaN
vt 0 NaN
vt 0 NaN
vt 0 NaN
vt 0 NaN
vt 0 NaN
vt 0 NaN
vt 0 NaN
vt 0 NaN
vt 0 NaN
vt 0 NaN
vt 0 NaN
vt 0 NaN
vt 0 NaN
vt 0 NaN
vt 0 NaN
vt 0 NaN
vt 0 NaN
vt 0 NaN
vt 0 NaN
vt 0 NaN
vt 0 NaN
vt 0 NaN
vt 0 NaN
vt 0 NaN
vt 0 NaN
vt 0 NaN
vt 0 NaN
vt 0 NaN
vt 0 NaN
vt 0 NaN
vt 0 NaN
vt 0 NaN
vt 0 NaN
vt 0 NaN
vt 0 NaN
vt 0 NaN
vt 0 NaN
vt 0 NaN
vt 0 NaN
vt 0 NaN
vt 0 NaN
vt 0 NaN
vt 0 NaN
vt 0 NaN
vt 0 NaN
vt 0 NaN
vt 0 NaN
vt 0 NaN
vt 0 NaN
vt 0 NaN
vt 0 NaN
vt 0 NaN
vt 0 NaN
vt 0 NaN
vt 0 NaN
vt 0 NaN
vt 0 NaN
vt 0 NaN
vt 0 NaN
vt 0 NaN
vt 0 NaN
vt 0 NaN
vt 0 NaN
vt 0 NaN
vt 0 NaN
vt 0 NaN
vt 0 NaN
vt 0 NaN
vt 0 NaN
vt 0 NaN
vt 0 NaN
vt 0 NaN
vt 0 NaN
vt 0 NaN
vt 0 NaN
vt 0 NaN
vt 0 NaN
vt 0 NaN
vt 0 NaN
vt 0 NaN
vt 0 NaN
vt 0 NaN
vt 0 NaN
vt 0 NaN
vt 0 NaN
vt 0 NaN
vt 0 NaN
vt 0 NaN
vt 0 NaN
vt 0 NaN
vt 0 NaN
vt 0 NaN
vt 0 NaN
vt 0 NaN
vt 0 NaN
vt 0 NaN
vt 0 NaN
vt 0 NaN
vt 0 NaN
vt 0 NaN
vt 0 NaN
vt 0 NaN
vt 0 NaN
vt 0 NaN
vt 0 NaN
vt 0 NaN
vt 0 NaN
vt 0 NaN
vt 0 NaN
vt 0 NaN
vt 0 NaN
vt 0 NaN
vt 0 NaN
vt 0 NaN
vt 0 NaN
vt 0 NaN
vt 0 NaN
vt 0 NaN
vt 0 NaN
vt 0 NaN
vt 0 NaN
vt 0 NaN
vt 0 NaN
vt 0 NaN
vt 0 NaN
vt 0 NaN
vt 0 NaN
vt 0 NaN
vt 0 NaN
vt 0 NaN
vt 0 NaN
vt 0 NaN
vt 0 NaN
vt 0 NaN
vt 0 NaN
vt 0 NaN
vt 0 NaN
vt 0 NaN
vt 0 NaN
vt 0 NaN
vt 0 NaN
vt 0 NaN
vt 0 NaN
vt 0 NaN
vt 0 NaN
vt 0 NaN
vt 0 NaN
vt 0 NaN
vt 0 NaN
vt 0 NaN
vt 0 NaN
vt 0 NaN
vt 0 NaN
vt 0 NaN
vt 0 NaN
vt 0 NaN
vt 0 NaN
vt 0 NaN
vt 0 NaN
vt 0 NaN
vt 0 NaN
vt 0 NaN
vt 0 NaN
vt 0 NaN
vt 0 NaN
vt 0 NaN
vt 0 NaN
vt 0 NaN
vt 0 NaN
vt 0 NaN
vt 0 NaN
vt 0 NaN
vt 0 NaN
vt 0 NaN
vt 0 NaN
vt 0 NaN
vt 0 NaN
vt 0 NaN
vt 0 NaN
vt 0 NaN
vt 0 NaN
vt 0 NaN
vt 0 NaN
vt 0 NaN
vt 0 NaN
vt 0 NaN
vt 0 NaN
vt 0 NaN
vt 0 NaN
vt 0 NaN
vt 0 NaN
vt 0 NaN
vt 0 NaN
vt 0 NaN
vt 0 NaN
vt 0 NaN
vt 0 NaN
vt 0 NaN
vt 0 NaN
vt 0 NaN
vt 0 NaN
vt 0 NaN
vt 0 NaN
vt 0 NaN
vt 0 NaN
vt 0 NaN
vt 0 NaN
vt 0 NaN
vt 0 NaN
vt 0 NaN
vt 0 NaN
vt 0 NaN
vt 0 NaN
vt 0 NaN
vt 0 NaN
vt 0 NaN
vt 0 NaN
vt 0 NaN
vt 0 NaN
vt 0 NaN
vt 0 NaN
vt 0 NaN
vt 0 NaN
vt 0 NaN
vt 0 NaN
vt 0 NaN
vt 0 NaN
vt 0 NaN
vt 0 NaN
vt 0 NaN
vt 0 NaN
vt 0 NaN
vt 0 NaN
vt 0 NaN
vt 0 NaN
vt 0 NaN
vt 0 NaN
vt 0 NaN
vt 0 NaN
vt 0 NaN
vt 0 NaN
vt 0 NaN
vt 0 NaN
vt 0 NaN
vt 0 NaN
vt 0 NaN
vt 0 NaN
vt 0 NaN
vt 0 NaN
vt 0 NaN
vt 0 NaN
vt 0 NaN
vt 0 NaN
vt 0 NaN
vt 0 NaN
vt 0 NaN
vt 0 NaN
vt 0 NaN
vt 0 NaN
vt 0 NaN
vt 0 NaN
vt 0 NaN
vt 0 NaN
vt 0 NaN
vt 0 NaN
vt 0 NaN
vt 0 NaN
vt 0 NaN
vt 0 NaN
vt 0 NaN
vt 0 NaN
vt 0 NaN
vt 0 NaN
vt 0 NaN
vt 0 NaN
vt 0 NaN
vt 0 NaN
vt 0 NaN
vt 0 NaN
vt 0 NaN
vt 0 NaN
vt 0 NaN
vt 0 NaN
vt 0 NaN
vt 0 NaN
vt 0 NaN
vt 0 NaN
vt 0 NaN
vt 0 NaN
vt 0 NaN
vt 0 NaN
vt 0 NaN
vt 0 NaN
vt 0 NaN
vt 0 NaN
vt 0 NaN
vt 0 NaN
vt 0 NaN
vt 0 NaN
vt 0 NaN
vt 0 NaN
vt 0 NaN
vt 0 NaN
vt 0 NaN
vt 0 NaN
vt 0 NaN
vt 0 NaN
vt 0 NaN
vt 0 NaN
vt 0 NaN
vt 0 NaN
vt 0 NaN
vt 0 NaN
vt 0 NaN
vt 0 NaN
vt 0 NaN
vt 0 NaN
vt 0 NaN
vt 0 NaN
vt 0 NaN
vt 0 NaN
vt 0 NaN
vt 0 NaN
vt 0 NaN
vt 0 NaN
vt 0 NaN
vt 0 NaN
vt 0 NaN
vt 0 NaN
vt 0 NaN
vt 0 NaN
vt 0 NaN
vt 0 NaN
vt 0 NaN
vt 0 NaN
vt 0 NaN
vt 0 NaN
vt 0 NaN
vt 0 NaN
vt 0 NaN
vt 0 NaN
vt 0 NaN
vt 0 NaN
vt 0 NaN
vt 0 NaN
vt 0 NaN
vt 0 NaN
vt 0 NaN
vt 0 NaN
vt 0 NaN
vt 0 NaN
vt 0 NaN
vt 0 NaN
vt 0 NaN
vt 0 NaN
vt 0 NaN
vt 0 NaN
vt 0 NaN
vt 0 NaN
vt 0 NaN
vt 0 NaN
vt 0 NaN
vt 0 NaN
vt 0 NaN
vt 0 NaN
vt 0 NaN
vt 0 NaN
vt 0 NaN
vt 0 NaN
vt 0 NaN
vt 0 NaN
vt 0 NaN
vt 0 NaN
vt 0 NaN
vt 0 NaN
vt 0 NaN
vt 0 NaN
vt 0 NaN
vt 0 NaN
vt 0 NaN
vt 0 NaN
vt 0 NaN
vt 0 NaN
vt 0 NaN
vt 0 NaN
vt 0 NaN
vt 0 NaN
vt 0 NaN
vt 0 NaN
vt 0 NaN
vt 0 NaN
vt 0 NaN
vt 0 NaN
vt 0 NaN
vt 0 NaN
vt 0 NaN
vt 0 NaN
vt 0 NaN
vt 0 NaN
vt 0 NaN
vt 0 NaN
vt 0 NaN
vt 0 NaN
vt 0 NaN
vt 0 NaN
vt 0 NaN
vt 0 NaN
vt 0 NaN
vt 0 NaN
vt 0 NaN
vt 0 NaN
vt 0 NaN
vt 0 NaN
vt 0 NaN
vt 0 NaN
vt 0 NaN
vt 0 NaN
vt 0 NaN
vt 0 NaN
vt 0 NaN
vt 0 NaN
vt 0 NaN
vt 0 NaN
vt 0 NaN
vt 0 NaN
vt 0 NaN
vt 0 NaN
vt 0 NaN
vt 0 NaN
vt 0 NaN
vt 0 NaN
vt 0 NaN
vt 0 NaN
vt 0 NaN
vt 0 NaN
vt 0 NaN
vt 0 NaN
vt 0 NaN
vt 0 NaN
vt 0 NaN
vt 0 NaN
vt 0 NaN
vt 0 NaN
vt 0 NaN
vt 0 NaN
vt 0 NaN
vt 0 NaN
vt 0 NaN
vt 0 NaN
vt 0 NaN
vt 0 NaN
vt 0 NaN
vt 0 NaN
vt 0 NaN
vt 0 NaN
vt 0 NaN
vt 0 NaN
vt 0 NaN
vt 0 NaN
vt 0 NaN
vt 0 NaN
vt 0 NaN
vt 0 NaN
vt 0 NaN
vt 0 NaN
vt 0 NaN
vt 0 NaN
vt 0 NaN
vt 0 NaN
vt 0 NaN
vt 0 NaN
vt 0 NaN
vt 0 NaN
vt 0 NaN
vt 0 NaN
vt 0 NaN
vt 0 NaN
vt 0 NaN
vt 0 NaN
vt 0 NaN
vt 0 NaN
vt 0 NaN
vt 0 NaN
vt 0 NaN
vt 0 NaN
vt 0 NaN
vt 0 NaN
vt 0 NaN
vt 0 NaN
vt 0 NaN
vt 0 NaN
vt 0 NaN
vt 0 NaN
vt 0 NaN
vt 0 NaN
vt 0 NaN
vt 0 NaN
vt 0 NaN
vt 0 NaN
vt 0 NaN
vt 0 NaN
vt 0 NaN
vt 0 NaN
vt 0 NaN
vt 0 NaN
vt 0 NaN
vt 0 NaN
vt 0 NaN
vt 0 NaN
vt 0 NaN
vt 0 NaN
vt 0 NaN
vt 0 NaN
vt 0 NaN
vt 0 NaN
vt 0 NaN
vt 0 NaN
vt 0 NaN
vt 0 NaN
vt 0 NaN
vt 0 NaN
vt 0 NaN
vt 0 NaN
vt 0 NaN
vt 0 NaN
vt 0 NaN
vt 0 NaN

usemtl color12

f 3/3/1 2/2/1 1/1/1
f 2/3/1 3/2/1 4/1/1
f 5/3/2 3/2/2 1/1/2
f 3/3/2 5/2/2 6/1/2
f 7/5/3 2/5/3 4/4/3
f 2/5/3 7/5/3 8/6/3
f 7/5/4 5/5/4 8/7/4
f 5/5/4 7/5/4 6/8/4
f 5/5/5 2/5/5 8/9/5
f 2/5/5 5/5/5 1/10/5
f 3/2/6 7/3/6 4/11/6
f 7/3/6 3/2/6 6/1/6
f 3/3/1 9/2/1 1/1/1
f 9/3/1 3/2/1 10/1/1
f 5/3/2 3/2/2 1/1/2
f 3/3/2 5/2/2 6/1/2
f 11/5/3 9/5/3 10/12/3
f 9/5/3 11/5/3 12/13/3
f 11/5/4 5/5/4 12/14/4
f 5/5/4 11/5/4 6/8/4
f 5/5/5 9/5/5 12/15/5
f 9/5/5 5/5/5 1/10/5
f 3/2/6 11/3/6 10/11/6
f 11/3/6 3/2/6 6/1/6
f 15/3/1 14/2/1 13/1/1
f 14/3/1 15/2/1 16/1/1
f 17/3/2 15/2/2 13/1/2
f 15/3/2 17/2/2 18/1/2
f 19/5/3 14/5/3 16/16/3
f 14/5/3 19/5/3 20/17/3
f 19/5/4 17/5/4 20/18/4
f 17/5/4 19/5/4 18/19/4
f 17/5/5 14/5/5 20/20/5
f 14/5/5 17/5/5 13/21/5
f 15/2/6 19/3/6 16/11/6
f 19/3/6 15/2/6 18/1/6
f 23/3/1 22/2/1 21/1/1
f 22/3/1 23/2/1 24/1/1
f 25/3/2 23/2/2 21/1/2
f 23/3/2 25/2/2 26/1/2
f 27/5/3 22/5/3 24/22/3
f 22/5/3 27/5/3 28/23/3
f 27/5/4 25/5/4 28/24/4
f 25/5/4 27/5/4 26/25/4
f 25/5/5 22/5/5 28/26/5
f 22/5/5 25/5/5 21/27/5
f 23/2/6 27/3/6 24/11/6
f 27/3/6 23/2/6 26/1/6
f 31/3/1 30/2/1 29/1/1
f 30/3/1 31/2/1 32/1/1
f 33/3/2 31/2/2 29/1/2
f 31/3/2 33/2/2 34/1/2
f 35/5/3 30/5/3 32/28/3
f 30/5/3 35/5/3 36/29/3
f 35/5/4 33/5/4 36/30/4
f 33/5/4 35/5/4 34/31/4
f 33/5/5 30/5/5 36/32/5
f 30/5/5 33/5/5 29/33/5
f 31/2/6 35/3/6 32/11/6
f 35/3/6 31/2/6 34/1/6
f 39/3/1 38/2/1 37/1/1
f 38/3/1 39/2/1 40/1/1
f 41/3/2 39/2/2 37/1/2
f 39/3/2 41/2/2 42/1/2
f 43/5/3 38/5/3 40/34/3
f 38/5/3 43/5/3 44/35/3
f 43/5/4 41/5/4 44/36/4
f 41/5/4 43/5/4 42/37/4
f 41/5/5 38/5/5 44/38/5
f 38/5/5 41/5/5 37/39/5
f 39/2/6 43/3/6 40/11/6
f 43/3/6 39/2/6 42/1/6
f 47/3/1 46/2/1 45/1/1
f 46/3/1 47/2/1 48/1/1
f 49/3/2 47/2/2 45/1/2
f 47/3/2 49/2/2 50/1/2
f 51/5/3 46/5/3 48/40/3
f 46/5/3 51/5/3 52/41/3
f 51/5/4 49/5/4 52/42/4
f 49/5/4 51/5/4 50/43/4
f 49/5/5 46/5/5 52/44/5
f 46/5/5 49/5/5 45/45/5
f 47/2/6 51/3/6 48/11/6
f 51/3/6 47/2/6 50/1/6
f 55/3/1 54/2/1 53/1/1
f 54/3/1 55/2/1 56/1/1
f 57/3/2 55/2/2 53/1/2
f 55/3/2 57/2/2 58/1/2
f 59/5/3 54/5/3 56/46/3
f 54/5/3 59/5/3 60/47/3
f 59/5/4 57/5/4 60/48/4
f 57/5/4 59/5/4 58/49/4
f 57/5/5 54/5/5 60/50/5
f 54/5/5 57/5/5 53/51/5
f 55/2/6 59/3/6 56/11/6
f 59/3/6 55/2/6 58/1/6
f 63/3/1 62/2/1 61/1/1
f 62/3/1 63/2/1 64/1/1
f 65/3/2 63/2/2 61/1/2
f 63/3/2 65/2/2 66/1/2
f 67/5/3 62/5/3 64/52/3
f 62/5/3 67/5/3 68/53/3
f 67/5/4 65/5/4 68/54/4
f 65/5/4 67/5/4 66/55/4
f 65/5/5 62/5/5 68/56/5
f 62/5/5 65/5/5 61/57/5
f 63/2/6 67/3/6 64/11/6
f 67/3/6 63/2/6 66/1/6
f 71/3/1 70/2/1 69/1/1
f 70/3/1 71/2/1 72/1/1
f 73/3/2 71/2/2 69/1/2
f 71/3/2 73/2/2 74/1/2
f 75/5/3 70/5/3 72/58/3
f 70/5/3 75/5/3 76/59/3
f 75/5/4 73/5/4 76/60/4
f 73/5/4 75/5/4 74/61/4
f 73/5/5 70/5/5 76/62/5
f 70/5/5 73/5/5 69/63/5
f 71/2/6 75/3/6 72/11/6
f 75/3/6 71/2/6 74/1/6
f 79/3/1 78/2/1 77/1/1
f 78/3/1 79/2/1 80/1/1
f 81/3/2 79/2/2 77/1/2
f 79/3/2 81/2/2 82/1/2
f 83/5/3 78/5/3 80/64/3
f 78/5/3 83/5/3 84/65/3
f 83/5/4 81/5/4 84/66/4
f 81/5/4 83/5/4 82/67/4
f 81/5/5 78/5/5 84/68/5
f 78/5/5 81/5/5 77/69/5
f 79/2/6 83/3/6 80/11/6
f 83/3/6 79/2/6 82/1/6
f 87/3/1 86/2/1 85/1/1
f 86/3/1 87/2/1 88/1/1
f 89/3/2 87/2/2 85/1/2
f 87/3/2 89/2/2 90/1/2
f 91/5/3 86/5/3 88/70/3
f 86/5/3 91/5/3 92/71/3
f 91/5/4 89/5/4 92/72/4
f 89/5/4 91/5/4 90/73/4
f 89/5/5 86/5/5 92/74/5
f 86/5/5 89/5/5 85/75/5
f 87/2/6 91/3/6 88/11/6
f 91/3/6 87/2/6 90/1/6

usemtl color9

f 6/3/1 12/2/1 5/1/1
f 12/3/1 6/2/1 11/1/1
f 93/3/2 6/2/2 5/1/2
f 6/3/2 93/2/2 94/1/2
f 95/5/3 12/13/3 11/5/3
f 12/13/3 95/5/3 96/76/3
f 95/5/4 93/5/4 96/77/4
f 93/5/4 95/5/4 94/78/4
f 93/5/5 12/15/5 96/79/5
f 12/15/5 93/5/5 5/5/5
f 6/2/6 95/3/6 11/11/6
f 95/3/6 6/2/6 94/1/6
f 99/3/1 98/2/1 97/1/1
f 98/3/1 99/2/1 100/1/1
f 101/3/2 99/2/2 97/1/2
f 99/3/2 101/2/2 102/1/2
f 103/5/3 98/5/3 100/80/3
f 98/5/3 103/5/3 104/81/3
f 103/5/4 101/5/4 104/82/4
f 101/5/4 103/5/4 102/83/4
f 101/5/5 98/5/5 104/84/5
f 98/5/5 101/5/5 97/85/5
f 99/2/6 103/3/6 100/11/6
f 103/3/6 99/2/6 102/1/6
f 103/3/1 105/2/1 104/1/1
f 105/3/1 103/2/1 106/1/1
f 107/3/2 103/2/2 104/1/2
f 103/3/2 107/2/2 108/1/2
f 109/5/3 105/5/3 106/86/3
f 105/5/3 109/5/3 110/87/3
f 109/5/4 107/5/4 110/88/4
f 107/5/4 109/5/4 108/89/4
f 107/5/5 105/5/5 110/90/5
f 105/5/5 107/5/5 104/84/5
f 103/2/6 109/3/6 106/11/6
f 109/3/6 103/2/6 108/1/6
f 24/3/1 111/2/1 22/1/1
f 111/3/1 24/2/1 112/1/1
f 28/3/2 24/2/2 22/1/2
f 24/3/2 28/2/2 27/1/2
f 113/5/3 111/5/3 112/91/3
f 111/5/3 113/5/3 114/92/3
f 113/5/4 28/24/4 114/93/4
f 28/24/4 113/5/4 27/5/4
f 28/26/5 111/5/5 114/94/5
f 111/5/5 28/26/5 22/5/5
f 24/2/6 113/3/6 112/11/6
f 113/3/6 24/2/6 27/1/6
f 117/3/1 116/2/1 115/1/1
f 116/3/1 117/2/1 118/1/1
f 119/3/2 117/2/2 115/1/2
f 117/3/2 119/2/2 120/1/2
f 121/5/3 116/5/3 118/95/3
f 116/5/3 121/5/3 122/96/3
f 121/5/4 119/5/4 122/97/4
f 119/5/4 121/5/4 120/98/4
f 119/5/5 116/5/5 122/99/5
f 116/5/5 119/5/5 115/100/5
f 117/2/6 121/3/6 118/11/6
f 121/3/6 117/2/6 120/1/6
f 125/3/1 124/2/1 123/1/1
f 124/3/1 125/2/1 126/1/1
f 127/3/2 125/2/2 123/1/2
f 125/3/2 127/2/2 128/1/2
f 129/5/3 124/5/3 126/101/3
f 124/5/3 129/5/3 130/102/3
f 129/5/4 127/5/4 130/103/4
f 127/5/4 129/5/4 128/104/4
f 127/5/5 124/5/5 130/105/5
f 124/5/5 127/5/5 123/106/5
f 125/2/6 129/3/6 126/11/6
f 129/3/6 125/2/6 128/1/6
f 133/3/1 132/2/1 131/1/1
f 132/3/1 133/2/1 134/1/1
f 135/3/2 133/2/2 131/1/2
f 133/3/2 135/2/2 136/1/2
f 137/5/3 132/5/3 134/107/3
f 132/5/3 137/5/3 138/108/3
f 137/5/4 135/5/4 138/109/4
f 135/5/4 137/5/4 136/110/4
f 135/5/5 132/5/5 138/111/5
f 132/5/5 135/5/5 131/112/5
f 133/2/6 137/3/6 134/11/6
f 137/3/6 133/2/6 136/1/6
f 141/3/1 140/2/1 139/1/1
f 140/3/1 141/2/1 142/1/1
f 143/3/2 141/2/2 139/1/2
f 141/3/2 143/2/2 144/1/2
f 145/5/3 140/5/3 142/113/3
f 140/5/3 145/5/3 146/114/3
f 145/5/4 143/5/4 146/115/4
f 143/5/4 145/5/4 144/116/4
f 143/5/5 140/5/5 146/117/5
f 140/5/5 143/5/5 139/118/5
f 141/2/6 145/3/6 142/11/6
f 145/3/6 141/2/6 144/1/6
f 149/3/1 148/2/1 147/1/1
f 148/3/1 149/2/1 150/1/1
f 151/3/2 149/2/2 147/1/2
f 149/3/2 151/2/2 152/1/2
f 153/5/3 148/5/3 150/119/3
f 148/5/3 153/5/3 154/120/3
f 153/5/4 151/5/4 154/121/4
f 151/5/4 153/5/4 152/122/4
f 151/5/5 148/5/5 154/123/5
f 148/5/5 151/5/5 147/124/5
f 149/2/6 153/3/6 150/11/6
f 153/3/6 149/2/6 152/1/6
f 157/3/1 156/2/1 155/1/1
f 156/3/1 157/2/1 158/1/1
f 159/3/2 157/2/2 155/1/2
f 157/3/2 159/2/2 160/1/2
f 161/5/3 156/5/3 158/125/3
f 156/5/3 161/5/3 162/126/3
f 161/5/4 159/5/4 162/127/4
f 159/5/4 161/5/4 160/128/4
f 159/5/5 156/5/5 162/129/5
f 156/5/5 159/5/5 155/130/5
f 157/2/6 161/3/6 158/11/6
f 161/3/6 157/2/6 160/1/6
f 165/3/1 164/2/1 163/1/1
f 164/3/1 165/2/1 166/1/1
f 167/3/2 165/2/2 163/1/2
f 165/3/2 167/2/2 168/1/2
f 169/5/3 164/5/3 166/131/3
f 164/5/3 169/5/3 170/132/3
f 169/5/4 167/5/4 170/133/4
f 167/5/4 169/5/4 168/134/4
f 167/5/5 164/5/5 170/135/5
f 164/5/5 167/5/5 163/136/5
f 165/2/6 169/3/6 166/11/6
f 169/3/6 165/2/6 168/1/6
f 173/3/1 172/2/1 171/1/1
f 172/3/1 173/2/1 174/1/1
f 175/3/2 173/2/2 171/1/2
f 173/3/2 175/2/2 176/1/2
f 177/5/3 172/5/3 174/137/3
f 172/5/3 177/5/3 178/138/3
f 177/5/4 175/5/4 178/139/4
f 175/5/4 177/5/4 176/140/4
f 175/5/5 172/5/5 178/141/5
f 172/5/5 175/5/5 171/142/5
f 173/2/6 177/3/6 174/11/6
f 177/3/6 173/2/6 176/1/6
f 181/3/1 180/2/1 179/1/1
f 180/3/1 181/2/1 182/1/1
f 77/3/2 181/2/2 179/1/2
f 181/3/2 77/2/2 79/1/2
f 183/5/3 180/5/3 182/143/3
f 180/5/3 183/5/3 184/144/3
f 183/5/4 77/5/4 184/145/4
f 77/5/4 183/5/4 79/146/4
f 77/69/5 180/5/5 184/147/5
f 180/5/5 77/69/5 179/148/5
f 181/2/6 183/3/6 182/11/6
f 183/3/6 181/2/6 79/1/6
f 187/3/1 186/2/1 185/1/1
f 186/3/1 187/2/1 188/1/1
f 189/3/2 187/2/2 185/1/2
f 187/3/2 189/2/2 190/1/2
f 191/5/3 186/5/3 188/149/3
f 186/5/3 191/5/3 192/150/3
f 191/5/4 189/5/4 192/151/4
f 189/5/4 191/5/4 190/152/4
f 189/5/5 186/5/5 192/153/5
f 186/5/5 189/5/5 185/154/5
f 187/2/6 191/3/6 188/11/6
f 191/3/6 187/2/6 190/1/6
f 72/3/1 193/2/1 70/1/1
f 193/3/1 72/2/1 194/1/1
f 76/3/2 72/2/2 70/1/2
f 72/3/2 76/2/2 75/1/2
f 195/5/3 193/5/3 194/155/3
f 193/5/3 195/5/3 196/156/3
f 195/5/4 76/60/4 196/157/4
f 76/60/4 195/5/4 75/5/4
f 76/62/5 193/5/5 196/158/5
f 193/5/5 76/62/5 70/5/5
f 72/2/6 195/3/6 194/11/6
f 195/3/6 72/2/6 75/1/6
f 199/3/1 198/2/1 197/1/1
f 198/3/1 199/2/1 200/1/1
f 201/3/2 199/2/2 197/1/2
f 199/3/2 201/2/2 202/1/2
f 203/5/3 198/5/3 200/159/3
f 198/5/3 203/5/3 204/160/3
f 203/5/4 201/5/4 204/161/4
f 201/5/4 203/5/4 202/162/4
f 201/5/5 198/5/5 204/163/5
f 198/5/5 201/5/5 197/164/5
f 199/2/6 203/3/6 200/11/6
f 203/3/6 199/2/6 202/1/6
f 207/3/1 206/2/1 205/1/1
f 206/3/1 207/2/1 208/1/1
f 209/3/2 207/2/2 205/1/2
f 207/3/2 209/2/2 210/1/2
f 211/5/3 206/5/3 208/165/3
f 206/5/3 211/5/3 212/166/3
f 211/5/4 209/5/4 212/167/4
f 209/5/4 211/5/4 210/168/4
f 209/5/5 206/5/5 212/169/5
f 206/5/5 209/5/5 205/170/5
f 207/2/6 211/3/6 208/11/6
f 211/3/6 207/2/6 210/1/6
f 215/3/1 214/2/1 213/1/1
f 214/3/1 215/2/1 216/1/1
f 217/3/2 215/2/2 213/1/2
f 215/3/2 217/2/2 218/1/2
f 219/5/3 214/5/3 216/171/3
f 214/5/3 219/5/3 220/172/3
f 219/5/4 217/5/4 220/173/4
f 217/5/4 219/5/4 218/174/4
f 217/5/5 214/5/5 220/175/5
f 214/5/5 217/5/5 213/176/5
f 215/2/6 219/3/6 216/11/6
f 219/3/6 215/2/6 218/1/6
f 223/3/1 222/2/1 221/1/1
f 222/3/1 223/2/1 224/1/1
f 225/3/2 223/2/2 221/1/2
f 223/3/2 225/2/2 226/1/2
f 227/5/3 222/5/3 224/177/3
f 222/5/3 227/5/3 228/178/3
f 227/5/4 225/5/4 228/179/4
f 225/5/4 227/5/4 226/180/4
f 225/5/5 222/5/5 228/181/5
f 222/5/5 225/5/5 221/182/5
f 223/2/6 227/3/6 224/11/6
f 227/3/6 223/2/6 226/1/6
f 231/3/1 230/2/1 229/1/1
f 230/3/1 231/2/1 232/1/1
f 204/3/2 231/2/2 229/1/2
f 231/3/2 204/2/2 203/1/2
f 233/5/3 230/5/3 232/183/3
f 230/5/3 233/5/3 234/184/3
f 233/5/4 204/161/4 234/185/4
f 204/161/4 233/5/4 203/5/4
f 204/163/5 230/5/5 234/186/5
f 230/5/5 204/163/5 229/187/5
f 231/2/6 233/3/6 232/11/6
f 233/3/6 231/2/6 203/1/6
f 211/3/1 235/2/1 212/1/1
f 235/3/1 211/2/1 236/1/1
f 237/3/2 211/2/2 212/1/2
f 211/3/2 237/2/2 238/1/2
f 239/5/3 235/5/3 236/188/3
f 235/5/3 239/5/3 240/189/3
f 239/5/4 237/5/4 240/190/4
f 237/5/4 239/5/4 238/191/4
f 237/5/5 235/5/5 240/192/5
f 235/5/5 237/5/5 212/169/5
f 211/2/6 239/3/6 236/11/6
f 239/3/6 211/2/6 238/1/6

usemtl color4

f 243/3/1 242/2/1 241/1/1
f 242/3/1 243/2/1 244/1/1
f 245/3/2 243/2/2 241/1/2
f 243/3/2 245/2/2 246/1/2
f 247/5/3 242/5/3 244/193/3
f 242/5/3 247/5/3 248/194/3
f 247/5/4 245/5/4 248/195/4
f 245/5/4 247/5/4 246/196/4
f 245/5/5 242/5/5 248/197/5
f 242/5/5 245/5/5 241/198/5
f 243/2/6 247/3/6 244/11/6
f 247/3/6 243/2/6 246/1/6
f 251/3/1 250/2/1 249/1/1
f 250/3/1 251/2/1 252/1/1
f 253/3/2 251/2/2 249/1/2
f 251/3/2 253/2/2 254/1/2
f 255/5/3 250/5/3 252/199/3
f 250/5/3 255/5/3 256/200/3
f 255/5/4 253/5/4 256/201/4
f 253/5/4 255/5/4 254/202/4
f 253/5/5 250/5/5 256/203/5
f 250/5/5 253/5/5 249/204/5
f 251/2/6 255/3/6 252/11/6
f 255/3/6 251/2/6 254/1/6
f 259/3/1 258/2/1 257/1/1
f 258/3/1 259/2/1 260/1/1
f 261/3/2 259/2/2 257/1/2
f 259/3/2 261/2/2 262/1/2
f 263/5/3 258/5/3 260/205/3
f 258/5/3 263/5/3 264/206/3
f 263/5/4 261/5/4 264/207/4
f 261/5/4 263/5/4 262/208/4
f 261/5/5 258/5/5 264/209/5
f 258/5/5 261/5/5 257/210/5
f 259/2/6 263/3/6 260/11/6
f 263/3/6 259/2/6 262/1/6
f 267/3/1 266/2/1 265/1/1
f 266/3/1 267/2/1 268/1/1
f 269/3/2 267/2/2 265/1/2
f 267/3/2 269/2/2 270/1/2
f 271/5/3 266/5/3 268/211/3
f 266/5/3 271/5/3 272/212/3
f 271/5/4 269/5/4 272/213/4
f 269/5/4 271/5/4 270/214/4
f 269/5/5 266/5/5 272/215/5
f 266/5/5 269/5/5 265/216/5
f 267/2/6 271/3/6 268/11/6
f 271/3/6 267/2/6 270/1/6
f 275/3/1 274/2/1 273/1/1
f 274/3/1 275/2/1 276/1/1
f 277/3/2 275/2/2 273/1/2
f 275/3/2 277/2/2 278/1/2
f 279/5/3 274/5/3 276/217/3
f 274/5/3 279/5/3 280/218/3
f 279/5/4 277/5/4 280/219/4
f 277/5/4 279/5/4 278/220/4
f 277/5/5 274/5/5 280/221/5
f 274/5/5 277/5/5 273/222/5
f 275/2/6 279/3/6 276/11/6
f 279/3/6 275/2/6 278/1/6
f 283/3/1 282/2/1 281/1/1
f 282/3/1 283/2/1 284/1/1
f 285/3/2 283/2/2 281/1/2
f 283/3/2 285/2/2 286/1/2
f 287/5/3 282/5/3 284/223/3
f 282/5/3 287/5/3 288/224/3
f 287/5/4 285/5/4 288/225/4
f 285/5/4 287/5/4 286/226/4
f 285/5/5 282/5/5 288/227/5
f 282/5/5 285/5/5 281/228/5
f 283/2/6 287/3/6 284/11/6
f 287/3/6 283/2/6 286/1/6
f 291/3/1 290/2/1 289/1/1
f 290/3/1 291/2/1 292/1/1
f 293/3/2 291/2/2 289/1/2
f 291/3/2 293/2/2 294/1/2
f 295/5/3 290/5/3 292/229/3
f 290/5/3 295/5/3 296/230/3
f 295/5/4 293/5/4 296/231/4
f 293/5/4 295/5/4 294/232/4
f 293/5/5 290/5/5 296/233/5
f 290/5/5 293/5/5 289/234/5
f 291/2/6 295/3/6 292/11/6
f 295/3/6 291/2/6 294/1/6
f 299/3/1 298/2/1 297/1/1
f 298/3/1 299/2/1 300/1/1
f 301/3/2 299/2/2 297/1/2
f 299/3/2 301/2/2 302/1/2
f 303/5/3 298/5/3 300/235/3
f 298/5/3 303/5/3 304/236/3
f 303/5/4 301/5/4 304/237/4
f 301/5/4 303/5/4 302/238/4
f 301/5/5 298/5/5 304/239/5
f 298/5/5 301/5/5 297/240/5
f 299/2/6 303/3/6 300/11/6
f 303/3/6 299/2/6 302/1/6
f 303/3/1 305/2/1 304/1/1
f 305/3/1 303/2/1 306/1/1
f 307/3/2 303/2/2 304/1/2
f 303/3/2 307/2/2 308/1/2
f 309/5/3 305/5/3 306/241/3
f 305/5/3 309/5/3 310/242/3
f 309/5/4 307/5/4 310/243/4
f 307/5/4 309/5/4 308/244/4
f 307/5/5 305/5/5 310/245/5
f 305/5/5 307/5/5 304/239/5
f 303/2/6 309/3/6 306/11/6
f 309/3/6 303/2/6 308/1/6
f 309/3/1 311/2/1 310/1/1
f 311/3/1 309/2/1 312/1/1
f 313/3/2 309/2/2 310/1/2
f 309/3/2 313/2/2 314/1/2
f 315/5/3 311/5/3 312/246/3
f 311/5/3 315/5/3 316/247/3
f 315/5/4 313/5/4 316/248/4
f 313/5/4 315/5/4 314/249/4
f 313/5/5 311/5/5 316/250/5
f 311/5/5 313/5/5 310/245/5
f 309/2/6 315/3/6 312/11/6
f 315/3/6 309/2/6 314/1/6
f 319/3/1 318/2/1 317/1/1
f 318/3/1 319/2/1 320/1/1
f 321/3/2 319/2/2 317/1/2
f 319/3/2 321/2/2 322/1/2
f 323/5/3 318/5/3 320/251/3
f 318/5/3 323/5/3 324/252/3
f 323/5/4 321/5/4 324/253/4
f 321/5/4 323/5/4 322/254/4
f 321/5/5 318/5/5 324/255/5
f 318/5/5 321/5/5 317/256/5
f 319/2/6 323/3/6 320/11/6
f 323/3/6 319/2/6 322/1/6
f 327/3/1 326/2/1 325/1/1
f 326/3/1 327/2/1 328/1/1
f 329/3/2 327/2/2 325/1/2
f 327/3/2 329/2/2 330/1/2
f 331/5/3 326/5/3 328/257/3
f 326/5/3 331/5/3 332/258/3
f 331/5/4 329/5/4 332/259/4
f 329/5/4 331/5/4 330/260/4
f 329/5/5 326/5/5 332/261/5
f 326/5/5 329/5/5 325/262/5
f 327/2/6 331/3/6 328/11/6
f 331/3/6 327/2/6 330/1/6

usemtl color2

f 16/3/1 333/2/1 14/1/1
f 333/3/1 16/2/1 334/1/1
f 20/3/2 16/2/2 14/1/2
f 16/3/2 20/2/2 19/1/2
f 335/5/3 333/5/3 334/263/3
f 333/5/3 335/5/3 336/264/3
f 335/5/4 20/18/4 336/265/4
f 20/18/4 335/5/4 19/5/4
f 20/20/5 333/5/5 336/266/5
f 333/5/5 20/20/5 14/5/5
f 16/2/6 335/3/6 334/11/6
f 335/3/6 16/2/6 19/1/6
f 339/3/1 338/2/1 337/1/1
f 338/3/1 339/2/1 340/1/1
f 341/3/2 339/2/2 337/1/2
f 339/3/2 341/2/2 342/1/2
f 343/5/3 338/5/3 340/267/3
f 338/5/3 343/5/3 344/268/3
f 343/5/4 341/5/4 344/269/4
f 341/5/4 343/5/4 342/270/4
f 341/5/5 338/5/5 344/271/5
f 338/5/5 341/5/5 337/272/5
f 339/2/6 343/3/6 340/11/6
f 343/3/6 339/2/6 342/1/6
f 347/3/1 346/2/1 345/1/1
f 346/3/1 347/2/1 348/1/1
f 29/3/2 347/2/2 345/1/2
f 347/3/2 29/2/2 31/1/2
f 32/28/3 346/5/3 348/273/3
f 346/5/3 32/28/3 30/5/3
f 32/5/4 29/5/4 30/274/4
f 29/5/4 32/5/4 31/275/4
f 29/33/5 346/5/5 30/5/5
f 346/5/5 29/33/5 345/276/5
f 347/2/6 32/3/6 348/11/6
f 32/3/6 347/2/6 31/1/6
f 351/3/1 350/2/1 349/1/1
f 350/3/1 351/2/1 352/1/1
f 353/3/2 351/2/2 349/1/2
f 351/3/2 353/2/2 354/1/2
f 355/5/3 350/5/3 352/277/3
f 350/5/3 355/5/3 356/278/3
f 355/5/4 353/5/4 356/279/4
f 353/5/4 355/5/4 354/280/4
f 353/5/5 350/5/5 356/281/5
f 350/5/5 353/5/5 349/282/5
f 351/2/6 355/3/6 352/11/6
f 355/3/6 351/2/6 354/1/6
f 32/3/1 123/2/1 30/1/1
f 123/3/1 32/2/1 125/1/1
f 36/3/2 32/2/2 30/1/2
f 32/3/2 36/2/2 35/1/2
f 357/5/3 123/5/3 125/283/3
f 123/5/3 357/5/3 358/284/3
f 357/5/4 36/30/4 358/285/4
f 36/30/4 357/5/4 35/5/4
f 36/32/5 123/106/5 358/286/5
f 123/106/5 36/32/5 30/5/5
f 32/2/6 357/3/6 125/11/6
f 357/3/6 32/2/6 35/1/6
f 40/3/1 359/2/1 38/1/1
f 359/3/1 40/2/1 360/1/1
f 44/3/2 40/2/2 38/1/2
f 40/3/2 44/2/2 43/1/2
f 259/5/3 359/5/3 360/287/3
f 359/5/3 259/5/3 257/288/3
f 259/5/4 44/36/4 257/289/4
f 44/36/4 259/5/4 43/5/4
f 44/38/5 359/5/5 257/210/5
f 359/5/5 44/38/5 38/5/5
f 40/2/6 259/3/6 360/11/6
f 259/3/6 40/2/6 43/1/6
f 109/3/1 361/2/1 110/1/1
f 361/3/1 109/2/1 362/1/1
f 363/3/2 109/2/2 110/1/2
f 109/3/2 363/2/2 364/1/2
f 365/5/3 361/5/3 362/290/3
f 361/5/3 365/5/3 366/291/3
f 365/5/4 363/5/4 366/292/4
f 363/5/4 365/5/4 364/293/4
f 363/5/5 361/5/5 366/294/5
f 361/5/5 363/5/5 110/90/5
f 109/2/6 365/3/6 362/11/6
f 365/3/6 109/2/6 364/1/6
f 369/3/1 368/2/1 367/1/1
f 368/3/1 369/2/1 370/1/1
f 371/3/2 369/2/2 367/1/2
f 369/3/2 371/2/2 372/1/2
f 373/5/3 368/5/3 370/295/3
f 368/5/3 373/5/3 374/296/3
f 373/5/4 371/5/4 374/297/4
f 371/5/4 373/5/4 372/298/4
f 371/5/5 368/5/5 374/299/5
f 368/5/5 371/5/5 367/300/5
f 369/2/6 373/3/6 370/11/6
f 373/3/6 369/2/6 372/1/6
f 377/3/1 376/2/1 375/1/1
f 376/3/1 377/2/1 378/1/1
f 379/3/2 377/2/2 375/1/2
f 377/3/2 379/2/2 380/1/2
f 381/5/3 376/5/3 378/301/3
f 376/5/3 381/5/3 382/302/3
f 381/5/4 379/5/4 382/303/4
f 379/5/4 381/5/4 380/304/4
f 379/5/5 376/5/5 382/305/5
f 376/5/5 379/5/5 375/306/5
f 377/2/6 381/3/6 378/11/6
f 381/3/6 377/2/6 380/1/6
f 385/3/1 384/2/1 383/1/1
f 384/3/1 385/2/1 386/1/1
f 387/3/2 385/2/2 383/1/2
f 385/3/2 387/2/2 388/1/2
f 389/5/3 384/5/3 386/307/3
f 384/5/3 389/5/3 390/308/3
f 389/5/4 387/5/4 390/309/4
f 387/5/4 389/5/4 388/310/4
f 387/5/5 384/5/5 390/311/5
f 384/5/5 387/5/5 383/312/5
f 385/2/6 389/3/6 386/11/6
f 389/3/6 385/2/6 388/1/6
f 393/3/1 392/2/1 391/1/1
f 392/3/1 393/2/1 394/1/1
f 395/3/2 393/2/2 391/1/2
f 393/3/2 395/2/2 396/1/2
f 397/5/3 392/5/3 394/313/3
f 392/5/3 397/5/3 398/314/3
f 397/5/4 395/5/4 398/315/4
f 395/5/4 397/5/4 396/316/4
f 395/5/5 392/5/5 398/317/5
f 392/5/5 395/5/5 391/318/5
f 393/2/6 397/3/6 394/11/6
f 397/3/6 393/2/6 396/1/6
f 400/3/1 155/2/1 399/1/1
f 155/3/1 400/2/1 157/1/1
f 401/3/2 400/2/2 399/1/2
f 400/3/2 401/2/2 402/1/2
f 160/5/3 155/5/3 157/319/3
f 155/5/3 160/5/3 159/320/3
f 160/128/4 401/5/4 159/5/4
f 401/5/4 160/128/4 402/321/4
f 401/5/5 155/130/5 159/5/5
f 155/130/5 401/5/5 399/322/5
f 400/2/6 160/3/6 157/11/6
f 160/3/6 400/2/6 402/1/6
f 405/3/1 404/2/1 403/1/1
f 404/3/1 405/2/1 406/1/1
f 148/3/2 405/2/2 403/1/2
f 405/3/2 148/2/2 150/1/2
f 55/5/3 404/5/3 406/323/3
f 404/5/3 55/5/3 53/324/3
f 55/5/4 148/5/4 53/325/4
f 148/5/4 55/5/4 150/326/4
f 148/5/5 404/5/5 53/51/5
f 404/5/5 148/5/5 403/327/5
f 405/2/6 55/3/6 406/11/6
f 55/3/6 405/2/6 150/1/6
f 168/3/1 170/2/1 167/1/1
f 170/3/1 168/2/1 169/1/1
f 407/3/2 168/2/2 167/1/2
f 168/3/2 407/2/2 408/1/2
f 409/5/3 170/132/3 169/5/3
f 170/132/3 409/5/3 410/328/3
f 409/5/4 407/5/4 410/329/4
f 407/5/4 409/5/4 408/330/4
f 407/5/5 170/135/5 410/331/5
f 170/135/5 407/5/5 167/5/5
f 168/2/6 409/3/6 169/11/6
f 409/3/6 168/2/6 408/1/6
f 413/3/1 412/2/1 411/1/1
f 412/3/1 413/2/1 414/1/1
f 415/3/2 413/2/2 411/1/2
f 413/3/2 415/2/2 416/1/2
f 417/5/3 412/5/3 414/332/3
f 412/5/3 417/5/3 418/333/3
f 417/5/4 415/5/4 418/334/4
f 415/5/4 417/5/4 416/335/4
f 415/5/5 412/5/5 418/336/5
f 412/5/5 415/5/5 411/337/5
f 413/2/6 417/3/6 414/11/6
f 417/3/6 413/2/6 416/1/6
f 80/3/1 184/2/1 78/1/1
f 184/3/1 80/2/1 183/1/1
f 84/3/2 80/2/2 78/1/2
f 80/3/2 84/2/2 83/1/2
f 419/5/3 184/144/3 183/5/3
f 184/144/3 419/5/3 420/338/3
f 419/5/4 84/66/4 420/339/4
f 84/66/4 419/5/4 83/5/4
f 84/68/5 184/147/5 420/340/5
f 184/147/5 84/68/5 78/5/5
f 80/2/6 419/3/6 183/11/6
f 419/3/6 80/2/6 83/1/6
f 423/3/1 422/2/1 421/1/1
f 422/3/1 423/2/1 424/1/1
f 425/3/2 423/2/2 421/1/2
f 423/3/2 425/2/2 426/1/2
f 427/5/3 422/5/3 424/341/3
f 422/5/3 427/5/3 428/342/3
f 427/5/4 425/5/4 428/343/4
f 425/5/4 427/5/4 426/344/4
f 425/5/5 422/5/5 428/345/5
f 422/5/5 425/5/5 421/346/5
f 423/2/6 427/3/6 424/11/6
f 427/3/6 423/2/6 426/1/6
f 431/3/1 430/2/1 429/1/1
f 430/3/1 431/2/1 432/1/1
f 433/3/2 431/2/2 429/1/2
f 431/3/2 433/2/2 434/1/2
f 435/5/3 430/5/3 432/347/3
f 430/5/3 435/5/3 436/348/3
f 435/5/4 433/5/4 436/349/4
f 433/5/4 435/5/4 434/350/4
f 433/5/5 430/5/5 436/351/5
f 430/5/5 433/5/5 429/352/5
f 431/2/6 435/3/6 432/11/6
f 435/3/6 431/2/6 434/1/6
f 439/3/1 438/2/1 437/1/1
f 438/3/1 439/2/1 440/1/1
f 441/3/2 439/2/2 437/1/2
f 439/3/2 441/2/2 442/1/2
f 443/5/3 438/5/3 440/353/3
f 438/5/3 443/5/3 444/354/3
f 443/5/4 441/5/4 444/355/4
f 441/5/4 443/5/4 442/356/4
f 441/5/5 438/5/5 444/357/5
f 438/5/5 441/5/5 437/358/5
f 439/2/6 443/3/6 440/11/6
f 443/3/6 439/2/6 442/1/6
f 447/3/1 446/2/1 445/1/1
f 446/3/1 447/2/1 448/1/1
f 449/3/2 447/2/2 445/1/2
f 447/3/2 449/2/2 450/1/2
f 451/5/3 446/5/3 448/359/3
f 446/5/3 451/5/3 452/360/3
f 451/5/4 449/5/4 452/361/4
f 449/5/4 451/5/4 450/362/4
f 449/5/5 446/5/5 452/363/5
f 446/5/5 449/5/5 445/364/5
f 447/2/6 451/3/6 448/11/6
f 451/3/6 447/2/6 450/1/6
f 454/3/1 205/2/1 453/1/1
f 205/3/1 454/2/1 207/1/1
f 455/3/2 454/2/2 453/1/2
f 454/3/2 455/2/2 456/1/2
f 210/5/3 205/5/3 207/365/3
f 205/5/3 210/5/3 209/366/3
f 210/168/4 455/5/4 209/5/4
f 455/5/4 210/168/4 456/367/4
f 455/5/5 205/170/5 209/5/5
f 205/170/5 455/5/5 453/368/5
f 454/2/6 210/3/6 207/11/6
f 210/3/6 454/2/6 456/1/6
f 459/3/1 458/2/1 457/1/1
f 458/3/1 459/2/1 460/1/1
f 461/3/2 459/2/2 457/1/2
f 459/3/2 461/2/2 462/1/2
f 463/5/3 458/5/3 460/369/3
f 458/5/3 463/5/3 464/370/3
f 463/5/4 461/5/4 464/371/4
f 461/5/4 463/5/4 462/372/4
f 461/5/5 458/5/5 464/373/5
f 458/5/5 461/5/5 457/374/5
f 459/2/6 463/3/6 460/11/6
f 463/3/6 459/2/6 462/1/6
f 210/3/1 212/2/1 209/1/1
f 212/3/1 210/2/1 211/1/1
f 465/3/2 210/2/2 209/1/2
f 210/3/2 465/2/2 466/1/2
f 238/5/3 212/166/3 211/5/3
f 212/166/3 238/5/3 237/375/3
f 238/191/4 465/5/4 237/5/4
f 465/5/4 238/191/4 466/376/4
f 465/5/5 212/169/5 237/5/5
f 212/169/5 465/5/5 209/5/5
f 210/2/6 238/3/6 211/11/6
f 238/3/6 210/2/6 466/1/6
f 208/3/1 467/2/1 206/1/1
f 467/3/1 208/2/1 468/1/1
f 212/3/2 208/2/2 206/1/2
f 208/3/2 212/2/2 211/1/2
f 469/5/3 467/5/3 468/377/3
f 467/5/3 469/5/3 470/378/3
f 469/5/4 212/167/4 470/379/4
f 212/167/4 469/5/4 211/5/4
f 212/169/5 467/5/5 470/380/5
f 467/5/5 212/169/5 206/5/5
f 208/2/6 469/3/6 468/11/6
f 469/3/6 208/2/6 211/1/6
f 238/3/1 240/2/1 237/1/1
f 240/3/1 238/2/1 239/1/1
f 471/3/2 238/2/2 237/1/2
f 238/3/2 471/2/2 472/1/2
f 473/5/3 240/189/3 239/5/3
f 240/189/3 473/5/3 474/381/3
f 473/5/4 471/5/4 474/382/4
f 471/5/4 473/5/4 472/383/4
f 471/5/5 240/192/5 474/384/5
f 240/192/5 471/5/5 237/5/5
f 238/2/6 473/3/6 239/11/6
f 473/3/6 238/2/6 472/1/6
f 477/3/1 476/2/1 475/1/1
f 476/3/1 477/2/1 478/1/1
f 479/3/2 477/2/2 475/1/2
f 477/3/2 479/2/2 480/1/2
f 481/5/3 476/5/3 478/385/3
f 476/5/3 481/5/3 482/386/3
f 481/5/4 479/5/4 482/387/4
f 479/5/4 481/5/4 480/388/4
f 479/5/5 476/5/5 482/389/5
f 476/5/5 479/5/5 475/390/5
f 477/2/6 481/3/6 478/11/6
f 481/3/6 477/2/6 480/1/6
f 463/3/1 483/2/1 464/1/1
f 483/3/1 463/2/1 484/1/1
f 485/3/2 463/2/2 464/1/2
f 463/3/2 485/2/2 486/1/2
f 487/5/3 483/5/3 484/391/3
f 483/5/3 487/5/3 488/392/3
f 487/5/4 485/5/4 488/393/4
f 485/5/4 487/5/4 486/394/4
f 485/5/5 483/5/5 488/395/5
f 483/5/5 485/5/5 464/373/5
f 463/2/6 487/3/6 484/11/6
f 487/3/6 463/2/6 486/1/6
f 219/3/1 489/2/1 220/1/1
f 489/3/1 219/2/1 490/1/1
f 222/3/2 219/2/2 220/1/2
f 219/3/2 222/2/2 224/1/2
f 491/5/3 489/5/3 490/396/3
f 489/5/3 491/5/3 492/397/3
f 491/5/4 222/5/4 492/398/4
f 222/5/4 491/5/4 224/399/4
f 222/5/5 489/5/5 492/400/5
f 489/5/5 222/5/5 220/175/5
f 219/2/6 491/3/6 490/11/6
f 491/3/6 219/2/6 224/1/6
f 495/3/1 494/2/1 493/1/1
f 494/3/1 495/2/1 496/1/1
f 497/3/2 495/2/2 493/1/2
f 495/3/2 497/2/2 498/1/2
f 499/5/3 494/5/3 496/401/3
f 494/5/3 499/5/3 500/402/3
f 499/5/4 497/5/4 500/403/4
f 497/5/4 499/5/4 498/404/4
f 497/5/5 494/5/5 500/405/5
f 494/5/5 497/5/5 493/406/5
f 495/2/6 499/3/6 496/11/6
f 499/3/6 495/2/6 498/1/6

usemtl color6

f 244/3/1 501/2/1 242/1/1
f 501/3/1 244/2/1 502/1/1
f 248/3/2 244/2/2 242/1/2
f 244/3/2 248/2/2 247/1/2
f 503/5/3 501/5/3 502/407/3
f 501/5/3 503/5/3 504/408/3
f 503/5/4 248/195/4 504/409/4
f 248/195/4 503/5/4 247/5/4
f 248/197/5 501/5/5 504/410/5
f 501/5/5 248/197/5 242/5/5
f 244/2/6 503/3/6 502/11/6
f 503/3/6 244/2/6 247/1/6
f 255/3/1 505/2/1 256/1/1
f 505/3/1 255/2/1 506/1/1
f 507/3/2 255/2/2 256/1/2
f 255/3/2 507/2/2 508/1/2
f 509/5/3 505/5/3 506/411/3
f 505/5/3 509/5/3 510/412/3
f 509/5/4 507/5/4 510/413/4
f 507/5/4 509/5/4 508/414/4
f 507/5/5 505/5/5 510/415/5
f 505/5/5 507/5/5 256/203/5
f 255/2/6 509/3/6 506/11/6
f 509/3/6 255/2/6 508/1/6
f 509/3/1 511/2/1 510/1/1
f 511/3/1 509/2/1 512/1/1
f 513/3/2 509/2/2 510/1/2
f 509/3/2 513/2/2 514/1/2
f 515/5/3 511/5/3 512/416/3
f 511/5/3 515/5/3 516/417/3
f 515/5/4 513/5/4 516/418/4
f 513/5/4 515/5/4 514/419/4
f 513/5/5 511/5/5 516/420/5
f 511/5/5 513/5/5 510/415/5
f 509/2/6 515/3/6 512/11/6
f 515/3/6 509/2/6 514/1/6
f 519/3/1 518/2/1 517/1/1
f 518/3/1 519/2/1 520/1/1
f 521/3/2 519/2/2 517/1/2
f 519/3/2 521/2/2 522/1/2
f 523/5/3 518/5/3 520/421/3
f 518/5/3 523/5/3 524/422/3
f 523/5/4 521/5/4 524/423/4
f 521/5/4 523/5/4 522/424/4
f 521/5/5 518/5/5 524/425/5
f 518/5/5 521/5/5 517/426/5
f 519/2/6 523/3/6 520/11/6
f 523/3/6 519/2/6 522/1/6
f 527/3/1 526/2/1 525/1/1
f 526/3/1 527/2/1 528/1/1
f 529/3/2 527/2/2 525/1/2
f 527/3/2 529/2/2 530/1/2
f 531/5/3 526/5/3 528/427/3
f 526/5/3 531/5/3 532/428/3
f 531/5/4 529/5/4 532/429/4
f 529/5/4 531/5/4 530/430/4
f 529/5/5 526/5/5 532/431/5
f 526/5/5 529/5/5 525/432/5
f 527/2/6 531/3/6 528/11/6
f 531/3/6 527/2/6 530/1/6
f 535/3/1 534/2/1 533/1/1
f 534/3/1 535/2/1 536/1/1
f 537/3/2 535/2/2 533/1/2
f 535/3/2 537/2/2 538/1/2
f 539/5/3 534/5/3 536/433/3
f 534/5/3 539/5/3 540/434/3
f 539/5/4 537/5/4 540/435/4
f 537/5/4 539/5/4 538/436/4
f 537/5/5 534/5/5 540/437/5
f 534/5/5 537/5/5 533/438/5
f 535/2/6 539/3/6 536/11/6
f 539/3/6 535/2/6 538/1/6
f 542/3/1 163/2/1 541/1/1
f 163/3/1 542/2/1 165/1/1
f 543/3/2 542/2/2 541/1/2
f 542/3/2 543/2/2 544/1/2
f 168/5/3 163/5/3 165/439/3
f 163/5/3 168/5/3 167/440/3
f 168/134/4 543/5/4 167/5/4
f 543/5/4 168/134/4 544/441/4
f 543/5/5 163/136/5 167/5/5
f 163/136/5 543/5/5 541/442/5
f 542/2/6 168/3/6 165/11/6
f 168/3/6 542/2/6 544/1/6
f 276/3/1 545/2/1 274/1/1
f 545/3/1 276/2/1 546/1/1
f 280/3/2 276/2/2 274/1/2
f 276/3/2 280/2/2 279/1/2
f 547/5/3 545/5/3 546/443/3
f 545/5/3 547/5/3 548/444/3
f 547/5/4 280/219/4 548/445/4
f 280/219/4 547/5/4 279/5/4
f 280/221/5 545/5/5 548/446/5
f 545/5/5 280/221/5 274/5/5
f 276/2/6 547/3/6 546/11/6
f 547/3/6 276/2/6 279/1/6
f 551/3/1 550/2/1 549/1/1
f 550/3/1 551/2/1 552/1/1
f 553/3/2 551/2/2 549/1/2
f 551/3/2 553/2/2 554/1/2
f 299/5/3 550/5/3 552/447/3
f 550/5/3 299/5/3 297/448/3
f 299/5/4 553/5/4 297/449/4
f 553/5/4 299/5/4 554/450/4
f 553/5/5 550/5/5 297/240/5
f 550/5/5 553/5/5 549/451/5
f 551/2/6 299/3/6 552/11/6
f 299/3/6 551/2/6 554/1/6
f 557/3/1 556/2/1 555/1/1
f 556/3/1 557/2/1 558/1/1
f 559/3/2 557/2/2 555/1/2
f 557/3/2 559/2/2 560/1/2
f 561/5/3 556/5/3 558/452/3
f 556/5/3 561/5/3 562/453/3
f 561/5/4 559/5/4 562/454/4
f 559/5/4 561/5/4 560/455/4
f 559/5/5 556/5/5 562/456/5
f 556/5/5 559/5/5 555/457/5
f 557/2/6 561/3/6 558/11/6
f 561/3/6 557/2/6 560/1/6
f 561/3/1 563/2/1 562/1/1
f 563/3/1 561/2/1 564/1/1
f 565/3/2 561/2/2 562/1/2
f 561/3/2 565/2/2 566/1/2
f 567/5/3 563/5/3 564/458/3
f 563/5/3 567/5/3 568/459/3
f 567/5/4 565/5/4 568/460/4
f 565/5/4 567/5/4 566/461/4
f 565/5/5 563/5/5 568/462/5
f 563/5/5 565/5/5 562/456/5
f 561/2/6 567/3/6 564/11/6
f 567/3/6 561/2/6 566/1/6
f 571/3/1 570/2/1 569/1/1
f 570/3/1 571/2/1 572/1/1
f 573/3/2 571/2/2 569/1/2
f 571/3/2 573/2/2 574/1/2
f 575/5/3 570/5/3 572/463/3
f 570/5/3 575/5/3 576/464/3
f 575/5/4 573/5/4 576/465/4
f 573/5/4 575/5/4 574/466/4
f 573/5/5 570/5/5 576/467/5
f 570/5/5 573/5/5 569/468/5
f 571/2/6 575/3/6 572/11/6
f 575/3/6 571/2/6 574/1/6
f 567/3/1 577/2/1 568/1/1
f 577/3/1 567/2/1 578/1/1
f 579/3/2 567/2/2 568/1/2
f 567/3/2 579/2/2 580/1/2
f 319/5/3 577/5/3 578/469/3
f 577/5/3 319/5/3 317/470/3
f 319/5/4 579/5/4 317/471/4
f 579/5/4 319/5/4 580/472/4
f 579/5/5 577/5/5 317/256/5
f 577/5/5 579/5/5 568/462/5
f 567/2/6 319/3/6 578/11/6
f 319/3/6 567/2/6 580/1/6
f 583/3/1 582/2/1 581/1/1
f 582/3/1 583/2/1 584/1/1
f 570/3/2 583/2/2 581/1/2
f 583/3/2 570/2/2 572/1/2
f 585/5/3 582/5/3 584/473/3
f 582/5/3 585/5/3 586/474/3
f 585/5/4 570/5/4 586/475/4
f 570/5/4 585/5/4 572/476/4
f 570/5/5 582/5/5 586/477/5
f 582/5/5 570/5/5 581/478/5
f 583/2/6 585/3/6 584/11/6
f 585/3/6 583/2/6 572/1/6
f 588/3/1 329/2/1 587/1/1
f 329/3/1 588/2/1 330/1/1
f 582/3/2 588/2/2 587/1/2
f 588/3/2 582/2/2 584/1/2
f 589/5/3 329/5/3 330/479/3
f 329/5/3 589/5/3 590/480/3
f 589/5/4 582/5/4 590/481/4
f 582/5/4 589/5/4 584/482/4
f 582/5/5 329/5/5 590/483/5
f 329/5/5 582/5/5 587/484/5
f 588/2/6 589/3/6 330/11/6
f 589/3/6 588/2/6 584/1/6

usemtl color22

f 593/3/1 592/2/1 591/1/1
f 592/3/1 593/2/1 594/1/1
f 337/3/2 593/2/2 591/1/2
f 593/3/2 337/2/2 339/1/2
f 340/267/3 592/5/3 594/485/3
f 592/5/3 340/267/3 338/5/3
f 340/5/4 337/5/4 338/486/4
f 337/5/4 340/5/4 339/487/4
f 337/272/5 592/5/5 338/5/5
f 592/5/5 337/272/5 591/488/5
f 593/2/6 340/3/6 594/11/6
f 340/3/6 593/2/6 339/1/6
f 354/3/1 356/2/1 353/1/1
f 356/3/1 354/2/1 355/1/1
f 45/3/2 354/2/2 353/1/2
f 354/3/2 45/2/2 47/1/2
f 48/40/3 356/278/3 355/5/3
f 356/278/3 48/40/3 46/5/3
f 48/5/4 45/5/4 46/489/4
f 45/5/4 48/5/4 47/490/4
f 45/45/5 356/281/5 46/5/5
f 356/281/5 45/45/5 353/5/5
f 354/2/6 48/3/6 355/11/6
f 48/3/6 354/2/6 47/1/6
f 380/3/1 382/2/1 379/1/1
f 382/3/1 380/2/1 381/1/1
f 595/3/2 380/2/2 379/1/2
f 380/3/2 595/2/2 596/1/2
f 597/5/3 382/302/3 381/5/3
f 382/302/3 597/5/3 598/491/3
f 597/5/4 595/5/4 598/492/4
f 595/5/4 597/5/4 596/493/4
f 595/5/5 382/305/5 598/494/5
f 382/305/5 595/5/5 379/5/5
f 380/2/6 597/3/6 381/11/6
f 597/3/6 380/2/6 596/1/6
f 56/3/1 81/2/1 54/1/1
f 81/3/1 56/2/1 82/1/1
f 60/3/2 56/2/2 54/1/2
f 56/3/2 60/2/2 59/1/2
f 599/5/3 81/5/3 82/495/3
f 81/5/3 599/5/3 600/496/3
f 599/5/4 60/48/4 600/497/4
f 60/48/4 599/5/4 59/5/4
f 60/50/5 81/5/5 600/498/5
f 81/5/5 60/50/5 54/5/5
f 56/2/6 599/3/6 82/11/6
f 599/3/6 56/2/6 59/1/6

usemtl color14

f 34/3/1 36/2/1 33/1/1
f 36/3/1 34/2/1 35/1/1
f 601/3/2 34/2/2 33/1/2
f 34/3/2 601/2/2 602/1/2
f 603/5/3 36/29/3 35/5/3
f 36/29/3 603/5/3 604/499/3
f 603/5/4 601/5/4 604/500/4
f 601/5/4 603/5/4 602/501/4
f 601/5/5 36/32/5 604/502/5
f 36/32/5 601/5/5 33/5/5
f 34/2/6 603/3/6 35/11/6
f 603/3/6 34/2/6 602/1/6
f 128/3/1 130/2/1 127/1/1
f 130/3/1 128/2/1 129/1/1
f 605/3/2 128/2/2 127/1/2
f 128/3/2 605/2/2 606/1/2
f 385/5/3 130/102/3 129/5/3
f 130/102/3 385/5/3 383/503/3
f 385/5/4 605/5/4 383/504/4
f 605/5/4 385/5/4 606/505/4
f 605/5/5 130/105/5 383/312/5
f 130/105/5 605/5/5 127/5/5
f 128/2/6 385/3/6 129/11/6
f 385/3/6 128/2/6 606/1/6
f 609/3/1 608/2/1 607/1/1
f 608/3/1 609/2/1 610/1/1
f 611/3/2 609/2/2 607/1/2
f 609/3/2 611/2/2 612/1/2
f 613/5/3 608/5/3 610/506/3
f 608/5/3 613/5/3 614/507/3
f 613/5/4 611/5/4 614/508/4
f 611/5/4 613/5/4 612/509/4
f 611/5/5 608/5/5 614/510/5
f 608/5/5 611/5/5 607/511/5
f 609/2/6 613/3/6 610/11/6
f 613/3/6 609/2/6 612/1/6
f 616/3/1 77/2/1 615/1/1
f 77/3/1 616/2/1 79/1/1
f 54/3/2 616/2/2 615/1/2
f 616/3/2 54/2/2 56/1/2
f 82/495/3 77/5/3 79/512/3
f 77/5/3 82/495/3 81/5/3
f 82/67/4 54/5/4 81/5/4
f 54/5/4 82/67/4 56/513/4
f 54/5/5 77/69/5 81/5/5
f 77/69/5 54/5/5 615/514/5
f 616/2/6 82/3/6 79/11/6
f 82/3/6 616/2/6 56/1/6
f 619/3/1 618/2/1 617/1/1
f 618/3/1 619/2/1 620/1/1
f 621/3/2 619/2/2 617/1/2
f 619/3/2 621/2/2 622/1/2
f 202/5/3 618/5/3 620/515/3
f 618/5/3 202/5/3 201/516/3
f 202/162/4 621/5/4 201/5/4
f 621/5/4 202/162/4 622/517/4
f 621/5/5 618/5/5 201/5/5
f 618/5/5 621/5/5 617/518/5
f 619/2/6 202/3/6 620/11/6
f 202/3/6 619/2/6 622/1/6

usemtl color7

f 625/3/1 624/2/1 623/1/1
f 624/3/1 625/2/1 626/1/1
f 98/3/2 625/2/2 623/1/2
f 625/3/2 98/2/2 100/1/2
f 627/5/3 624/5/3 626/519/3
f 624/5/3 627/5/3 628/520/3
f 627/5/4 98/5/4 628/521/4
f 98/5/4 627/5/4 100/522/4
f 98/5/5 624/5/5 628/523/5
f 624/5/5 98/5/5 623/524/5
f 625/2/6 627/3/6 626/11/6
f 627/3/6 625/2/6 100/1/6
f 627/3/1 629/2/1 628/1/1
f 629/3/1 627/2/1 630/1/1
f 105/3/2 627/2/2 628/1/2
f 627/3/2 105/2/2 106/1/2
f 631/5/3 629/5/3 630/525/3
f 629/5/3 631/5/3 632/526/3
f 631/5/4 105/5/4 632/527/4
f 105/5/4 631/5/4 106/528/4
f 105/5/5 629/5/5 632/529/5
f 629/5/5 105/5/5 628/523/5
f 627/2/6 631/3/6 630/11/6
f 631/3/6 627/2/6 106/1/6
f 631/3/1 633/2/1 632/1/1
f 633/3/1 631/2/1 634/1/1
f 361/3/2 631/2/2 632/1/2
f 631/3/2 361/2/2 362/1/2
f 635/5/3 633/5/3 634/530/3
f 633/5/3 635/5/3 636/531/3
f 635/5/4 361/5/4 636/532/4
f 361/5/4 635/5/4 362/533/4
f 361/5/5 633/5/5 636/534/5
f 633/5/5 361/5/5 632/529/5
f 631/2/6 635/3/6 634/11/6
f 635/3/6 631/2/6 362/1/6
f 639/3/1 638/2/1 637/1/1
f 638/3/1 639/2/1 640/1/1
f 633/3/2 639/2/2 637/1/2
f 639/3/2 633/2/2 634/1/2
f 641/5/3 638/5/3 640/535/3
f 638/5/3 641/5/3 642/536/3
f 641/5/4 633/5/4 642/537/4
f 633/5/4 641/5/4 634/538/4
f 633/5/5 638/5/5 642/539/5
f 638/5/5 633/5/5 637/540/5
f 639/2/6 641/3/6 640/11/6
f 641/3/6 639/2/6 634/1/6
f 645/3/1 644/2/1 643/1/1
f 644/3/1 645/2/1 646/1/1
f 647/3/2 645/2/2 643/1/2
f 645/3/2 647/2/2 648/1/2
f 649/5/3 644/5/3 646/541/3
f 644/5/3 649/5/3 650/542/3
f 649/5/4 647/5/4 650/543/4
f 647/5/4 649/5/4 648/544/4
f 647/5/5 644/5/5 650/545/5
f 644/5/5 647/5/5 643/546/5
f 645/2/6 649/3/6 646/11/6
f 649/3/6 645/2/6 648/1/6
f 653/3/1 652/2/1 651/1/1
f 652/3/1 653/2/1 654/1/1
f 655/3/2 653/2/2 651/1/2
f 653/3/2 655/2/2 656/1/2
f 657/5/3 652/5/3 654/547/3
f 652/5/3 657/5/3 658/548/3
f 657/5/4 655/5/4 658/549/4
f 655/5/4 657/5/4 656/550/4
f 655/5/5 652/5/5 658/551/5
f 652/5/5 655/5/5 651/552/5
f 653/2/6 657/3/6 654/11/6
f 657/3/6 653/2/6 656/1/6
f 661/3/1 660/2/1 659/1/1
f 660/3/1 661/2/1 662/1/1
f 663/3/2 661/2/2 659/1/2
f 661/3/2 663/2/2 664/1/2
f 665/5/3 660/5/3 662/553/3
f 660/5/3 665/5/3 666/554/3
f 665/5/4 663/5/4 666/555/4
f 663/5/4 665/5/4 664/556/4
f 663/5/5 660/5/5 666/557/5
f 660/5/5 663/5/5 659/558/5
f 661/2/6 665/3/6 662/11/6
f 665/3/6 661/2/6 664/1/6
f 649/3/1 667/2/1 650/1/1
f 667/3/1 649/2/1 668/1/1
f 652/3/2 649/2/2 650/1/2
f 649/3/2 652/2/2 654/1/2
f 669/5/3 667/5/3 668/559/3
f 667/5/3 669/5/3 670/560/3
f 669/5/4 652/5/4 670/561/4
f 652/5/4 669/5/4 654/562/4
f 652/5/5 667/5/5 670/563/5
f 667/5/5 652/5/5 650/545/5
f 649/2/6 669/3/6 668/11/6
f 669/3/6 649/2/6 654/1/6
f 657/3/1 671/2/1 658/1/1
f 671/3/1 657/2/1 672/1/1
f 673/3/2 657/2/2 658/1/2
f 657/3/2 673/2/2 674/1/2
f 675/5/3 671/5/3 672/564/3
f 671/5/3 675/5/3 676/565/3
f 675/5/4 673/5/4 676/566/4
f 673/5/4 675/5/4 674/567/4
f 673/5/5 671/5/5 676/568/5
f 671/5/5 673/5/5 658/551/5
f 657/2/6 675/3/6 672/11/6
f 675/3/6 657/2/6 674/1/6
f 679/3/1 678/2/1 677/1/1
f 678/3/1 679/2/1 680/1/1
f 681/3/2 679/2/2 677/1/2
f 679/3/2 681/2/2 682/1/2
f 683/5/3 678/5/3 680/569/3
f 678/5/3 683/5/3 684/570/3
f 683/5/4 681/5/4 684/571/4
f 681/5/4 683/5/4 682/572/4
f 681/5/5 678/5/5 684/573/5
f 678/5/5 681/5/5 677/574/5
f 679/2/6 683/3/6 680/11/6
f 683/3/6 679/2/6 682/1/6
f 675/3/1 685/2/1 676/1/1
f 685/3/1 675/2/1 686/1/1
f 687/3/2 675/2/2 676/1/2
f 675/3/2 687/2/2 688/1/2
f 689/5/3 685/5/3 686/575/3
f 685/5/3 689/5/3 690/576/3
f 689/5/4 687/5/4 690/577/4
f 687/5/4 689/5/4 688/578/4
f 687/5/5 685/5/5 690/579/5
f 685/5/5 687/5/5 676/568/5
f 675/2/6 689/3/6 686/11/6
f 689/3/6 675/2/6 688/1/6
f 546/3/1 691/2/1 545/1/1
f 691/3/1 546/2/1 692/1/1
f 548/3/2 546/2/2 545/1/2
f 546/3/2 548/2/2 547/1/2
f 693/5/3 691/5/3 692/580/3
f 691/5/3 693/5/3 694/581/3
f 693/5/4 548/445/4 694/582/4
f 548/445/4 693/5/4 547/5/4
f 548/446/5 691/5/5 694/583/5
f 691/5/5 548/446/5 545/5/5
f 546/2/6 693/3/6 692/11/6
f 693/3/6 546/2/6 547/1/6
f 683/3/1 695/2/1 684/1/1
f 695/3/1 683/2/1 696/1/1
f 697/3/2 683/2/2 684/1/2
f 683/3/2 697/2/2 698/1/2
f 699/5/3 695/5/3 696/584/3
f 695/5/3 699/5/3 700/585/3
f 699/5/4 697/5/4 700/586/4
f 697/5/4 699/5/4 698/587/4
f 697/5/5 695/5/5 700/588/5
f 695/5/5 697/5/5 684/573/5
f 683/2/6 699/3/6 696/11/6
f 699/3/6 683/2/6 698/1/6
f 689/3/1 701/2/1 690/1/1
f 701/3/1 689/2/1 702/1/1
f 691/3/2 689/2/2 690/1/2
f 689/3/2 691/2/2 692/1/2
f 291/5/3 701/5/3 702/589/3
f 701/5/3 291/5/3 289/590/3
f 291/5/4 691/5/4 289/591/4
f 691/5/4 291/5/4 692/592/4
f 691/5/5 701/5/5 289/234/5
f 701/5/5 691/5/5 690/579/5
f 689/2/6 291/3/6 702/11/6
f 291/3/6 689/2/6 692/1/6
f 705/3/1 704/2/1 703/1/1
f 704/3/1 705/2/1 706/1/1
f 707/3/2 705/2/2 703/1/2
f 705/3/2 707/2/2 708/1/2
f 709/5/3 704/5/3 706/593/3
f 704/5/3 709/5/3 710/594/3
f 709/5/4 707/5/4 710/595/4
f 707/5/4 709/5/4 708/596/4
f 707/5/5 704/5/5 710/597/5
f 704/5/5 707/5/5 703/598/5
f 705/2/6 709/3/6 706/11/6
f 709/3/6 705/2/6 708/1/6
f 699/3/1 711/2/1 700/1/1
f 711/3/1 699/2/1 712/1/1
f 713/3/2 699/2/2 700/1/2
f 699/3/2 713/2/2 714/1/2
f 551/5/3 711/5/3 712/599/3
f 711/5/3 551/5/3 549/600/3
f 551/5/4 713/5/4 549/601/4
f 713/5/4 551/5/4 714/602/4
f 713/5/5 711/5/5 549/451/5
f 711/5/5 713/5/5 700/588/5
f 699/2/6 551/3/6 712/11/6
f 551/3/6 699/2/6 714/1/6
f 717/3/1 716/2/1 715/1/1
f 716/3/1 717/2/1 718/1/1
f 719/3/2 717/2/2 715/1/2
f 717/3/2 719/2/2 720/1/2
f 721/5/3 716/5/3 718/603/3
f 716/5/3 721/5/3 722/604/3
f 721/5/4 719/5/4 722/605/4
f 719/5/4 721/5/4 720/606/4
f 719/5/5 716/5/5 722/607/5
f 716/5/5 719/5/5 715/608/5
f 717/2/6 721/3/6 718/11/6
f 721/3/6 717/2/6 720/1/6
f 554/3/1 297/2/1 553/1/1
f 297/3/1 554/2/1 299/1/1
f 723/3/2 554/2/2 553/1/2
f 554/3/2 723/2/2 724/1/2
f 302/5/3 297/448/3 299/5/3
f 297/448/3 302/5/3 301/609/3
f 302/238/4 723/5/4 301/5/4
f 723/5/4 302/238/4 724/610/4
f 723/5/5 297/240/5 301/5/5
f 297/240/5 723/5/5 553/5/5
f 554/2/6 302/3/6 299/11/6
f 302/3/6 554/2/6 724/1/6
f 727/3/1 726/2/1 725/1/1
f 726/3/1 727/2/1 728/1/1
f 729/3/2 727/2/2 725/1/2
f 727/3/2 729/2/2 730/1/2
f 731/5/3 726/5/3 728/611/3
f 726/5/3 731/5/3 732/612/3
f 731/5/4 729/5/4 732/613/4
f 729/5/4 731/5/4 730/614/4
f 729/5/5 726/5/5 732/615/5
f 726/5/5 729/5/5 725/616/5
f 727/2/6 731/3/6 728/11/6
f 731/3/6 727/2/6 730/1/6
f 734/3/1 569/2/1 733/1/1
f 569/3/1 734/2/1 571/1/1
f 735/3/2 734/2/2 733/1/2
f 734/3/2 735/2/2 736/1/2
f 574/5/3 569/5/3 571/617/3
f 569/5/3 574/5/3 573/618/3
f 574/466/4 735/5/4 573/5/4
f 735/5/4 574/466/4 736/619/4
f 735/5/5 569/468/5 573/5/5
f 569/468/5 735/5/5 733/620/5
f 734/2/6 574/3/6 571/11/6
f 574/3/6 734/2/6 736/1/6
f 739/3/1 738/2/1 737/1/1
f 738/3/1 739/2/1 740/1/1
f 741/3/2 739/2/2 737/1/2
f 739/3/2 741/2/2 742/1/2
f 743/5/3 738/5/3 740/621/3
f 738/5/3 743/5/3 744/622/3
f 743/5/4 741/5/4 744/623/4
f 741/5/4 743/5/4 742/624/4
f 741/5/5 738/5/5 744/625/5
f 738/5/5 741/5/5 737/626/5
f 739/2/6 743/3/6 740/11/6
f 743/3/6 739/2/6 742/1/6
f 747/3/1 746/2/1 745/1/1
f 746/3/1 747/2/1 748/1/1
f 749/3/2 747/2/2 745/1/2
f 747/3/2 749/2/2 750/1/2
f 751/5/3 746/5/3 748/627/3
f 746/5/3 751/5/3 752/628/3
f 751/5/4 749/5/4 752/629/4
f 749/5/4 751/5/4 750/630/4
f 749/5/5 746/5/5 752/631/5
f 746/5/5 749/5/5 745/632/5
f 747/2/6 751/3/6 748/11/6
f 751/3/6 747/2/6 750/1/6
f 751/3/1 753/2/1 752/1/1
f 753/3/1 751/2/1 754/1/1
f 755/3/2 751/2/2 752/1/2
f 751/3/2 755/2/2 756/1/2
f 757/5/3 753/5/3 754/633/3
f 753/5/3 757/5/3 758/634/3
f 757/5/4 755/5/4 758/635/4
f 755/5/4 757/5/4 756/636/4
f 755/5/5 753/5/5 758/637/5
f 753/5/5 755/5/5 752/631/5
f 751/2/6 757/3/6 754/11/6
f 757/3/6 751/2/6 756/1/6
f 757/3/1 759/2/1 758/1/1
f 759/3/1 757/2/1 760/1/1
f 761/3/2 757/2/2 758/1/2
f 757/3/2 761/2/2 762/1/2
f 763/5/3 759/5/3 760/638/3
f 759/5/3 763/5/3 764/639/3
f 763/5/4 761/5/4 764/640/4
f 761/5/4 763/5/4 762/641/4
f 761/5/5 759/5/5 764/642/5
f 759/5/5 761/5/5 758/637/5
f 757/2/6 763/3/6 760/11/6
f 763/3/6 757/2/6 762/1/6

usemtl color10

f 594/3/1 115/2/1 592/1/1
f 115/3/1 594/2/1 117/1/1
f 338/3/2 594/2/2 592/1/2
f 594/3/2 338/2/2 340/1/2
f 120/5/3 115/5/3 117/643/3
f 115/5/3 120/5/3 119/644/3
f 120/98/4 338/486/4 119/5/4
f 338/486/4 120/98/4 340/5/4
f 338/5/5 115/100/5 119/5/5
f 115/100/5 338/5/5 592/5/5
f 594/2/6 120/3/6 117/11/6
f 120/3/6 594/2/6 340/1/6
f 35/3/1 358/2/1 36/1/1
f 358/3/1 35/2/1 357/1/1
f 604/3/2 35/2/2 36/1/2
f 35/3/2 604/2/2 603/1/2
f 128/5/3 358/284/3 357/5/3
f 358/284/3 128/5/3 127/645/3
f 128/104/4 604/500/4 127/5/4
f 604/500/4 128/104/4 603/5/4
f 604/502/5 358/286/5 127/5/5
f 358/286/5 604/502/5 36/32/5
f 35/2/6 128/3/6 357/11/6
f 128/3/6 35/2/6 603/1/6
f 334/3/1 765/2/1 333/1/1
f 765/3/1 334/2/1 766/1/1
f 336/3/2 334/2/2 333/1/2
f 334/3/2 336/2/2 335/1/2
f 767/5/3 765/5/3 766/646/3
f 765/5/3 767/5/3 768/647/3
f 767/5/4 336/265/4 768/648/4
f 336/265/4 767/5/4 335/5/4
f 336/266/5 765/5/5 768/649/5
f 765/5/5 336/266/5 333/5/5
f 334/2/6 767/3/6 766/11/6
f 767/3/6 334/2/6 335/1/6
f 771/3/1 770/2/1 769/1/1
f 770/3/1 771/2/1 772/1/1
f 139/3/2 771/2/2 769/1/2
f 771/3/2 139/2/2 141/1/2
f 142/113/3 770/5/3 772/650/3
f 770/5/3 142/113/3 140/5/3
f 142/5/4 139/5/4 140/651/4
f 139/5/4 142/5/4 141/652/4
f 139/118/5 770/5/5 140/5/5
f 770/5/5 139/118/5 769/653/5
f 771/2/6 142/3/6 772/11/6
f 142/3/6 771/2/6 141/1/6
f 150/3/1 53/2/1 148/1/1
f 53/3/1 150/2/1 55/1/1
f 773/3/2 150/2/2 148/1/2
f 150/3/2 773/2/2 774/1/2
f 58/5/3 53/324/3 55/5/3
f 53/324/3 58/5/3 57/654/3
f 58/49/4 773/5/4 57/5/4
f 773/5/4 58/49/4 774/655/4
f 773/5/5 53/51/5 57/5/5
f 53/51/5 773/5/5 148/5/5
f 150/2/6 58/3/6 55/11/6
f 58/3/6 150/2/6 774/1/6
f 777/3/1 776/2/1 775/1/1
f 776/3/1 777/2/1 778/1/1
f 779/3/2 777/2/2 775/1/2
f 777/3/2 779/2/2 780/1/2
f 781/5/3 776/5/3 778/656/3
f 776/5/3 781/5/3 782/657/3
f 781/5/4 779/5/4 782/658/4
f 779/5/4 781/5/4 780/659/4
f 779/5/5 776/5/5 782/660/5
f 776/5/5 779/5/5 775/661/5
f 777/2/6 781/3/6 778/11/6
f 781/3/6 777/2/6 780/1/6
f 784/3/1 69/2/1 783/1/1
f 69/3/1 784/2/1 71/1/1
f 785/3/2 784/2/2 783/1/2
f 784/3/2 785/2/2 786/1/2
f 74/5/3 69/5/3 71/662/3
f 69/5/3 74/5/3 73/663/3
f 74/61/4 785/5/4 73/5/4
f 785/5/4 74/61/4 786/664/4
f 785/5/5 69/63/5 73/5/5
f 69/63/5 785/5/5 783/665/5
f 784/2/6 74/3/6 71/11/6
f 74/3/6 784/2/6 786/1/6
f 788/3/1 213/2/1 787/1/1
f 213/3/1 788/2/1 215/1/1
f 86/3/2 788/2/2 787/1/2
f 788/3/2 86/2/2 88/1/2
f 218/5/3 213/5/3 215/666/3
f 213/5/3 218/5/3 217/667/3
f 218/174/4 86/5/4 217/5/4
f 86/5/4 218/174/4 88/668/4
f 86/5/5 213/176/5 217/5/5
f 213/176/5 86/5/5 787/669/5
f 788/2/6 218/3/6 215/11/6
f 218/3/6 788/2/6 88/1/6
f 218/3/1 220/2/1 217/1/1
f 220/3/1 218/2/1 219/1/1
f 198/3/2 218/2/2 217/1/2
f 218/3/2 198/2/2 200/1/2
f 789/5/3 220/172/3 219/5/3
f 220/172/3 789/5/3 790/670/3
f 789/5/4 198/5/4 790/671/4
f 198/5/4 789/5/4 200/672/4
f 198/5/5 220/175/5 790/673/5
f 220/175/5 198/5/5 217/5/5
f 218/2/6 789/3/6 219/11/6
f 789/3/6 218/2/6 200/1/6

usemtl color3

f 340/3/1 119/2/1 338/1/1
f 119/3/1 340/2/1 120/1/1
f 344/3/2 340/2/2 338/1/2
f 340/3/2 344/2/2 343/1/2
f 791/5/3 119/644/3 120/5/3
f 119/644/3 791/5/3 792/674/3
f 791/5/4 344/269/4 792/675/4
f 344/269/4 791/5/4 343/5/4
f 344/271/5 119/5/5 792/676/5
f 119/5/5 344/271/5 338/5/5
f 340/2/6 791/3/6 120/11/6
f 791/3/6 340/2/6 343/1/6
f 348/3/1 793/2/1 346/1/1
f 793/3/1 348/2/1 794/1/1
f 30/3/2 348/2/2 346/1/2
f 348/3/2 30/2/2 32/1/2
f 125/283/3 793/5/3 794/677/3
f 793/5/3 125/283/3 123/5/3
f 125/5/4 30/274/4 123/678/4
f 30/274/4 125/5/4 32/5/4
f 30/5/5 793/5/5 123/106/5
f 793/5/5 30/5/5 346/5/5
f 348/2/6 125/3/6 794/11/6
f 125/3/6 348/2/6 32/1/6
f 766/3/1 795/2/1 765/1/1
f 795/3/1 766/2/1 796/1/1
f 768/3/2 766/2/2 765/1/2
f 766/3/2 768/2/2 767/1/2
f 797/5/3 795/5/3 796/679/3
f 795/5/3 797/5/3 798/680/3
f 797/5/4 768/648/4 798/681/4
f 768/648/4 797/5/4 767/5/4
f 768/649/5 795/5/5 798/682/5
f 795/5/5 768/649/5 765/5/5
f 766/2/6 797/3/6 796/11/6
f 797/3/6 766/2/6 767/1/6
f 136/3/1 138/2/1 135/1/1
f 138/3/1 136/2/1 137/1/1
f 799/3/2 136/2/2 135/1/2
f 136/3/2 799/2/2 800/1/2
f 801/5/3 138/108/3 137/5/3
f 138/108/3 801/5/3 802/683/3
f 801/5/4 799/5/4 802/684/4
f 799/5/4 801/5/4 800/685/4
f 799/5/5 138/111/5 802/686/5
f 138/111/5 799/5/5 135/5/5
f 136/2/6 801/3/6 137/11/6
f 801/3/6 136/2/6 800/1/6
f 805/3/1 804/2/1 803/1/1
f 804/3/1 805/2/1 806/1/1
f 769/3/2 805/2/2 803/1/2
f 805/3/2 769/2/2 771/1/2
f 772/650/3 804/5/3 806/687/3
f 804/5/3 772/650/3 770/5/3
f 772/5/4 769/5/4 770/688/4
f 769/5/4 772/5/4 771/689/4
f 769/653/5 804/5/5 770/5/5
f 804/5/5 769/653/5 803/690/5
f 805/2/6 772/3/6 806/11/6
f 772/3/6 805/2/6 771/1/6
f 809/3/1 808/2/1 807/1/1
f 808/3/1 809/2/1 810/1/1
f 811/3/2 809/2/2 807/1/2
f 809/3/2 811/2/2 812/1/2
f 813/5/3 808/5/3 810/691/3
f 808/5/3 813/5/3 814/692/3
f 813/5/4 811/5/4 814/693/4
f 811/5/4 813/5/4 812/694/4
f 811/5/5 808/5/5 814/695/5
f 808/5/5 811/5/5 807/696/5
f 809/2/6 813/3/6 810/11/6
f 813/3/6 809/2/6 812/1/6
f 817/3/1 816/2/1 815/1/1
f 816/3/1 817/2/1 818/1/1
f 819/3/2 817/2/2 815/1/2
f 817/3/2 819/2/2 820/1/2
f 821/5/3 816/5/3 818/697/3
f 816/5/3 821/5/3 822/698/3
f 821/5/4 819/5/4 822/699/4
f 819/5/4 821/5/4 820/700/4
f 819/5/5 816/5/5 822/701/5
f 816/5/5 819/5/5 815/702/5
f 817/2/6 821/3/6 818/11/6
f 821/3/6 817/2/6 820/1/6
f 824/3/1 403/2/1 823/1/1
f 403/3/1 824/2/1 405/1/1
f 147/3/2 824/2/2 823/1/2
f 824/3/2 147/2/2 149/1/2
f 150/119/3 403/5/3 405/703/3
f 403/5/3 150/119/3 148/5/3
f 150/326/4 147/5/4 148/5/4
f 147/5/4 150/326/4 149/704/4
f 147/124/5 403/327/5 148/5/5
f 403/327/5 147/124/5 823/705/5
f 824/2/6 150/3/6 405/11/6
f 150/3/6 824/2/6 149/1/6
f 827/3/1 826/2/1 825/1/1
f 826/3/1 827/2/1 828/1/1
f 403/3/2 827/2/2 825/1/2
f 827/3/2 403/2/2 405/1/2
f 406/323/3 826/5/3 828/706/3
f 826/5/3 406/323/3 404/5/3
f 406/5/4 403/5/4 404/707/4
f 403/5/4 406/5/4 405/708/4
f 403/327/5 826/5/5 404/5/5
f 826/5/5 403/327/5 825/709/5
f 827/2/6 406/3/6 828/11/6
f 406/3/6 827/2/6 405/1/6
f 153/3/1 829/2/1 154/1/1
f 829/3/1 153/2/1 830/1/1
f 155/3/2 153/2/2 154/1/2
f 153/3/2 155/2/2 157/1/2
f 158/125/3 829/5/3 830/710/3
f 829/5/3 158/125/3 156/5/3
f 158/5/4 155/5/4 156/711/4
f 155/5/4 158/5/4 157/712/4
f 155/130/5 829/5/5 156/5/5
f 829/5/5 155/130/5 154/123/5
f 153/2/6 158/3/6 830/11/6
f 158/3/6 153/2/6 157/1/6
f 833/3/1 832/2/1 831/1/1
f 832/3/1 833/2/1 834/1/1
f 835/3/2 833/2/2 831/1/2
f 833/3/2 835/2/2 836/1/2
f 837/5/3 832/5/3 834/713/3
f 832/5/3 837/5/3 838/714/3
f 837/5/4 835/5/4 838/715/4
f 835/5/4 837/5/4 836/716/4
f 835/5/5 832/5/5 838/717/5
f 832/5/5 835/5/5 831/718/5
f 833/2/6 837/3/6 834/11/6
f 837/3/6 833/2/6 836/1/6
f 406/3/1 615/2/1 404/1/1
f 615/3/1 406/2/1 616/1/1
f 53/3/2 406/2/2 404/1/2
f 406/3/2 53/2/2 55/1/2
f 56/46/3 615/5/3 616/719/3
f 615/5/3 56/46/3 54/5/3
f 56/513/4 53/325/4 54/5/4
f 53/325/4 56/513/4 55/5/4
f 53/51/5 615/514/5 54/5/5
f 615/514/5 53/51/5 404/5/5
f 406/2/6 56/3/6 616/11/6
f 56/3/6 406/2/6 55/1/6
f 841/3/1 840/2/1 839/1/1
f 840/3/1 841/2/1 842/1/1
f 843/3/2 841/2/2 839/1/2
f 841/3/2 843/2/2 844/1/2
f 845/5/3 840/5/3 842/720/3
f 840/5/3 845/5/3 846/721/3
f 845/5/4 843/5/4 846/722/4
f 843/5/4 845/5/4 844/723/4
f 843/5/5 840/5/5 846/724/5
f 840/5/5 843/5/5 839/725/5
f 841/2/6 845/3/6 842/11/6
f 845/3/6 841/2/6 844/1/6
f 849/3/1 848/2/1 847/1/1
f 848/3/1 849/2/1 850/1/1
f 412/3/2 849/2/2 847/1/2
f 849/3/2 412/2/2 414/1/2
f 851/5/3 848/5/3 850/726/3
f 848/5/3 851/5/3 852/727/3
f 851/5/4 412/5/4 852/728/4
f 412/5/4 851/5/4 414/729/4
f 412/5/5 848/5/5 852/730/5
f 848/5/5 412/5/5 847/731/5
f 849/2/6 851/3/6 850/11/6
f 851/3/6 849/2/6 414/1/6
f 855/3/1 854/2/1 853/1/1
f 854/3/1 855/2/1 856/1/1
f 857/3/2 855/2/2 853/1/2
f 855/3/2 857/2/2 858/1/2
f 859/5/3 854/5/3 856/732/3
f 854/5/3 859/5/3 860/733/3
f 859/5/4 857/5/4 860/734/4
f 857/5/4 859/5/4 858/735/4
f 857/5/5 854/5/5 860/736/5
f 854/5/5 857/5/5 853/737/5
f 855/2/6 859/3/6 856/11/6
f 859/3/6 855/2/6 858/1/6
f 863/3/1 862/2/1 861/1/1
f 862/3/1 863/2/1 864/1/1
f 429/3/2 863/2/2 861/1/2
f 863/3/2 429/2/2 431/1/2
f 432/347/3 862/5/3 864/738/3
f 862/5/3 432/347/3 430/5/3
f 432/5/4 429/5/4 430/739/4
f 429/5/4 432/5/4 431/740/4
f 429/352/5 862/5/5 430/5/5
f 862/5/5 429/352/5 861/741/5
f 863/2/6 432/3/6 864/11/6
f 432/3/6 863/2/6 431/1/6
f 866/3/1 461/2/1 865/1/1
f 461/3/1 866/2/1 462/1/1
f 867/3/2 866/2/2 865/1/2
f 866/3/2 867/2/2 868/1/2
f 869/5/3 461/5/3 462/742/3
f 461/5/3 869/5/3 870/743/3
f 869/5/4 867/5/4 870/744/4
f 867/5/4 869/5/4 868/745/4
f 867/5/5 461/5/5 870/746/5
f 461/5/5 867/5/5 865/747/5
f 866/2/6 869/3/6 462/11/6
f 869/3/6 866/2/6 868/1/6
f 622/3/1 201/2/1 621/1/1
f 201/3/1 622/2/1 202/1/1
f 453/3/2 622/2/2 621/1/2
f 622/3/2 453/2/2 454/1/2
f 207/365/3 201/516/3 202/5/3
f 201/516/3 207/365/3 205/5/3
f 207/5/4 453/5/4 205/748/4
f 453/5/4 207/5/4 454/749/4
f 453/368/5 201/5/5 205/170/5
f 201/5/5 453/368/5 621/5/5
f 622/2/6 207/3/6 202/11/6
f 207/3/6 622/2/6 454/1/6
f 456/3/1 209/2/1 455/1/1
f 209/3/1 456/2/1 210/1/1
f 871/3/2 456/2/2 455/1/2
f 456/3/2 871/2/2 872/1/2
f 466/5/3 209/366/3 210/5/3
f 209/366/3 466/5/3 465/750/3
f 466/376/4 871/5/4 465/5/4
f 871/5/4 466/376/4 872/751/4
f 871/5/5 209/5/5 465/5/5
f 209/5/5 871/5/5 455/5/5
f 456/2/6 466/3/6 210/11/6
f 466/3/6 456/2/6 872/1/6
f 869/3/1 873/2/1 870/1/1
f 873/3/1 869/2/1 874/1/1
f 875/3/2 869/2/2 870/1/2
f 869/3/2 875/2/2 876/1/2
f 877/5/3 873/5/3 874/752/3
f 873/5/3 877/5/3 878/753/3
f 877/5/4 875/5/4 878/754/4
f 875/5/4 877/5/4 876/755/4
f 875/5/5 873/5/5 878/756/5
f 873/5/5 875/5/5 870/746/5
f 869/2/6 877/3/6 874/11/6
f 877/3/6 869/2/6 876/1/6
f 466/3/1 237/2/1 465/1/1
f 237/3/1 466/2/1 238/1/1
f 879/3/2 466/2/2 465/1/2
f 466/3/2 879/2/2 880/1/2
f 472/5/3 237/375/3 238/5/3
f 237/375/3 472/5/3 471/757/3
f 472/383/4 879/5/4 471/5/4
f 879/5/4 472/383/4 880/758/4
f 879/5/5 237/5/5 471/5/5
f 237/5/5 879/5/5 465/5/5
f 466/2/6 472/3/6 238/11/6
f 472/3/6 466/2/6 880/1/6
f 877/3/1 881/2/1 878/1/1
f 881/3/1 877/2/1 882/1/1
f 883/3/2 877/2/2 878/1/2
f 877/3/2 883/2/2 884/1/2
f 885/5/3 881/5/3 882/759/3
f 881/5/3 885/5/3 886/760/3
f 885/5/4 883/5/4 886/761/4
f 883/5/4 885/5/4 884/762/4
f 883/5/5 881/5/5 886/763/5
f 881/5/5 883/5/5 878/756/5
f 877/2/6 885/3/6 882/11/6
f 885/3/6 877/2/6 884/1/6
f 889/3/1 888/2/1 887/1/1
f 888/3/1 889/2/1 890/1/1
f 891/3/2 889/2/2 887/1/2
f 889/3/2 891/2/2 892/1/2
f 893/5/3 888/5/3 890/764/3
f 888/5/3 893/5/3 894/765/3
f 893/5/4 891/5/4 894/766/4
f 891/5/4 893/5/4 892/767/4
f 891/5/5 888/5/5 894/768/5
f 888/5/5 891/5/5 887/769/5
f 889/2/6 893/3/6 890/11/6
f 893/3/6 889/2/6 892/1/6
f 203/3/1 234/2/1 204/1/1
f 234/3/1 203/2/1 233/1/1
f 895/3/2 203/2/2 204/1/2
f 203/3/2 895/2/2 896/1/2
f 897/5/3 234/184/3 233/5/3
f 234/184/3 897/5/3 898/770/3
f 897/5/4 895/5/4 898/771/4
f 895/5/4 897/5/4 896/772/4
f 895/5/5 234/186/5 898/773/5
f 234/186/5 895/5/5 204/163/5
f 203/2/6 897/3/6 233/11/6
f 897/3/6 203/2/6 896/1/6
f 472/3/1 899/2/1 471/1/1
f 899/3/1 472/2/1 900/1/1
f 901/3/2 472/2/2 471/1/2
f 472/3/2 901/2/2 902/1/2
f 903/5/3 899/5/3 900/774/3
f 899/5/3 903/5/3 904/775/3
f 903/5/4 901/5/4 904/776/4
f 901/5/4 903/5/4 902/777/4
f 901/5/5 899/5/5 904/778/5
f 899/5/5 901/5/5 471/5/5
f 472/2/6 903/3/6 900/11/6
f 903/3/6 472/2/6 902/1/6
f 224/3/1 492/2/1 222/1/1
f 492/3/1 224/2/1 491/1/1
f 228/3/2 224/2/2 222/1/2
f 224/3/2 228/2/2 227/1/2
f 905/5/3 492/397/3 491/5/3
f 492/397/3 905/5/3 906/779/3
f 905/5/4 228/179/4 906/780/4
f 228/179/4 905/5/4 227/5/4
f 228/181/5 492/400/5 906/781/5
f 492/400/5 228/181/5 222/5/5
f 224/2/6 905/3/6 491/11/6
f 905/3/6 224/2/6 227/1/6
f 232/3/1 907/2/1 230/1/1
f 907/3/1 232/2/1 908/1/1
f 234/3/2 232/2/2 230/1/2
f 232/3/2 234/2/2 233/1/2
f 909/5/3 907/5/3 908/782/3
f 907/5/3 909/5/3 910/783/3
f 909/5/4 234/185/4 910/784/4
f 234/185/4 909/5/4 233/5/4
f 234/186/5 907/5/5 910/785/5
f 907/5/5 234/186/5 230/5/5
f 232/2/6 909/3/6 908/11/6
f 909/3/6 232/2/6 233/1/6
f 236/3/1 470/2/1 235/1/1
f 470/3/1 236/2/1 469/1/1
f 474/3/2 236/2/2 235/1/2
f 236/3/2 474/2/2 473/1/2
f 900/774/3 470/378/3 469/5/3
f 470/378/3 900/774/3 899/5/3
f 900/5/4 474/382/4 899/786/4
f 474/382/4 900/5/4 473/5/4
f 474/384/5 470/380/5 899/5/5
f 470/380/5 474/384/5 235/5/5
f 236/2/6 900/3/6 469/11/6
f 900/3/6 236/2/6 473/1/6
f 913/3/1 912/2/1 911/1/1
f 912/3/1 913/2/1 914/1/1
f 476/3/2 913/2/2 911/1/2
f 913/3/2 476/2/2 478/1/2
f 915/5/3 912/5/3 914/787/3
f 912/5/3 915/5/3 916/788/3
f 915/5/4 476/5/4 916/789/4
f 476/5/4 915/5/4 478/790/4
f 476/5/5 912/5/5 916/791/5
f 912/5/5 476/5/5 911/792/5
f 913/2/6 915/3/6 914/11/6
f 915/3/6 913/2/6 478/1/6
f 919/3/1 918/2/1 917/1/1
f 918/3/1 919/2/1 920/1/1
f 921/3/2 919/2/2 917/1/2
f 919/3/2 921/2/2 922/1/2
f 923/5/3 918/5/3 920/793/3
f 918/5/3 923/5/3 924/794/3
f 923/5/4 921/5/4 924/795/4
f 921/5/4 923/5/4 922/796/4
f 921/5/5 918/5/5 924/797/5
f 918/5/5 921/5/5 917/798/5
f 919/2/6 923/3/6 920/11/6
f 923/3/6 919/2/6 922/1/6
f 927/3/1 926/2/1 925/1/1
f 926/3/1 927/2/1 928/1/1
f 918/3/2 927/2/2 925/1/2
f 927/3/2 918/2/2 920/1/2
f 929/5/3 926/5/3 928/799/3
f 926/5/3 929/5/3 930/800/3
f 929/5/4 918/5/4 930/801/4
f 918/5/4 929/5/4 920/802/4
f 918/5/5 926/5/5 930/803/5
f 926/5/5 918/5/5 925/804/5
f 927/2/6 929/3/6 928/11/6
f 929/3/6 927/2/6 920/1/6
f 498/3/1 500/2/1 497/1/1
f 500/3/1 498/2/1 499/1/1
f 926/3/2 498/2/2 497/1/2
f 498/3/2 926/2/2 928/1/2
f 931/5/3 500/402/3 499/5/3
f 500/402/3 931/5/3 932/805/3
f 931/5/4 926/5/4 932/806/4
f 926/5/4 931/5/4 928/807/4
f 926/5/5 500/405/5 932/808/5
f 500/405/5 926/5/5 497/5/5
f 498/2/6 931/3/6 499/11/6
f 931/3/6 498/2/6 928/1/6

usemtl color24

f 502/3/1 933/2/1 501/1/1
f 933/3/1 502/2/1 934/1/1
f 504/3/2 502/2/2 501/1/2
f 502/3/2 504/2/2 503/1/2
f 935/5/3 933/5/3 934/809/3
f 933/5/3 935/5/3 936/810/3
f 935/5/4 504/409/4 936/811/4
f 504/409/4 935/5/4 503/5/4
f 504/410/5 933/5/5 936/812/5
f 933/5/5 504/410/5 501/5/5
f 502/2/6 935/3/6 934/11/6
f 935/3/6 502/2/6 503/1/6
f 939/3/1 938/2/1 937/1/1
f 938/3/1 939/2/1 940/1/1
f 391/3/2 939/2/2 937/1/2
f 939/3/2 391/2/2 393/1/2
f 394/313/3 938/5/3 940/813/3
f 938/5/3 394/313/3 392/5/3
f 394/5/4 391/5/4 392/814/4
f 391/5/4 394/5/4 393/815/4
f 391/318/5 938/5/5 392/5/5
f 938/5/5 391/318/5 937/816/5
f 939/2/6 394/3/6 940/11/6
f 394/3/6 939/2/6 393/1/6
f 662/3/1 703/2/1 660/1/1
f 703/3/1 662/2/1 705/1/1
f 941/3/2 662/2/2 660/1/2
f 662/3/2 941/2/2 942/1/2
f 708/5/3 703/5/3 705/817/3
f 703/5/3 708/5/3 707/818/3
f 708/596/4 941/5/4 707/5/4
f 941/5/4 708/596/4 942/819/4
f 941/5/5 703/598/5 707/5/5
f 703/598/5 941/5/5 660/5/5
f 662/2/6 708/3/6 705/11/6
f 708/3/6 662/2/6 942/1/6

usemtl color20

f 120/3/1 122/2/1 119/1/1
f 122/3/1 120/2/1 121/1/1
f 792/3/2 120/2/2 119/1/2
f 120/3/2 792/2/2 791/1/2
f 943/5/3 122/96/3 121/5/3
f 122/96/3 943/5/3 944/820/3
f 943/5/4 792/675/4 944/821/4
f 792/675/4 943/5/4 791/5/4
f 792/676/5 122/99/5 944/822/5
f 122/99/5 792/676/5 119/5/5
f 120/2/6 943/3/6 121/11/6
f 943/3/6 120/2/6 791/1/6
f 794/3/1 945/2/1 793/1/1
f 945/3/1 794/2/1 946/1/1
f 123/3/2 794/2/2 793/1/2
f 794/3/2 123/2/2 125/1/2
f 126/101/3 945/5/3 946/823/3
f 945/5/3 126/101/3 124/5/3
f 126/5/4 123/678/4 124/824/4
f 123/678/4 126/5/4 125/5/4
f 123/106/5 945/5/5 124/5/5
f 945/5/5 123/106/5 793/5/5
f 794/2/6 126/3/6 946/11/6
f 126/3/6 794/2/6 125/1/6
f 774/3/1 57/2/1 773/1/1
f 57/3/1 774/2/1 58/1/1
f 154/3/2 774/2/2 773/1/2
f 774/3/2 154/2/2 153/1/2
f 830/710/3 57/654/3 58/5/3
f 57/654/3 830/710/3 829/5/3
f 830/5/4 154/121/4 829/825/4
f 154/121/4 830/5/4 153/5/4
f 154/123/5 57/5/5 829/5/5
f 57/5/5 154/123/5 773/5/5
f 774/2/6 830/3/6 58/11/6
f 830/3/6 774/2/6 153/1/6
f 948/3/1 411/2/1 947/1/1
f 411/3/1 948/2/1 413/1/1
f 949/3/2 948/2/2 947/1/2
f 948/3/2 949/2/2 950/1/2
f 416/5/3 411/5/3 413/826/3
f 411/5/3 416/5/3 415/827/3
f 416/335/4 949/5/4 415/5/4
f 949/5/4 416/335/4 950/828/4
f 949/5/5 411/337/5 415/5/5
f 411/337/5 949/5/5 947/829/5
f 948/2/6 416/3/6 413/11/6
f 416/3/6 948/2/6 950/1/6
f 953/3/1 952/2/1 951/1/1
f 952/3/1 953/2/1 954/1/1
f 955/3/2 953/2/2 951/1/2
f 953/3/2 955/2/2 956/1/2
f 957/5/3 952/5/3 954/830/3
f 952/5/3 957/5/3 958/831/3
f 957/5/4 955/5/4 958/832/4
f 955/5/4 957/5/4 956/833/4
f 955/5/5 952/5/5 958/834/5
f 952/5/5 955/5/5 951/835/5
f 953/2/6 957/3/6 954/11/6
f 957/3/6 953/2/6 956/1/6
f 842/3/1 853/2/1 840/1/1
f 853/3/1 842/2/1 855/1/1
f 846/3/2 842/2/2 840/1/2
f 842/3/2 846/2/2 845/1/2
f 858/5/3 853/5/3 855/836/3
f 853/5/3 858/5/3 857/837/3
f 858/735/4 846/722/4 857/5/4
f 846/722/4 858/735/4 845/5/4
f 846/724/5 853/737/5 857/5/5
f 853/737/5 846/724/5 840/5/5
f 842/2/6 858/3/6 855/11/6
f 858/3/6 842/2/6 845/1/6
f 442/3/1 444/2/1 441/1/1
f 444/3/1 442/2/1 443/1/1
f 959/3/2 442/2/2 441/1/2
f 442/3/2 959/2/2 960/1/2
f 961/5/3 444/354/3 443/5/3
f 444/354/3 961/5/3 962/838/3
f 961/5/4 959/5/4 962/839/4
f 959/5/4 961/5/4 960/840/4
f 959/5/5 444/357/5 962/841/5
f 444/357/5 959/5/5 441/5/5
f 442/2/6 961/3/6 443/11/6
f 961/3/6 442/2/6 960/1/6

usemtl color11

f 515/3/1 963/2/1 516/1/1
f 963/3/1 515/2/1 964/1/1
f 965/3/2 515/2/2 516/1/2
f 515/3/2 965/2/2 966/1/2
f 967/5/3 963/5/3 964/842/3
f 963/5/3 967/5/3 968/843/3
f 967/5/4 965/5/4 968/844/4
f 965/5/4 967/5/4 966/845/4
f 965/5/5 963/5/5 968/846/5
f 963/5/5 965/5/5 516/420/5
f 515/2/6 967/3/6 964/11/6
f 967/3/6 515/2/6 966/1/6
f 970/3/1 517/2/1 969/1/1
f 517/3/1 970/2/1 519/1/1
f 971/3/2 970/2/2 969/1/2
f 970/3/2 971/2/2 972/1/2
f 522/5/3 517/5/3 519/847/3
f 517/5/3 522/5/3 521/848/3
f 522/424/4 971/5/4 521/5/4
f 971/5/4 522/424/4 972/849/4
f 971/5/5 517/426/5 521/5/5
f 517/426/5 971/5/5 969/850/5
f 970/2/6 522/3/6 519/11/6
f 522/3/6 970/2/6 972/1/6
f 975/3/1 974/2/1 973/1/1
f 974/3/1 975/2/1 976/1/1
f 517/3/2 975/2/2 973/1/2
f 975/3/2 517/2/2 519/1/2
f 520/421/3 974/5/3 976/851/3
f 974/5/3 520/421/3 518/5/3
f 520/5/4 517/5/4 518/852/4
f 517/5/4 520/5/4 519/853/4
f 517/426/5 974/5/5 518/5/5
f 974/5/5 517/426/5 973/854/5
f 975/2/6 520/3/6 976/11/6
f 520/3/6 975/2/6 519/1/6
f 979/3/1 978/2/1 977/1/1
f 978/3/1 979/2/1 980/1/1
f 981/3/2 979/2/2 977/1/2
f 979/3/2 981/2/2 982/1/2
f 983/5/3 978/5/3 980/855/3
f 978/5/3 983/5/3 984/856/3
f 983/5/4 981/5/4 984/857/4
f 981/5/4 983/5/4 982/858/4
f 981/5/5 978/5/5 984/859/5
f 978/5/5 981/5/5 977/860/5
f 979/2/6 983/3/6 980/11/6
f 983/3/6 979/2/6 982/1/6
f 987/3/1 986/2/1 985/1/1
f 986/3/1 987/2/1 988/1/1
f 659/3/2 987/2/2 985/1/2
f 987/3/2 659/2/2 661/1/2
f 662/553/3 986/5/3 988/861/3
f 986/5/3 662/553/3 660/5/3
f 662/5/4 659/5/4 660/862/4
f 659/5/4 662/5/4 661/863/4
f 659/558/5 986/5/5 660/5/5
f 986/5/5 659/558/5 985/864/5
f 987/2/6 662/3/6 988/11/6
f 662/3/6 987/2/6 661/1/6
f 991/3/1 990/2/1 989/1/1
f 990/3/1 991/2/1 992/1/1
f 951/3/2 991/2/2 989/1/2
f 991/3/2 951/2/2 953/1/2
f 954/830/3 990/5/3 992/865/3
f 990/5/3 954/830/3 952/5/3
f 954/5/4 951/5/4 952/866/4
f 951/5/4 954/5/4 953/867/4
f 951/835/5 990/5/5 952/5/5
f 990/5/5 951/835/5 989/868/5
f 991/2/6 954/3/6 992/11/6
f 954/3/6 991/2/6 953/1/6
f 995/3/1 994/2/1 993/1/1
f 994/3/1 995/2/1 996/1/1
f 703/3/2 995/2/2 993/1/2
f 995/3/2 703/2/2 705/1/2
f 706/593/3 994/5/3 996/869/3
f 994/5/3 706/593/3 704/5/3
f 706/5/4 703/5/4 704/870/4
f 703/5/4 706/5/4 705/871/4
f 703/598/5 994/5/5 704/5/5
f 994/5/5 703/598/5 993/872/5
f 995/2/6 706/3/6 996/11/6
f 706/3/6 995/2/6 705/1/6
f 718/3/1 997/2/1 716/1/1
f 997/3/1 718/2/1 998/1/1
f 722/3/2 718/2/2 716/1/2
f 718/3/2 722/2/2 721/1/2
f 999/5/3 997/5/3 998/873/3
f 997/5/3 999/5/3 1000/874/3
f 999/5/4 722/605/4 1000/875/4
f 722/605/4 999/5/4 721/5/4
f 722/607/5 997/5/5 1000/876/5
f 997/5/5 722/607/5 716/5/5
f 718/2/6 999/3/6 998/11/6
f 999/3/6 718/2/6 721/1/6
f 999/3/1 1001/2/1 1000/1/1
f 1001/3/1 999/2/1 1002/1/1
f 1003/3/2 999/2/2 1000/1/2
f 999/3/2 1003/2/2 1004/1/2
f 747/5/3 1001/5/3 1002/877/3
f 1001/5/3 747/5/3 745/878/3
f 747/5/4 1003/5/4 745/879/4
f 1003/5/4 747/5/4 1004/880/4
f 1003/5/5 1001/5/5 745/632/5
f 1001/5/5 1003/5/5 1000/876/5
f 999/2/6 747/3/6 1002/11/6
f 747/3/6 999/2/6 1004/1/6

usemtl color5

f 934/3/1 807/2/1 933/1/1
f 807/3/1 934/2/1 809/1/1
f 936/3/2 934/2/2 933/1/2
f 934/3/2 936/2/2 935/1/2
f 812/5/3 807/5/3 809/881/3
f 807/5/3 812/5/3 811/882/3
f 812/694/4 936/811/4 811/5/4
f 936/811/4 812/694/4 935/5/4
f 936/812/5 807/696/5 811/5/5
f 807/696/5 936/812/5 933/5/5
f 934/2/6 812/3/6 809/11/6
f 812/3/6 934/2/6 935/1/6
f 812/3/1 814/2/1 811/1/1
f 814/3/1 812/2/1 813/1/1
f 1005/3/2 812/2/2 811/1/2
f 812/3/2 1005/2/2 1006/1/2
f 1007/5/3 814/692/3 813/5/3
f 814/692/3 1007/5/3 1008/883/3
f 1007/5/4 1005/5/4 1008/884/4
f 1005/5/4 1007/5/4 1006/885/4
f 1005/5/5 814/695/5 1008/886/5
f 814/695/5 1005/5/5 811/5/5
f 812/2/6 1007/3/6 813/11/6
f 1007/3/6 812/2/6 1006/1/6
f 134/3/1 1009/2/1 132/1/1
f 1009/3/1 134/2/1 1010/1/1
f 138/3/2 134/2/2 132/1/2
f 134/3/2 138/2/2 137/1/2
f 1011/5/3 1009/5/3 1010/887/3
f 1009/5/3 1011/5/3 1012/888/3
f 1011/5/4 138/109/4 1012/889/4
f 138/109/4 1011/5/4 137/5/4
f 138/111/5 1009/5/5 1012/890/5
f 1009/5/5 138/111/5 132/5/5
f 134/2/6 1011/3/6 1010/11/6
f 1011/3/6 134/2/6 137/1/6
f 1015/3/1 1014/2/1 1013/1/1
f 1014/3/1 1015/2/1 1016/1/1
f 1017/3/2 1015/2/2 1013/1/2
f 1015/3/2 1017/2/2 1018/1/2
f 1019/5/3 1014/5/3 1016/891/3
f 1014/5/3 1019/5/3 1020/892/3
f 1019/5/4 1017/5/4 1020/893/4
f 1017/5/4 1019/5/4 1018/894/4
f 1017/5/5 1014/5/5 1020/895/5
f 1014/5/5 1017/5/5 1013/896/5
f 1015/2/6 1019/3/6 1016/11/6
f 1019/3/6 1015/2/6 1018/1/6
f 1023/3/1 1022/2/1 1021/1/1
f 1022/3/1 1023/2/1 1024/1/1
f 1025/3/2 1023/2/2 1021/1/2
f 1023/3/2 1025/2/2 1026/1/2
f 1027/5/3 1022/5/3 1024/897/3
f 1022/5/3 1027/5/3 1028/898/3
f 1027/5/4 1025/5/4 1028/899/4
f 1025/5/4 1027/5/4 1026/900/4
f 1025/5/5 1022/5/5 1028/901/5
f 1022/5/5 1025/5/5 1021/902/5
f 1023/2/6 1027/3/6 1024/11/6
f 1027/3/6 1023/2/6 1026/1/6
f 538/3/1 540/2/1 537/1/1
f 540/3/1 538/2/1 539/1/1
f 1014/3/2 538/2/2 537/1/2
f 538/3/2 1014/2/2 1016/1/2
f 1029/5/3 540/434/3 539/5/3
f 540/434/3 1029/5/3 1030/903/3
f 1029/5/4 1014/5/4 1030/904/4
f 1014/5/4 1029/5/4 1016/905/4
f 1014/5/5 540/437/5 1030/906/5
f 540/437/5 1014/5/5 537/5/5
f 538/2/6 1029/3/6 539/11/6
f 1029/3/6 538/2/6 1016/1/6
f 1033/3/1 1032/2/1 1031/1/1
f 1032/3/1 1033/2/1 1034/1/1
f 1035/3/2 1033/2/2 1031/1/2
f 1033/3/2 1035/2/2 1036/1/2
f 664/5/3 1032/5/3 1034/907/3
f 1032/5/3 664/5/3 663/908/3
f 664/556/4 1035/5/4 663/5/4
f 1035/5/4 664/556/4 1036/909/4
f 1035/5/5 1032/5/5 663/5/5
f 1032/5/5 1035/5/5 1031/910/5
f 1033/2/6 664/3/6 1034/11/6
f 664/3/6 1033/2/6 1036/1/6
f 1039/3/1 1038/2/1 1037/1/1
f 1038/3/1 1039/2/1 1040/1/1
f 977/3/2 1039/2/2 1037/1/2
f 1039/3/2 977/2/2 979/1/2
f 980/855/3 1038/5/3 1040/911/3
f 1038/5/3 980/855/3 978/5/3
f 980/5/4 977/5/4 978/912/4
f 977/5/4 980/5/4 979/913/4
f 977/860/5 1038/5/5 978/5/5
f 1038/5/5 977/860/5 1037/914/5
f 1039/2/6 980/3/6 1040/11/6
f 980/3/6 1039/2/6 979/1/6
f 648/3/1 650/2/1 647/1/1
f 650/3/1 648/2/1 649/1/1
f 651/3/2 648/2/2 647/1/2
f 648/3/2 651/2/2 653/1/2
f 654/547/3 650/542/3 649/5/3
f 650/542/3 654/547/3 652/5/3
f 654/562/4 651/5/4 652/5/4
f 651/5/4 654/562/4 653/915/4
f 651/552/5 650/545/5 652/5/5
f 650/545/5 651/552/5 647/5/5
f 648/2/6 654/3/6 649/11/6
f 654/3/6 648/2/6 653/1/6
f 1043/3/1 1042/2/1 1041/1/1
f 1042/3/1 1043/2/1 1044/1/1
f 1045/3/2 1043/2/2 1041/1/2
f 1043/3/2 1045/2/2 1046/1/2
f 1047/5/3 1042/5/3 1044/916/3
f 1042/5/3 1047/5/3 1048/917/3
f 1047/5/4 1045/5/4 1048/918/4
f 1045/5/4 1047/5/4 1046/919/4
f 1045/5/5 1042/5/5 1048/920/5
f 1042/5/5 1045/5/5 1041/921/5
f 1043/2/6 1047/3/6 1044/11/6
f 1047/3/6 1043/2/6 1046/1/6
f 1051/3/1 1050/2/1 1049/1/1
f 1050/3/1 1051/2/1 1052/1/1
f 644/3/2 1051/2/2 1049/1/2
f 1051/3/2 644/2/2 646/1/2
f 682/5/3 1050/5/3 1052/922/3
f 1050/5/3 682/5/3 681/923/3
f 682/572/4 644/5/4 681/5/4
f 644/5/4 682/572/4 646/924/4
f 644/5/5 1050/5/5 681/5/5
f 1050/5/5 644/5/5 1049/925/5
f 1051/2/6 682/3/6 1052/11/6
f 682/3/6 1051/2/6 646/1/6
f 654/3/1 670/2/1 652/1/1
f 670/3/1 654/2/1 669/1/1
f 658/3/2 654/2/2 652/1/2
f 654/3/2 658/2/2 657/1/2
f 672/564/3 670/560/3 669/5/3
f 670/560/3 672/564/3 671/5/3
f 672/5/4 658/549/4 671/926/4
f 658/549/4 672/5/4 657/5/4
f 658/551/5 670/563/5 671/5/5
f 670/563/5 658/551/5 652/5/5
f 654/2/6 672/3/6 669/11/6
f 672/3/6 654/2/6 657/1/6
f 672/3/1 1053/2/1 671/1/1
f 1053/3/1 672/2/1 1054/1/1
f 676/3/2 672/2/2 671/1/2
f 672/3/2 676/2/2 675/1/2
f 686/575/3 1053/5/3 1054/927/3
f 1053/5/3 686/575/3 685/5/3
f 686/5/4 676/566/4 685/928/4
f 676/566/4 686/5/4 675/5/4
f 676/568/5 1053/5/5 685/5/5
f 1053/5/5 676/568/5 671/5/5
f 672/2/6 686/3/6 1054/11/6
f 686/3/6 672/2/6 675/1/6
f 1057/3/1 1056/2/1 1055/1/1
f 1056/3/1 1057/2/1 1058/1/1
f 684/3/2 1057/2/2 1055/1/2
f 1057/3/2 684/2/2 683/1/2
f 696/584/3 1056/5/3 1058/929/3
f 1056/5/3 696/584/3 695/5/3
f 696/5/4 684/571/4 695/930/4
f 684/571/4 696/5/4 683/5/4
f 684/573/5 1056/5/5 695/5/5
f 1056/5/5 684/573/5 1055/931/5
f 1057/2/6 696/3/6 1058/11/6
f 696/3/6 1057/2/6 683/1/6
f 686/3/1 1059/2/1 685/1/1
f 1059/3/1 686/2/1 1060/1/1
f 690/3/2 686/2/2 685/1/2
f 686/3/2 690/2/2 689/1/2
f 702/589/3 1059/5/3 1060/932/3
f 1059/5/3 702/589/3 701/5/3
f 702/5/4 690/577/4 701/933/4
f 690/577/4 702/5/4 689/5/4
f 690/579/5 1059/5/5 701/5/5
f 1059/5/5 690/579/5 685/5/5
f 686/2/6 702/3/6 1060/11/6
f 702/3/6 686/2/6 689/1/6
f 692/3/1 289/2/1 691/1/1
f 289/3/1 692/2/1 291/1/1
f 694/3/2 692/2/2 691/1/2
f 692/3/2 694/2/2 693/1/2
f 294/5/3 289/590/3 291/5/3
f 289/590/3 294/5/3 293/934/3
f 294/232/4 694/582/4 293/5/4
f 694/582/4 294/232/4 693/5/4
f 694/583/5 289/234/5 293/5/5
f 289/234/5 694/583/5 691/5/5
f 692/2/6 294/3/6 291/11/6
f 294/3/6 692/2/6 693/1/6
f 696/3/1 1061/2/1 695/1/1
f 1061/3/1 696/2/1 1062/1/1
f 700/3/2 696/2/2 695/1/2
f 696/3/2 700/2/2 699/1/2
f 712/599/3 1061/5/3 1062/935/3
f 1061/5/3 712/599/3 711/5/3
f 712/5/4 700/586/4 711/936/4
f 700/586/4 712/5/4 699/5/4
f 700/588/5 1061/5/5 711/5/5
f 1061/5/5 700/588/5 695/5/5
f 696/2/6 712/3/6 1062/11/6
f 712/3/6 696/2/6 699/1/6
f 702/3/1 1063/2/1 701/1/1
f 1063/3/1 702/2/1 1064/1/1
f 289/3/2 702/2/2 701/1/2
f 702/3/2 289/2/2 291/1/2
f 292/229/3 1063/5/3 1064/937/3
f 1063/5/3 292/229/3 290/5/3
f 292/5/4 289/591/4 290/938/4
f 289/591/4 292/5/4 291/5/4
f 289/234/5 1063/5/5 290/5/5
f 1063/5/5 289/234/5 701/5/5
f 702/2/6 292/3/6 1064/11/6
f 292/3/6 702/2/6 291/1/6
f 706/3/1 555/2/1 704/1/1
f 555/3/1 706/2/1 557/1/1
f 710/3/2 706/2/2 704/1/2
f 706/3/2 710/2/2 709/1/2
f 560/5/3 555/5/3 557/939/3
f 555/5/3 560/5/3 559/940/3
f 560/455/4 710/595/4 559/5/4
f 710/595/4 560/455/4 709/5/4
f 710/597/5 555/457/5 559/5/5
f 555/457/5 710/597/5 704/5/5
f 706/2/6 560/3/6 557/11/6
f 560/3/6 706/2/6 709/1/6
f 292/3/1 725/2/1 290/1/1
f 725/3/1 292/2/1 727/1/1
f 296/3/2 292/2/2 290/1/2
f 292/3/2 296/2/2 295/1/2
f 730/5/3 725/5/3 727/941/3
f 725/5/3 730/5/3 729/942/3
f 730/614/4 296/231/4 729/5/4
f 296/231/4 730/614/4 295/5/4
f 296/233/5 725/616/5 729/5/5
f 725/616/5 296/233/5 290/5/5
f 292/2/6 730/3/6 727/11/6
f 730/3/6 292/2/6 295/1/6
f 302/3/1 304/2/1 301/1/1
f 304/3/1 302/2/1 303/1/1
f 1065/3/2 302/2/2 301/1/2
f 302/3/2 1065/2/2 1066/1/2
f 308/5/3 304/236/3 303/5/3
f 304/236/3 308/5/3 307/943/3
f 308/244/4 1065/5/4 307/5/4
f 1065/5/4 308/244/4 1066/944/4
f 1065/5/5 304/239/5 307/5/5
f 304/239/5 1065/5/5 301/5/5
f 302/2/6 308/3/6 303/11/6
f 308/3/6 302/2/6 1066/1/6
f 1069/3/1 1068/2/1 1067/1/1
f 1068/3/1 1069/2/1 1070/1/1
f 733/3/2 1069/2/2 1067/1/2
f 1069/3/2 733/2/2 734/1/2
f 571/617/3 1068/5/3 1070/945/3
f 1068/5/3 571/617/3 569/5/3
f 571/5/4 733/5/4 569/946/4
f 733/5/4 571/5/4 734/947/4
f 733/620/5 1068/5/5 569/468/5
f 1068/5/5 733/620/5 1067/948/5
f 1069/2/6 571/3/6 1070/11/6
f 571/3/6 1069/2/6 734/1/6
f 308/3/1 310/2/1 307/1/1
f 310/3/1 308/2/1 309/1/1
f 726/3/2 308/2/2 307/1/2
f 308/3/2 726/2/2 728/1/2
f 314/5/3 310/242/3 309/5/3
f 310/242/3 314/5/3 313/949/3
f 314/249/4 726/5/4 313/5/4
f 726/5/4 314/249/4 728/950/4
f 726/5/5 310/245/5 313/5/5
f 310/245/5 726/5/5 307/5/5
f 308/2/6 314/3/6 309/11/6
f 314/3/6 308/2/6 728/1/6
f 572/3/1 586/2/1 570/1/1
f 586/3/1 572/2/1 585/1/1
f 576/3/2 572/2/2 570/1/2
f 572/3/2 576/2/2 575/1/2
f 1071/5/3 586/474/3 585/5/3
f 586/474/3 1071/5/3 1072/951/3
f 1071/5/4 576/465/4 1072/952/4
f 576/465/4 1071/5/4 575/5/4
f 576/467/5 586/477/5 1072/953/5
f 586/477/5 576/467/5 570/5/5
f 572/2/6 1071/3/6 585/11/6
f 1071/3/6 572/2/6 575/1/6
f 584/3/1 590/2/1 582/1/1
f 590/3/1 584/2/1 589/1/1
f 586/3/2 584/2/2 582/1/2
f 584/3/2 586/2/2 585/1/2
f 1073/5/3 590/480/3 589/5/3
f 590/480/3 1073/5/3 1074/954/3
f 1073/5/4 586/475/4 1074/955/4
f 586/475/4 1073/5/4 585/5/4
f 586/477/5 590/483/5 1074/956/5
f 590/483/5 586/477/5 582/5/5
f 584/2/6 1073/3/6 589/11/6
f 1073/3/6 584/2/6 585/1/6
f 330/3/1 332/2/1 329/1/1
f 332/3/1 330/2/1 331/1/1
f 590/3/2 330/2/2 329/1/2
f 330/3/2 590/2/2 589/1/2
f 1075/5/3 332/258/3 331/5/3
f 332/258/3 1075/5/3 1076/957/3
f 1075/5/4 590/481/4 1076/958/4
f 590/481/4 1075/5/4 589/5/4
f 590/483/5 332/261/5 1076/959/5
f 332/261/5 590/483/5 329/5/5
f 330/2/6 1075/3/6 331/11/6
f 1075/3/6 330/2/6 589/1/6

usemtl color17

f 800/3/1 802/2/1 799/1/1
f 802/3/1 800/2/1 801/1/1
f 803/3/2 800/2/2 799/1/2
f 800/3/2 803/2/2 805/1/2
f 806/687/3 802/683/3 801/5/3
f 802/683/3 806/687/3 804/5/3
f 806/5/4 803/5/4 804/960/4
f 803/5/4 806/5/4 805/961/4
f 803/690/5 802/686/5 804/5/5
f 802/686/5 803/690/5 799/5/5
f 800/2/6 806/3/6 801/11/6
f 806/3/6 800/2/6 805/1/6
f 144/3/1 146/2/1 143/1/1
f 146/3/1 144/2/1 145/1/1
f 375/3/2 144/2/2 143/1/2
f 144/3/2 375/2/2 377/1/2
f 378/301/3 146/114/3 145/5/3
f 146/114/3 378/301/3 376/5/3
f 378/5/4 375/5/4 376/962/4
f 375/5/4 378/5/4 377/963/4
f 375/306/5 146/117/5 376/5/5
f 146/117/5 375/306/5 143/5/5
f 144/2/6 378/3/6 145/11/6
f 378/3/6 144/2/6 377/1/6
f 396/3/1 398/2/1 395/1/1
f 398/3/1 396/2/1 397/1/1
f 815/3/2 396/2/2 395/1/2
f 396/3/2 815/2/2 817/1/2
f 818/697/3 398/314/3 397/5/3
f 398/314/3 818/697/3 816/5/3
f 818/5/4 815/5/4 816/964/4
f 815/5/4 818/5/4 817/965/4
f 815/702/5 398/317/5 816/5/5
f 398/317/5 815/702/5 395/5/5
f 396/2/6 818/3/6 397/11/6
f 818/3/6 396/2/6 817/1/6
f 820/3/1 822/2/1 819/1/1
f 822/3/1 820/2/1 821/1/1
f 1077/3/2 820/2/2 819/1/2
f 820/3/2 1077/2/2 1078/1/2
f 1079/5/3 822/698/3 821/5/3
f 822/698/3 1079/5/3 1080/966/3
f 1079/5/4 1077/5/4 1080/967/4
f 1077/5/4 1079/5/4 1078/968/4
f 1077/5/5 822/701/5 1080/969/5
f 822/701/5 1077/5/5 819/5/5
f 820/2/6 1079/3/6 821/11/6
f 1079/3/6 820/2/6 1078/1/6
f 386/3/1 1081/2/1 384/1/1
f 1081/3/1 386/2/1 1082/1/1
f 390/3/2 386/2/2 384/1/2
f 386/3/2 390/2/2 389/1/2
f 1083/5/3 1081/5/3 1082/970/3
f 1081/5/3 1083/5/3 1084/971/3
f 1083/5/4 390/309/4 1084/972/4
f 390/309/4 1083/5/4 389/5/4
f 390/311/5 1081/5/5 1084/973/5
f 1081/5/5 390/311/5 384/5/5
f 386/2/6 1083/3/6 1082/11/6
f 1083/3/6 386/2/6 389/1/6
f 813/3/1 1085/2/1 814/1/1
f 1085/3/1 813/2/1 1086/1/1
f 823/3/2 813/2/2 814/1/2
f 813/3/2 823/2/2 824/1/2
f 405/703/3 1085/5/3 1086/974/3
f 1085/5/3 405/703/3 403/5/3
f 405/708/4 823/5/4 403/5/4
f 823/5/4 405/708/4 824/975/4
f 823/705/5 1085/5/5 403/327/5
f 1085/5/5 823/705/5 814/695/5
f 813/2/6 405/3/6 1086/11/6
f 405/3/6 813/2/6 824/1/6
f 152/3/1 154/2/1 151/1/1
f 154/3/1 152/2/1 153/1/1
f 399/3/2 152/2/2 151/1/2
f 152/3/2 399/2/2 400/1/2
f 157/319/3 154/120/3 153/5/3
f 154/120/3 157/319/3 155/5/3
f 157/712/4 399/5/4 155/5/4
f 399/5/4 157/712/4 400/976/4
f 399/322/5 154/123/5 155/130/5
f 154/123/5 399/322/5 151/5/5
f 152/2/6 157/3/6 153/11/6
f 157/3/6 152/2/6 400/1/6
f 850/3/1 1087/2/1 848/1/1
f 1087/3/1 850/2/1 1088/1/1
f 852/3/2 850/2/2 848/1/2
f 850/3/2 852/2/2 851/1/2
f 1089/5/3 1087/5/3 1088/977/3
f 1087/5/3 1089/5/3 1090/978/3
f 1089/5/4 852/728/4 1090/979/4
f 852/728/4 1089/5/4 851/5/4
f 852/730/5 1087/5/5 1090/980/5
f 1087/5/5 852/730/5 848/5/5
f 850/2/6 1089/3/6 1088/11/6
f 1089/3/6 850/2/6 851/1/6
f 1093/3/1 1092/2/1 1091/1/1
f 1092/3/1 1093/2/1 1094/1/1
f 1095/3/2 1093/2/2 1091/1/2
f 1093/3/2 1095/2/2 1096/1/2
f 1097/5/3 1092/5/3 1094/981/3
f 1092/5/3 1097/5/3 1098/982/3
f 1097/5/4 1095/5/4 1098/983/4
f 1095/5/4 1097/5/4 1096/984/4
f 1095/5/5 1092/5/5 1098/985/5
f 1092/5/5 1095/5/5 1091/986/5
f 1093/2/6 1097/3/6 1094/11/6
f 1097/3/6 1093/2/6 1096/1/6

usemtl color13

f 612/3/1 614/2/1 611/1/1
f 614/3/1 612/2/1 613/1/1
f 1099/3/2 612/2/2 611/1/2
f 612/3/2 1099/2/2 1100/1/2
f 1101/5/3 614/507/3 613/5/3
f 614/507/3 1101/5/3 1102/987/3
f 1101/5/4 1099/5/4 1102/988/4
f 1099/5/4 1101/5/4 1100/989/4
f 1099/5/5 614/510/5 1102/990/5
f 614/510/5 1099/5/5 611/5/5
f 612/2/6 1101/3/6 613/11/6
f 1101/3/6 612/2/6 1100/1/6
f 1105/3/1 1104/2/1 1103/1/1
f 1104/3/1 1105/2/1 1106/1/1
f 1107/3/2 1105/2/2 1103/1/2
f 1105/3/2 1107/2/2 1108/1/2
f 1109/5/3 1104/5/3 1106/991/3
f 1104/5/3 1109/5/3 1110/992/3
f 1109/5/4 1107/5/4 1110/993/4
f 1107/5/4 1109/5/4 1108/994/4
f 1107/5/5 1104/5/5 1110/995/5
f 1104/5/5 1107/5/5 1103/996/5
f 1105/2/6 1109/3/6 1106/11/6
f 1109/3/6 1105/2/6 1108/1/6

usemtl color26

f 1113/3/1 1112/2/1 1111/1/1
f 1112/3/1 1113/2/1 1114/1/1
f 1115/3/2 1113/2/2 1111/1/2
f 1113/3/2 1115/2/2 1116/1/2
f 1117/5/3 1112/5/3 1114/997/3
f 1112/5/3 1117/5/3 1118/998/3
f 1117/5/4 1115/5/4 1118/999/4
f 1115/5/4 1117/5/4 1116/1000/4
f 1115/5/5 1112/5/5 1118/1001/5
f 1112/5/5 1115/5/5 1111/1002/5
f 1113/2/6 1117/3/6 1114/11/6
f 1117/3/6 1113/2/6 1116/1/6

usemtl color8

f 1121/3/1 1120/2/1 1119/1/1
f 1120/3/1 1121/2/1 1122/1/1
f 1123/3/2 1121/2/2 1119/1/2
f 1121/3/2 1123/2/2 1124/1/2
f 1125/5/3 1120/5/3 1122/1003/3
f 1120/5/3 1125/5/3 1126/1004/3
f 1125/5/4 1123/5/4 1126/1005/4
f 1123/5/4 1125/5/4 1124/1006/4
f 1123/5/5 1120/5/5 1126/1007/5
f 1120/5/5 1123/5/5 1119/1008/5
f 1121/2/6 1125/3/6 1122/11/6
f 1125/3/6 1121/2/6 1124/1/6
f 665/3/1 1127/2/1 666/1/1
f 1127/3/1 665/2/1 1128/1/1
f 1050/3/2 665/2/2 666/1/2
f 665/3/2 1050/2/2 1052/1/2
f 1129/5/3 1127/5/3 1128/1009/3
f 1127/5/3 1129/5/3 1130/1010/3
f 1129/5/4 1050/5/4 1130/1011/4
f 1050/5/4 1129/5/4 1052/1012/4
f 1050/5/5 1127/5/5 1130/1013/5
f 1127/5/5 1050/5/5 666/557/5
f 665/2/6 1129/3/6 1128/11/6
f 1129/3/6 665/2/6 1052/1/6
f 1133/3/1 1132/2/1 1131/1/1
f 1132/3/1 1133/2/1 1134/1/1
f 1135/3/2 1133/2/2 1131/1/2
f 1133/3/2 1135/2/2 1136/1/2
f 1137/5/3 1132/5/3 1134/1014/3
f 1132/5/3 1137/5/3 1138/1015/3
f 1137/5/4 1135/5/4 1138/1016/4
f 1135/5/4 1137/5/4 1136/1017/4
f 1135/5/5 1132/5/5 1138/1018/5
f 1132/5/5 1135/5/5 1131/1019/5
f 1133/2/6 1137/3/6 1134/11/6
f 1137/3/6 1133/2/6 1136/1/6
f 1137/3/1 1139/2/1 1138/1/1
f 1139/3/1 1137/2/1 1140/1/1
f 1141/3/2 1137/2/2 1138/1/2
f 1137/3/2 1141/2/2 1142/1/2
f 1143/5/3 1139/5/3 1140/1020/3
f 1139/5/3 1143/5/3 1144/1021/3
f 1143/5/4 1141/5/4 1144/1022/4
f 1141/5/4 1143/5/4 1142/1023/4
f 1141/5/5 1139/5/5 1144/1024/5
f 1139/5/5 1141/5/5 1138/1018/5
f 1137/2/6 1143/3/6 1140/11/6
f 1143/3/6 1137/2/6 1142/1/6
f 1146/3/1 455/2/1 1145/1/1
f 455/3/1 1146/2/1 456/1/1
f 1147/3/2 1146/2/2 1145/1/2
f 1146/3/2 1147/2/2 1148/1/2
f 872/5/3 455/5/3 456/1025/3
f 455/5/3 872/5/3 871/1026/3
f 872/751/4 1147/5/4 871/5/4
f 1147/5/4 872/751/4 1148/1027/4
f 1147/5/5 455/5/5 871/5/5
f 455/5/5 1147/5/5 1145/1028/5
f 1146/2/6 872/3/6 456/11/6
f 872/3/6 1146/2/6 1148/1/6
f 1151/3/1 1150/2/1 1149/1/1
f 1150/3/1 1151/2/1 1152/1/1
f 1153/3/2 1151/2/2 1149/1/2
f 1151/3/2 1153/2/2 1154/1/2
f 1155/5/3 1150/5/3 1152/1029/3
f 1150/5/3 1155/5/3 1156/1030/3
f 1155/5/4 1153/5/4 1156/1031/4
f 1153/5/4 1155/5/4 1154/1032/4
f 1153/5/5 1150/5/5 1156/1033/5
f 1150/5/5 1153/5/5 1149/1034/5
f 1151/2/6 1155/3/6 1152/11/6
f 1155/3/6 1151/2/6 1154/1/6
f 227/3/1 906/2/1 228/1/1
f 906/3/1 227/2/1 905/1/1
f 230/3/2 227/2/2 228/1/2
f 227/3/2 230/2/2 232/1/2
f 908/782/3 906/779/3 905/5/3
f 906/779/3 908/782/3 907/5/3
f 908/5/4 230/5/4 907/1035/4
f 230/5/4 908/5/4 232/1036/4
f 230/5/5 906/781/5 907/5/5
f 906/781/5 230/5/5 228/181/5
f 227/2/6 908/3/6 905/11/6
f 908/3/6 227/2/6 232/1/6

usemtl color15

f 1159/3/1 1158/2/1 1157/1/1
f 1158/3/1 1159/2/1 1160/1/1
f 1161/3/2 1159/2/2 1157/1/2
f 1159/3/2 1161/2/2 1162/1/2
f 1163/5/3 1158/5/3 1160/1037/3
f 1158/5/3 1163/5/3 1164/1038/3
f 1163/5/4 1161/5/4 1164/1039/4
f 1161/5/4 1163/5/4 1162/1040/4
f 1161/5/5 1158/5/5 1164/1041/5
f 1158/5/5 1161/5/5 1157/1042/5
f 1159/2/6 1163/3/6 1160/11/6
f 1163/3/6 1159/2/6 1162/1/6
f 1167/3/1 1166/2/1 1165/1/1
f 1166/3/1 1167/2/1 1168/1/1
f 1169/3/2 1167/2/2 1165/1/2
f 1167/3/2 1169/2/2 1170/1/2
f 1171/5/3 1166/5/3 1168/1043/3
f 1166/5/3 1171/5/3 1172/1044/3
f 1171/5/4 1169/5/4 1172/1045/4
f 1169/5/4 1171/5/4 1170/1046/4
f 1169/5/5 1166/5/5 1172/1047/5
f 1166/5/5 1169/5/5 1165/1048/5
f 1167/2/6 1171/3/6 1168/11/6
f 1171/3/6 1167/2/6 1170/1/6

usemtl color19

f 1162/3/1 1164/2/1 1161/1/1
f 1164/3/1 1162/2/1 1163/1/1
f 1173/3/2 1162/2/2 1161/1/2
f 1162/3/2 1173/2/2 1174/1/2
f 1175/5/3 1164/1038/3 1163/5/3
f 1164/1038/3 1175/5/3 1176/1049/3
f 1175/5/4 1173/5/4 1176/1050/4
f 1173/5/4 1175/5/4 1174/1051/4
f 1173/5/5 1164/1041/5 1176/1052/5
f 1164/1041/5 1173/5/5 1161/5/5
f 1162/2/6 1175/3/6 1163/11/6
f 1175/3/6 1162/2/6 1174/1/6
f 1143/3/1 1177/2/1 1144/1/1
f 1177/3/1 1143/2/1 1178/1/1
f 1179/3/2 1143/2/2 1144/1/2
f 1143/3/2 1179/2/2 1180/1/2
f 1181/5/3 1177/5/3 1178/1053/3
f 1177/5/3 1181/5/3 1182/1054/3
f 1181/5/4 1179/5/4 1182/1055/4
f 1179/5/4 1181/5/4 1180/1056/4
f 1179/5/5 1177/5/5 1182/1057/5
f 1177/5/5 1179/5/5 1144/1024/5
f 1143/2/6 1181/3/6 1178/11/6
f 1181/3/6 1143/2/6 1180/1/6
f 1155/3/1 1183/2/1 1156/1/1
f 1183/3/1 1155/2/1 1184/1/1
f 1185/3/2 1155/2/2 1156/1/2
f 1155/3/2 1185/2/2 1186/1/2
f 1187/5/3 1183/5/3 1184/1058/3
f 1183/5/3 1187/5/3 1188/1059/3
f 1187/5/4 1185/5/4 1188/1060/4
f 1185/5/4 1187/5/4 1186/1061/4
f 1185/5/5 1183/5/5 1188/1062/5
f 1183/5/5 1185/5/5 1156/1033/5
f 1155/2/6 1187/3/6 1184/11/6
f 1187/3/6 1155/2/6 1186/1/6

usemtl color0

f 1191/3/1 1190/2/1 1189/1/1
f 1190/3/1 1191/2/1 1192/1/1
f 1193/3/2 1191/2/2 1189/1/2
f 1191/3/2 1193/2/2 1194/1/2
f 1195/5/3 1190/5/3 1192/1063/3
f 1190/5/3 1195/5/3 1196/1064/3
f 1195/5/4 1193/5/4 1196/1065/4
f 1193/5/4 1195/5/4 1194/1066/4
f 1193/5/5 1190/5/5 1196/1067/5
f 1190/5/5 1193/5/5 1189/1068/5
f 1191/2/6 1195/3/6 1192/11/6
f 1195/3/6 1191/2/6 1194/1/6
f 1199/3/1 1198/2/1 1197/1/1
f 1198/3/1 1199/2/1 1200/1/1
f 1201/3/2 1199/2/2 1197/1/2
f 1199/3/2 1201/2/2 1202/1/2
f 1203/5/3 1198/5/3 1200/1069/3
f 1198/5/3 1203/5/3 1204/1070/3
f 1203/5/4 1201/5/4 1204/1071/4
f 1201/5/4 1203/5/4 1202/1072/4
f 1201/5/5 1198/5/5 1204/1073/5
f 1198/5/5 1201/5/5 1197/1074/5
f 1199/2/6 1203/3/6 1200/11/6
f 1203/3/6 1199/2/6 1202/1/6
f 1207/3/1 1206/2/1 1205/1/1
f 1206/3/1 1207/2/1 1208/1/1
f 1209/3/2 1207/2/2 1205/1/2
f 1207/3/2 1209/2/2 1210/1/2
f 1211/5/3 1206/5/3 1208/1075/3
f 1206/5/3 1211/5/3 1212/1076/3
f 1211/5/4 1209/5/4 1212/1077/4
f 1209/5/4 1211/5/4 1210/1078/4
f 1209/5/5 1206/5/5 1212/1079/5
f 1206/5/5 1209/5/5 1205/1080/5
f 1207/2/6 1211/3/6 1208/11/6
f 1211/3/6 1207/2/6 1210/1/6

usemtl color23

f 992/3/1 1213/2/1 990/1/1
f 1213/3/1 992/2/1 1214/1/1
f 952/3/2 992/2/2 990/1/2
f 992/3/2 952/2/2 954/1/2
f 1215/5/3 1213/5/3 1214/1081/3
f 1213/5/3 1215/5/3 1216/1082/3
f 1215/5/4 952/866/4 1216/1083/4
f 952/866/4 1215/5/4 954/5/4
f 952/5/5 1213/5/5 1216/1084/5
f 1213/5/5 952/5/5 990/5/5
f 992/2/6 1215/3/6 1214/11/6
f 1215/3/6 992/2/6 954/1/6

usemtl color21

f 1122/3/1 1145/2/1 1120/1/1
f 1145/3/1 1122/2/1 1146/1/1
f 1126/3/2 1122/2/2 1120/1/2
f 1122/3/2 1126/2/2 1125/1/2
f 1148/5/3 1145/5/3 1146/1085/3
f 1145/5/3 1148/5/3 1147/1086/3
f 1148/1027/4 1126/1005/4 1147/5/4
f 1126/1005/4 1148/1027/4 1125/5/4
f 1126/1007/5 1145/1028/5 1147/5/5
f 1145/1028/5 1126/1007/5 1120/5/5
f 1122/2/6 1148/3/6 1146/11/6
f 1148/3/6 1122/2/6 1125/1/6
f 1219/3/1 1218/2/1 1217/1/1
f 1218/3/1 1219/2/1 1220/1/1
f 1221/3/2 1219/2/2 1217/1/2
f 1219/3/2 1221/2/2 1222/1/2
f 1223/5/3 1218/5/3 1220/1087/3
f 1218/5/3 1223/5/3 1224/1088/3
f 1223/5/4 1221/5/4 1224/1089/4
f 1221/5/4 1223/5/4 1222/1090/4
f 1221/5/5 1218/5/5 1224/1091/5
f 1218/5/5 1221/5/5 1217/1092/5
f 1219/2/6 1223/3/6 1220/11/6
f 1223/3/6 1219/2/6 1222/1/6
f 1129/3/1 1153/2/1 1130/1/1
f 1153/3/1 1129/2/1 1154/1/1
f 678/3/2 1129/2/2 1130/1/2
f 1129/3/2 678/2/2 680/1/2
f 1225/5/3 1153/5/3 1154/1093/3
f 1153/5/3 1225/5/3 1226/1094/3
f 1225/5/4 678/5/4 1226/1095/4
f 678/5/4 1225/5/4 680/1096/4
f 678/5/5 1153/5/5 1226/1097/5
f 1153/5/5 678/5/5 1130/1013/5
f 1129/2/6 1225/3/6 1154/11/6
f 1225/3/6 1129/2/6 680/1/6
f 1225/3/1 1185/2/1 1226/1/1
f 1185/3/1 1225/2/1 1186/1/1
f 1056/3/2 1225/2/2 1226/1/2
f 1225/3/2 1056/2/2 1058/1/2
f 1227/5/3 1185/5/3 1186/1098/3
f 1185/5/3 1227/5/3 1228/1099/3
f 1227/5/4 1056/5/4 1228/1100/4
f 1056/5/4 1227/5/4 1058/1101/4
f 1056/5/5 1185/5/5 1228/1102/5
f 1185/5/5 1056/5/5 1226/1097/5
f 1225/2/6 1227/3/6 1186/11/6
f 1227/3/6 1225/2/6 1058/1/6

usemtl color25

f 1163/3/1 1229/2/1 1164/1/1
f 1229/3/1 1163/2/1 1230/1/1
f 1176/3/2 1163/2/2 1164/1/2
f 1163/3/2 1176/2/2 1175/1/2
f 1231/5/3 1229/5/3 1230/1103/3
f 1229/5/3 1231/5/3 1232/1104/3
f 1231/5/4 1176/1050/4 1232/1105/4
f 1176/1050/4 1231/5/4 1175/5/4
f 1176/1052/5 1229/5/5 1232/1106/5
f 1229/5/5 1176/1052/5 1164/1041/5
f 1163/2/6 1231/3/6 1230/11/6
f 1231/3/6 1163/2/6 1175/1/6

usemtl color18

f 1223/3/1 1233/2/1 1224/1/1
f 1233/3/1 1223/2/1 1234/1/1
f 1235/3/2 1223/2/2 1224/1/2
f 1223/3/2 1235/2/2 1236/1/2
f 1237/5/3 1233/5/3 1234/1107/3
f 1233/5/3 1237/5/3 1238/1108/3
f 1237/5/4 1235/5/4 1238/1109/4
f 1235/5/4 1237/5/4 1236/1110/4
f 1235/5/5 1233/5/5 1238/1111/5
f 1233/5/5 1235/5/5 1224/1091/5
f 1223/2/6 1237/3/6 1234/11/6
f 1237/3/6 1223/2/6 1236/1/6
f 1241/3/1 1240/2/1 1239/1/1
f 1240/3/1 1241/2/1 1242/1/1
f 1233/3/2 1241/2/2 1239/1/2
f 1241/3/2 1233/2/2 1234/1/2
f 1243/5/3 1240/5/3 1242/1112/3
f 1240/5/3 1243/5/3 1244/1113/3
f 1243/5/4 1233/5/4 1244/1114/4
f 1233/5/4 1243/5/4 1234/1115/4
f 1233/5/5 1240/5/5 1244/1116/5
f 1240/5/5 1233/5/5 1239/1117/5
f 1241/2/6 1243/3/6 1242/11/6
f 1243/3/6 1241/2/6 1234/1/6

usemtl color16

f 1170/3/1 1172/2/1 1169/1/1
f 1172/3/1 1170/2/1 1171/1/1
f 1245/3/2 1170/2/2 1169/1/2
f 1170/3/2 1245/2/2 1246/1/2
f 1247/5/3 1172/1044/3 1171/5/3
f 1172/1044/3 1247/5/3 1248/1118/3
f 1247/5/4 1245/5/4 1248/1119/4
f 1245/5/4 1247/5/4 1246/1120/4
f 1245/5/5 1172/1047/5 1248/1121/5
f 1172/1047/5 1245/5/5 1169/5/5
f 1170/2/6 1247/3/6 1171/11/6
f 1247/3/6 1170/2/6 1246/1/6

