# Created by Kenney (www.kenney.nl)

mtllib Blaster RA1 Neoskizzle.mtl

v 11 6 -0.5
v 11 5 -0.5
v 11 6 0.5
v 11 5 0.5
v 10 6 -0.5
v 10 6 0.5
v 10 5 0.5
v 10 5 -0.5
v 10 6 -1
v 10 5 -1
v 10 6 1
v 10 5 1
v 9 6 -1
v 9 6 1
v 9 5 1
v 9 5 -1
v 4 6 -0.5
v 4 5 -0.5
v 4 6 0.5
v 4 5 0.5
v 3 6 -0.5
v 3 6 0.5
v 3 5 0.5
v 3 5 -0.5
v 11 5 -1.5
v 11 4 -1.5
v 11 5 1.5
v 11 4 1.5
v 10 5 -1.5
v 10 5 1.5
v 10 4 1.5
v 10 4 -1.5
v 20 4 -2
v 20 2 -2
v 20 4 2
v 20 2 2
v 19 4 -2
v 19 4 2
v 19 2 2
v 19 2 -2
v 16 4 -2
v 16 3 -2
v 16 4 2
v 16 3 2
v 15 4 -2
v 15 4 2
v 15 3 2
v 15 3 -2
v 9 4 -2
v 9 2 -2
v 9 4 2
v 9 2 2
v 8 4 -2
v 8 4 2
v 8 2 2
v 8 2 -2
v 6 4 -2
v 6 3 -2
v 6 4 2
v 6 3 2
v 5 4 -2
v 5 4 2
v 5 3 2
v 5 3 -2
v 3 4 -1.5
v 3 3 -1.5
v 3 4 1.5
v 3 3 1.5
v -4 4 -1.5
v -4 4 1.5
v -4 3 1.5
v -4 3 -1.5
v -8 4 -1.5
v -8 1 -1.5
v -8 4 1.5
v -8 1 1.5
v -9 4 -1.5
v -9 4 1.5
v -9 1 1.5
v -9 1 -1.5
v 19 3 -2
v 19 3 2
v 16 2 2
v 16 2 -2
v 15 2 -2
v 15 2 2
v 13 3 -2
v 13 3 2
v 13 2 2
v 13 2 -2
v 10 3 -2
v 10 2 -2
v 10 3 2
v 10 2 2
v 9 3 -2
v 9 3 2
v -3 3 -1.5
v -3 1 -1.5
v -3 3 1.5
v -3 1 1.5
v -4 1 1.5
v -4 1 -1.5
v 18 2 -2
v 18 1 -2
v 18 2 2
v 18 1 2
v 17 2 -2
v 17 2 2
v 17 1 2
v 17 1 -2
v 5 2 -2
v 5 1 -2
v 5 2 2
v 5 1 2
v 4 2 -2
v 4 2 2
v 4 1 2
v 4 1 -2
v -2 2 -1.5
v -2 1 -1.5
v -2 2 1.5
v -2 1 1.5
v -3 2 -1.5
v -3 2 1.5
v 20 1 -1.5
v 20 0 -1.5
v 20 1 1.5
v 20 0 1.5
v 18 1 -1.5
v 18 1 1.5
v 18 0 1.5
v 18 0 -1.5
v 17 1 -1.5
v 17 0 -1.5
v 17 1 1.5
v 17 0 1.5
v 12 1 -1.5
v 12 1 1.5
v 12 0 1.5
v 12 0 -1.5
v 11 1 -1
v 11 0 -1
v 11 1 1
v 11 0 1
v 10 1 -1
v 10 1 1
v 10 0 1
v 10 0 -1
v 4 0 -2
v 4 0 2
v 3 1 -2
v 3 1 2
v 3 0 2
v 3 0 -2
v 3 1 -1.5
v 3 0 -1.5
v 3 1 1.5
v 3 0 1.5
v 2 1 -1.5
v 2 1 1.5
v 2 0 1.5
v 2 0 -1.5
v 2 1 -2
v 2 0 -2
v 2 1 2
v 2 0 2
v 1 1 -2
v 1 1 2
v 1 0 2
v 1 0 -2
v 0 1 -2
v 0 0 -2
v 0 1 2
v 0 0 2
v -2 1 -2
v -2 1 2
v -2 0 2
v -2 0 -2
v -4 1 -2
v -4 0 -2
v -4 1 2
v -4 0 2
v -8 1 -2
v -8 1 2
v -8 0 2
v -8 0 -2
v -9 1 -2
v -9 0 -2
v -9 1 2
v -9 0 2
v -12 1 -2
v -12 1 2
v -12 0 2
v -12 0 -2
v -13 1 -2
v -13 0 -2
v -13 1 2
v -13 0 2
v -14 1 -2
v -14 1 2
v -14 0 2
v -14 0 -2
v -16 1 -2
v -16 0 -2
v -16 1 2
v -16 0 2
v -17 1 -2
v -17 1 2
v -17 0 2
v -17 0 -2
v 18 -1 -1.5
v 18 -1 1.5
v 17 -1 1.5
v 17 -1 -1.5
v 7 0 -0.5
v 7 -1 -0.5
v 7 0 0.5
v 7 -1 0.5
v 6 0 -0.5
v 6 0 0.5
v 6 -1 0.5
v 6 -1 -0.5
v 1 0 -2.5
v 1 -1 -2.5
v 1 0 2.5
v 1 -1 2.5
v 0 0 -2.5
v 0 0 2.5
v 0 -1 2.5
v 0 -1 -2.5
v 11 -1 -1
v 11 -2 -1
v 11 -1 1
v 11 -2 1
v 10 -1 -1
v 10 -1 1
v 10 -2 1
v 10 -2 -1
v 5 -1 -1
v 5 -2 -1
v 5 -1 1
v 5 -2 1
v 2 -1 -1
v 2 -1 1
v 2 -2 1
v 2 -2 -1
v -2 -1 -2
v -2 -2 -2
v -2 -1 2
v -2 -2 2
v -3 -1 -2
v -3 -1 2
v -3 -2 2
v -3 -2 -2
v -4 -1 -1.5
v -4 -2 -1.5
v -4 -1 1.5
v -4 -2 1.5
v -5 -1 -1.5
v -5 -1 1.5
v -5 -2 1.5
v -5 -2 -1.5
v -6 -1 -1.5
v -6 -2 -1.5
v -6 -1 1.5
v -6 -2 1.5
v -7 -1 -1.5
v -7 -1 1.5
v -7 -2 1.5
v -7 -2 -1.5
v -8 -1 -1.5
v -8 -2 -1.5
v -8 -1 1.5
v -8 -2 1.5
v -9 -1 -1.5
v -9 -1 1.5
v -9 -2 1.5
v -9 -2 -1.5
v -10 -1 -1.5
v -10 -2 -1.5
v -10 -1 1.5
v -10 -2 1.5
v -11 -1 -1.5
v -11 -1 1.5
v -11 -2 1.5
v -11 -2 -1.5
v -12 -1 -1.5
v -12 -2 -1.5
v -12 -1 1.5
v -12 -2 1.5
v -13 -1 -1.5
v -13 -1 1.5
v -13 -2 1.5
v -13 -2 -1.5
v -14 -1 -1.5
v -14 -2 -1.5
v -14 -1 1.5
v -14 -2 1.5
v -15 -1 -1.5
v -15 -1 1.5
v -15 -2 1.5
v -15 -2 -1.5
v -16 -1 -1.5
v -16 -2 -1.5
v -16 -1 1.5
v -16 -2 1.5
v -17 -1 -1.5
v -17 -1 1.5
v -17 -2 1.5
v -17 -2 -1.5
v 11 -3 -1
v 11 -4 -1
v 11 -3 1
v 11 -4 1
v 10 -3 -1
v 10 -3 1
v 10 -4 1
v 10 -4 -1
v 7 -3 -0.5
v 7 -4 -0.5
v 7 -3 0.5
v 7 -4 0.5
v 6 -3 -0.5
v 6 -3 0.5
v 6 -4 0.5
v 6 -4 -0.5
v 5 -3 -1
v 5 -4 -1
v 5 -3 1
v 5 -4 1
v 4 -3 -1
v 4 -3 1
v 4 -4 1
v 4 -4 -1
v -5 -3 -1.5
v -5 -4 -1.5
v -5 -3 1.5
v -5 -4 1.5
v -6 -3 -1.5
v -6 -3 1.5
v -6 -4 1.5
v -6 -4 -1.5
v -4 -4 -0.5
v -4 -5 -0.5
v -4 -4 0.5
v -4 -5 0.5
v -5 -4 -0.5
v -5 -4 0.5
v -5 -5 0.5
v -5 -5 -0.5
v 12 -5 -0.5
v 12 -6 -0.5
v 12 -5 0.5
v 12 -6 0.5
v 11 -5 -0.5
v 11 -5 0.5
v 11 -6 0.5
v 11 -6 -0.5
v 10 -5 -1
v 10 -6 -1
v 10 -5 1
v 10 -6 1
v 9 -5 -1
v 9 -5 1
v 9 -6 1
v 9 -6 -1
v 8 -5 -1
v 8 -6 -1
v 8 -5 1
v 8 -6 1
v 6 -5 -1
v 6 -5 1
v 6 -6 1
v 6 -6 -1
v 3 6 -1
v 3 5 -1
v 3 6 1
v 3 5 1
v 2 6 -1
v 2 6 1
v 2 5 1
v 2 5 -1
v 1 6 -1
v 1 5 -1
v 1 6 1
v 1 5 1
v 0 6 -1
v 0 6 1
v 0 5 1
v 0 5 -1
v -1 6 -1
v -1 5 -1
v -1 6 1
v -1 5 1
v -2 6 -1
v -2 6 1
v -2 5 1
v -2 5 -1
v -3 6 -1
v -3 5 -1
v -3 6 1
v -3 5 1
v -4 6 -1
v -4 6 1
v -4 5 1
v -4 5 -1
v -5 6 -1
v -5 5 -1
v -5 6 1
v -5 5 1
v -6 6 -1
v -6 6 1
v -6 5 1
v -6 5 -1
v -7 6 -1
v -7 5 -1
v -7 6 1
v -7 5 1
v -8 6 -1
v -8 6 1
v -8 5 1
v -8 5 -1
v -9 6 -1
v -9 5 -1
v -9 6 1
v -9 5 1
v -10 6 -1
v -10 6 1
v -10 5 1
v -10 5 -1
v -14 6 -0.5
v -14 5 -0.5
v -14 6 0.5
v -14 5 0.5
v -16 6 -0.5
v -16 6 0.5
v -16 5 0.5
v -16 5 -0.5
v 9 5 -1.5
v 9 4 -1.5
v 9 5 1.5
v 9 4 1.5
v 7 5 -1.5
v 7 5 1.5
v 7 4 1.5
v 7 4 -1.5
v 6 5 -1.5
v 6 4 -1.5
v 6 5 1.5
v 6 4 1.5
v 4 5 -1.5
v 4 5 1.5
v 4 4 1.5
v 4 4 -1.5
v 13 4 -1.5
v 13 3 -1.5
v 13 4 1.5
v 13 3 1.5
v 12 4 -1.5
v 12 4 1.5
v 12 3 1.5
v 12 3 -1.5
v 10 3 -1.5
v 10 3 1.5
v 9 3 1.5
v 9 3 -1.5
v 5 4 -1.5
v 5 2 -1.5
v 5 4 1.5
v 5 2 1.5
v 4 2 1.5
v 4 2 -1.5
v 16 3 -1.5
v 16 1 -1.5
v 16 3 1.5
v 16 1 1.5
v 15 3 -1.5
v 15 3 1.5
v 15 1 1.5
v 15 1 -1.5
v 12 3 -2
v 12 3 2
v 12 2 2
v 12 2 -2
v 11 3 -1.5
v 11 2 -1.5
v 11 3 1.5
v 11 2 1.5
v 10 2 1.5
v 10 2 -1.5
v 8 3 -1.5
v 8 2 -1.5
v 8 3 1.5
v 8 2 1.5
v 6 3 -1.5
v 6 3 1.5
v 6 2 1.5
v 6 2 -1.5
v -18 3 -1
v -18 2 -1
v -18 3 1
v -18 2 1
v -19 3 -1
v -19 3 1
v -19 2 1
v -19 2 -1
v 20 2 -1.5
v 20 2 1.5
v 18 2 -1.5
v 18 2 1.5
v 17 2 -1.5
v 17 2 1.5
v 16 2 -1.5
v 16 2 1.5
v 15 2 -1.5
v 15 2 1.5
v 12 2 -1.5
v 12 2 1.5
v 9 1 -1
v 9 1 1
v 9 0 1
v 9 0 -1
v 9 1 -0.5
v 9 0 -0.5
v 9 1 0.5
v 9 0 0.5
v 7 1 -0.5
v 7 1 0.5
v 7 1 -1
v 7 0 -1
v 7 1 1
v 7 0 1
v 6 1 -1
v 6 1 1
v 6 0 1
v 6 0 -1
v -3 -1 -1.5
v -3 -1 1.5
v 20 0 -1
v 20 -1 -1
v 20 0 1
v 20 -1 1
v 18 0 -1
v 18 0 1
v 18 -1 1
v 18 -1 -1
v -1 0 -2
v -1 -1 -2
v -1 0 2
v -1 -1 2
v -3 0 -2
v -3 0 2
v -4 -1 -2
v -4 -1 2
v -8 -1 2
v -8 -1 -2
v -9 -1 -2
v -9 -1 2
v -17 -1 2
v -17 -1 -2
v -18 0 -1
v -18 -1 -1
v -18 0 1
v -18 -1 1
v -19 0 -1
v -19 0 1
v -19 -1 1
v -19 -1 -1
v 18 -2 -1
v 18 -2 1
v 16 -1 -1
v 16 -1 1
v 16 -2 1
v 16 -2 -1
v 15 -1 -1
v 15 -2 -1
v 15 -1 1
v 15 -2 1
v 14 -1 -1
v 14 -1 1
v 14 -2 1
v 14 -2 -1
v 13 -1 -1
v 13 -2 -1
v 13 -1 1
v 13 -2 1
v 12 -1 -1
v 12 -1 1
v 12 -2 1
v 12 -2 -1
v 3 -2 -1
v 3 -2 1
v 3 -3 1
v 3 -3 -1
v 2 -2 -1.5
v 2 -3 -1.5
v 2 -2 1.5
v 2 -3 1.5
v 1 -2 -1.5
v 1 -2 1.5
v 1 -3 1.5
v 1 -3 -1.5
v -3 -3 -2
v -3 -3 2
v -4 -2 -2
v -4 -2 2
v -4 -3 2
v -4 -3 -2
v -5 -2 -2
v -5 -3 -2
v -5 -2 2
v -5 -3 2
v -6 -2 -2
v -6 -2 2
v -6 -3 2
v -6 -3 -2
v -7 -2 -2
v -7 -3 -2
v -7 -2 2
v -7 -3 2
v -8 -2 -2
v -8 -2 2
v -8 -3 2
v -8 -3 -2
v -9 -2 -2
v -9 -3 -2
v -9 -2 2
v -9 -3 2
v -10 -2 -2
v -10 -2 2
v -10 -3 2
v -10 -3 -2
v -11 -2 -2
v -11 -3 -2
v -11 -2 2
v -11 -3 2
v -12 -2 -2
v -12 -2 2
v -12 -3 2
v -12 -3 -2
v -13 -2 -2
v -13 -3 -2
v -13 -2 2
v -13 -3 2
v -14 -2 -2
v -14 -2 2
v -14 -3 2
v -14 -3 -2
v -15 -2 -2
v -15 -3 -2
v -15 -2 2
v -15 -3 2
v -16 -2 -2
v -16 -2 2
v -16 -3 2
v -16 -3 -2
v 3 -3 -1.5
v 3 -4 -1.5
v 3 -3 1.5
v 3 -4 1.5
v 2 -4 1.5
v 2 -4 -1.5
v -3 -3 -1.5
v -3 -4 -1.5
v -3 -3 1.5
v -3 -4 1.5
v -4 -3 -1.5
v -4 -3 1.5
v -4 -4 1.5
v -4 -4 -1.5
v -4 -3 -1
v -4 -4 -1
v -4 -3 1
v -4 -4 1
v -5 -3 -1
v -5 -3 1
v -5 -4 1
v -5 -4 -1
v -6 -3 -1
v -6 -4 -1
v -6 -3 1
v -6 -4 1
v -7 -3 -1
v -7 -3 1
v -7 -4 1
v -7 -4 -1
v -8 -3 -1
v -8 -4 -1
v -8 -3 1
v -8 -4 1
v -9 -3 -1
v -9 -3 1
v -9 -4 1
v -9 -4 -1
v 7 -4 -1
v 7 -5 -1
v 7 -4 1
v 7 -5 1
v 6 -4 -1
v 6 -4 1
v 4 -4 -1.5
v 4 -5 -1.5
v 4 -4 1.5
v 4 -5 1.5
v 3 -5 1.5
v 3 -5 -1.5
v 5 -5 -1
v 5 -5 1
v 5 -6 1
v 5 -6 -1
v 5 -7 -1
v 5 -7 1
v 4 -6 -1
v 4 -6 1
v 4 -7 1
v 4 -7 -1
v 20 5 -1.5
v 20 4 -1.5
v 20 5 1.5
v 20 4 1.5
v 19 5 -1.5
v 19 5 1.5
v 19 4 1.5
v 19 4 -1.5
v 10 5 -2
v 10 4 -2
v 10 5 2
v 10 4 2
v 9 5 -2
v 9 5 2
v 4 5 -2
v 4 3 -2
v 4 5 2
v 4 3 2
v 3 5 -2
v 3 5 2
v 3 3 2
v 3 3 -2
v 3 5 -1.5
v 3 5 1.5
v 2 5 -1.5
v 2 5 1.5
v 2 4 1.5
v 2 4 -1.5
v -3 5 -1.5
v -3 4 -1.5
v -3 5 1.5
v -3 4 1.5
v -4 5 -1.5
v -4 5 1.5
v -8 5 -1.5
v -8 5 1.5
v -9 5 -1.5
v -9 5 1.5
v 18 4 -2
v 18 3 -2
v 18 4 2
v 18 3 2
v 17 4 -2
v 17 4 2
v 17 3 2
v 17 3 -2
v 13 4 -2
v 13 4 2
v 11 4 -2
v 11 3 -2
v 11 4 2
v 11 3 2
v 7 4 -2
v 7 3 -2
v 7 4 2
v 7 3 2
v -4 4 -2
v -4 4 2
v -8 4 -2
v -8 4 2
v -9 4 -2
v -9 4 2
v -12 4 -2
v -12 4 2
v -13 4 -2
v -13 4 2
v -14 4 -2
v -14 4 2
v -16 4 -2
v -16 4 2
v -17 4 -2
v -17 4 2
v 11 2 2
v 11 2 -2
v -2 3 -2
v -2 2 -2
v -2 3 2
v -2 2 2
v -3 3 -2
v -3 3 2
v -3 2 2
v -3 2 -2
v 3 2 -2.5
v 3 1 -2.5
v 3 2 2.5
v 3 1 2.5
v 2 2 -2.5
v 2 2 2.5
v 2 1 2.5
v 2 1 -2.5
v 5 0 -2
v 5 0 2
v -3 1 -2
v -3 1 2
v 16 0 -1.5
v 16 0 1.5
v 16 -1 1.5
v 16 -1 -1.5
v 15 0 -1.5
v 15 -1 -1.5
v 15 0 1.5
v 15 -1 1.5
v 14 0 -1.5
v 14 0 1.5
v 14 -1 1.5
v 14 -1 -1.5
v 13 0 -1.5
v 13 -1 -1.5
v 13 0 1.5
v 13 -1 1.5
v 12 -1 1.5
v 12 -1 -1.5
v 10 0 -0.5
v 10 -1 -0.5
v 10 0 0.5
v 10 -1 0.5
v 9 -1 0.5
v 9 -1 -0.5
v 10 -2 -0.5
v 10 -3 -0.5
v 10 -2 0.5
v 10 -3 0.5
v 9 -2 -0.5
v 9 -2 0.5
v 9 -3 0.5
v 9 -3 -0.5
v 2 -3 1
v 2 -3 -1
v -7 -3 1.5
v -7 -3 -1.5
v -8 -3 -1.5
v -8 -3 1.5
v -9 -3 1.5
v -9 -3 -1.5
v -10 -3 -1.5
v -10 -3 1.5
v -11 -3 1.5
v -11 -3 -1.5
v -12 -3 -1.5
v -12 -3 1.5
v -13 -3 1.5
v -13 -3 -1.5
v -14 -3 -1.5
v -14 -3 1.5
v -15 -3 1.5
v -15 -3 -1.5
v -16 -2 -1
v -16 -3 -1
v -16 -2 1
v -16 -3 1
v -17 -2 -1
v -17 -2 1
v -17 -3 1
v -17 -3 -1
v 9 -4 -0.5
v 9 -4 0.5
v 3 -4 1
v 3 -4 -1
v -7 -4 -1.5
v -7 -4 1.5
v -8 -4 1.5
v -8 -4 -1.5
v 4 -5 1
v 4 -5 -1
v -6 -4 -0.5
v -6 -4 0.5
v -6 -5 0.5
v -6 -5 -0.5
v 6 -6 -0.5
v 6 -7 -0.5
v 6 -6 0.5
v 6 -7 0.5
v 5 -6 -0.5
v 5 -6 0.5
v 5 -7 0.5
v 5 -7 -0.5
v 5 -8 -0.5
v 5 -8 0.5
v 4 -7 -0.5
v 4 -7 0.5
v 4 -8 0.5
v 4 -8 -0.5
v 19 5 -2
v 19 5 2
v 18 5 -2
v 18 5 2
v 17 5 -2
v 17 5 2
v 16 5 -2
v 16 5 2
v -12 5 -2
v -12 5 2
v -13 5 -2
v -13 5 2
v -14 5 -2
v -14 5 2
v -16 5 -2
v -16 5 2
v 15 5 -2
v 15 5 2
v 15 5 -1.5
v 15 4 -1.5
v 15 5 1.5
v 15 4 1.5
v 14 5 -1.5
v 14 5 1.5
v 14 4 1.5
v 14 4 -1.5
v 2 5 -2
v 2 4 -2
v 2 5 2
v 2 4 2
v -3 5 -2
v -3 5 2
v -3 4 2
v -3 4 -2
v -4 5 -2
v -4 5 2
v -8 5 -2
v -8 5 2
v -9 5 -2
v -9 5 2
v -17 5 -2
v -17 5 2
v -17 5 -1.5
v -17 4 -1.5
v -17 5 1.5
v -17 4 1.5
v -18 5 -1.5
v -18 5 1.5
v -18 4 1.5
v -18 4 -1.5
v 0 2 -2.5
v 0 2 2.5
v 0 1 2.5
v 0 1 -2.5
v 13 5 -1.5
v 13 5 1.5
v 3 3 -2.5
v 3 3 2.5
v 0 3 -2.5
v 0 3 2.5
v 12 5 -1.5
v 12 5 1.5
v 8 4 -1.5
v 8 4 1.5
v 7 3 1.5
v 7 3 -1.5
v 5 3 -1.5
v 5 3 1.5
v 11 -5 -1
v 11 -6 -1
v 11 -5 1
v 11 -6 1
v -17 4 -1
v -17 3 -1
v -17 4 1
v -17 3 1
v -18 4 -1
v -18 4 1
v -17 1 -1
v -17 0 -1
v -17 1 1
v -17 0 1
v -18 1 -1
v -18 1 1
v -19 4 -1
v -19 4 1
v -19 1 -1
v -19 1 1
v 2 -5 1.5
v 2 -5 -1.5
v 2 -5 -2
v 2 -6 -2
v 2 -5 2
v 2 -6 2
v 1 -5 -2
v 1 -5 2
v 1 -6 2
v 1 -6 -2
v 1 -6 -1.5
v 1 -7 -1.5
v 1 -6 1.5
v 1 -7 1.5
v 0 -6 -1.5
v 0 -6 1.5
v 0 -7 1.5
v 0 -7 -1.5
v -20 4 -1
v -20 4 1
v -20 2 1
v -20 2 -1
v -20 1 -1
v -20 1 1
v -20 -1 1
v -20 -1 -1
v 4 3 -2.5
v 4 1 -2.5
v 4 3 2.5
v 4 1 2.5
v -1 3 -2.5
v -1 1 -2.5
v -1 3 2.5
v -1 1 2.5
v -2 3 -2.5
v -2 3 2.5
v -2 1 2.5
v -2 1 -2.5
v 12 2 -1
v 12 1 -1
v 12 2 1
v 12 1 1
v 6 2 -1
v 6 2 1
v 6 1 -1.5
v 6 1 1.5
v 5 1 1.5
v 5 1 -1.5
v 5 1 -1
v 5 1 1
v 5 -1 -2
v 5 -1 2
v 3 -1 2
v 3 -1 -2
v 3 -1 -1.5
v 3 -1 1.5
v 2 -1 1.5
v 2 -1 -1.5
v 2 -1 -2
v 2 -1 2
v 1 -1 2
v 1 -1 -2
v 0 0 -1.5
v 0 -1 -1.5
v 0 0 1.5
v 0 -1 1.5
v -1 0 -1.5
v -1 0 1.5
v -1 -1 1.5
v -1 -1 -1.5
v 1 -1 -1
v 1 -1 1
v 1 -2 1
v 1 -2 -1
v 1 -2 -2
v 1 -2 2
v 0 -1 -2
v 0 -1 2
v 0 -2 2
v 0 -2 -2
v -1 -2 -1.5
v -1 -2 1.5
v -2 -1 -1.5
v -2 -1 1.5
v -2 -2 1.5
v -2 -2 -1.5
v -7 -1 -2
v -7 -1 2
v -10 -1 -2
v -10 -1 2
v -11 -1 -2
v -11 -1 2
v -12 -1 -2
v -12 -1 2
v -13 -1 -2
v -13 -1 2
v -14 -1 -2
v -14 -1 2
v -15 -1 -2
v -15 -1 2
v -16 -1 -2
v -16 -1 2
v -2 -3 -1.5
v -2 -3 1.5
v -3 -2 -1.5
v -3 -2 1.5
v 10 -4 -0.5
v 10 -4 0.5
v 12 -4 -0.5
v 12 -4 0.5
v 11 -4 -0.5
v 11 -4 0.5
v 9 -4 -1
v 9 -4 1
v 8 -4 -1
v 8 -4 1
v 5 -5 -1.5
v 5 -6 -1.5
v 5 -5 1.5
v 5 -6 1.5
v 4 -6 1.5
v 4 -6 -1.5
v 4 -7 -1.5
v 4 -7 1.5
v 3 -6 -1.5
v 3 -6 1.5
v 3 -7 1.5
v 3 -7 -1.5
v -1 2 2.5
v -1 2 -2.5
v -17 2 -1
v -17 2 1
v -17 -1 -1
v -17 -1 1
v 0 -1 -1
v 0 -2 -1
v 0 -1 1
v 0 -2 1
v -1 -1 -1
v -1 -1 1
v -1 -2 1
v -1 -2 -1
v 1 -3 -1
v 1 -3 1
v 0 -3 1
v 0 -3 -1
v -1 -2 -2
v -1 -3 -2
v -1 -2 2
v -1 -3 2
v -2 -3 2
v -2 -3 -2
v 2 -4 -1
v 2 -4 1
v 1 -4 1
v 1 -4 -1
v 0 -3 -2
v 0 -4 -2
v 0 -3 2
v 0 -4 2
v -1 -4 2
v -1 -4 -2
v 1 -4 -2
v 1 -4 2
v 0 -5 2
v 0 -5 -2
v 3 -5 -1
v 3 -5 1
v 3 -6 1
v 3 -6 -1
v 3 -6 -2
v 3 -7 -2
v 3 -6 2
v 3 -7 2
v 2 -7 2
v 2 -7 -2
v 16 0 -1
v 16 0 1
v 15 0 -1
v 15 0 1
v 14 0 -1
v 14 0 1
v 13 0 -1
v 13 0 1
v -5 -1 -2
v -5 -1 2
v -6 -1 -2
v -6 -1 2
v 1 -3 -2
v 1 -3 2
v 2 -4 -2
v 2 -4 2
v 3 -5 -2
v 3 -5 2
v -2 -4 2
v -2 -4 -2
v -1 -5 2
v -1 -5 -2
v 0 -6 2
v 0 -6 -2
v 1 -7 2
v 1 -7 -2
v -2 -3 -1
v -2 -4 -1
v -2 -3 1
v -2 -4 1
v -3 -3 -1
v -3 -3 1
v -3 -4 1
v -3 -4 -1
v -1 -4 -1
v -1 -5 -1
v -1 -4 1
v -1 -5 1
v -2 -5 1
v -2 -5 -1
v 0 -5 -1
v 0 -6 -1
v 0 -5 1
v 0 -6 1
v -1 -6 1
v -1 -6 -1
v 2 -7 -1
v 2 -8 -1
v 2 -7 1
v 2 -8 1
v 1 -7 -1
v 1 -7 1
v 1 -8 1
v 1 -8 -1

vn 1 0 0
vn 0 1 0
vn 0 -1 0
vn -1 0 0
vn 0 0 -1
vn 0 0 1

vt -19.68504 19.68504
vt 19.68504 19.68504
vt -19.68504 -19.68504
vt 0 NaN
vt 0 0
vt 0 NaN
vt 0 NaN
vt 0 NaN
vt 0 NaN
vt 0 NaN
vt 19.68504 -19.68504
vt 0 NaN
vt 0 NaN
vt 0 NaN
vt 0 NaN
vt 0 NaN
vt 0 NaN
vt 0 NaN
vt 0 NaN
vt 0 NaN
vt 0 NaN
vt 0 NaN
vt 0 NaN
vt 0 NaN
vt 0 NaN
vt 0 NaN
vt 0 NaN
vt 0 NaN
vt 0 NaN
vt 0 NaN
vt 0 NaN
vt 0 NaN
vt 0 NaN
vt 0 NaN
vt 0 NaN
vt 0 NaN
vt 0 NaN
vt 0 NaN
vt 0 NaN
vt 0 NaN
vt 0 NaN
vt 0 NaN
vt 0 NaN
vt 0 NaN
vt 0 NaN
vt 0 NaN
vt 0 NaN
vt 0 NaN
vt 0 NaN
vt 0 NaN
vt 0 NaN
vt 0 NaN
vt 0 NaN
vt 0 NaN
vt 0 NaN
vt 0 NaN
vt 0 NaN
vt 0 NaN
vt 0 NaN
vt 0 NaN
vt 0 NaN
vt 0 NaN
vt 0 NaN
vt 0 NaN
vt 0 NaN
vt 0 NaN
vt 0 NaN
vt 0 NaN
vt 0 NaN
vt 0 NaN
vt 0 NaN
vt 0 NaN
vt 0 NaN
vt 0 NaN
vt 0 NaN
vt 0 NaN
vt 0 NaN
vt 0 NaN
vt 0 NaN
vt 0 NaN
vt 0 NaN
vt 0 NaN
vt 0 NaN
vt 0 NaN
vt 0 NaN
vt 0 NaN
vt 0 NaN
vt 0 NaN
vt 0 NaN
vt 0 NaN
vt 0 NaN
vt 0 NaN
vt 0 NaN
vt 0 NaN
vt 0 NaN
vt 0 NaN
vt 0 NaN
vt 0 NaN
vt 0 NaN
vt 0 NaN
vt 0 NaN
vt 0 NaN
vt 0 NaN
vt 0 NaN
vt 0 NaN
vt 0 NaN
vt 0 NaN
vt 0 NaN
vt 0 NaN
vt 0 NaN
vt 0 NaN
vt 0 NaN
vt 0 NaN
vt 0 NaN
vt 0 NaN
vt 0 NaN
vt 0 NaN
vt 0 NaN
vt 0 NaN
vt 0 NaN
vt 0 NaN
vt 0 NaN
vt 0 NaN
vt 0 NaN
vt 0 NaN
vt 0 NaN
vt 0 NaN
vt 0 NaN
vt 0 NaN
vt 0 NaN
vt 0 NaN
vt 0 NaN
vt 0 NaN
vt 0 NaN
vt 0 NaN
vt 0 NaN
vt 0 NaN
vt 0 NaN
vt 0 NaN
vt 0 NaN
vt 0 NaN
vt 0 NaN
vt 0 NaN
vt 0 NaN
vt 0 NaN
vt 0 NaN
vt 0 NaN
vt 0 NaN
vt 0 NaN
vt 0 NaN
vt 0 NaN
vt 0 NaN
vt 0 NaN
vt 0 NaN
vt 0 NaN
vt 0 NaN
vt 0 NaN
vt 0 NaN
vt 0 NaN
vt 0 NaN
vt 0 NaN
vt 0 NaN
vt 0 NaN
vt 0 NaN
vt 0 NaN
vt 0 NaN
vt 0 NaN
vt 0 NaN
vt 0 NaN
vt 0 NaN
vt 0 NaN
vt 0 NaN
vt 0 NaN
vt 0 NaN
vt 0 NaN
vt 0 NaN
vt 0 NaN
vt 0 NaN
vt 0 NaN
vt 0 NaN
vt 0 NaN
vt 0 NaN
vt 0 NaN
vt 0 NaN
vt 0 NaN
vt 0 NaN
vt 0 NaN
vt 0 NaN
vt 0 NaN
vt 0 NaN
vt 0 NaN
vt 0 NaN
vt 0 NaN
vt 0 NaN
vt 0 NaN
vt 0 NaN
vt 0 NaN
vt 0 NaN
vt 0 NaN
vt 0 NaN
vt 0 NaN
vt 0 NaN
vt 0 NaN
vt 0 NaN
vt 0 NaN
vt 0 NaN
vt 0 NaN
vt 0 NaN
vt 0 NaN
vt 0 NaN
vt 0 NaN
vt 0 NaN
vt 0 NaN
vt 0 NaN
vt 0 NaN
vt 0 NaN
vt 0 NaN
vt 0 NaN
vt 0 NaN
vt 0 NaN
vt 0 NaN
vt 0 NaN
vt 0 NaN
vt 0 NaN
vt 0 NaN
vt 0 NaN
vt 0 NaN
vt 0 NaN
vt 0 NaN
vt 0 NaN
vt 0 NaN
vt 0 NaN
vt 0 NaN
vt 0 NaN
vt 0 NaN
vt 0 NaN
vt 0 NaN
vt 0 NaN
vt 0 NaN
vt 0 NaN
vt 0 NaN
vt 0 NaN
vt 0 NaN
vt 0 NaN
vt 0 NaN
vt 0 NaN
vt 0 NaN
vt 0 NaN
vt 0 NaN
vt 0 NaN
vt 0 NaN
vt 0 NaN
vt 0 NaN
vt 0 NaN
vt 0 NaN
vt 0 NaN
vt 0 NaN
vt 0 NaN
vt 0 NaN
vt 0 NaN
vt 0 NaN
vt 0 NaN
vt 0 NaN
vt 0 NaN
vt 0 NaN
vt 0 NaN
vt 0 NaN
vt 0 NaN
vt 0 NaN
vt 0 NaN
vt 0 NaN
vt 0 NaN
vt 0 NaN
vt 0 NaN
vt 0 NaN
vt 0 NaN
vt 0 NaN
vt 0 NaN
vt 0 NaN
vt 0 NaN
vt 0 NaN
vt 0 NaN
vt 0 NaN
vt 0 NaN
vt 0 NaN
vt 0 NaN
vt 0 NaN
vt 0 NaN
vt 0 NaN
vt 0 NaN
vt 0 NaN
vt 0 NaN
vt 0 NaN
vt 0 NaN
vt 0 NaN
vt 0 NaN
vt 0 NaN
vt 0 NaN
vt 0 NaN
vt 0 NaN
vt 0 NaN
vt 0 NaN
vt 0 NaN
vt 0 NaN
vt 0 NaN
vt 0 NaN
vt 0 NaN
vt 0 NaN
vt 0 NaN
vt 0 NaN
vt 0 NaN
vt 0 NaN
vt 0 NaN
vt 0 NaN
vt 0 NaN
vt 0 NaN
vt 0 NaN
vt 0 NaN
vt 0 NaN
vt 0 NaN
vt 0 NaN
vt 0 NaN
vt 0 NaN
vt 0 NaN
vt 0 NaN
vt 0 NaN
vt 0 NaN
vt 0 NaN
vt 0 NaN
vt 0 NaN
vt 0 NaN
vt 0 NaN
vt 0 NaN
vt 0 NaN
vt 0 NaN
vt 0 NaN
vt 0 NaN
vt 0 NaN
vt 0 NaN
vt 0 NaN
vt 0 NaN
vt 0 NaN
vt 0 NaN
vt 0 NaN
vt 0 NaN
vt 0 NaN
vt 0 NaN
vt 0 NaN
vt 0 NaN
vt 0 NaN
vt 0 NaN
vt 0 NaN
vt 0 NaN
vt 0 NaN
vt 0 NaN
vt 0 NaN
vt 0 NaN
vt 0 NaN
vt 0 NaN
vt 0 NaN
vt 0 NaN
vt 0 NaN
vt 0 NaN
vt 0 NaN
vt 0 NaN
vt 0 NaN
vt 0 NaN
vt 0 NaN
vt 0 NaN
vt 0 NaN
vt 0 NaN
vt 0 NaN
vt 0 NaN
vt 0 NaN
vt 0 NaN
vt 0 NaN
vt 0 NaN
vt 0 NaN
vt 0 NaN
vt 0 NaN
vt 0 NaN
vt 0 NaN
vt 0 NaN
vt 0 NaN
vt 0 NaN
vt 0 NaN
vt 0 NaN
vt 0 NaN
vt 0 NaN
vt 0 NaN
vt 0 NaN
vt 0 NaN
vt 0 NaN
vt 0 NaN
vt 0 NaN
vt 0 NaN
vt 0 NaN
vt 0 NaN
vt 0 NaN
vt 0 NaN
vt 0 NaN
vt 0 NaN
vt 0 NaN
vt 0 NaN
vt 0 NaN
vt 0 NaN
vt 0 NaN
vt 0 NaN
vt 0 NaN
vt 0 NaN
vt 0 NaN
vt 0 NaN
vt 0 NaN
vt 0 NaN
vt 0 NaN
vt 0 NaN
vt 0 NaN
vt 0 NaN
vt 0 NaN
vt 0 NaN
vt 0 NaN
vt 0 NaN
vt 0 NaN
vt 0 NaN
vt 0 NaN
vt 0 NaN
vt 0 NaN
vt 0 NaN
vt 0 NaN
vt 0 NaN
vt 0 NaN
vt 0 NaN
vt 0 NaN
vt 0 NaN
vt 0 NaN
vt 0 NaN
vt 0 NaN
vt 0 NaN
vt 0 NaN
vt 0 NaN
vt 0 NaN
vt 0 NaN
vt 0 NaN
vt 0 NaN
vt 0 NaN
vt 0 NaN
vt 0 NaN
vt 0 NaN
vt 0 NaN
vt 0 NaN
vt 0 NaN
vt 0 NaN
vt 0 NaN
vt 0 NaN
vt 0 NaN
vt 0 NaN
vt 0 NaN
vt 0 NaN
vt 0 NaN
vt 0 NaN
vt 0 NaN
vt 0 NaN
vt 0 NaN
vt 0 NaN
vt 0 NaN
vt 0 NaN
vt 0 NaN
vt 0 NaN
vt 0 NaN
vt 0 NaN
vt 0 NaN
vt 0 NaN
vt 0 NaN
vt 0 NaN
vt 0 NaN
vt 0 NaN
vt 0 NaN
vt 0 NaN
vt 0 NaN
vt 0 NaN
vt 0 NaN
vt 0 NaN
vt 0 NaN
vt 0 NaN
vt 0 NaN
vt 0 NaN
vt 0 NaN
vt 0 NaN
vt 0 NaN
vt 0 NaN
vt 0 NaN
vt 0 NaN
vt 0 NaN
vt 0 NaN
vt 0 NaN
vt 0 NaN
vt 0 NaN
vt 0 NaN
vt 0 NaN
vt 0 NaN
vt 0 NaN
vt 0 NaN
vt 0 NaN
vt 0 NaN
vt 0 NaN
vt 0 NaN
vt 0 NaN
vt 0 NaN
vt 0 NaN
vt 0 NaN
vt 0 NaN
vt 0 NaN
vt 0 NaN
vt 0 NaN
vt 0 NaN
vt 0 NaN
vt 0 NaN
vt 0 NaN
vt 0 NaN
vt 0 NaN
vt 0 NaN
vt 0 NaN
vt 0 NaN
vt 0 NaN
vt 0 NaN
vt 0 NaN
vt 0 NaN
vt 0 NaN
vt 0 NaN
vt 0 NaN
vt 0 NaN
vt 0 NaN
vt 0 NaN
vt 0 NaN
vt 0 NaN
vt 0 NaN
vt 0 NaN
vt 0 NaN
vt 0 NaN
vt 0 NaN
vt 0 NaN
vt 0 NaN
vt 0 NaN
vt 0 NaN
vt 0 NaN
vt 0 NaN
vt 0 NaN
vt 0 NaN
vt 0 NaN
vt 0 NaN
vt 0 NaN
vt 0 NaN
vt 0 NaN
vt 0 NaN
vt 0 NaN
vt 0 NaN
vt 0 NaN
vt 0 NaN
vt 0 NaN
vt 0 NaN
vt 0 NaN
vt 0 NaN
vt 0 NaN
vt 0 NaN
vt 0 NaN
vt 0 NaN
vt 0 NaN
vt 0 NaN
vt 0 NaN
vt 0 NaN
vt 0 NaN
vt 0 NaN
vt 0 NaN
vt 0 NaN
vt 0 NaN
vt 0 NaN
vt 0 NaN
vt 0 NaN
vt 0 NaN
vt 0 NaN
vt 0 NaN
vt 0 NaN
vt 0 NaN
vt 0 NaN
vt 0 NaN
vt 0 NaN
vt 0 NaN
vt 0 NaN
vt 0 NaN
vt 0 NaN
vt 0 NaN
vt 0 NaN
vt 0 NaN
vt 0 NaN
vt 0 NaN
vt 0 NaN
vt 0 NaN
vt 0 NaN
vt 0 NaN
vt 0 NaN
vt 0 NaN
vt 0 NaN
vt 0 NaN
vt 0 NaN
vt 0 NaN
vt 0 NaN
vt 0 NaN
vt 0 NaN
vt 0 NaN
vt 0 NaN
vt 0 NaN
vt 0 NaN
vt 0 NaN
vt 0 NaN
vt 0 NaN
vt 0 NaN
vt 0 NaN
vt 0 NaN
vt 0 NaN
vt 0 NaN
vt 0 NaN
vt 0 NaN
vt 0 NaN
vt 0 NaN
vt 0 NaN
vt 0 NaN
vt 0 NaN
vt 0 NaN
vt 0 NaN
vt 0 NaN
vt 0 NaN
vt 0 NaN
vt 0 NaN
vt 0 NaN
vt 0 NaN
vt 0 NaN
vt 0 NaN
vt 0 NaN
vt 0 NaN
vt 0 NaN
vt 0 NaN
vt 0 NaN
vt 0 NaN
vt 0 NaN
vt 0 NaN
vt 0 NaN
vt 0 NaN
vt 0 NaN
vt 0 NaN
vt 0 NaN
vt 0 NaN
vt 0 NaN
vt 0 NaN
vt 0 NaN
vt 0 NaN
vt 0 NaN
vt 0 NaN
vt 0 NaN
vt 0 NaN
vt 0 NaN
vt 0 NaN
vt 0 NaN
vt 0 NaN
vt 0 NaN
vt 0 NaN
vt 0 NaN
vt 0 NaN
vt 0 NaN
vt 0 NaN
vt 0 NaN
vt 0 NaN
vt 0 NaN
vt 0 NaN
vt 0 NaN
vt 0 NaN
vt 0 NaN
vt 0 NaN
vt 0 NaN
vt 0 NaN
vt 0 NaN
vt 0 NaN
vt 0 NaN
vt 0 NaN
vt 0 NaN
vt 0 NaN
vt 0 NaN
vt 0 NaN
vt 0 NaN
vt 0 NaN
vt 0 NaN
vt 0 NaN
vt 0 NaN
vt 0 NaN
vt 0 NaN
vt 0 NaN
vt 0 NaN
vt 0 NaN
vt 0 NaN
vt 0 NaN
vt 0 NaN
vt 0 NaN
vt 0 NaN
vt 0 NaN
vt 0 NaN
vt 0 NaN
vt 0 NaN
vt 0 NaN
vt 0 NaN
vt 0 NaN
vt 0 NaN
vt 0 NaN
vt 0 NaN
vt 0 NaN
vt 0 NaN
vt 0 NaN
vt 0 NaN
vt 0 NaN
vt 0 NaN
vt 0 NaN
vt 0 NaN
vt 0 NaN
vt 0 NaN
vt 0 NaN
vt 0 NaN
vt 0 NaN
vt 0 NaN
vt 0 NaN
vt 0 NaN
vt 0 NaN
vt 0 NaN
vt 0 NaN
vt 0 NaN
vt 0 NaN
vt 0 NaN
vt 0 NaN
vt 0 NaN
vt 0 NaN
vt 0 NaN
vt 0 NaN
vt 0 NaN
vt 0 NaN
vt 0 NaN
vt 0 NaN
vt 0 NaN
vt 0 NaN
vt 0 NaN
vt 0 NaN
vt 0 NaN
vt 0 NaN
vt 0 NaN
vt 0 NaN
vt 0 NaN
vt 0 NaN
vt 0 NaN
vt 0 NaN
vt 0 NaN
vt 0 NaN
vt 0 NaN
vt 0 NaN
vt 0 NaN
vt 0 NaN
vt 0 NaN
vt 0 NaN
vt 0 NaN
vt 0 NaN
vt 0 NaN
vt 0 NaN
vt 0 NaN
vt 0 NaN
vt 0 NaN
vt 0 NaN
vt 0 NaN
vt 0 NaN
vt 0 NaN
vt 0 NaN
vt 0 NaN
vt 0 NaN
vt 0 NaN
vt 0 NaN
vt 0 NaN
vt 0 NaN
vt 0 NaN
vt 0 NaN
vt 0 NaN
vt 0 NaN
vt 0 NaN
vt 0 NaN
vt 0 NaN
vt 0 NaN
vt 0 NaN
vt 0 NaN
vt 0 NaN
vt 0 NaN
vt 0 NaN
vt 0 NaN
vt 0 NaN
vt 0 NaN
vt 0 NaN
vt 0 NaN
vt 0 NaN
vt 0 NaN
vt 0 NaN
vt 0 NaN
vt 0 NaN
vt 0 NaN
vt 0 NaN
vt 0 NaN
vt 0 NaN
vt 0 NaN
vt 0 NaN
vt 0 NaN
vt 0 NaN
vt 0 NaN
vt 0 NaN
vt 0 NaN
vt 0 NaN
vt 0 NaN
vt 0 NaN
vt 0 NaN
vt 0 NaN
vt 0 NaN
vt 0 NaN
vt 0 NaN
vt 0 NaN
vt 0 NaN
vt 0 NaN
vt 0 NaN
vt 0 NaN
vt 0 NaN
vt 0 NaN
vt 0 NaN
vt 0 NaN
vt 0 NaN
vt 0 NaN
vt 0 NaN
vt 0 NaN
vt 0 NaN
vt 0 NaN
vt 0 NaN
vt 0 NaN
vt 0 NaN
vt 0 NaN
vt 0 NaN
vt 0 NaN
vt 0 NaN
vt 0 NaN
vt 0 NaN
vt 0 NaN
vt 0 NaN
vt 0 NaN
vt 0 NaN
vt 0 NaN
vt 0 NaN
vt 0 NaN
vt 0 NaN
vt 0 NaN
vt 0 NaN
vt 0 NaN
vt 0 NaN
vt 0 NaN
vt 0 NaN
vt 0 NaN
vt 0 NaN
vt 0 NaN
vt 0 NaN
vt 0 NaN
vt 0 NaN
vt 0 NaN
vt 0 NaN
vt 0 NaN
vt 0 NaN
vt 0 NaN
vt 0 NaN
vt 0 NaN
vt 0 NaN
vt 0 NaN
vt 0 NaN
vt 0 NaN
vt 0 NaN
vt 0 NaN
vt 0 NaN
vt 0 NaN
vt 0 NaN
vt 0 NaN
vt 0 NaN
vt 0 NaN
vt 0 NaN
vt 0 NaN
vt 0 NaN
vt 0 NaN
vt 0 NaN
vt 0 NaN
vt 0 NaN
vt 0 NaN
vt 0 NaN
vt 0 NaN
vt 0 NaN
vt 0 NaN
vt 0 NaN
vt 0 NaN
vt 0 NaN
vt 0 NaN
vt 0 NaN
vt 0 NaN
vt 0 NaN
vt 0 NaN
vt 0 NaN
vt 0 NaN
vt 0 NaN
vt 0 NaN
vt 0 NaN
vt 0 NaN
vt 0 NaN
vt 0 NaN
vt 0 NaN
vt 0 NaN
vt 0 NaN
vt 0 NaN
vt 0 NaN
vt 0 NaN
vt 0 NaN
vt 0 NaN
vt 0 NaN
vt 0 NaN
vt 0 NaN
vt 0 NaN
vt 0 NaN
vt 0 NaN
vt 0 NaN
vt 0 NaN
vt 0 NaN
vt 0 NaN
vt 0 NaN
vt 0 NaN
vt 0 NaN
vt 0 NaN
vt 0 NaN
vt 0 NaN
vt 0 NaN
vt 0 NaN
vt 0 NaN
vt 0 NaN
vt 0 NaN
vt 0 NaN
vt 0 NaN
vt 0 NaN
vt 0 NaN
vt 0 NaN
vt 0 NaN
vt 0 NaN
vt 0 NaN
vt 0 NaN
vt 0 NaN
vt 0 NaN
vt 0 NaN
vt 0 NaN
vt 0 NaN
vt 0 NaN
vt 0 NaN
vt 0 NaN
vt 0 NaN
vt 0 NaN
vt 0 NaN
vt 0 NaN
vt 0 NaN
vt 0 NaN
vt 0 NaN
vt 0 NaN
vt 0 NaN
vt 0 NaN
vt 0 NaN
vt 0 NaN
vt 0 NaN
vt 0 NaN
vt 0 NaN
vt 0 NaN
vt 0 NaN
vt 0 NaN
vt 0 NaN
vt 0 NaN
vt 0 NaN
vt 0 NaN
vt 0 NaN
vt 0 NaN
vt 0 NaN
vt 0 NaN
vt 0 NaN
vt 0 NaN
vt 0 NaN
vt 0 NaN
vt 0 NaN
vt 0 NaN
vt 0 NaN
vt 0 NaN
vt 0 NaN
vt 0 NaN
vt 0 NaN
vt 0 NaN
vt 0 NaN
vt 0 NaN
vt 0 NaN
vt 0 NaN
vt 0 NaN
vt 0 NaN
vt 0 NaN
vt 0 NaN
vt 0 NaN
vt 0 NaN
vt 0 NaN
vt 0 NaN
vt 0 NaN
vt 0 NaN
vt 0 NaN
vt 0 NaN
vt 0 NaN
vt 0 NaN
vt 0 NaN
vt 0 NaN
vt 0 NaN
vt 0 NaN
vt 0 NaN
vt 0 NaN
vt 0 NaN
vt 0 NaN
vt 0 NaN
vt 0 NaN
vt 0 NaN
vt 0 NaN
vt 0 NaN
vt 0 NaN
vt 0 NaN
vt 0 NaN
vt 0 NaN
vt 0 NaN
vt 0 NaN
vt 0 NaN
vt 0 NaN
vt 0 NaN
vt 0 NaN
vt 0 NaN
vt 0 NaN
vt 0 NaN
vt 0 NaN
vt 0 NaN
vt 0 NaN
vt 0 NaN
vt 0 NaN
vt 0 NaN
vt 0 NaN
vt 0 NaN
vt 0 NaN
vt 0 NaN
vt 0 NaN
vt 0 NaN
vt 0 NaN
vt 0 NaN
vt 0 NaN
vt 0 NaN
vt 0 NaN
vt 0 NaN
vt 0 NaN
vt 0 NaN
vt 0 NaN
vt 0 NaN
vt 0 NaN
vt 0 NaN
vt 0 NaN
vt 0 NaN
vt 0 NaN
vt 0 NaN
vt 0 NaN
vt 0 NaN
vt 0 NaN
vt 0 NaN
vt 0 NaN
vt 0 NaN
vt 0 NaN
vt 0 NaN
vt 0 NaN
vt 0 NaN
vt 0 NaN
vt 0 NaN
vt 0 NaN
vt 0 NaN
vt 0 NaN
vt 0 NaN
vt 0 NaN
vt 0 NaN
vt 0 NaN
vt 0 NaN
vt 0 NaN

usemtl color9

f 3/3/1 2/2/1 1/1/1
f 2/3/1 3/2/1 4/1/1
f 5/3/2 3/2/2 1/1/2
f 3/3/2 5/2/2 6/1/2
f 7/5/3 2/5/3 4/4/3
f 2/5/3 7/5/3 8/6/3
f 7/5/4 5/5/4 8/7/4
f 5/5/4 7/5/4 6/8/4
f 5/5/5 2/5/5 8/9/5
f 2/5/5 5/5/5 1/10/5
f 3/2/6 7/3/6 4/11/6
f 7/3/6 3/2/6 6/1/6
f 11/3/1 10/2/1 9/1/1
f 10/3/1 11/2/1 12/1/1
f 13/3/2 11/2/2 9/1/2
f 11/3/2 13/2/2 14/1/2
f 15/5/3 10/5/3 12/12/3
f 10/5/3 15/5/3 16/13/3
f 15/5/4 13/5/4 16/14/4
f 13/5/4 15/5/4 14/15/4
f 13/5/5 10/5/5 16/16/5
f 10/5/5 13/5/5 9/17/5
f 11/2/6 15/3/6 12/11/6
f 15/3/6 11/2/6 14/1/6
f 19/3/1 18/2/1 17/1/1
f 18/3/1 19/2/1 20/1/1
f 21/3/2 19/2/2 17/1/2
f 19/3/2 21/2/2 22/1/2
f 23/5/3 18/5/3 20/18/3
f 18/5/3 23/5/3 24/19/3
f 23/5/4 21/5/4 24/20/4
f 21/5/4 23/5/4 22/21/4
f 21/5/5 18/5/5 24/22/5
f 18/5/5 21/5/5 17/23/5
f 19/2/6 23/3/6 20/11/6
f 23/3/6 19/2/6 22/1/6
f 3/3/1 2/2/1 1/1/1
f 2/3/1 3/2/1 4/1/1
f 5/3/2 3/2/2 1/1/2
f 3/3/2 5/2/2 6/1/2
f 7/5/3 2/5/3 4/4/3
f 2/5/3 7/5/3 8/6/3
f 7/5/4 5/5/4 8/7/4
f 5/5/4 7/5/4 6/8/4
f 5/5/5 2/5/5 8/9/5
f 2/5/5 5/5/5 1/10/5
f 3/2/6 7/3/6 4/11/6
f 7/3/6 3/2/6 6/1/6
f 27/3/1 26/2/1 25/1/1
f 26/3/1 27/2/1 28/1/1
f 29/3/2 27/2/2 25/1/2
f 27/3/2 29/2/2 30/1/2
f 31/5/3 26/5/3 28/24/3
f 26/5/3 31/5/3 32/25/3
f 31/5/4 29/5/4 32/26/4
f 29/5/4 31/5/4 30/27/4
f 29/5/5 26/5/5 32/28/5
f 26/5/5 29/5/5 25/29/5
f 27/2/6 31/3/6 28/11/6
f 31/3/6 27/2/6 30/1/6
f 35/3/1 34/2/1 33/1/1
f 34/3/1 35/2/1 36/1/1
f 37/3/2 35/2/2 33/1/2
f 35/3/2 37/2/2 38/1/2
f 39/5/3 34/5/3 36/30/3
f 34/5/3 39/5/3 40/31/3
f 39/5/4 37/5/4 40/32/4
f 37/5/4 39/5/4 38/33/4
f 37/5/5 34/5/5 40/34/5
f 34/5/5 37/5/5 33/35/5
f 35/2/6 39/3/6 36/11/6
f 39/3/6 35/2/6 38/1/6
f 43/3/1 42/2/1 41/1/1
f 42/3/1 43/2/1 44/1/1
f 45/3/2 43/2/2 41/1/2
f 43/3/2 45/2/2 46/1/2
f 47/5/3 42/5/3 44/36/3
f 42/5/3 47/5/3 48/37/3
f 47/5/4 45/5/4 48/38/4
f 45/5/4 47/5/4 46/39/4
f 45/5/5 42/5/5 48/40/5
f 42/5/5 45/5/5 41/41/5
f 43/2/6 47/3/6 44/11/6
f 47/3/6 43/2/6 46/1/6
f 51/3/1 50/2/1 49/1/1
f 50/3/1 51/2/1 52/1/1
f 53/3/2 51/2/2 49/1/2
f 51/3/2 53/2/2 54/1/2
f 55/5/3 50/5/3 52/42/3
f 50/5/3 55/5/3 56/43/3
f 55/5/4 53/5/4 56/44/4
f 53/5/4 55/5/4 54/45/4
f 53/5/5 50/5/5 56/46/5
f 50/5/5 53/5/5 49/47/5
f 51/2/6 55/3/6 52/11/6
f 55/3/6 51/2/6 54/1/6
f 59/3/1 58/2/1 57/1/1
f 58/3/1 59/2/1 60/1/1
f 61/3/2 59/2/2 57/1/2
f 59/3/2 61/2/2 62/1/2
f 63/5/3 58/5/3 60/48/3
f 58/5/3 63/5/3 64/49/3
f 63/5/4 61/5/4 64/50/4
f 61/5/4 63/5/4 62/51/4
f 61/5/5 58/5/5 64/52/5
f 58/5/5 61/5/5 57/53/5
f 59/2/6 63/3/6 60/11/6
f 63/3/6 59/2/6 62/1/6
f 67/3/1 66/2/1 65/1/1
f 66/3/1 67/2/1 68/1/1
f 69/3/2 67/2/2 65/1/2
f 67/3/2 69/2/2 70/1/2
f 71/5/3 66/5/3 68/54/3
f 66/5/3 71/5/3 72/55/3
f 71/5/4 69/5/4 72/56/4
f 69/5/4 71/5/4 70/57/4
f 69/5/5 66/5/5 72/58/5
f 66/5/5 69/5/5 65/59/5
f 67/2/6 71/3/6 68/11/6
f 71/3/6 67/2/6 70/1/6
f 75/3/1 74/2/1 73/1/1
f 74/3/1 75/2/1 76/1/1
f 77/3/2 75/2/2 73/1/2
f 75/3/2 77/2/2 78/1/2
f 79/5/3 74/5/3 76/60/3
f 74/5/3 79/5/3 80/61/3
f 79/5/4 77/5/4 80/62/4
f 77/5/4 79/5/4 78/63/4
f 77/5/5 74/5/5 80/64/5
f 74/5/5 77/5/5 73/65/5
f 75/2/6 79/3/6 76/11/6
f 79/3/6 75/2/6 78/1/6
f 82/3/1 40/2/1 81/1/1
f 40/3/1 82/2/1 39/1/1
f 42/3/2 82/2/2 81/1/2
f 82/3/2 42/2/2 44/1/2
f 83/5/3 40/31/3 39/5/3
f 40/31/3 83/5/3 84/66/3
f 83/5/4 42/5/4 84/67/4
f 42/5/4 83/5/4 44/68/4
f 42/5/5 40/34/5 84/69/5
f 40/34/5 42/5/5 81/70/5
f 82/2/6 83/3/6 39/11/6
f 83/3/6 82/2/6 44/1/6
f 47/3/1 85/2/1 48/1/1
f 85/3/1 47/2/1 86/1/1
f 87/3/2 47/2/2 48/1/2
f 47/3/2 87/2/2 88/1/2
f 89/5/3 85/5/3 86/71/3
f 85/5/3 89/5/3 90/72/3
f 89/5/4 87/5/4 90/73/4
f 87/5/4 89/5/4 88/74/4
f 87/5/5 85/5/5 90/75/5
f 85/5/5 87/5/5 48/40/5
f 47/2/6 89/3/6 86/11/6
f 89/3/6 47/2/6 88/1/6
f 93/3/1 92/2/1 91/1/1
f 92/3/1 93/2/1 94/1/1
f 95/3/2 93/2/2 91/1/2
f 93/3/2 95/2/2 96/1/2
f 52/42/3 92/5/3 94/76/3
f 92/5/3 52/42/3 50/5/3
f 52/5/4 95/5/4 50/77/4
f 95/5/4 52/5/4 96/78/4
f 95/5/5 92/5/5 50/5/5
f 92/5/5 95/5/5 91/79/5
f 93/2/6 52/3/6 94/11/6
f 52/3/6 93/2/6 96/1/6
f 99/3/1 98/2/1 97/1/1
f 98/3/1 99/2/1 100/1/1
f 72/3/2 99/2/2 97/1/2
f 99/3/2 72/2/2 71/1/2
f 101/5/3 98/5/3 100/80/3
f 98/5/3 101/5/3 102/81/3
f 101/5/4 72/56/4 102/82/4
f 72/56/4 101/5/4 71/5/4
f 72/58/5 98/5/5 102/83/5
f 98/5/5 72/58/5 97/84/5
f 99/2/6 101/3/6 100/11/6
f 101/3/6 99/2/6 71/1/6
f 105/3/1 104/2/1 103/1/1
f 104/3/1 105/2/1 106/1/1
f 107/3/2 105/2/2 103/1/2
f 105/3/2 107/2/2 108/1/2
f 109/5/3 104/5/3 106/85/3
f 104/5/3 109/5/3 110/86/3
f 109/5/4 107/5/4 110/87/4
f 107/5/4 109/5/4 108/88/4
f 107/5/5 104/5/5 110/89/5
f 104/5/5 107/5/5 103/90/5
f 105/2/6 109/3/6 106/11/6
f 109/3/6 105/2/6 108/1/6
f 113/3/1 112/2/1 111/1/1
f 112/3/1 113/2/1 114/1/1
f 115/3/2 113/2/2 111/1/2
f 113/3/2 115/2/2 116/1/2
f 117/5/3 112/5/3 114/91/3
f 112/5/3 117/5/3 118/92/3
f 117/5/4 115/5/4 118/93/4
f 115/5/4 117/5/4 116/94/4
f 115/5/5 112/5/5 118/95/5
f 112/5/5 115/5/5 111/96/5
f 113/2/6 117/3/6 114/11/6
f 117/3/6 113/2/6 116/1/6
f 121/3/1 120/2/1 119/1/1
f 120/3/1 121/2/1 122/1/1
f 123/3/2 121/2/2 119/1/2
f 121/3/2 123/2/2 124/1/2
f 100/80/3 120/5/3 122/97/3
f 120/5/3 100/80/3 98/5/3
f 100/5/4 123/5/4 98/98/4
f 123/5/4 100/5/4 124/99/4
f 123/5/5 120/5/5 98/5/5
f 120/5/5 123/5/5 119/100/5
f 121/2/6 100/3/6 122/11/6
f 100/3/6 121/2/6 124/1/6
f 127/3/1 126/2/1 125/1/1
f 126/3/1 127/2/1 128/1/1
f 129/3/2 127/2/2 125/1/2
f 127/3/2 129/2/2 130/1/2
f 131/5/3 126/5/3 128/101/3
f 126/5/3 131/5/3 132/102/3
f 131/5/4 129/5/4 132/103/4
f 129/5/4 131/5/4 130/104/4
f 129/5/5 126/5/5 132/105/5
f 126/5/5 129/5/5 125/106/5
f 127/2/6 131/3/6 128/11/6
f 131/3/6 127/2/6 130/1/6
f 135/3/1 134/2/1 133/1/1
f 134/3/1 135/2/1 136/1/1
f 137/3/2 135/2/2 133/1/2
f 135/3/2 137/2/2 138/1/2
f 139/5/3 134/5/3 136/107/3
f 134/5/3 139/5/3 140/108/3
f 139/5/4 137/5/4 140/109/4
f 137/5/4 139/5/4 138/110/4
f 137/5/5 134/5/5 140/111/5
f 134/5/5 137/5/5 133/112/5
f 135/2/6 139/3/6 136/11/6
f 139/3/6 135/2/6 138/1/6
f 143/3/1 142/2/1 141/1/1
f 142/3/1 143/2/1 144/1/1
f 145/3/2 143/2/2 141/1/2
f 143/3/2 145/2/2 146/1/2
f 147/5/3 142/5/3 144/113/3
f 142/5/3 147/5/3 148/114/3
f 147/5/4 145/5/4 148/115/4
f 145/5/4 147/5/4 146/116/4
f 145/5/5 142/5/5 148/117/5
f 142/5/5 145/5/5 141/118/5
f 143/2/6 147/3/6 144/11/6
f 147/3/6 143/2/6 146/1/6
f 117/3/1 149/2/1 118/1/1
f 149/3/1 117/2/1 150/1/1
f 151/3/2 117/2/2 118/1/2
f 117/3/2 151/2/2 152/1/2
f 153/5/3 149/5/3 150/119/3
f 149/5/3 153/5/3 154/120/3
f 153/5/4 151/5/4 154/121/4
f 151/5/4 153/5/4 152/122/4
f 151/5/5 149/5/5 154/123/5
f 149/5/5 151/5/5 118/95/5
f 117/2/6 153/3/6 150/11/6
f 153/3/6 117/2/6 152/1/6
f 157/3/1 156/2/1 155/1/1
f 156/3/1 157/2/1 158/1/1
f 159/3/2 157/2/2 155/1/2
f 157/3/2 159/2/2 160/1/2
f 161/5/3 156/5/3 158/124/3
f 156/5/3 161/5/3 162/125/3
f 161/5/4 159/5/4 162/126/4
f 159/5/4 161/5/4 160/127/4
f 159/5/5 156/5/5 162/128/5
f 156/5/5 159/5/5 155/129/5
f 157/2/6 161/3/6 158/11/6
f 161/3/6 157/2/6 160/1/6
f 165/3/1 164/2/1 163/1/1
f 164/3/1 165/2/1 166/1/1
f 167/3/2 165/2/2 163/1/2
f 165/3/2 167/2/2 168/1/2
f 169/5/3 164/5/3 166/130/3
f 164/5/3 169/5/3 170/131/3
f 169/5/4 167/5/4 170/132/4
f 167/5/4 169/5/4 168/133/4
f 167/5/5 164/5/5 170/134/5
f 164/5/5 167/5/5 163/135/5
f 165/2/6 169/3/6 166/11/6
f 169/3/6 165/2/6 168/1/6
f 173/3/1 172/2/1 171/1/1
f 172/3/1 173/2/1 174/1/1
f 175/3/2 173/2/2 171/1/2
f 173/3/2 175/2/2 176/1/2
f 177/5/3 172/5/3 174/136/3
f 172/5/3 177/5/3 178/137/3
f 177/5/4 175/5/4 178/138/4
f 175/5/4 177/5/4 176/139/4
f 175/5/5 172/5/5 178/140/5
f 172/5/5 175/5/5 171/141/5
f 173/2/6 177/3/6 174/11/6
f 177/3/6 173/2/6 176/1/6
f 181/3/1 180/2/1 179/1/1
f 180/3/1 181/2/1 182/1/1
f 183/3/2 181/2/2 179/1/2
f 181/3/2 183/2/2 184/1/2
f 185/5/3 180/5/3 182/142/3
f 180/5/3 185/5/3 186/143/3
f 185/5/4 183/5/4 186/144/4
f 183/5/4 185/5/4 184/145/4
f 183/5/5 180/5/5 186/146/5
f 180/5/5 183/5/5 179/147/5
f 181/2/6 185/3/6 182/11/6
f 185/3/6 181/2/6 184/1/6
f 189/3/1 188/2/1 187/1/1
f 188/3/1 189/2/1 190/1/1
f 191/3/2 189/2/2 187/1/2
f 189/3/2 191/2/2 192/1/2
f 193/5/3 188/5/3 190/148/3
f 188/5/3 193/5/3 194/149/3
f 193/5/4 191/5/4 194/150/4
f 191/5/4 193/5/4 192/151/4
f 191/5/5 188/5/5 194/152/5
f 188/5/5 191/5/5 187/153/5
f 189/2/6 193/3/6 190/11/6
f 193/3/6 189/2/6 192/1/6
f 197/3/1 196/2/1 195/1/1
f 196/3/1 197/2/1 198/1/1
f 199/3/2 197/2/2 195/1/2
f 197/3/2 199/2/2 200/1/2
f 201/5/3 196/5/3 198/154/3
f 196/5/3 201/5/3 202/155/3
f 201/5/4 199/5/4 202/156/4
f 199/5/4 201/5/4 200/157/4
f 199/5/5 196/5/5 202/158/5
f 196/5/5 199/5/5 195/159/5
f 197/2/6 201/3/6 198/11/6
f 201/3/6 197/2/6 200/1/6
f 205/3/1 204/2/1 203/1/1
f 204/3/1 205/2/1 206/1/1
f 207/3/2 205/2/2 203/1/2
f 205/3/2 207/2/2 208/1/2
f 209/5/3 204/5/3 206/160/3
f 204/5/3 209/5/3 210/161/3
f 209/5/4 207/5/4 210/162/4
f 207/5/4 209/5/4 208/163/4
f 207/5/5 204/5/5 210/164/5
f 204/5/5 207/5/5 203/165/5
f 205/2/6 209/3/6 206/11/6
f 209/3/6 205/2/6 208/1/6
f 131/3/1 211/2/1 132/1/1
f 211/3/1 131/2/1 212/1/1
f 134/3/2 131/2/2 132/1/2
f 131/3/2 134/2/2 136/1/2
f 213/5/3 211/5/3 212/166/3
f 211/5/3 213/5/3 214/167/3
f 213/5/4 134/5/4 214/168/4
f 134/5/4 213/5/4 136/169/4
f 134/5/5 211/5/5 214/170/5
f 211/5/5 134/5/5 132/105/5
f 131/2/6 213/3/6 212/11/6
f 213/3/6 131/2/6 136/1/6
f 217/3/1 216/2/1 215/1/1
f 216/3/1 217/2/1 218/1/1
f 219/3/2 217/2/2 215/1/2
f 217/3/2 219/2/2 220/1/2
f 221/5/3 216/5/3 218/171/3
f 216/5/3 221/5/3 222/172/3
f 221/5/4 219/5/4 222/173/4
f 219/5/4 221/5/4 220/174/4
f 219/5/5 216/5/5 222/175/5
f 216/5/5 219/5/5 215/176/5
f 217/2/6 221/3/6 218/11/6
f 221/3/6 217/2/6 220/1/6
f 225/3/1 224/2/1 223/1/1
f 224/3/1 225/2/1 226/1/1
f 227/3/2 225/2/2 223/1/2
f 225/3/2 227/2/2 228/1/2
f 229/5/3 224/5/3 226/177/3
f 224/5/3 229/5/3 230/178/3
f 229/5/4 227/5/4 230/179/4
f 227/5/4 229/5/4 228/180/4
f 227/5/5 224/5/5 230/181/5
f 224/5/5 227/5/5 223/182/5
f 225/2/6 229/3/6 226/11/6
f 229/3/6 225/2/6 228/1/6
f 233/3/1 232/2/1 231/1/1
f 232/3/1 233/2/1 234/1/1
f 235/3/2 233/2/2 231/1/2
f 233/3/2 235/2/2 236/1/2
f 237/5/3 232/5/3 234/183/3
f 232/5/3 237/5/3 238/184/3
f 237/5/4 235/5/4 238/185/4
f 235/5/4 237/5/4 236/186/4
f 235/5/5 232/5/5 238/187/5
f 232/5/5 235/5/5 231/188/5
f 233/2/6 237/3/6 234/11/6
f 237/3/6 233/2/6 236/1/6
f 241/3/1 240/2/1 239/1/1
f 240/3/1 241/2/1 242/1/1
f 243/3/2 241/2/2 239/1/2
f 241/3/2 243/2/2 244/1/2
f 245/5/3 240/5/3 242/189/3
f 240/5/3 245/5/3 246/190/3
f 245/5/4 243/5/4 246/191/4
f 243/5/4 245/5/4 244/192/4
f 243/5/5 240/5/5 246/193/5
f 240/5/5 243/5/5 239/194/5
f 241/2/6 245/3/6 242/11/6
f 245/3/6 241/2/6 244/1/6
f 249/3/1 248/2/1 247/1/1
f 248/3/1 249/2/1 250/1/1
f 251/3/2 249/2/2 247/1/2
f 249/3/2 251/2/2 252/1/2
f 253/5/3 248/5/3 250/195/3
f 248/5/3 253/5/3 254/196/3
f 253/5/4 251/5/4 254/197/4
f 251/5/4 253/5/4 252/198/4
f 251/5/5 248/5/5 254/199/5
f 248/5/5 251/5/5 247/200/5
f 249/2/6 253/3/6 250/11/6
f 253/3/6 249/2/6 252/1/6
f 257/3/1 256/2/1 255/1/1
f 256/3/1 257/2/1 258/1/1
f 259/3/2 257/2/2 255/1/2
f 257/3/2 259/2/2 260/1/2
f 261/5/3 256/5/3 258/201/3
f 256/5/3 261/5/3 262/202/3
f 261/5/4 259/5/4 262/203/4
f 259/5/4 261/5/4 260/204/4
f 259/5/5 256/5/5 262/205/5
f 256/5/5 259/5/5 255/206/5
f 257/2/6 261/3/6 258/11/6
f 261/3/6 257/2/6 260/1/6
f 265/3/1 264/2/1 263/1/1
f 264/3/1 265/2/1 266/1/1
f 267/3/2 265/2/2 263/1/2
f 265/3/2 267/2/2 268/1/2
f 269/5/3 264/5/3 266/207/3
f 264/5/3 269/5/3 270/208/3
f 269/5/4 267/5/4 270/209/4
f 267/5/4 269/5/4 268/210/4
f 267/5/5 264/5/5 270/211/5
f 264/5/5 267/5/5 263/212/5
f 265/2/6 269/3/6 266/11/6
f 269/3/6 265/2/6 268/1/6
f 273/3/1 272/2/1 271/1/1
f 272/3/1 273/2/1 274/1/1
f 275/3/2 273/2/2 271/1/2
f 273/3/2 275/2/2 276/1/2
f 277/5/3 272/5/3 274/213/3
f 272/5/3 277/5/3 278/214/3
f 277/5/4 275/5/4 278/215/4
f 275/5/4 277/5/4 276/216/4
f 275/5/5 272/5/5 278/217/5
f 272/5/5 275/5/5 271/218/5
f 273/2/6 277/3/6 274/11/6
f 277/3/6 273/2/6 276/1/6
f 281/3/1 280/2/1 279/1/1
f 280/3/1 281/2/1 282/1/1
f 283/3/2 281/2/2 279/1/2
f 281/3/2 283/2/2 284/1/2
f 285/5/3 280/5/3 282/219/3
f 280/5/3 285/5/3 286/220/3
f 285/5/4 283/5/4 286/221/4
f 283/5/4 285/5/4 284/222/4
f 283/5/5 280/5/5 286/223/5
f 280/5/5 283/5/5 279/224/5
f 281/2/6 285/3/6 282/11/6
f 285/3/6 281/2/6 284/1/6
f 289/3/1 288/2/1 287/1/1
f 288/3/1 289/2/1 290/1/1
f 291/3/2 289/2/2 287/1/2
f 289/3/2 291/2/2 292/1/2
f 293/5/3 288/5/3 290/225/3
f 288/5/3 293/5/3 294/226/3
f 293/5/4 291/5/4 294/227/4
f 291/5/4 293/5/4 292/228/4
f 291/5/5 288/5/5 294/229/5
f 288/5/5 291/5/5 287/230/5
f 289/2/6 293/3/6 290/11/6
f 293/3/6 289/2/6 292/1/6
f 297/3/1 296/2/1 295/1/1
f 296/3/1 297/2/1 298/1/1
f 299/3/2 297/2/2 295/1/2
f 297/3/2 299/2/2 300/1/2
f 301/5/3 296/5/3 298/231/3
f 296/5/3 301/5/3 302/232/3
f 301/5/4 299/5/4 302/233/4
f 299/5/4 301/5/4 300/234/4
f 299/5/5 296/5/5 302/235/5
f 296/5/5 299/5/5 295/236/5
f 297/2/6 301/3/6 298/11/6
f 301/3/6 297/2/6 300/1/6
f 305/3/1 304/2/1 303/1/1
f 304/3/1 305/2/1 306/1/1
f 307/3/2 305/2/2 303/1/2
f 305/3/2 307/2/2 308/1/2
f 309/5/3 304/5/3 306/237/3
f 304/5/3 309/5/3 310/238/3
f 309/5/4 307/5/4 310/239/4
f 307/5/4 309/5/4 308/240/4
f 307/5/5 304/5/5 310/241/5
f 304/5/5 307/5/5 303/242/5
f 305/2/6 309/3/6 306/11/6
f 309/3/6 305/2/6 308/1/6
f 313/3/1 312/2/1 311/1/1
f 312/3/1 313/2/1 314/1/1
f 315/3/2 313/2/2 311/1/2
f 313/3/2 315/2/2 316/1/2
f 317/5/3 312/5/3 314/243/3
f 312/5/3 317/5/3 318/244/3
f 317/5/4 315/5/4 318/245/4
f 315/5/4 317/5/4 316/246/4
f 315/5/5 312/5/5 318/247/5
f 312/5/5 315/5/5 311/248/5
f 313/2/6 317/3/6 314/11/6
f 317/3/6 313/2/6 316/1/6
f 321/3/1 320/2/1 319/1/1
f 320/3/1 321/2/1 322/1/1
f 323/3/2 321/2/2 319/1/2
f 321/3/2 323/2/2 324/1/2
f 325/5/3 320/5/3 322/249/3
f 320/5/3 325/5/3 326/250/3
f 325/5/4 323/5/4 326/251/4
f 323/5/4 325/5/4 324/252/4
f 323/5/5 320/5/5 326/253/5
f 320/5/5 323/5/5 319/254/5
f 321/2/6 325/3/6 322/11/6
f 325/3/6 321/2/6 324/1/6
f 329/3/1 328/2/1 327/1/1
f 328/3/1 329/2/1 330/1/1
f 331/3/2 329/2/2 327/1/2
f 329/3/2 331/2/2 332/1/2
f 333/5/3 328/5/3 330/255/3
f 328/5/3 333/5/3 334/256/3
f 333/5/4 331/5/4 334/257/4
f 331/5/4 333/5/4 332/258/4
f 331/5/5 328/5/5 334/259/5
f 328/5/5 331/5/5 327/260/5
f 329/2/6 333/3/6 330/11/6
f 333/3/6 329/2/6 332/1/6
f 337/3/1 336/2/1 335/1/1
f 336/3/1 337/2/1 338/1/1
f 339/3/2 337/2/2 335/1/2
f 337/3/2 339/2/2 340/1/2
f 341/5/3 336/5/3 338/261/3
f 336/5/3 341/5/3 342/262/3
f 341/5/4 339/5/4 342/263/4
f 339/5/4 341/5/4 340/264/4
f 339/5/5 336/5/5 342/265/5
f 336/5/5 339/5/5 335/266/5
f 337/2/6 341/3/6 338/11/6
f 341/3/6 337/2/6 340/1/6
f 345/3/1 344/2/1 343/1/1
f 344/3/1 345/2/1 346/1/1
f 347/3/2 345/2/2 343/1/2
f 345/3/2 347/2/2 348/1/2
f 349/5/3 344/5/3 346/267/3
f 344/5/3 349/5/3 350/268/3
f 349/5/4 347/5/4 350/269/4
f 347/5/4 349/5/4 348/270/4
f 347/5/5 344/5/5 350/271/5
f 344/5/5 347/5/5 343/272/5
f 345/2/6 349/3/6 346/11/6
f 349/3/6 345/2/6 348/1/6
f 353/3/1 352/2/1 351/1/1
f 352/3/1 353/2/1 354/1/1
f 355/3/2 353/2/2 351/1/2
f 353/3/2 355/2/2 356/1/2
f 357/5/3 352/5/3 354/273/3
f 352/5/3 357/5/3 358/274/3
f 357/5/4 355/5/4 358/275/4
f 355/5/4 357/5/4 356/276/4
f 355/5/5 352/5/5 358/277/5
f 352/5/5 355/5/5 351/278/5
f 353/2/6 357/3/6 354/11/6
f 357/3/6 353/2/6 356/1/6
f 361/3/1 360/2/1 359/1/1
f 360/3/1 361/2/1 362/1/1
f 363/3/2 361/2/2 359/1/2
f 361/3/2 363/2/2 364/1/2
f 365/5/3 360/5/3 362/279/3
f 360/5/3 365/5/3 366/280/3
f 365/5/4 363/5/4 366/281/4
f 363/5/4 365/5/4 364/282/4
f 363/5/5 360/5/5 366/283/5
f 360/5/5 363/5/5 359/284/5
f 361/2/6 365/3/6 362/11/6
f 365/3/6 361/2/6 364/1/6
f 369/3/1 368/2/1 367/1/1
f 368/3/1 369/2/1 370/1/1
f 371/3/2 369/2/2 367/1/2
f 369/3/2 371/2/2 372/1/2
f 373/5/3 368/5/3 370/285/3
f 368/5/3 373/5/3 374/286/3
f 373/5/4 371/5/4 374/287/4
f 371/5/4 373/5/4 372/288/4
f 371/5/5 368/5/5 374/289/5
f 368/5/5 371/5/5 367/290/5
f 369/2/6 373/3/6 370/11/6
f 373/3/6 369/2/6 372/1/6

usemtl color4

f 377/3/1 376/2/1 375/1/1
f 376/3/1 377/2/1 378/1/1
f 379/3/2 377/2/2 375/1/2
f 377/3/2 379/2/2 380/1/2
f 381/5/3 376/5/3 378/291/3
f 376/5/3 381/5/3 382/292/3
f 381/5/4 379/5/4 382/293/4
f 379/5/4 381/5/4 380/294/4
f 379/5/5 376/5/5 382/295/5
f 376/5/5 379/5/5 375/296/5
f 377/2/6 381/3/6 378/11/6
f 381/3/6 377/2/6 380/1/6
f 385/3/1 384/2/1 383/1/1
f 384/3/1 385/2/1 386/1/1
f 387/3/2 385/2/2 383/1/2
f 385/3/2 387/2/2 388/1/2
f 389/5/3 384/5/3 386/297/3
f 384/5/3 389/5/3 390/298/3
f 389/5/4 387/5/4 390/299/4
f 387/5/4 389/5/4 388/300/4
f 387/5/5 384/5/5 390/301/5
f 384/5/5 387/5/5 383/302/5
f 385/2/6 389/3/6 386/11/6
f 389/3/6 385/2/6 388/1/6
f 393/3/1 392/2/1 391/1/1
f 392/3/1 393/2/1 394/1/1
f 395/3/2 393/2/2 391/1/2
f 393/3/2 395/2/2 396/1/2
f 397/5/3 392/5/3 394/303/3
f 392/5/3 397/5/3 398/304/3
f 397/5/4 395/5/4 398/305/4
f 395/5/4 397/5/4 396/306/4
f 395/5/5 392/5/5 398/307/5
f 392/5/5 395/5/5 391/308/5
f 393/2/6 397/3/6 394/11/6
f 397/3/6 393/2/6 396/1/6
f 401/3/1 400/2/1 399/1/1
f 400/3/1 401/2/1 402/1/1
f 403/3/2 401/2/2 399/1/2
f 401/3/2 403/2/2 404/1/2
f 405/5/3 400/5/3 402/309/3
f 400/5/3 405/5/3 406/310/3
f 405/5/4 403/5/4 406/311/4
f 403/5/4 405/5/4 404/312/4
f 403/5/5 400/5/5 406/313/5
f 400/5/5 403/5/5 399/314/5
f 401/2/6 405/3/6 402/11/6
f 405/3/6 401/2/6 404/1/6
f 409/3/1 408/2/1 407/1/1
f 408/3/1 409/2/1 410/1/1
f 411/3/2 409/2/2 407/1/2
f 409/3/2 411/2/2 412/1/2
f 413/5/3 408/5/3 410/315/3
f 408/5/3 413/5/3 414/316/3
f 413/5/4 411/5/4 414/317/4
f 411/5/4 413/5/4 412/318/4
f 411/5/5 408/5/5 414/319/5
f 408/5/5 411/5/5 407/320/5
f 409/2/6 413/3/6 410/11/6
f 413/3/6 409/2/6 412/1/6
f 417/3/1 416/2/1 415/1/1
f 416/3/1 417/2/1 418/1/1
f 419/3/2 417/2/2 415/1/2
f 417/3/2 419/2/2 420/1/2
f 421/5/3 416/5/3 418/321/3
f 416/5/3 421/5/3 422/322/3
f 421/5/4 419/5/4 422/323/4
f 419/5/4 421/5/4 420/324/4
f 419/5/5 416/5/5 422/325/5
f 416/5/5 419/5/5 415/326/5
f 417/2/6 421/3/6 418/11/6
f 421/3/6 417/2/6 420/1/6
f 425/3/1 424/2/1 423/1/1
f 424/3/1 425/2/1 426/1/1
f 427/3/2 425/2/2 423/1/2
f 425/3/2 427/2/2 428/1/2
f 429/5/3 424/5/3 426/327/3
f 424/5/3 429/5/3 430/328/3
f 429/5/4 427/5/4 430/329/4
f 427/5/4 429/5/4 428/330/4
f 427/5/5 424/5/5 430/331/5
f 424/5/5 427/5/5 423/332/5
f 425/2/6 429/3/6 426/11/6
f 429/3/6 425/2/6 428/1/6
f 433/3/1 432/2/1 431/1/1
f 432/3/1 433/2/1 434/1/1
f 435/3/2 433/2/2 431/1/2
f 433/3/2 435/2/2 436/1/2
f 437/5/3 432/5/3 434/333/3
f 432/5/3 437/5/3 438/334/3
f 437/5/4 435/5/4 438/335/4
f 435/5/4 437/5/4 436/336/4
f 435/5/5 432/5/5 438/337/5
f 432/5/5 435/5/5 431/338/5
f 433/2/6 437/3/6 434/11/6
f 437/3/6 433/2/6 436/1/6
f 441/3/1 440/2/1 439/1/1
f 440/3/1 441/2/1 442/1/1
f 443/3/2 441/2/2 439/1/2
f 441/3/2 443/2/2 444/1/2
f 445/5/3 440/5/3 442/339/3
f 440/5/3 445/5/3 446/340/3
f 445/5/4 443/5/4 446/341/4
f 443/5/4 445/5/4 444/342/4
f 443/5/5 440/5/5 446/343/5
f 440/5/5 443/5/5 439/344/5
f 441/2/6 445/3/6 442/11/6
f 445/3/6 441/2/6 444/1/6
f 449/3/1 448/2/1 447/1/1
f 448/3/1 449/2/1 450/1/1
f 451/3/2 449/2/2 447/1/2
f 449/3/2 451/2/2 452/1/2
f 453/5/3 448/5/3 450/345/3
f 448/5/3 453/5/3 454/346/3
f 453/5/4 451/5/4 454/347/4
f 451/5/4 453/5/4 452/348/4
f 451/5/5 448/5/5 454/349/5
f 448/5/5 451/5/5 447/350/5
f 449/2/6 453/3/6 450/11/6
f 453/3/6 449/2/6 452/1/6
f 457/3/1 456/2/1 455/1/1
f 456/3/1 457/2/1 458/1/1
f 459/3/2 457/2/2 455/1/2
f 457/3/2 459/2/2 460/1/2
f 461/5/3 456/5/3 458/351/3
f 456/5/3 461/5/3 462/352/3
f 461/5/4 459/5/4 462/353/4
f 459/5/4 461/5/4 460/354/4
f 459/5/5 456/5/5 462/355/5
f 456/5/5 459/5/5 455/356/5
f 457/2/6 461/3/6 458/11/6
f 461/3/6 457/2/6 460/1/6
f 31/3/1 463/2/1 32/1/1
f 463/3/1 31/2/1 464/1/1
f 440/3/2 31/2/2 32/1/2
f 31/3/2 440/2/2 442/1/2
f 465/5/3 463/5/3 464/357/3
f 463/5/3 465/5/3 466/358/3
f 465/5/4 440/5/4 466/359/4
f 440/5/4 465/5/4 442/360/4
f 440/5/5 463/5/5 466/361/5
f 463/5/5 440/5/5 32/28/5
f 31/2/6 465/3/6 464/11/6
f 465/3/6 31/2/6 442/1/6
f 469/3/1 468/2/1 467/1/1
f 468/3/1 469/2/1 470/1/1
f 454/3/2 469/2/2 467/1/2
f 469/3/2 454/2/2 453/1/2
f 471/5/3 468/5/3 470/362/3
f 468/5/3 471/5/3 472/363/3
f 471/5/4 454/347/4 472/364/4
f 454/347/4 471/5/4 453/5/4
f 454/349/5 468/5/5 472/365/5
f 468/5/5 454/349/5 467/366/5
f 469/2/6 471/3/6 470/11/6
f 471/3/6 469/2/6 453/1/6
f 475/3/1 474/2/1 473/1/1
f 474/3/1 475/2/1 476/1/1
f 477/3/2 475/2/2 473/1/2
f 475/3/2 477/2/2 478/1/2
f 479/5/3 474/5/3 476/367/3
f 474/5/3 479/5/3 480/368/3
f 479/5/4 477/5/4 480/369/4
f 477/5/4 479/5/4 478/370/4
f 477/5/5 474/5/5 480/371/5
f 474/5/5 477/5/5 473/372/5
f 475/2/6 479/3/6 476/11/6
f 479/3/6 475/2/6 478/1/6
f 88/3/1 90/2/1 87/1/1
f 90/3/1 88/2/1 89/1/1
f 481/3/2 88/2/2 87/1/2
f 88/3/2 481/2/2 482/1/2
f 483/5/3 90/72/3 89/5/3
f 90/72/3 483/5/3 484/373/3
f 483/5/4 481/5/4 484/374/4
f 481/5/4 483/5/4 482/375/4
f 481/5/5 90/75/5 484/376/5
f 90/75/5 481/5/5 87/5/5
f 88/2/6 483/3/6 89/11/6
f 483/3/6 88/2/6 482/1/6
f 487/3/1 486/2/1 485/1/1
f 486/3/1 487/2/1 488/1/1
f 463/3/2 487/2/2 485/1/2
f 487/3/2 463/2/2 464/1/2
f 489/5/3 486/5/3 488/377/3
f 486/5/3 489/5/3 490/378/3
f 489/5/4 463/5/4 490/379/4
f 463/5/4 489/5/4 464/380/4
f 463/5/5 486/5/5 490/381/5
f 486/5/5 463/5/5 485/382/5
f 487/2/6 489/3/6 488/11/6
f 489/3/6 487/2/6 464/1/6
f 493/3/1 492/2/1 491/1/1
f 492/3/1 493/2/1 494/1/1
f 495/3/2 493/2/2 491/1/2
f 493/3/2 495/2/2 496/1/2
f 497/5/3 492/5/3 494/383/3
f 492/5/3 497/5/3 498/384/3
f 497/5/4 495/5/4 498/385/4
f 495/5/4 497/5/4 496/386/4
f 495/5/5 492/5/5 498/387/5
f 492/5/5 495/5/5 491/388/5
f 493/2/6 497/3/6 494/11/6
f 497/3/6 493/2/6 496/1/6
f 501/3/1 500/2/1 499/1/1
f 500/3/1 501/2/1 502/1/1
f 503/3/2 501/2/2 499/1/2
f 501/3/2 503/2/2 504/1/2
f 505/5/3 500/5/3 502/389/3
f 500/5/3 505/5/3 506/390/3
f 505/5/4 503/5/4 506/391/4
f 503/5/4 505/5/4 504/392/4
f 503/5/5 500/5/5 506/393/5
f 500/5/5 503/5/5 499/394/5
f 501/2/6 505/3/6 502/11/6
f 505/3/6 501/2/6 504/1/6
f 508/3/1 125/2/1 507/1/1
f 125/3/1 508/2/1 127/1/1
f 509/3/2 508/2/2 507/1/2
f 508/3/2 509/2/2 510/1/2
f 130/5/3 125/5/3 127/395/3
f 125/5/3 130/5/3 129/396/3
f 130/104/4 509/5/4 129/5/4
f 509/5/4 130/104/4 510/397/4
f 509/5/5 125/106/5 129/5/5
f 125/106/5 509/5/5 507/398/5
f 508/2/6 130/3/6 127/11/6
f 130/3/6 508/2/6 510/1/6
f 512/3/1 133/2/1 511/1/1
f 133/3/1 512/2/1 135/1/1
f 513/3/2 512/2/2 511/1/2
f 512/3/2 513/2/2 514/1/2
f 476/367/3 133/5/3 135/399/3
f 133/5/3 476/367/3 474/5/3
f 476/5/4 513/5/4 474/400/4
f 513/5/4 476/5/4 514/401/4
f 513/5/5 133/112/5 474/5/5
f 133/112/5 513/5/5 511/402/5
f 512/2/6 476/3/6 135/11/6
f 476/3/6 512/2/6 514/1/6
f 516/3/1 480/2/1 515/1/1
f 480/3/1 516/2/1 479/1/1
f 517/3/2 516/2/2 515/1/2
f 516/3/2 517/2/2 518/1/2
f 138/5/3 480/368/3 479/5/3
f 480/368/3 138/5/3 137/403/3
f 138/110/4 517/5/4 137/5/4
f 517/5/4 138/110/4 518/404/4
f 517/5/5 480/371/5 137/5/5
f 480/371/5 517/5/5 515/405/5
f 516/2/6 138/3/6 479/11/6
f 138/3/6 516/2/6 518/1/6
f 146/3/1 148/2/1 145/1/1
f 148/3/1 146/2/1 147/1/1
f 519/3/2 146/2/2 145/1/2
f 146/3/2 519/2/2 520/1/2
f 521/5/3 148/114/3 147/5/3
f 148/114/3 521/5/3 522/406/3
f 521/5/4 519/5/4 522/407/4
f 519/5/4 521/5/4 520/408/4
f 519/5/5 148/117/5 522/409/5
f 148/117/5 519/5/5 145/5/5
f 146/2/6 521/3/6 147/11/6
f 521/3/6 146/2/6 520/1/6
f 525/3/1 524/2/1 523/1/1
f 524/3/1 525/2/1 526/1/1
f 527/3/2 525/2/2 523/1/2
f 525/3/2 527/2/2 528/1/2
f 217/5/3 524/5/3 526/410/3
f 524/5/3 217/5/3 215/411/3
f 217/5/4 527/5/4 215/412/4
f 527/5/4 217/5/4 528/413/4
f 527/5/5 524/5/5 215/176/5
f 524/5/5 527/5/5 523/414/5
f 525/2/6 217/3/6 526/11/6
f 217/3/6 525/2/6 528/1/6
f 531/3/1 530/2/1 529/1/1
f 530/3/1 531/2/1 532/1/1
f 533/3/2 531/2/2 529/1/2
f 531/3/2 533/2/2 534/1/2
f 535/5/3 530/5/3 532/415/3
f 530/5/3 535/5/3 536/416/3
f 535/5/4 533/5/4 536/417/4
f 533/5/4 535/5/4 534/418/4
f 533/5/5 530/5/5 536/419/5
f 530/5/5 533/5/5 529/420/5
f 531/2/6 535/3/6 532/11/6
f 535/3/6 531/2/6 534/1/6
f 168/3/1 170/2/1 167/1/1
f 170/3/1 168/2/1 169/1/1
f 171/3/2 168/2/2 167/1/2
f 168/3/2 171/2/2 173/1/2
f 174/136/3 170/131/3 169/5/3
f 170/131/3 174/136/3 172/5/3
f 174/5/4 171/5/4 172/421/4
f 171/5/4 174/5/4 173/422/4
f 171/141/5 170/134/5 172/5/5
f 170/134/5 171/141/5 167/5/5
f 168/2/6 174/3/6 169/11/6
f 174/3/6 168/2/6 173/1/6
f 100/3/1 537/2/1 98/1/1
f 537/3/1 100/2/1 538/1/1
f 102/3/2 100/2/2 98/1/2
f 100/3/2 102/2/2 101/1/2
f 257/5/3 537/5/3 538/423/3
f 537/5/3 257/5/3 255/424/3
f 257/5/4 102/82/4 255/425/4
f 102/82/4 257/5/4 101/5/4
f 102/83/5 537/5/5 255/206/5
f 537/5/5 102/83/5 98/5/5
f 100/2/6 257/3/6 538/11/6
f 257/3/6 100/2/6 101/1/6
f 76/3/1 271/2/1 74/1/1
f 271/3/1 76/2/1 273/1/1
f 80/3/2 76/2/2 74/1/2
f 76/3/2 80/2/2 79/1/2
f 276/5/3 271/5/3 273/426/3
f 271/5/3 276/5/3 275/427/3
f 276/216/4 80/62/4 275/5/4
f 80/62/4 276/216/4 79/5/4
f 80/64/5 271/218/5 275/5/5
f 271/218/5 80/64/5 74/5/5
f 76/2/6 276/3/6 273/11/6
f 276/3/6 76/2/6 79/1/6
f 541/3/1 540/2/1 539/1/1
f 540/3/1 541/2/1 542/1/1
f 543/3/2 541/2/2 539/1/2
f 541/3/2 543/2/2 544/1/2
f 545/5/3 540/5/3 542/428/3
f 540/5/3 545/5/3 546/429/3
f 545/5/4 543/5/4 546/430/4
f 543/5/4 545/5/4 544/431/4
f 543/5/5 540/5/5 546/432/5
f 540/5/5 543/5/5 539/433/5
f 541/2/6 545/3/6 542/11/6
f 545/3/6 541/2/6 544/1/6
f 549/3/1 548/2/1 547/1/1
f 548/3/1 549/2/1 550/1/1
f 551/3/2 549/2/2 547/1/2
f 549/3/2 551/2/2 552/1/2
f 252/5/3 548/5/3 550/434/3
f 548/5/3 252/5/3 251/435/3
f 252/198/4 551/5/4 251/5/4
f 551/5/4 252/198/4 552/436/4
f 551/5/5 548/5/5 251/5/5
f 548/5/5 551/5/5 547/437/5
f 549/2/6 252/3/6 550/11/6
f 252/3/6 549/2/6 552/1/6
f 182/3/1 553/2/1 180/1/1
f 553/3/1 182/2/1 554/1/1
f 186/3/2 182/2/2 180/1/2
f 182/3/2 186/2/2 185/1/2
f 555/5/3 553/5/3 554/438/3
f 553/5/3 555/5/3 556/439/3
f 555/5/4 186/144/4 556/440/4
f 186/144/4 555/5/4 185/5/4
f 186/146/5 553/5/5 556/441/5
f 553/5/5 186/146/5 180/5/5
f 182/2/6 555/3/6 554/11/6
f 555/3/6 182/2/6 185/1/6
f 190/3/1 557/2/1 188/1/1
f 557/3/1 190/2/1 558/1/1
f 210/3/2 190/2/2 188/1/2
f 190/3/2 210/2/2 209/1/2
f 559/5/3 557/5/3 558/442/3
f 557/5/3 559/5/3 560/443/3
f 559/5/4 210/162/4 560/444/4
f 210/162/4 559/5/4 209/5/4
f 210/164/5 557/5/5 560/445/5
f 557/5/5 210/164/5 188/5/5
f 190/2/6 559/3/6 558/11/6
f 559/3/6 190/2/6 209/1/6
f 563/3/1 562/2/1 561/1/1
f 562/3/1 563/2/1 564/1/1
f 565/3/2 563/2/2 561/1/2
f 563/3/2 565/2/2 566/1/2
f 567/5/3 562/5/3 564/446/3
f 562/5/3 567/5/3 568/447/3
f 567/5/4 565/5/4 568/448/4
f 565/5/4 567/5/4 566/449/4
f 565/5/5 562/5/5 568/450/5
f 562/5/5 565/5/5 561/451/5
f 563/2/6 567/3/6 564/11/6
f 567/3/6 563/2/6 566/1/6
f 545/3/1 569/2/1 546/1/1
f 569/3/1 545/2/1 570/1/1
f 571/3/2 545/2/2 546/1/2
f 545/3/2 571/2/2 572/1/2
f 573/5/3 569/5/3 570/452/3
f 569/5/3 573/5/3 574/453/3
f 573/5/4 571/5/4 574/454/4
f 571/5/4 573/5/4 572/455/4
f 571/5/5 569/5/5 574/456/5
f 569/5/5 571/5/5 546/432/5
f 545/2/6 573/3/6 570/11/6
f 573/3/6 545/2/6 572/1/6
f 577/3/1 576/2/1 575/1/1
f 576/3/1 577/2/1 578/1/1
f 579/3/2 577/2/2 575/1/2
f 577/3/2 579/2/2 580/1/2
f 581/5/3 576/5/3 578/457/3
f 576/5/3 581/5/3 582/458/3
f 581/5/4 579/5/4 582/459/4
f 579/5/4 581/5/4 580/460/4
f 579/5/5 576/5/5 582/461/5
f 576/5/5 579/5/5 575/462/5
f 577/2/6 581/3/6 578/11/6
f 581/3/6 577/2/6 580/1/6
f 585/3/1 584/2/1 583/1/1
f 584/3/1 585/2/1 586/1/1
f 587/3/2 585/2/2 583/1/2
f 585/3/2 587/2/2 588/1/2
f 589/5/3 584/5/3 586/463/3
f 584/5/3 589/5/3 590/464/3
f 589/5/4 587/5/4 590/465/4
f 587/5/4 589/5/4 588/466/4
f 587/5/5 584/5/5 590/467/5
f 584/5/5 587/5/5 583/468/5
f 585/2/6 589/3/6 586/11/6
f 589/3/6 585/2/6 588/1/6
f 242/3/1 327/2/1 240/1/1
f 327/3/1 242/2/1 329/1/1
f 591/3/2 242/2/2 240/1/2
f 242/3/2 591/2/2 592/1/2
f 593/5/3 327/5/3 329/469/3
f 327/5/3 593/5/3 594/470/3
f 593/5/4 591/5/4 594/471/4
f 591/5/4 593/5/4 592/472/4
f 591/5/5 327/260/5 594/473/5
f 327/260/5 591/5/5 240/5/5
f 242/2/6 593/3/6 329/11/6
f 593/3/6 242/2/6 592/1/6
f 597/3/1 596/2/1 595/1/1
f 596/3/1 597/2/1 598/1/1
f 599/3/2 597/2/2 595/1/2
f 597/3/2 599/2/2 600/1/2
f 601/5/3 596/5/3 598/474/3
f 596/5/3 601/5/3 602/475/3
f 601/5/4 599/5/4 602/476/4
f 599/5/4 601/5/4 600/477/4
f 599/5/5 596/5/5 602/478/5
f 596/5/5 599/5/5 595/479/5
f 597/2/6 601/3/6 598/11/6
f 601/3/6 597/2/6 600/1/6
f 253/3/1 603/2/1 254/1/1
f 603/3/1 253/2/1 604/1/1
f 605/3/2 253/2/2 254/1/2
f 253/3/2 605/2/2 606/1/2
f 607/5/3 603/5/3 604/480/3
f 603/5/3 607/5/3 608/481/3
f 607/5/4 605/5/4 608/482/4
f 605/5/4 607/5/4 606/483/4
f 605/5/5 603/5/5 608/484/5
f 603/5/5 605/5/5 254/199/5
f 253/2/6 607/3/6 604/11/6
f 607/3/6 253/2/6 606/1/6
f 611/3/1 610/2/1 609/1/1
f 610/3/1 611/2/1 612/1/1
f 613/3/2 611/2/2 609/1/2
f 611/3/2 613/2/2 614/1/2
f 615/5/3 610/5/3 612/485/3
f 610/5/3 615/5/3 616/486/3
f 615/5/4 613/5/4 616/487/4
f 613/5/4 615/5/4 614/488/4
f 613/5/5 610/5/5 616/489/5
f 610/5/5 613/5/5 609/490/5
f 611/2/6 615/3/6 612/11/6
f 615/3/6 611/2/6 614/1/6
f 619/3/1 618/2/1 617/1/1
f 618/3/1 619/2/1 620/1/1
f 621/3/2 619/2/2 617/1/2
f 619/3/2 621/2/2 622/1/2
f 623/5/3 618/5/3 620/491/3
f 618/5/3 623/5/3 624/492/3
f 623/5/4 621/5/4 624/493/4
f 621/5/4 623/5/4 622/494/4
f 621/5/5 618/5/5 624/495/5
f 618/5/5 621/5/5 617/496/5
f 619/2/6 623/3/6 620/11/6
f 623/3/6 619/2/6 622/1/6
f 627/3/1 626/2/1 625/1/1
f 626/3/1 627/2/1 628/1/1
f 629/3/2 627/2/2 625/1/2
f 627/3/2 629/2/2 630/1/2
f 631/5/3 626/5/3 628/497/3
f 626/5/3 631/5/3 632/498/3
f 631/5/4 629/5/4 632/499/4
f 629/5/4 631/5/4 630/500/4
f 629/5/5 626/5/5 632/501/5
f 626/5/5 629/5/5 625/502/5
f 627/2/6 631/3/6 628/11/6
f 631/3/6 627/2/6 630/1/6
f 635/3/1 634/2/1 633/1/1
f 634/3/1 635/2/1 636/1/1
f 637/3/2 635/2/2 633/1/2
f 635/3/2 637/2/2 638/1/2
f 639/5/3 634/5/3 636/503/3
f 634/5/3 639/5/3 640/504/3
f 639/5/4 637/5/4 640/505/4
f 637/5/4 639/5/4 638/506/4
f 637/5/5 634/5/5 640/507/5
f 634/5/5 637/5/5 633/508/5
f 635/2/6 639/3/6 636/11/6
f 639/3/6 635/2/6 638/1/6
f 643/3/1 642/2/1 641/1/1
f 642/3/1 643/2/1 644/1/1
f 645/3/2 643/2/2 641/1/2
f 643/3/2 645/2/2 646/1/2
f 647/5/3 642/5/3 644/509/3
f 642/5/3 647/5/3 648/510/3
f 647/5/4 645/5/4 648/511/4
f 645/5/4 647/5/4 646/512/4
f 645/5/5 642/5/5 648/513/5
f 642/5/5 645/5/5 641/514/5
f 643/2/6 647/3/6 644/11/6
f 647/3/6 643/2/6 646/1/6
f 651/3/1 650/2/1 649/1/1
f 650/3/1 651/2/1 652/1/1
f 653/3/2 651/2/2 649/1/2
f 651/3/2 653/2/2 654/1/2
f 655/5/3 650/5/3 652/515/3
f 650/5/3 655/5/3 656/516/3
f 655/5/4 653/5/4 656/517/4
f 653/5/4 655/5/4 654/518/4
f 653/5/5 650/5/5 656/519/5
f 650/5/5 653/5/5 649/520/5
f 651/2/6 655/3/6 652/11/6
f 655/3/6 651/2/6 654/1/6
f 659/3/1 658/2/1 657/1/1
f 658/3/1 659/2/1 660/1/1
f 596/3/2 659/2/2 657/1/2
f 659/3/2 596/2/2 598/1/2
f 661/5/3 658/5/3 660/521/3
f 658/5/3 661/5/3 662/522/3
f 661/5/4 596/5/4 662/523/4
f 596/5/4 661/5/4 598/524/4
f 596/5/5 658/5/5 662/525/5
f 658/5/5 596/5/5 657/526/5
f 659/2/6 661/3/6 660/11/6
f 661/3/6 659/2/6 598/1/6
f 665/3/1 664/2/1 663/1/1
f 664/3/1 665/2/1 666/1/1
f 667/3/2 665/2/2 663/1/2
f 665/3/2 667/2/2 668/1/2
f 669/5/3 664/5/3 666/527/3
f 664/5/3 669/5/3 670/528/3
f 669/5/4 667/5/4 670/529/4
f 667/5/4 669/5/4 668/530/4
f 667/5/5 664/5/5 670/531/5
f 664/5/5 667/5/5 663/532/5
f 665/2/6 669/3/6 666/11/6
f 669/3/6 665/2/6 668/1/6
f 673/3/1 672/2/1 671/1/1
f 672/3/1 673/2/1 674/1/1
f 675/3/2 673/2/2 671/1/2
f 673/3/2 675/2/2 676/1/2
f 677/5/3 672/5/3 674/533/3
f 672/5/3 677/5/3 678/534/3
f 677/5/4 675/5/4 678/535/4
f 675/5/4 677/5/4 676/536/4
f 675/5/5 672/5/5 678/537/5
f 672/5/5 675/5/5 671/538/5
f 673/2/6 677/3/6 674/11/6
f 677/3/6 673/2/6 676/1/6
f 681/3/1 680/2/1 679/1/1
f 680/3/1 681/2/1 682/1/1
f 683/3/2 681/2/2 679/1/2
f 681/3/2 683/2/2 684/1/2
f 685/5/3 680/5/3 682/539/3
f 680/5/3 685/5/3 686/540/3
f 685/5/4 683/5/4 686/541/4
f 683/5/4 685/5/4 684/542/4
f 683/5/5 680/5/5 686/543/5
f 680/5/5 683/5/5 679/544/5
f 681/2/6 685/3/6 682/11/6
f 685/3/6 681/2/6 684/1/6
f 689/3/1 688/2/1 687/1/1
f 688/3/1 689/2/1 690/1/1
f 691/3/2 689/2/2 687/1/2
f 689/3/2 691/2/2 692/1/2
f 693/5/3 688/5/3 690/545/3
f 688/5/3 693/5/3 694/546/3
f 693/5/4 691/5/4 694/547/4
f 691/5/4 693/5/4 692/548/4
f 691/5/5 688/5/5 694/549/5
f 688/5/5 691/5/5 687/550/5
f 689/2/6 693/3/6 690/11/6
f 693/3/6 689/2/6 692/1/6
f 697/3/1 696/2/1 695/1/1
f 696/3/1 697/2/1 698/1/1
f 699/3/2 697/2/2 695/1/2
f 697/3/2 699/2/2 700/1/2
f 372/5/3 696/5/3 698/551/3
f 696/5/3 372/5/3 371/552/3
f 372/288/4 699/5/4 371/5/4
f 699/5/4 372/288/4 700/553/4
f 699/5/5 696/5/5 371/5/5
f 696/5/5 699/5/5 695/554/5
f 697/2/6 372/3/6 698/11/6
f 372/3/6 697/2/6 700/1/6
f 703/3/1 702/2/1 701/1/1
f 702/3/1 703/2/1 704/1/1
f 658/3/2 703/2/2 701/1/2
f 703/3/2 658/2/2 660/1/2
f 705/5/3 702/5/3 704/555/3
f 702/5/3 705/5/3 706/556/3
f 705/5/4 658/5/4 706/557/4
f 658/5/4 705/5/4 660/558/4
f 658/5/5 702/5/5 706/559/5
f 702/5/5 658/5/5 701/560/5
f 703/2/6 705/3/6 704/11/6
f 705/3/6 703/2/6 660/1/6
f 372/3/1 374/2/1 371/1/1
f 374/3/1 372/2/1 373/1/1
f 707/3/2 372/2/2 371/1/2
f 372/3/2 707/2/2 708/1/2
f 709/5/3 374/286/3 373/5/3
f 374/286/3 709/5/3 710/561/3
f 709/5/4 707/5/4 710/562/4
f 707/5/4 709/5/4 708/563/4
f 707/5/5 374/289/5 710/564/5
f 374/289/5 707/5/5 371/5/5
f 372/2/6 709/3/6 373/11/6
f 709/3/6 372/2/6 708/1/6
f 709/3/1 711/2/1 710/1/1
f 711/3/1 709/2/1 712/1/1
f 713/3/2 709/2/2 710/1/2
f 709/3/2 713/2/2 714/1/2
f 715/5/3 711/5/3 712/565/3
f 711/5/3 715/5/3 716/566/3
f 715/5/4 713/5/4 716/567/4
f 713/5/4 715/5/4 714/568/4
f 713/5/5 711/5/5 716/569/5
f 711/5/5 713/5/5 710/564/5
f 709/2/6 715/3/6 712/11/6
f 715/3/6 709/2/6 714/1/6

usemtl color2

f 719/3/1 718/2/1 717/1/1
f 718/3/1 719/2/1 720/1/1
f 721/3/2 719/2/2 717/1/2
f 719/3/2 721/2/2 722/1/2
f 723/5/3 718/5/3 720/570/3
f 718/5/3 723/5/3 724/571/3
f 723/5/4 721/5/4 724/572/4
f 721/5/4 723/5/4 722/573/4
f 721/5/5 718/5/5 724/574/5
f 718/5/5 721/5/5 717/575/5
f 719/2/6 723/3/6 720/11/6
f 723/3/6 719/2/6 722/1/6
f 727/3/1 726/2/1 725/1/1
f 726/3/1 727/2/1 728/1/1
f 729/3/2 727/2/2 725/1/2
f 727/3/2 729/2/2 730/1/2
f 51/5/3 726/5/3 728/576/3
f 726/5/3 51/5/3 49/577/3
f 51/5/4 729/5/4 49/578/4
f 729/5/4 51/5/4 730/579/4
f 729/5/5 726/5/5 49/47/5
f 726/5/5 729/5/5 725/580/5
f 727/2/6 51/3/6 728/11/6
f 51/3/6 727/2/6 730/1/6
f 733/3/1 732/2/1 731/1/1
f 732/3/1 733/2/1 734/1/1
f 735/3/2 733/2/2 731/1/2
f 733/3/2 735/2/2 736/1/2
f 737/5/3 732/5/3 734/581/3
f 732/5/3 737/5/3 738/582/3
f 737/5/4 735/5/4 738/583/4
f 735/5/4 737/5/4 736/584/4
f 735/5/5 732/5/5 738/585/5
f 732/5/5 735/5/5 731/586/5
f 733/2/6 737/3/6 734/11/6
f 737/3/6 733/2/6 736/1/6
f 740/3/1 65/2/1 739/1/1
f 65/3/1 740/2/1 67/1/1
f 741/3/2 740/2/2 739/1/2
f 740/3/2 741/2/2 742/1/2
f 743/5/3 65/5/3 67/587/3
f 65/5/3 743/5/3 744/588/3
f 743/5/4 741/5/4 744/589/4
f 741/5/4 743/5/4 742/590/4
f 741/5/5 65/59/5 744/591/5
f 65/59/5 741/5/5 739/592/5
f 740/2/6 743/3/6 67/11/6
f 743/3/6 740/2/6 742/1/6
f 747/3/1 746/2/1 745/1/1
f 746/3/1 747/2/1 748/1/1
f 749/3/2 747/2/2 745/1/2
f 747/3/2 749/2/2 750/1/2
f 70/5/3 746/5/3 748/593/3
f 746/5/3 70/5/3 69/594/3
f 70/57/4 749/5/4 69/5/4
f 749/5/4 70/57/4 750/595/4
f 749/5/5 746/5/5 69/5/5
f 746/5/5 749/5/5 745/596/5
f 747/2/6 70/3/6 748/11/6
f 70/3/6 747/2/6 750/1/6
f 752/3/1 73/2/1 751/1/1
f 73/3/1 752/2/1 75/1/1
f 753/3/2 752/2/2 751/1/2
f 752/3/2 753/2/2 754/1/2
f 78/5/3 73/5/3 75/597/3
f 73/5/3 78/5/3 77/598/3
f 78/63/4 753/5/4 77/5/4
f 753/5/4 78/63/4 754/599/4
f 753/5/5 73/65/5 77/5/5
f 73/65/5 753/5/5 751/600/5
f 752/2/6 78/3/6 75/11/6
f 78/3/6 752/2/6 754/1/6
f 757/3/1 756/2/1 755/1/1
f 756/3/1 757/2/1 758/1/1
f 759/3/2 757/2/2 755/1/2
f 757/3/2 759/2/2 760/1/2
f 761/5/3 756/5/3 758/601/3
f 756/5/3 761/5/3 762/602/3
f 761/5/4 759/5/4 762/603/4
f 759/5/4 761/5/4 760/604/4
f 759/5/5 756/5/5 762/605/5
f 756/5/5 759/5/5 755/606/5
f 757/2/6 761/3/6 758/11/6
f 761/3/6 757/2/6 760/1/6
f 46/3/1 48/2/1 45/1/1
f 48/3/1 46/2/1 47/1/1
f 763/3/2 46/2/2 45/1/2
f 46/3/2 763/2/2 764/1/2
f 88/5/3 48/37/3 47/5/3
f 48/37/3 88/5/3 87/607/3
f 88/74/4 763/5/4 87/5/4
f 763/5/4 88/74/4 764/608/4
f 763/5/5 48/40/5 87/5/5
f 48/40/5 763/5/5 45/5/5
f 46/2/6 88/3/6 47/11/6
f 88/3/6 46/2/6 764/1/6
f 767/3/1 766/2/1 765/1/1
f 766/3/1 767/2/1 768/1/1
f 726/3/2 767/2/2 765/1/2
f 767/3/2 726/2/2 728/1/2
f 93/5/3 766/5/3 768/609/3
f 766/5/3 93/5/3 91/610/3
f 93/5/4 726/5/4 91/611/4
f 726/5/4 93/5/4 728/612/4
f 726/5/5 766/5/5 91/79/5
f 766/5/5 726/5/5 765/613/5
f 767/2/6 93/3/6 768/11/6
f 93/3/6 767/2/6 728/1/6
f 771/3/1 770/2/1 769/1/1
f 770/3/1 771/2/1 772/1/1
f 57/3/2 771/2/2 769/1/2
f 771/3/2 57/2/2 59/1/2
f 60/48/3 770/5/3 772/614/3
f 770/5/3 60/48/3 58/5/3
f 60/5/4 57/5/4 58/615/4
f 57/5/4 60/5/4 59/616/4
f 57/53/5 770/5/5 58/5/5
f 770/5/5 57/53/5 769/617/5
f 771/2/6 60/3/6 772/11/6
f 60/3/6 771/2/6 59/1/6
f 774/3/1 179/2/1 773/1/1
f 179/3/1 774/2/1 181/1/1
f 775/3/2 774/2/2 773/1/2
f 774/3/2 775/2/2 776/1/2
f 184/5/3 179/5/3 181/618/3
f 179/5/3 184/5/3 183/619/3
f 184/145/4 775/5/4 183/5/4
f 775/5/4 184/145/4 776/620/4
f 775/5/5 179/147/5 183/5/5
f 179/147/5 775/5/5 773/621/5
f 774/2/6 184/3/6 181/11/6
f 184/3/6 774/2/6 776/1/6
f 778/3/1 187/2/1 777/1/1
f 187/3/1 778/2/1 189/1/1
f 779/3/2 778/2/2 777/1/2
f 778/3/2 779/2/2 780/1/2
f 192/5/3 187/5/3 189/622/3
f 187/5/3 192/5/3 191/623/3
f 192/151/4 779/5/4 191/5/4
f 779/5/4 192/151/4 780/624/4
f 779/5/5 187/153/5 191/5/5
f 187/153/5 779/5/5 777/625/5
f 778/2/6 192/3/6 189/11/6
f 192/3/6 778/2/6 780/1/6
f 782/3/1 195/2/1 781/1/1
f 195/3/1 782/2/1 197/1/1
f 783/3/2 782/2/2 781/1/2
f 782/3/2 783/2/2 784/1/2
f 200/5/3 195/5/3 197/626/3
f 195/5/3 200/5/3 199/627/3
f 200/157/4 783/5/4 199/5/4
f 783/5/4 200/157/4 784/628/4
f 783/5/5 195/159/5 199/5/5
f 195/159/5 783/5/5 781/629/5
f 782/2/6 200/3/6 197/11/6
f 200/3/6 782/2/6 784/1/6
f 786/3/1 203/2/1 785/1/1
f 203/3/1 786/2/1 205/1/1
f 787/3/2 786/2/2 785/1/2
f 786/3/2 787/2/2 788/1/2
f 208/5/3 203/5/3 205/630/3
f 203/5/3 208/5/3 207/631/3
f 208/163/4 787/5/4 207/5/4
f 787/5/4 208/163/4 788/632/4
f 787/5/5 203/165/5 207/5/5
f 203/165/5 787/5/5 785/633/5
f 786/2/6 208/3/6 205/11/6
f 208/3/6 786/2/6 788/1/6
f 482/3/1 484/2/1 481/1/1
f 484/3/1 482/2/1 483/1/1
f 766/3/2 482/2/2 481/1/2
f 482/3/2 766/2/2 768/1/2
f 789/5/3 484/373/3 483/5/3
f 484/373/3 789/5/3 790/634/3
f 789/5/4 766/5/4 790/635/4
f 766/5/4 789/5/4 768/636/4
f 766/5/5 484/376/5 790/637/5
f 484/376/5 766/5/5 481/5/5
f 482/2/6 789/3/6 483/11/6
f 789/3/6 482/2/6 768/1/6
f 793/3/1 792/2/1 791/1/1
f 792/3/1 793/2/1 794/1/1
f 795/3/2 793/2/2 791/1/2
f 793/3/2 795/2/2 796/1/2
f 797/5/3 792/5/3 794/638/3
f 792/5/3 797/5/3 798/639/3
f 797/5/4 795/5/4 798/640/4
f 795/5/4 797/5/4 796/641/4
f 795/5/5 792/5/5 798/642/5
f 792/5/5 795/5/5 791/643/5
f 793/2/6 797/3/6 794/11/6
f 797/3/6 793/2/6 796/1/6
f 801/3/1 800/2/1 799/1/1
f 800/3/1 801/2/1 802/1/1
f 803/3/2 801/2/2 799/1/2
f 801/3/2 803/2/2 804/1/2
f 805/5/3 800/5/3 802/644/3
f 800/5/3 805/5/3 806/645/3
f 805/5/4 803/5/4 806/646/4
f 803/5/4 805/5/4 804/647/4
f 803/5/5 800/5/5 806/648/5
f 800/5/5 803/5/5 799/649/5
f 801/2/6 805/3/6 802/11/6
f 805/3/6 801/2/6 804/1/6
f 114/3/1 807/2/1 112/1/1
f 807/3/1 114/2/1 808/1/1
f 118/3/2 114/2/2 112/1/2
f 114/3/2 118/2/2 117/1/2
f 150/119/3 807/5/3 808/650/3
f 807/5/3 150/119/3 149/5/3
f 150/5/4 118/93/4 149/651/4
f 118/93/4 150/5/4 117/5/4
f 118/95/5 807/5/5 149/5/5
f 807/5/5 118/95/5 112/5/5
f 114/2/6 150/3/6 808/11/6
f 150/3/6 114/2/6 117/1/6
f 176/3/1 178/2/1 175/1/1
f 178/3/1 176/2/1 177/1/1
f 809/3/2 176/2/2 175/1/2
f 176/3/2 809/2/2 810/1/2
f 552/5/3 178/137/3 177/5/3
f 178/137/3 552/5/3 551/652/3
f 552/436/4 809/5/4 551/5/4
f 809/5/4 552/436/4 810/653/4
f 809/5/5 178/140/5 551/5/5
f 178/140/5 809/5/5 175/5/5
f 176/2/6 552/3/6 177/11/6
f 552/3/6 176/2/6 810/1/6
f 136/3/1 214/2/1 134/1/1
f 214/3/1 136/2/1 213/1/1
f 811/3/2 136/2/2 134/1/2
f 136/3/2 811/2/2 812/1/2
f 813/5/3 214/167/3 213/5/3
f 214/167/3 813/5/3 814/654/3
f 813/5/4 811/5/4 814/655/4
f 811/5/4 813/5/4 812/656/4
f 811/5/5 214/170/5 814/657/5
f 214/170/5 811/5/5 134/5/5
f 136/2/6 813/3/6 213/11/6
f 813/3/6 136/2/6 812/1/6
f 817/3/1 816/2/1 815/1/1
f 816/3/1 817/2/1 818/1/1
f 819/3/2 817/2/2 815/1/2
f 817/3/2 819/2/2 820/1/2
f 821/5/3 816/5/3 818/658/3
f 816/5/3 821/5/3 822/659/3
f 821/5/4 819/5/4 822/660/4
f 819/5/4 821/5/4 820/661/4
f 819/5/5 816/5/5 822/662/5
f 816/5/5 819/5/5 815/663/5
f 817/2/6 821/3/6 818/11/6
f 821/3/6 817/2/6 820/1/6
f 825/3/1 824/2/1 823/1/1
f 824/3/1 825/2/1 826/1/1
f 140/3/2 825/2/2 823/1/2
f 825/3/2 140/2/2 139/1/2
f 827/5/3 824/5/3 826/664/3
f 824/5/3 827/5/3 828/665/3
f 827/5/4 140/109/4 828/666/4
f 140/109/4 827/5/4 139/5/4
f 140/111/5 824/5/5 828/667/5
f 824/5/5 140/111/5 823/668/5
f 825/2/6 827/3/6 826/11/6
f 827/3/6 825/2/6 139/1/6
f 831/3/1 830/2/1 829/1/1
f 830/3/1 831/2/1 832/1/1
f 524/3/2 831/2/2 829/1/2
f 831/3/2 524/2/2 526/1/2
f 833/5/3 830/5/3 832/669/3
f 830/5/3 833/5/3 834/670/3
f 833/5/4 524/5/4 834/671/4
f 524/5/4 833/5/4 526/672/4
f 524/5/5 830/5/5 834/673/5
f 830/5/5 524/5/5 829/674/5
f 831/2/6 833/3/6 832/11/6
f 833/3/6 831/2/6 526/1/6
f 837/3/1 836/2/1 835/1/1
f 836/3/1 837/2/1 838/1/1
f 839/3/2 837/2/2 835/1/2
f 837/3/2 839/2/2 840/1/2
f 841/5/3 836/5/3 838/675/3
f 836/5/3 841/5/3 842/676/3
f 841/5/4 839/5/4 842/677/4
f 839/5/4 841/5/4 840/678/4
f 839/5/5 836/5/5 842/679/5
f 836/5/5 839/5/5 835/680/5
f 837/2/6 841/3/6 838/11/6
f 841/3/6 837/2/6 840/1/6
f 592/3/1 594/2/1 591/1/1
f 594/3/1 592/2/1 593/1/1
f 246/3/2 592/2/2 591/1/2
f 592/3/2 246/2/2 245/1/2
f 843/5/3 594/470/3 593/5/3
f 594/470/3 843/5/3 844/681/3
f 843/5/4 246/191/4 844/682/4
f 246/191/4 843/5/4 245/5/4
f 246/193/5 594/473/5 844/683/5
f 594/473/5 246/193/5 591/5/5
f 592/2/6 843/3/6 593/11/6
f 843/3/6 592/2/6 245/1/6
f 258/3/1 667/2/1 256/1/1
f 667/3/1 258/2/1 668/1/1
f 262/3/2 258/2/2 256/1/2
f 258/3/2 262/2/2 261/1/2
f 337/5/3 667/5/3 668/684/3
f 667/5/3 337/5/3 335/685/3
f 337/5/4 262/203/4 335/686/4
f 262/203/4 337/5/4 261/5/4
f 262/205/5 667/5/5 335/266/5
f 667/5/5 262/205/5 256/5/5
f 258/2/6 337/3/6 668/11/6
f 337/3/6 258/2/6 261/1/6
f 266/3/1 339/2/1 264/1/1
f 339/3/1 266/2/1 340/1/1
f 270/3/2 266/2/2 264/1/2
f 266/3/2 270/2/2 269/1/2
f 845/5/3 339/5/3 340/687/3
f 339/5/3 845/5/3 846/688/3
f 845/5/4 270/209/4 846/689/4
f 270/209/4 845/5/4 269/5/4
f 270/211/5 339/5/5 846/690/5
f 339/5/5 270/211/5 264/5/5
f 266/2/6 845/3/6 340/11/6
f 845/3/6 266/2/6 269/1/6
f 274/3/1 847/2/1 272/1/1
f 847/3/1 274/2/1 848/1/1
f 278/3/2 274/2/2 272/1/2
f 274/3/2 278/2/2 277/1/2
f 849/5/3 847/5/3 848/691/3
f 847/5/3 849/5/3 850/692/3
f 849/5/4 278/215/4 850/693/4
f 278/215/4 849/5/4 277/5/4
f 278/217/5 847/5/5 850/694/5
f 847/5/5 278/217/5 272/5/5
f 274/2/6 849/3/6 848/11/6
f 849/3/6 274/2/6 277/1/6
f 282/3/1 851/2/1 280/1/1
f 851/3/1 282/2/1 852/1/1
f 286/3/2 282/2/2 280/1/2
f 282/3/2 286/2/2 285/1/2
f 853/5/3 851/5/3 852/695/3
f 851/5/3 853/5/3 854/696/3
f 853/5/4 286/221/4 854/697/4
f 286/221/4 853/5/4 285/5/4
f 286/223/5 851/5/5 854/698/5
f 851/5/5 286/223/5 280/5/5
f 282/2/6 853/3/6 852/11/6
f 853/3/6 282/2/6 285/1/6
f 290/3/1 855/2/1 288/1/1
f 855/3/1 290/2/1 856/1/1
f 294/3/2 290/2/2 288/1/2
f 290/3/2 294/2/2 293/1/2
f 857/5/3 855/5/3 856/699/3
f 855/5/3 857/5/3 858/700/3
f 857/5/4 294/227/4 858/701/4
f 294/227/4 857/5/4 293/5/4
f 294/229/5 855/5/5 858/702/5
f 855/5/5 294/229/5 288/5/5
f 290/2/6 857/3/6 856/11/6
f 857/3/6 290/2/6 293/1/6
f 298/3/1 859/2/1 296/1/1
f 859/3/1 298/2/1 860/1/1
f 302/3/2 298/2/2 296/1/2
f 298/3/2 302/2/2 301/1/2
f 861/5/3 859/5/3 860/703/3
f 859/5/3 861/5/3 862/704/3
f 861/5/4 302/233/4 862/705/4
f 302/233/4 861/5/4 301/5/4
f 302/235/5 859/5/5 862/706/5
f 859/5/5 302/235/5 296/5/5
f 298/2/6 861/3/6 860/11/6
f 861/3/6 298/2/6 301/1/6
f 865/3/1 864/2/1 863/1/1
f 864/3/1 865/2/1 866/1/1
f 867/3/2 865/2/2 863/1/2
f 865/3/2 867/2/2 868/1/2
f 869/5/3 864/5/3 866/707/3
f 864/5/3 869/5/3 870/708/3
f 869/5/4 867/5/4 870/709/4
f 867/5/4 869/5/4 868/710/4
f 867/5/5 864/5/5 870/711/5
f 864/5/5 867/5/5 863/712/5
f 865/2/6 869/3/6 866/11/6
f 869/3/6 865/2/6 868/1/6
f 841/3/1 871/2/1 842/1/1
f 871/3/1 841/2/1 872/1/1
f 319/3/2 841/2/2 842/1/2
f 841/3/2 319/2/2 321/1/2
f 322/249/3 871/5/3 872/713/3
f 871/5/3 322/249/3 320/5/3
f 322/5/4 319/5/4 320/714/4
f 319/5/4 322/5/4 321/715/4
f 319/254/5 871/5/5 320/5/5
f 871/5/5 319/254/5 842/679/5
f 841/2/6 322/3/6 872/11/6
f 322/3/6 841/2/6 321/1/6
f 332/3/1 334/2/1 331/1/1
f 334/3/1 332/2/1 333/1/1
f 594/3/2 332/2/2 331/1/2
f 332/3/2 594/2/2 593/1/2
f 873/5/3 334/256/3 333/5/3
f 334/256/3 873/5/3 874/716/3
f 873/5/4 594/471/4 874/717/4
f 594/471/4 873/5/4 593/5/4
f 594/473/5 334/259/5 874/718/5
f 334/259/5 594/473/5 331/5/5
f 332/2/6 873/3/6 333/11/6
f 873/3/6 332/2/6 593/1/6
f 845/3/1 875/2/1 846/1/1
f 875/3/1 845/2/1 876/1/1
f 847/3/2 845/2/2 846/1/2
f 845/3/2 847/2/2 848/1/2
f 877/5/3 875/5/3 876/719/3
f 875/5/3 877/5/3 878/720/3
f 877/5/4 847/5/4 878/721/4
f 847/5/4 877/5/4 848/722/4
f 847/5/5 875/5/5 878/723/5
f 875/5/5 847/5/5 846/690/5
f 845/2/6 877/3/6 876/11/6
f 877/3/6 845/2/6 848/1/6
f 330/3/1 707/2/1 328/1/1
f 707/3/1 330/2/1 708/1/1
f 334/3/2 330/2/2 328/1/2
f 330/3/2 334/2/2 333/1/2
f 879/5/3 707/5/3 708/724/3
f 707/5/3 879/5/3 880/725/3
f 879/5/4 334/257/4 880/726/4
f 334/257/4 879/5/4 333/5/4
f 334/259/5 707/5/5 880/727/5
f 707/5/5 334/259/5 328/5/5
f 330/2/6 879/3/6 708/11/6
f 879/3/6 330/2/6 333/1/6
f 348/3/1 350/2/1 347/1/1
f 350/3/1 348/2/1 349/1/1
f 881/3/2 348/2/2 347/1/2
f 348/3/2 881/2/2 882/1/2
f 883/5/3 350/268/3 349/5/3
f 350/268/3 883/5/3 884/728/3
f 883/5/4 881/5/4 884/729/4
f 881/5/4 883/5/4 882/730/4
f 881/5/5 350/271/5 884/731/5
f 350/271/5 881/5/5 347/5/5
f 348/2/6 883/3/6 349/11/6
f 883/3/6 348/2/6 882/1/6
f 887/3/1 886/2/1 885/1/1
f 886/3/1 887/2/1 888/1/1
f 889/3/2 887/2/2 885/1/2
f 887/3/2 889/2/2 890/1/2
f 891/5/3 886/5/3 888/732/3
f 886/5/3 891/5/3 892/733/3
f 891/5/4 889/5/4 892/734/4
f 889/5/4 891/5/4 890/735/4
f 889/5/5 886/5/5 892/736/5
f 886/5/5 889/5/5 885/737/5
f 887/2/6 891/3/6 888/11/6
f 891/3/6 887/2/6 890/1/6
f 891/3/1 893/2/1 892/1/1
f 893/3/1 891/2/1 894/1/1
f 895/3/2 891/2/2 892/1/2
f 891/3/2 895/2/2 896/1/2
f 897/5/3 893/5/3 894/738/3
f 893/5/3 897/5/3 898/739/3
f 897/5/4 895/5/4 898/740/4
f 895/5/4 897/5/4 896/741/4
f 895/5/5 893/5/5 898/742/5
f 893/5/5 895/5/5 892/736/5
f 891/2/6 897/3/6 894/11/6
f 897/3/6 891/2/6 896/1/6

usemtl color22

f 900/3/1 37/2/1 899/1/1
f 37/3/1 900/2/1 38/1/1
f 901/3/2 900/2/2 899/1/2
f 900/3/2 901/2/2 902/1/2
f 757/5/3 37/5/3 38/743/3
f 37/5/3 757/5/3 755/744/3
f 757/5/4 901/5/4 755/745/4
f 901/5/4 757/5/4 902/746/4
f 901/5/5 37/5/5 755/606/5
f 37/5/5 901/5/5 899/747/5
f 900/2/6 757/3/6 38/11/6
f 757/3/6 900/2/6 902/1/6
f 904/3/1 759/2/1 903/1/1
f 759/3/1 904/2/1 760/1/1
f 905/3/2 904/2/2 903/1/2
f 904/3/2 905/2/2 906/1/2
f 43/5/3 759/5/3 760/748/3
f 759/5/3 43/5/3 41/749/3
f 43/5/4 905/5/4 41/750/4
f 905/5/4 43/5/4 906/751/4
f 905/5/5 759/5/5 41/41/5
f 759/5/5 905/5/5 903/752/5
f 904/2/6 43/3/6 760/11/6
f 43/3/6 904/2/6 906/1/6
f 908/3/1 779/2/1 907/1/1
f 779/3/1 908/2/1 780/1/1
f 909/3/2 908/2/2 907/1/2
f 908/3/2 909/2/2 910/1/2
f 782/5/3 779/5/3 780/753/3
f 779/5/3 782/5/3 781/754/3
f 782/5/4 909/5/4 781/755/4
f 909/5/4 782/5/4 910/756/4
f 909/5/5 779/5/5 781/629/5
f 779/5/5 909/5/5 907/757/5
f 908/2/6 782/3/6 780/11/6
f 782/3/6 908/2/6 910/1/6
f 912/3/1 783/2/1 911/1/1
f 783/3/1 912/2/1 784/1/1
f 913/3/2 912/2/2 911/1/2
f 912/3/2 913/2/2 914/1/2
f 786/5/3 783/5/3 784/758/3
f 783/5/3 786/5/3 785/759/3
f 786/5/4 913/5/4 785/760/4
f 913/5/4 786/5/4 914/761/4
f 913/5/5 783/5/5 785/633/5
f 783/5/5 913/5/5 911/762/5
f 912/2/6 786/3/6 784/11/6
f 786/3/6 912/2/6 914/1/6

usemtl color14

f 902/3/1 755/2/1 901/1/1
f 755/3/1 902/2/1 757/1/1
f 903/3/2 902/2/2 901/1/2
f 902/3/2 903/2/2 904/1/2
f 760/748/3 755/744/3 757/5/3
f 755/744/3 760/748/3 759/5/3
f 760/604/4 903/5/4 759/5/4
f 903/5/4 760/604/4 904/763/4
f 903/752/5 755/606/5 759/5/5
f 755/606/5 903/752/5 901/5/5
f 902/2/6 760/3/6 757/11/6
f 760/3/6 902/2/6 904/1/6
f 906/3/1 41/2/1 905/1/1
f 41/3/1 906/2/1 43/1/1
f 915/3/2 906/2/2 905/1/2
f 906/3/2 915/2/2 916/1/2
f 46/5/3 41/749/3 43/5/3
f 41/749/3 46/5/3 45/764/3
f 46/39/4 915/5/4 45/5/4
f 915/5/4 46/39/4 916/765/4
f 915/5/5 41/41/5 45/5/5
f 41/41/5 915/5/5 905/5/5
f 906/2/6 46/3/6 43/11/6
f 46/3/6 906/2/6 916/1/6
f 919/3/1 918/2/1 917/1/1
f 918/3/1 919/2/1 920/1/1
f 921/3/2 919/2/2 917/1/2
f 919/3/2 921/2/2 922/1/2
f 923/5/3 918/5/3 920/766/3
f 918/5/3 923/5/3 924/767/3
f 923/5/4 921/5/4 924/768/4
f 921/5/4 923/5/4 922/769/4
f 921/5/5 918/5/5 924/770/5
f 918/5/5 921/5/5 917/771/5
f 919/2/6 923/3/6 920/11/6
f 923/3/6 919/2/6 922/1/6
f 927/3/1 926/2/1 925/1/1
f 926/3/1 927/2/1 928/1/1
f 929/3/2 927/2/2 925/1/2
f 927/3/2 929/2/2 930/1/2
f 931/5/3 926/5/3 928/772/3
f 926/5/3 931/5/3 932/773/3
f 931/5/4 929/5/4 932/774/4
f 929/5/4 931/5/4 930/775/4
f 929/5/5 926/5/5 932/776/5
f 926/5/5 929/5/5 925/777/5
f 927/2/6 931/3/6 928/11/6
f 931/3/6 927/2/6 930/1/6
f 934/3/1 773/2/1 933/1/1
f 773/3/1 934/2/1 774/1/1
f 935/3/2 934/2/2 933/1/2
f 934/3/2 935/2/2 936/1/2
f 776/5/3 773/5/3 774/778/3
f 773/5/3 776/5/3 775/779/3
f 776/620/4 935/5/4 775/5/4
f 935/5/4 776/620/4 936/780/4
f 935/5/5 773/621/5 775/5/5
f 773/621/5 935/5/5 933/781/5
f 934/2/6 776/3/6 774/11/6
f 776/3/6 934/2/6 936/1/6
f 938/3/1 777/2/1 937/1/1
f 777/3/1 938/2/1 778/1/1
f 907/3/2 938/2/2 937/1/2
f 938/3/2 907/2/2 908/1/2
f 780/753/3 777/5/3 778/782/3
f 777/5/3 780/753/3 779/5/3
f 780/624/4 907/5/4 779/5/4
f 907/5/4 780/624/4 908/783/4
f 907/757/5 777/625/5 779/5/5
f 777/625/5 907/757/5 937/784/5
f 938/2/6 780/3/6 778/11/6
f 780/3/6 938/2/6 908/1/6
f 910/3/1 781/2/1 909/1/1
f 781/3/1 910/2/1 782/1/1
f 911/3/2 910/2/2 909/1/2
f 910/3/2 911/2/2 912/1/2
f 784/758/3 781/754/3 782/5/3
f 781/754/3 784/758/3 783/5/3
f 784/628/4 911/5/4 783/5/4
f 911/5/4 784/628/4 912/785/4
f 911/762/5 781/629/5 783/5/5
f 781/629/5 911/762/5 909/5/5
f 910/2/6 784/3/6 782/11/6
f 784/3/6 910/2/6 912/1/6
f 914/3/1 785/2/1 913/1/1
f 785/3/1 914/2/1 786/1/1
f 939/3/2 914/2/2 913/1/2
f 914/3/2 939/2/2 940/1/2
f 788/5/3 785/759/3 786/5/3
f 785/759/3 788/5/3 787/786/3
f 788/632/4 939/5/4 787/5/4
f 939/5/4 788/632/4 940/787/4
f 939/5/5 785/633/5 787/5/5
f 785/633/5 939/5/5 913/5/5
f 914/2/6 788/3/6 786/11/6
f 788/3/6 914/2/6 940/1/6
f 943/3/1 942/2/1 941/1/1
f 942/3/1 943/2/1 944/1/1
f 945/3/2 943/2/2 941/1/2
f 943/3/2 945/2/2 946/1/2
f 947/5/3 942/5/3 944/788/3
f 942/5/3 947/5/3 948/789/3
f 947/5/4 945/5/4 948/790/4
f 945/5/4 947/5/4 946/791/4
f 945/5/5 942/5/5 948/792/5
f 942/5/5 945/5/5 941/793/5
f 943/2/6 947/3/6 944/11/6
f 947/3/6 943/2/6 946/1/6
f 804/3/1 806/2/1 803/1/1
f 806/3/1 804/2/1 805/1/1
f 949/3/2 804/2/2 803/1/2
f 804/3/2 949/2/2 950/1/2
f 951/5/3 806/645/3 805/5/3
f 806/645/3 951/5/3 952/794/3
f 951/5/4 949/5/4 952/795/4
f 949/5/4 951/5/4 950/796/4
f 949/5/5 806/648/5 952/797/5
f 806/648/5 949/5/5 803/5/5
f 804/2/6 951/3/6 805/11/6
f 951/3/6 804/2/6 950/1/6
f 832/3/1 835/2/1 830/1/1
f 835/3/1 832/2/1 837/1/1
f 834/3/2 832/2/2 830/1/2
f 832/3/2 834/2/2 833/1/2
f 840/5/3 835/5/3 837/798/3
f 835/5/3 840/5/3 839/799/3
f 840/678/4 834/671/4 839/5/4
f 834/671/4 840/678/4 833/5/4
f 834/673/5 835/680/5 839/5/5
f 835/680/5 834/673/5 830/5/5
f 832/2/6 840/3/6 837/11/6
f 840/3/6 832/2/6 833/1/6

usemtl color20

f 922/3/1 924/2/1 921/1/1
f 924/3/1 922/2/1 923/1/1
f 953/3/2 922/2/2 921/1/2
f 922/3/2 953/2/2 954/1/2
f 457/5/3 924/767/3 923/5/3
f 924/767/3 457/5/3 455/800/3
f 457/5/4 953/5/4 455/801/4
f 953/5/4 457/5/4 954/802/4
f 953/5/5 924/770/5 455/356/5
f 924/770/5 953/5/5 921/5/5
f 922/2/6 457/3/6 923/11/6
f 457/3/6 922/2/6 954/1/6
f 956/3/1 799/2/1 955/1/1
f 799/3/1 956/2/1 801/1/1
f 957/3/2 956/2/2 955/1/2
f 956/3/2 957/2/2 958/1/2
f 950/5/3 799/5/3 801/803/3
f 799/5/3 950/5/3 949/804/3
f 950/796/4 957/5/4 949/5/4
f 957/5/4 950/796/4 958/805/4
f 957/5/5 799/649/5 949/5/5
f 799/649/5 957/5/5 955/806/5
f 956/2/6 950/3/6 801/11/6
f 950/3/6 956/2/6 958/1/6

usemtl color19

f 960/3/1 462/2/1 959/1/1
f 462/3/1 960/2/1 461/1/1
f 25/3/2 960/2/2 959/1/2
f 960/3/2 25/2/2 27/1/2
f 487/5/3 462/352/3 461/5/3
f 462/352/3 487/5/3 485/807/3
f 487/5/4 25/5/4 485/808/4
f 25/5/4 487/5/4 27/809/4
f 25/29/5 462/355/5 485/382/5
f 462/355/5 25/29/5 959/810/5
f 960/2/6 487/3/6 461/11/6
f 487/3/6 960/2/6 27/1/6
f 444/3/1 446/2/1 443/1/1
f 446/3/1 444/2/1 445/1/1
f 447/3/2 444/2/2 443/1/2
f 444/3/2 447/2/2 449/1/2
f 450/345/3 446/340/3 445/5/3
f 446/340/3 450/345/3 448/5/3
f 450/5/4 447/5/4 448/811/4
f 447/5/4 450/5/4 449/812/4
f 447/350/5 446/343/5 448/5/5
f 446/343/5 447/350/5 443/5/5
f 444/2/6 450/3/6 445/11/6
f 450/3/6 444/2/6 449/1/6
f 962/3/1 491/2/1 961/1/1
f 491/3/1 962/2/1 493/1/1
f 446/3/2 962/2/2 961/1/2
f 962/3/2 446/2/2 445/1/2
f 963/5/3 491/5/3 493/813/3
f 491/5/3 963/5/3 964/814/3
f 963/5/4 446/341/4 964/815/4
f 446/341/4 963/5/4 445/5/4
f 446/343/5 491/388/5 964/816/5
f 491/388/5 446/343/5 961/817/5
f 962/2/6 963/3/6 493/11/6
f 963/3/6 962/2/6 445/1/6
f 496/3/1 498/2/1 495/1/1
f 498/3/1 496/2/1 497/1/1
f 965/3/2 496/2/2 495/1/2
f 496/3/2 965/2/2 966/1/2
f 470/362/3 498/384/3 497/5/3
f 498/384/3 470/362/3 468/5/3
f 470/5/4 965/5/4 468/818/4
f 965/5/4 470/5/4 966/819/4
f 965/5/5 498/387/5 468/5/5
f 498/387/5 965/5/5 495/5/5
f 496/2/6 470/3/6 497/11/6
f 470/3/6 496/2/6 966/1/6

usemtl color10

f 38/3/1 81/2/1 37/1/1
f 81/3/1 38/2/1 82/1/1
f 755/3/2 38/2/2 37/1/2
f 38/3/2 755/2/2 757/1/2
f 758/601/3 81/5/3 82/820/3
f 81/5/3 758/601/3 756/5/3
f 758/5/4 755/745/4 756/821/4
f 755/745/4 758/5/4 757/5/4
f 755/606/5 81/70/5 756/5/5
f 81/70/5 755/606/5 37/5/5
f 38/2/6 758/3/6 82/11/6
f 758/3/6 38/2/6 757/1/6
f 760/3/1 762/2/1 759/1/1
f 762/3/1 760/2/1 761/1/1
f 41/3/2 760/2/2 759/1/2
f 760/3/2 41/2/2 43/1/2
f 44/36/3 762/602/3 761/5/3
f 762/602/3 44/36/3 42/5/3
f 44/68/4 41/750/4 42/5/4
f 41/750/4 44/68/4 43/5/4
f 41/41/5 762/605/5 42/5/5
f 762/605/5 41/41/5 759/5/5
f 760/2/6 44/3/6 761/11/6
f 44/3/6 760/2/6 43/1/6
f 780/3/1 191/2/1 779/1/1
f 191/3/1 780/2/1 192/1/1
f 781/3/2 780/2/2 779/1/2
f 780/3/2 781/2/2 782/1/2
f 197/626/3 191/623/3 192/5/3
f 191/623/3 197/626/3 195/5/3
f 197/5/4 781/755/4 195/822/4
f 781/755/4 197/5/4 782/5/4
f 781/629/5 191/5/5 195/159/5
f 191/5/5 781/629/5 779/5/5
f 780/2/6 197/3/6 192/11/6
f 197/3/6 780/2/6 782/1/6
f 784/3/1 199/2/1 783/1/1
f 199/3/1 784/2/1 200/1/1
f 785/3/2 784/2/2 783/1/2
f 784/3/2 785/2/2 786/1/2
f 205/630/3 199/627/3 200/5/3
f 199/627/3 205/630/3 203/5/3
f 205/5/4 785/760/4 203/823/4
f 785/760/4 205/5/4 786/5/4
f 785/633/5 199/5/5 203/165/5
f 199/5/5 785/633/5 783/5/5
f 784/2/6 205/3/6 200/11/6
f 205/3/6 784/2/6 786/1/6
f 969/3/1 968/2/1 967/1/1
f 968/3/1 969/2/1 970/1/1
f 359/3/2 969/2/2 967/1/2
f 969/3/2 359/2/2 361/1/2
f 362/279/3 968/5/3 970/824/3
f 968/5/3 362/279/3 360/5/3
f 362/5/4 359/5/4 360/825/4
f 359/5/4 362/5/4 361/826/4
f 359/284/5 968/5/5 360/5/5
f 968/5/5 359/284/5 967/827/5
f 969/2/6 362/3/6 970/11/6
f 362/3/6 969/2/6 361/1/6
f 364/3/1 366/2/1 363/1/1
f 366/3/1 364/2/1 365/1/1
f 367/3/2 364/2/2 363/1/2
f 364/3/2 367/2/2 369/1/2
f 370/285/3 366/280/3 365/5/3
f 366/280/3 370/285/3 368/5/3
f 370/5/4 367/5/4 368/828/4
f 367/5/4 370/5/4 369/829/4
f 367/290/5 366/283/5 368/5/5
f 366/283/5 367/290/5 363/5/5
f 364/2/6 370/3/6 365/11/6
f 370/3/6 364/2/6 369/1/6

usemtl color18

f 973/3/1 972/2/1 971/1/1
f 972/3/1 973/2/1 974/1/1
f 975/3/2 973/2/2 971/1/2
f 973/3/2 975/2/2 976/1/2
f 501/5/3 972/5/3 974/830/3
f 972/5/3 501/5/3 499/831/3
f 501/5/4 975/5/4 499/832/4
f 975/5/4 501/5/4 976/833/4
f 975/5/5 972/5/5 499/394/5
f 972/5/5 975/5/5 971/834/5
f 973/2/6 501/3/6 974/11/6
f 501/3/6 973/2/6 976/1/6
f 979/3/1 978/2/1 977/1/1
f 978/3/1 979/2/1 980/1/1
f 981/3/2 979/2/2 977/1/2
f 979/3/2 981/2/2 982/1/2
f 563/5/3 978/5/3 980/835/3
f 978/5/3 563/5/3 561/836/3
f 563/5/4 981/5/4 561/837/4
f 981/5/4 563/5/4 982/838/4
f 981/5/5 978/5/5 561/451/5
f 978/5/5 981/5/5 977/839/5
f 979/2/6 563/3/6 980/11/6
f 563/3/6 979/2/6 982/1/6

usemtl color8

f 976/3/1 499/2/1 975/1/1
f 499/3/1 976/2/1 501/1/1
f 983/3/2 976/2/2 975/1/2
f 976/3/2 983/2/2 984/1/2
f 504/5/3 499/831/3 501/5/3
f 499/831/3 504/5/3 503/840/3
f 504/392/4 983/5/4 503/5/4
f 983/5/4 504/392/4 984/841/4
f 983/5/5 499/394/5 503/5/5
f 499/394/5 983/5/5 975/5/5
f 976/2/6 504/3/6 501/11/6
f 504/3/6 976/2/6 984/1/6
f 982/3/1 561/2/1 981/1/1
f 561/3/1 982/2/1 563/1/1
f 985/3/2 982/2/2 981/1/2
f 982/3/2 985/2/2 986/1/2
f 566/5/3 561/836/3 563/5/3
f 561/836/3 566/5/3 565/842/3
f 566/449/4 985/5/4 565/5/4
f 985/5/4 566/449/4 986/843/4
f 985/5/5 561/451/5 565/5/5
f 561/451/5 985/5/5 981/5/5
f 982/2/6 566/3/6 563/11/6
f 566/3/6 982/2/6 986/1/6
f 660/3/1 706/2/1 658/1/1
f 706/3/1 660/2/1 705/1/1
f 662/3/2 660/2/2 658/1/2
f 660/3/2 662/2/2 661/1/2
f 987/5/3 706/556/3 705/5/3
f 706/556/3 987/5/3 988/844/3
f 987/5/4 662/523/4 988/845/4
f 662/523/4 987/5/4 661/5/4
f 662/525/5 706/559/5 988/846/5
f 706/559/5 662/525/5 658/5/5
f 660/2/6 987/3/6 705/11/6
f 987/3/6 660/2/6 661/1/6
f 991/3/1 990/2/1 989/1/1
f 990/3/1 991/2/1 992/1/1
f 993/3/2 991/2/2 989/1/2
f 991/3/2 993/2/2 994/1/2
f 995/5/3 990/5/3 992/847/3
f 990/5/3 995/5/3 996/848/3
f 995/5/4 993/5/4 996/849/4
f 993/5/4 995/5/4 994/850/4
f 993/5/5 990/5/5 996/851/5
f 990/5/5 993/5/5 989/852/5
f 991/2/6 995/3/6 992/11/6
f 995/3/6 991/2/6 994/1/6
f 999/3/1 998/2/1 997/1/1
f 998/3/1 999/2/1 1000/1/1
f 1001/3/2 999/2/2 997/1/2
f 999/3/2 1001/2/2 1002/1/2
f 1003/5/3 998/5/3 1000/853/3
f 998/5/3 1003/5/3 1004/854/3
f 1003/5/4 1001/5/4 1004/855/4
f 1001/5/4 1003/5/4 1002/856/4
f 1001/5/5 998/5/5 1004/857/5
f 998/5/5 1001/5/5 997/858/5
f 999/2/6 1003/3/6 1000/11/6
f 1003/3/6 999/2/6 1002/1/6

usemtl color0

f 984/3/1 506/2/1 983/1/1
f 506/3/1 984/2/1 505/1/1
f 1005/3/2 984/2/2 983/1/2
f 984/3/2 1005/2/2 1006/1/2
f 1007/5/3 506/390/3 505/5/3
f 506/390/3 1007/5/3 1008/859/3
f 1007/5/4 1005/5/4 1008/860/4
f 1005/5/4 1007/5/4 1006/861/4
f 1005/5/5 506/393/5 1008/862/5
f 506/393/5 1005/5/5 983/5/5
f 984/2/6 1007/3/6 505/11/6
f 1007/3/6 984/2/6 1006/1/6
f 986/3/1 568/2/1 985/1/1
f 568/3/1 986/2/1 567/1/1
f 1009/3/2 986/2/2 985/1/2
f 986/3/2 1009/2/2 1010/1/2
f 1011/5/3 568/447/3 567/5/3
f 568/447/3 1011/5/3 1012/863/3
f 1011/5/4 1009/5/4 1012/864/4
f 1009/5/4 1011/5/4 1010/865/4
f 1009/5/5 568/450/5 1012/866/5
f 568/450/5 1009/5/5 985/5/5
f 986/2/6 1011/3/6 567/11/6
f 1011/3/6 986/2/6 1010/1/6

usemtl color5

f 1015/3/1 1014/2/1 1013/1/1
f 1014/3/1 1015/2/1 1016/1/1
f 955/3/2 1015/2/2 1013/1/2
f 1015/3/2 955/2/2 956/1/2
f 802/644/3 1014/5/3 1016/867/3
f 1014/5/3 802/644/3 800/5/3
f 802/5/4 955/5/4 800/868/4
f 955/5/4 802/5/4 956/869/4
f 955/806/5 1014/5/5 800/5/5
f 1014/5/5 955/806/5 1013/870/5
f 1015/2/6 802/3/6 1016/11/6
f 802/3/6 1015/2/6 956/1/6
f 1019/3/1 1018/2/1 1017/1/1
f 1018/3/1 1019/2/1 1020/1/1
f 1021/3/2 1019/2/2 1017/1/2
f 1019/3/2 1021/2/2 1022/1/2
f 1023/5/3 1018/5/3 1020/871/3
f 1018/5/3 1023/5/3 1024/872/3
f 1023/5/4 1021/5/4 1024/873/4
f 1021/5/4 1023/5/4 1022/874/4
f 1021/5/5 1018/5/5 1024/875/5
f 1018/5/5 1021/5/5 1017/876/5
f 1019/2/6 1023/3/6 1020/11/6
f 1023/3/6 1019/2/6 1022/1/6
f 1027/3/1 1026/2/1 1025/1/1
f 1026/3/1 1027/2/1 1028/1/1
f 1029/3/2 1027/2/2 1025/1/2
f 1027/3/2 1029/2/2 1030/1/2
f 534/5/3 1026/5/3 1028/877/3
f 1026/5/3 534/5/3 533/878/3
f 534/418/4 1029/5/4 533/5/4
f 1029/5/4 534/418/4 1030/879/4
f 1029/5/5 1026/5/5 533/5/5
f 1026/5/5 1029/5/5 1025/880/5
f 1027/2/6 534/3/6 1028/11/6
f 534/3/6 1027/2/6 1030/1/6
f 497/3/1 1031/2/1 498/1/1
f 1031/3/1 497/2/1 1032/1/1
f 468/3/2 497/2/2 498/1/2
f 497/3/2 468/2/2 470/1/2
f 1033/5/3 1031/5/3 1032/881/3
f 1031/5/3 1033/5/3 1034/882/3
f 1033/5/4 468/818/4 1034/883/4
f 468/818/4 1033/5/4 470/5/4
f 468/5/5 1031/5/5 1034/884/5
f 1031/5/5 468/5/5 498/387/5
f 497/2/6 1033/3/6 1032/11/6
f 1033/3/6 497/2/6 470/1/6
f 130/3/1 132/2/1 129/1/1
f 132/3/1 130/2/1 131/1/1
f 133/3/2 130/2/2 129/1/2
f 130/3/2 133/2/2 135/1/2
f 136/107/3 132/102/3 131/5/3
f 132/102/3 136/107/3 134/5/3
f 136/169/4 133/5/4 134/5/4
f 133/5/4 136/169/4 135/885/4
f 133/112/5 132/105/5 134/5/5
f 132/105/5 133/112/5 129/5/5
f 130/2/6 136/3/6 131/11/6
f 136/3/6 130/2/6 135/1/6
f 534/3/1 371/2/1 533/1/1
f 371/3/1 534/2/1 372/1/1
f 1035/3/2 534/2/2 533/1/2
f 534/3/2 1035/2/2 1036/1/2
f 708/724/3 371/552/3 372/5/3
f 371/552/3 708/724/3 707/5/3
f 708/563/4 1035/5/4 707/5/4
f 1035/5/4 708/563/4 1036/886/4
f 1035/5/5 371/5/5 707/5/5
f 371/5/5 1035/5/5 533/5/5
f 534/2/6 708/3/6 372/11/6
f 708/3/6 534/2/6 1036/1/6
f 144/3/1 231/2/1 142/1/1
f 231/3/1 144/2/1 233/1/1
f 148/3/2 144/2/2 142/1/2
f 144/3/2 148/2/2 147/1/2
f 236/5/3 231/5/3 233/887/3
f 231/5/3 236/5/3 235/888/3
f 236/186/4 148/115/4 235/5/4
f 148/115/4 236/186/4 147/5/4
f 148/117/5 231/188/5 235/5/5
f 231/188/5 148/117/5 142/5/5
f 144/2/6 236/3/6 233/11/6
f 236/3/6 144/2/6 147/1/6
f 808/3/1 1037/2/1 807/1/1
f 1037/3/1 808/2/1 1038/1/1
f 154/3/2 808/2/2 807/1/2
f 808/3/2 154/2/2 153/1/2
f 1039/5/3 1037/5/3 1038/889/3
f 1037/5/3 1039/5/3 1040/890/3
f 1039/5/4 154/121/4 1040/891/4
f 154/121/4 1039/5/4 153/5/4
f 154/123/5 1037/5/5 1040/892/5
f 1037/5/5 154/123/5 807/5/5
f 808/2/6 1039/3/6 1038/11/6
f 1039/3/6 808/2/6 153/1/6
f 158/3/1 1041/2/1 156/1/1
f 1041/3/1 158/2/1 1042/1/1
f 162/3/2 158/2/2 156/1/2
f 158/3/2 162/2/2 161/1/2
f 1043/5/3 1041/5/3 1042/893/3
f 1041/5/3 1043/5/3 1044/894/3
f 1043/5/4 162/126/4 1044/895/4
f 162/126/4 1043/5/4 161/5/4
f 162/128/5 1041/5/5 1044/896/5
f 1041/5/5 162/128/5 156/5/5
f 158/2/6 1043/3/6 1042/11/6
f 1043/3/6 158/2/6 161/1/6
f 166/3/1 1045/2/1 164/1/1
f 1045/3/1 166/2/1 1046/1/1
f 170/3/2 166/2/2 164/1/2
f 166/3/2 170/2/2 169/1/2
f 1047/5/3 1045/5/3 1046/897/3
f 1045/5/3 1047/5/3 1048/898/3
f 1047/5/4 170/132/4 1048/899/4
f 170/132/4 1047/5/4 169/5/4
f 170/134/5 1045/5/5 1048/900/5
f 1045/5/5 170/134/5 164/5/5
f 166/2/6 1047/3/6 1046/11/6
f 1047/3/6 166/2/6 169/1/6
f 1051/3/1 1050/2/1 1049/1/1
f 1050/3/1 1051/2/1 1052/1/1
f 1053/3/2 1051/2/2 1049/1/2
f 1051/3/2 1053/2/2 1054/1/2
f 1055/5/3 1050/5/3 1052/901/3
f 1050/5/3 1055/5/3 1056/902/3
f 1055/5/4 1053/5/4 1056/903/4
f 1053/5/4 1055/5/4 1054/904/4
f 1053/5/5 1050/5/5 1056/905/5
f 1050/5/5 1053/5/5 1049/906/5
f 1051/2/6 1055/3/6 1052/11/6
f 1055/3/6 1051/2/6 1054/1/6
f 244/3/1 246/2/1 243/1/1
f 246/3/1 244/2/1 245/1/1
f 1057/3/2 244/2/2 243/1/2
f 244/3/2 1057/2/2 1058/1/2
f 1059/5/3 246/190/3 245/5/3
f 246/190/3 1059/5/3 1060/907/3
f 1059/5/4 1057/5/4 1060/908/4
f 1057/5/4 1059/5/4 1058/909/4
f 1057/5/5 246/193/5 1060/910/5
f 246/193/5 1057/5/5 243/5/5
f 244/2/6 1059/3/6 245/11/6
f 1059/3/6 244/2/6 1058/1/6
f 1047/3/1 1061/2/1 1048/1/1
f 1061/3/1 1047/2/1 1062/1/1
f 1063/3/2 1047/2/2 1048/1/2
f 1047/3/2 1063/2/2 1064/1/2
f 1065/5/3 1061/5/3 1062/911/3
f 1061/5/3 1065/5/3 1066/912/3
f 1065/5/4 1063/5/4 1066/913/4
f 1063/5/4 1065/5/4 1064/914/4
f 1063/5/5 1061/5/5 1066/915/5
f 1061/5/5 1063/5/5 1048/900/5
f 1047/2/6 1065/3/6 1062/11/6
f 1065/3/6 1047/2/6 1064/1/6
f 1055/3/1 1067/2/1 1056/1/1
f 1067/3/1 1055/2/1 1068/1/1
f 1069/3/2 1055/2/2 1056/1/2
f 1055/3/2 1069/2/2 1070/1/2
f 1071/5/3 1067/5/3 1068/916/3
f 1067/5/3 1071/5/3 1072/917/3
f 1071/5/4 1069/5/4 1072/918/4
f 1069/5/4 1071/5/4 1070/919/4
f 1069/5/5 1067/5/5 1072/920/5
f 1067/5/5 1069/5/5 1056/905/5
f 1055/2/6 1071/3/6 1068/11/6
f 1071/3/6 1055/2/6 1070/1/6
f 252/3/1 254/2/1 251/1/1
f 254/3/1 252/2/1 253/1/1
f 553/3/2 252/2/2 251/1/2
f 252/3/2 553/2/2 554/1/2
f 606/5/3 254/196/3 253/5/3
f 254/196/3 606/5/3 605/921/3
f 606/483/4 553/5/4 605/5/4
f 553/5/4 606/483/4 554/922/4
f 553/5/5 254/199/5 605/5/5
f 254/199/5 553/5/5 251/5/5
f 252/2/6 606/3/6 253/11/6
f 606/3/6 252/2/6 554/1/6
f 1074/3/1 617/2/1 1073/1/1
f 617/3/1 1074/2/1 619/1/1
f 556/3/2 1074/2/2 1073/1/2
f 1074/3/2 556/2/2 555/1/2
f 622/5/3 617/5/3 619/923/3
f 617/5/3 622/5/3 621/924/3
f 622/494/4 556/440/4 621/5/4
f 556/440/4 622/494/4 555/5/4
f 556/441/5 617/496/5 621/5/5
f 617/496/5 556/441/5 1073/925/5
f 1074/2/6 622/3/6 619/11/6
f 622/3/6 1074/2/6 555/1/6
f 558/3/1 625/2/1 557/1/1
f 625/3/1 558/2/1 627/1/1
f 1075/3/2 558/2/2 557/1/2
f 558/3/2 1075/2/2 1076/1/2
f 630/5/3 625/5/3 627/926/3
f 625/5/3 630/5/3 629/927/3
f 630/500/4 1075/5/4 629/5/4
f 1075/5/4 630/500/4 1076/928/4
f 1075/5/5 625/502/5 629/5/5
f 625/502/5 1075/5/5 557/5/5
f 558/2/6 630/3/6 627/11/6
f 630/3/6 558/2/6 1076/1/6
f 1078/3/1 633/2/1 1077/1/1
f 633/3/1 1078/2/1 635/1/1
f 1079/3/2 1078/2/2 1077/1/2
f 1078/3/2 1079/2/2 1080/1/2
f 638/5/3 633/5/3 635/929/3
f 633/5/3 638/5/3 637/930/3
f 638/506/4 1079/5/4 637/5/4
f 1079/5/4 638/506/4 1080/931/4
f 1079/5/5 633/508/5 637/5/5
f 633/508/5 1079/5/5 1077/932/5
f 1078/2/6 638/3/6 635/11/6
f 638/3/6 1078/2/6 1080/1/6
f 1082/3/1 641/2/1 1081/1/1
f 641/3/1 1082/2/1 643/1/1
f 1083/3/2 1082/2/2 1081/1/2
f 1082/3/2 1083/2/2 1084/1/2
f 646/5/3 641/5/3 643/933/3
f 641/5/3 646/5/3 645/934/3
f 646/512/4 1083/5/4 645/5/4
f 1083/5/4 646/512/4 1084/935/4
f 1083/5/5 641/514/5 645/5/5
f 641/514/5 1083/5/5 1081/936/5
f 1082/2/6 646/3/6 643/11/6
f 646/3/6 1082/2/6 1084/1/6
f 1086/3/1 649/2/1 1085/1/1
f 649/3/1 1086/2/1 651/1/1
f 1087/3/2 1086/2/2 1085/1/2
f 1086/3/2 1087/2/2 1088/1/2
f 654/5/3 649/5/3 651/937/3
f 649/5/3 654/5/3 653/938/3
f 654/518/4 1087/5/4 653/5/4
f 1087/5/4 654/518/4 1088/939/4
f 1087/5/5 649/520/5 653/5/5
f 649/520/5 1087/5/5 1085/940/5
f 1086/2/6 654/3/6 651/11/6
f 654/3/6 1086/2/6 1088/1/6
f 234/3/1 311/2/1 232/1/1
f 311/3/1 234/2/1 313/1/1
f 238/3/2 234/2/2 232/1/2
f 234/3/2 238/2/2 237/1/2
f 316/5/3 311/5/3 313/941/3
f 311/5/3 316/5/3 315/942/3
f 316/246/4 238/185/4 315/5/4
f 238/185/4 316/246/4 237/5/4
f 238/187/5 311/248/5 315/5/5
f 311/248/5 238/187/5 232/5/5
f 234/2/6 316/3/6 313/11/6
f 316/3/6 234/2/6 237/1/6
f 1071/3/1 1089/2/1 1072/1/1
f 1089/3/1 1071/2/1 1090/1/1
f 1091/3/2 1071/2/2 1072/1/2
f 1071/3/2 1091/2/2 1092/1/2
f 665/5/3 1089/5/3 1090/943/3
f 1089/5/3 665/5/3 663/944/3
f 665/5/4 1091/5/4 663/945/4
f 1091/5/4 665/5/4 1092/946/4
f 1091/5/5 1089/5/5 663/532/5
f 1089/5/5 1091/5/5 1072/920/5
f 1071/2/6 665/3/6 1090/11/6
f 665/3/6 1071/2/6 1092/1/6
f 838/3/1 1093/2/1 836/1/1
f 1093/3/1 838/2/1 1094/1/1
f 842/3/2 838/2/2 836/1/2
f 838/3/2 842/2/2 841/1/2
f 872/713/3 1093/5/3 1094/947/3
f 1093/5/3 872/713/3 871/5/3
f 872/5/4 842/677/4 871/948/4
f 842/677/4 872/5/4 841/5/4
f 842/679/5 1093/5/5 871/5/5
f 1093/5/5 842/679/5 836/5/5
f 838/2/6 872/3/6 1094/11/6
f 872/3/6 838/2/6 841/1/6
f 1096/3/1 351/2/1 1095/1/1
f 351/3/1 1096/2/1 353/1/1
f 1097/3/2 1096/2/2 1095/1/2
f 1096/3/2 1097/2/2 1098/1/2
f 356/5/3 351/5/3 353/949/3
f 351/5/3 356/5/3 355/950/3
f 356/276/4 1097/5/4 355/5/4
f 1097/5/4 356/276/4 1098/951/4
f 1097/5/5 351/278/5 355/5/5
f 351/278/5 1097/5/5 1095/952/5
f 1096/2/6 356/3/6 353/11/6
f 356/3/6 1096/2/6 1098/1/6
f 317/3/1 359/2/1 318/1/1
f 359/3/1 317/2/1 361/1/1
f 1099/3/2 317/2/2 318/1/2
f 317/3/2 1099/2/2 1100/1/2
f 364/5/3 359/5/3 361/953/3
f 359/5/3 364/5/3 363/954/3
f 364/282/4 1099/5/4 363/5/4
f 1099/5/4 364/282/4 1100/955/4
f 1099/5/5 359/284/5 363/5/5
f 359/284/5 1099/5/5 318/247/5
f 317/2/6 364/3/6 361/11/6
f 364/3/6 317/2/6 1100/1/6
f 1102/3/1 367/2/1 1101/1/1
f 367/3/1 1102/2/1 369/1/1
f 695/3/2 1102/2/2 1101/1/2
f 1102/3/2 695/2/2 697/1/2
f 698/551/3 367/5/3 369/956/3
f 367/5/3 698/551/3 696/5/3
f 698/5/4 695/5/4 696/957/4
f 695/5/4 698/5/4 697/958/4
f 695/554/5 367/290/5 696/5/5
f 367/290/5 695/554/5 1101/959/5
f 1102/2/6 698/3/6 369/11/6
f 698/3/6 1102/2/6 697/1/6
f 1105/3/1 1104/2/1 1103/1/1
f 1104/3/1 1105/2/1 1106/1/1
f 702/3/2 1105/2/2 1103/1/2
f 1105/3/2 702/2/2 704/1/2
f 1107/5/3 1104/5/3 1106/960/3
f 1104/5/3 1107/5/3 1108/961/3
f 1107/5/4 702/5/4 1108/962/4
f 702/5/4 1107/5/4 704/963/4
f 702/5/5 1104/5/5 1108/964/5
f 1104/5/5 702/5/5 1103/965/5
f 1105/2/6 1107/3/6 1106/11/6
f 1107/3/6 1105/2/6 704/1/6
f 1107/3/1 1109/2/1 1108/1/1
f 1109/3/1 1107/2/1 1110/1/1
f 1111/3/2 1107/2/2 1108/1/2
f 1107/3/2 1111/2/2 1112/1/2
f 1113/5/3 1109/5/3 1110/966/3
f 1109/5/3 1113/5/3 1114/967/3
f 1113/5/4 1111/5/4 1114/968/4
f 1111/5/4 1113/5/4 1112/969/4
f 1111/5/5 1109/5/5 1114/970/5
f 1109/5/5 1111/5/5 1108/964/5
f 1107/2/6 1113/3/6 1110/11/6
f 1113/3/6 1107/2/6 1112/1/6

usemtl color21

f 958/3/1 949/2/1 957/1/1
f 949/3/1 958/2/1 950/1/1
f 1017/3/2 958/2/2 957/1/2
f 958/3/2 1017/2/2 1019/1/2
f 1115/5/3 949/804/3 950/5/3
f 949/804/3 1115/5/3 1116/971/3
f 1115/5/4 1017/5/4 1116/972/4
f 1017/5/4 1115/5/4 1019/973/4
f 1017/876/5 949/5/5 1116/974/5
f 949/5/5 1017/876/5 957/5/5
f 958/2/6 1115/3/6 950/11/6
f 1115/3/6 958/2/6 1019/1/6

usemtl color17

f 974/3/1 1117/2/1 972/1/1
f 1117/3/1 974/2/1 1118/1/1
f 499/3/2 974/2/2 972/1/2
f 974/3/2 499/2/2 501/1/2
f 502/389/3 1117/5/3 1118/975/3
f 1117/5/3 502/389/3 500/5/3
f 502/5/4 499/832/4 500/976/4
f 499/832/4 502/5/4 501/5/4
f 499/394/5 1117/5/5 500/5/5
f 1117/5/5 499/394/5 972/5/5
f 974/2/6 502/3/6 1118/11/6
f 502/3/6 974/2/6 501/1/6
f 980/3/1 1119/2/1 978/1/1
f 1119/3/1 980/2/1 1120/1/1
f 561/3/2 980/2/2 978/1/2
f 980/3/2 561/2/2 563/1/2
f 564/446/3 1119/5/3 1120/977/3
f 1119/5/3 564/446/3 562/5/3
f 564/5/4 561/837/4 562/978/4
f 561/837/4 564/5/4 563/5/4
f 561/451/5 1119/5/5 562/5/5
f 1119/5/5 561/451/5 978/5/5
f 980/2/6 564/3/6 1120/11/6
f 564/3/6 980/2/6 563/1/6

usemtl color6

f 950/3/1 952/2/1 949/1/1
f 952/3/1 950/2/1 951/1/1
f 1116/3/2 950/2/2 949/1/2
f 950/3/2 1116/2/2 1115/1/2
f 1020/871/3 952/794/3 951/5/3
f 952/794/3 1020/871/3 1018/5/3
f 1020/5/4 1116/972/4 1018/979/4
f 1116/972/4 1020/5/4 1115/5/4
f 1116/974/5 952/797/5 1018/5/5
f 952/797/5 1116/974/5 949/5/5
f 950/2/6 1020/3/6 951/11/6
f 1020/3/6 950/2/6 1115/1/6
f 1123/3/1 1122/2/1 1121/1/1
f 1122/3/1 1123/2/1 1124/1/1
f 1125/3/2 1123/2/2 1121/1/2
f 1123/3/2 1125/2/2 1126/1/2
f 1127/5/3 1122/5/3 1124/980/3
f 1122/5/3 1127/5/3 1128/981/3
f 1127/5/4 1125/5/4 1128/982/4
f 1125/5/4 1127/5/4 1126/983/4
f 1125/5/5 1122/5/5 1128/984/5
f 1122/5/5 1125/5/5 1121/985/5
f 1123/2/6 1127/3/6 1124/11/6
f 1127/3/6 1123/2/6 1126/1/6
f 1059/3/1 1129/2/1 1060/1/1
f 1129/3/1 1059/2/1 1130/1/1
f 1122/3/2 1059/2/2 1060/1/2
f 1059/3/2 1122/2/2 1124/1/2
f 1131/5/3 1129/5/3 1130/986/3
f 1129/5/3 1131/5/3 1132/987/3
f 1131/5/4 1122/5/4 1132/988/4
f 1122/5/4 1131/5/4 1124/989/4
f 1122/5/5 1129/5/5 1132/990/5
f 1129/5/5 1122/5/5 1060/910/5
f 1059/2/6 1131/3/6 1130/11/6
f 1131/3/6 1059/2/6 1124/1/6
f 1135/3/1 1134/2/1 1133/1/1
f 1134/3/1 1135/2/1 1136/1/1
f 248/3/2 1135/2/2 1133/1/2
f 1135/3/2 248/2/2 250/1/2
f 1137/5/3 1134/5/3 1136/991/3
f 1134/5/3 1137/5/3 1138/992/3
f 1137/5/4 248/5/4 1138/993/4
f 248/5/4 1137/5/4 250/994/4
f 248/5/5 1134/5/5 1138/995/5
f 1134/5/5 248/5/5 1133/996/5
f 1135/2/6 1137/3/6 1136/11/6
f 1137/3/6 1135/2/6 250/1/6
f 843/3/1 1139/2/1 844/1/1
f 1139/3/1 843/2/1 1140/1/1
f 1129/3/2 843/2/2 844/1/2
f 843/3/2 1129/2/2 1130/1/2
f 1141/5/3 1139/5/3 1140/997/3
f 1139/5/3 1141/5/3 1142/998/3
f 1141/5/4 1129/5/4 1142/999/4
f 1129/5/4 1141/5/4 1130/1000/4
f 1129/5/5 1139/5/5 1142/1001/5
f 1139/5/5 1129/5/5 844/683/5
f 843/2/6 1141/3/6 1140/11/6
f 1141/3/6 843/2/6 1130/1/6
f 1145/3/1 1144/2/1 1143/1/1
f 1144/3/1 1145/2/1 1146/1/1
f 1134/3/2 1145/2/2 1143/1/2
f 1145/3/2 1134/2/2 1136/1/2
f 1147/5/3 1144/5/3 1146/1002/3
f 1144/5/3 1147/5/3 1148/1003/3
f 1147/5/4 1134/5/4 1148/1004/4
f 1134/5/4 1147/5/4 1136/1005/4
f 1134/5/5 1144/5/5 1148/1006/5
f 1144/5/5 1134/5/5 1143/1007/5
f 1145/2/6 1147/3/6 1146/11/6
f 1147/3/6 1145/2/6 1136/1/6
f 1150/3/1 993/2/1 1149/1/1
f 993/3/1 1150/2/1 994/1/1
f 1144/3/2 1150/2/2 1149/1/2
f 1150/3/2 1144/2/2 1146/1/2
f 1151/5/3 993/5/3 994/1008/3
f 993/5/3 1151/5/3 1152/1009/3
f 1151/5/4 1144/5/4 1152/1010/4
f 1144/5/4 1151/5/4 1146/1011/4
f 1144/5/5 993/5/5 1152/1012/5
f 993/5/5 1144/5/5 1149/1013/5
f 1150/2/6 1151/3/6 994/11/6
f 1151/3/6 1150/2/6 1146/1/6
f 879/3/1 713/2/1 880/1/1
f 713/3/1 879/2/1 714/1/1
f 1153/3/2 879/2/2 880/1/2
f 879/3/2 1153/2/2 1154/1/2
f 1155/5/3 713/5/3 714/1014/3
f 713/5/3 1155/5/3 1156/1015/3
f 1155/5/4 1153/5/4 1156/1016/4
f 1153/5/4 1155/5/4 1154/1017/4
f 1153/5/5 713/5/5 1156/1018/5
f 713/5/5 1153/5/5 880/727/5
f 879/2/6 1155/3/6 714/11/6
f 1155/3/6 879/2/6 1154/1/6
f 1159/3/1 1158/2/1 1157/1/1
f 1158/3/1 1159/2/1 1160/1/1
f 990/3/2 1159/2/2 1157/1/2
f 1159/3/2 990/2/2 992/1/2
f 1161/5/3 1158/5/3 1160/1019/3
f 1158/5/3 1161/5/3 1162/1020/3
f 1161/5/4 990/5/4 1162/1021/4
f 990/5/4 1161/5/4 992/1022/4
f 990/5/5 1158/5/5 1162/1023/5
f 1158/5/5 990/5/5 1157/1024/5
f 1159/2/6 1161/3/6 1160/11/6
f 1161/3/6 1159/2/6 992/1/6

usemtl color12

f 192/3/1 194/2/1 191/1/1
f 194/3/1 192/2/1 193/1/1
f 195/3/2 192/2/2 191/1/2
f 192/3/2 195/2/2 197/1/2
f 198/154/3 194/149/3 193/5/3
f 194/149/3 198/154/3 196/5/3
f 198/5/4 195/822/4 196/1025/4
f 195/822/4 198/5/4 197/5/4
f 195/159/5 194/152/5 196/5/5
f 194/152/5 195/159/5 191/5/5
f 192/2/6 198/3/6 193/11/6
f 198/3/6 192/2/6 197/1/6
f 200/3/1 202/2/1 199/1/1
f 202/3/1 200/2/1 201/1/1
f 203/3/2 200/2/2 199/1/2
f 200/3/2 203/2/2 205/1/2
f 206/160/3 202/155/3 201/5/3
f 202/155/3 206/160/3 204/5/3
f 206/5/4 203/823/4 204/1026/4
f 203/823/4 206/5/4 205/5/4
f 203/165/5 202/158/5 204/5/5
f 202/158/5 203/165/5 199/5/5
f 200/2/6 206/3/6 201/11/6
f 206/3/6 200/2/6 205/1/6
f 314/3/1 967/2/1 312/1/1
f 967/3/1 314/2/1 969/1/1
f 318/3/2 314/2/2 312/1/2
f 314/3/2 318/2/2 317/1/2
f 361/953/3 967/5/3 969/1027/3
f 967/5/3 361/953/3 359/5/3
f 361/826/4 318/245/4 359/5/4
f 318/245/4 361/826/4 317/5/4
f 318/247/5 967/827/5 359/284/5
f 967/827/5 318/247/5 312/5/5
f 314/2/6 361/3/6 969/11/6
f 361/3/6 314/2/6 317/1/6
f 1100/3/1 363/2/1 1099/1/1
f 363/3/1 1100/2/1 364/1/1
f 1101/3/2 1100/2/2 1099/1/2
f 1100/3/2 1101/2/2 1102/1/2
f 369/956/3 363/954/3 364/5/3
f 363/954/3 369/956/3 367/5/3
f 369/829/4 1101/5/4 367/5/4
f 1101/5/4 369/829/4 1102/1028/4
f 1101/959/5 363/5/5 367/290/5
f 363/5/5 1101/959/5 1099/5/5
f 1100/2/6 369/3/6 364/11/6
f 369/3/6 1100/2/6 1102/1/6

usemtl color16

f 1164/3/1 571/2/1 1163/1/1
f 571/3/1 1164/2/1 572/1/1
f 1165/3/2 1164/2/2 1163/1/2
f 1164/3/2 1165/2/2 1166/1/2
f 577/5/3 571/5/3 572/1029/3
f 571/5/3 577/5/3 575/1030/3
f 577/5/4 1165/5/4 575/1031/4
f 1165/5/4 577/5/4 1166/1032/4
f 1165/5/5 571/5/5 575/462/5
f 571/5/5 1165/5/5 1163/1033/5
f 1164/2/6 577/3/6 572/11/6
f 577/3/6 1164/2/6 1166/1/6
f 1168/3/1 579/2/1 1167/1/1
f 579/3/1 1168/2/1 580/1/1
f 1169/3/2 1168/2/2 1167/1/2
f 1168/3/2 1169/2/2 1170/1/2
f 585/5/3 579/5/3 580/1034/3
f 579/5/3 585/5/3 583/1035/3
f 585/5/4 1169/5/4 583/1036/4
f 1169/5/4 585/5/4 1170/1037/4
f 1169/5/5 579/5/5 583/468/5
f 579/5/5 1169/5/5 1167/1038/5
f 1168/2/6 585/3/6 580/11/6
f 585/3/6 1168/2/6 1170/1/6

usemtl color13

f 572/3/1 574/2/1 571/1/1
f 574/3/1 572/2/1 573/1/1
f 575/3/2 572/2/2 571/1/2
f 572/3/2 575/2/2 577/1/2
f 578/457/3 574/453/3 573/5/3
f 574/453/3 578/457/3 576/5/3
f 578/5/4 575/1031/4 576/1039/4
f 575/1031/4 578/5/4 577/5/4
f 575/462/5 574/456/5 576/5/5
f 574/456/5 575/462/5 571/5/5
f 572/2/6 578/3/6 573/11/6
f 578/3/6 572/2/6 577/1/6
f 580/3/1 582/2/1 579/1/1
f 582/3/1 580/2/1 581/1/1
f 583/3/2 580/2/2 579/1/2
f 580/3/2 583/2/2 585/1/2
f 586/463/3 582/458/3 581/5/3
f 582/458/3 586/463/3 584/5/3
f 586/5/4 583/1036/4 584/1040/4
f 583/1036/4 586/5/4 585/5/4
f 583/468/5 582/461/5 584/5/5
f 582/461/5 583/468/5 579/5/5
f 580/2/6 586/3/6 581/11/6
f 586/3/6 580/2/6 585/1/6

usemtl color15

f 1172/3/1 609/2/1 1171/1/1
f 609/3/1 1172/2/1 611/1/1
f 1173/3/2 1172/2/2 1171/1/2
f 1172/3/2 1173/2/2 1174/1/2
f 614/5/3 609/5/3 611/1041/3
f 609/5/3 614/5/3 613/1042/3
f 614/488/4 1173/5/4 613/5/4
f 1173/5/4 614/488/4 1174/1043/4
f 1173/5/5 609/490/5 613/5/5
f 609/490/5 1173/5/5 1171/1044/5
f 1172/2/6 614/3/6 611/11/6
f 614/3/6 1172/2/6 1174/1/6

usemtl color11

f 1065/3/1 1143/2/1 1066/1/1
f 1143/3/1 1065/2/1 1145/1/1
f 1133/3/2 1065/2/2 1066/1/2
f 1065/3/2 1133/2/2 1135/1/2
f 1136/991/3 1143/5/3 1145/1045/3
f 1143/5/3 1136/991/3 1134/5/3
f 1136/1005/4 1133/5/4 1134/5/4
f 1133/5/4 1136/1005/4 1135/1046/4
f 1133/996/5 1143/1007/5 1134/5/5
f 1143/1007/5 1133/996/5 1066/915/5
f 1065/2/6 1136/3/6 1145/11/6
f 1136/3/6 1065/2/6 1135/1/6
f 1176/3/1 1149/2/1 1175/1/1
f 1149/3/1 1176/2/1 1150/1/1
f 1143/3/2 1176/2/2 1175/1/2
f 1176/3/2 1143/2/2 1145/1/2
f 1146/1002/3 1149/5/3 1150/1047/3
f 1149/5/3 1146/1002/3 1144/5/3
f 1146/1011/4 1143/5/4 1144/5/4
f 1143/5/4 1146/1011/4 1145/1048/4
f 1143/1007/5 1149/1013/5 1144/5/5
f 1149/1013/5 1143/1007/5 1175/1049/5
f 1176/2/6 1146/3/6 1150/11/6
f 1146/3/6 1176/2/6 1145/1/6
f 1178/3/1 989/2/1 1177/1/1
f 989/3/1 1178/2/1 991/1/1
f 1149/3/2 1178/2/2 1177/1/2
f 1178/3/2 1149/2/2 1150/1/2
f 994/1008/3 989/5/3 991/1050/3
f 989/5/3 994/1008/3 993/5/3
f 994/850/4 1149/5/4 993/5/4
f 1149/5/4 994/850/4 1150/1051/4
f 1149/1013/5 989/852/5 993/5/5
f 989/852/5 1149/1013/5 1177/1052/5
f 1178/2/6 994/3/6 991/11/6
f 994/3/6 1178/2/6 1150/1/6
f 1180/3/1 1157/2/1 1179/1/1
f 1157/3/1 1180/2/1 1159/1/1
f 989/3/2 1180/2/2 1179/1/2
f 1180/3/2 989/2/2 991/1/2
f 992/847/3 1157/5/3 1159/1053/3
f 1157/5/3 992/847/3 990/5/3
f 992/1022/4 989/5/4 990/5/4
f 989/5/4 992/1022/4 991/1054/4
f 989/852/5 1157/1024/5 990/5/5
f 1157/1024/5 989/852/5 1179/1055/5
f 1180/2/6 992/3/6 1159/11/6
f 992/3/6 1180/2/6 991/1/6

usemtl color7

f 1136/3/1 1148/2/1 1134/1/1
f 1148/3/1 1136/2/1 1147/1/1
f 1138/3/2 1136/2/2 1134/1/2
f 1136/3/2 1138/2/2 1137/1/2
f 1181/5/3 1148/1003/3 1147/5/3
f 1148/1003/3 1181/5/3 1182/1056/3
f 1181/5/4 1138/993/4 1182/1057/4
f 1138/993/4 1181/5/4 1137/5/4
f 1138/995/5 1148/1006/5 1182/1058/5
f 1148/1006/5 1138/995/5 1134/5/5
f 1136/2/6 1181/3/6 1147/11/6
f 1181/3/6 1136/2/6 1137/1/6
f 1146/3/1 1152/2/1 1144/1/1
f 1152/3/1 1146/2/1 1151/1/1
f 1148/3/2 1146/2/2 1144/1/2
f 1146/3/2 1148/2/2 1147/1/2
f 1183/5/3 1152/1009/3 1151/5/3
f 1152/1009/3 1183/5/3 1184/1059/3
f 1183/5/4 1148/1004/4 1184/1060/4
f 1148/1004/4 1183/5/4 1147/5/4
f 1148/1006/5 1152/1012/5 1184/1061/5
f 1152/1012/5 1148/1006/5 1144/5/5
f 1146/2/6 1183/3/6 1151/11/6
f 1183/3/6 1146/2/6 1147/1/6
f 994/3/1 996/2/1 993/1/1
f 996/3/1 994/2/1 995/1/1
f 1152/3/2 994/2/2 993/1/2
f 994/3/2 1152/2/2 1151/1/2
f 1185/5/3 996/848/3 995/5/3
f 996/848/3 1185/5/3 1186/1062/3
f 1185/5/4 1152/1010/4 1186/1063/4
f 1152/1010/4 1185/5/4 1151/5/4
f 1152/1012/5 996/851/5 1186/1064/5
f 996/851/5 1152/1012/5 993/5/5
f 994/2/6 1185/3/6 995/11/6
f 1185/3/6 994/2/6 1151/1/6
f 992/3/1 1162/2/1 990/1/1
f 1162/3/1 992/2/1 1161/1/1
f 996/3/2 992/2/2 990/1/2
f 992/3/2 996/2/2 995/1/2
f 1187/5/3 1162/1020/3 1161/5/3
f 1162/1020/3 1187/5/3 1188/1065/3
f 1187/5/4 996/849/4 1188/1066/4
f 996/849/4 1187/5/4 995/5/4
f 996/851/5 1162/1023/5 1188/1067/5
f 1162/1023/5 996/851/5 990/5/5
f 992/2/6 1187/3/6 1161/11/6
f 1187/3/6 992/2/6 995/1/6

usemtl color3

f 1191/3/1 1190/2/1 1189/1/1
f 1190/3/1 1191/2/1 1192/1/1
f 1193/3/2 1191/2/2 1189/1/2
f 1191/3/2 1193/2/2 1194/1/2
f 1195/5/3 1190/5/3 1192/1068/3
f 1190/5/3 1195/5/3 1196/1069/3
f 1195/5/4 1193/5/4 1196/1070/4
f 1193/5/4 1195/5/4 1194/1071/4
f 1193/5/5 1190/5/5 1196/1072/5
f 1190/5/5 1193/5/5 1189/1073/5
f 1191/2/6 1195/3/6 1192/11/6
f 1195/3/6 1191/2/6 1194/1/6
f 1199/3/1 1198/2/1 1197/1/1
f 1198/3/1 1199/2/1 1200/1/1
f 1190/3/2 1199/2/2 1197/1/2
f 1199/3/2 1190/2/2 1192/1/2
f 1201/5/3 1198/5/3 1200/1074/3
f 1198/5/3 1201/5/3 1202/1075/3
f 1201/5/4 1190/5/4 1202/1076/4
f 1190/5/4 1201/5/4 1192/1077/4
f 1190/5/5 1198/5/5 1202/1078/5
f 1198/5/5 1190/5/5 1197/1079/5
f 1199/2/6 1201/3/6 1200/11/6
f 1201/3/6 1199/2/6 1192/1/6
f 1205/3/1 1204/2/1 1203/1/1
f 1204/3/1 1205/2/1 1206/1/1
f 1198/3/2 1205/2/2 1203/1/2
f 1205/3/2 1198/2/2 1200/1/2
f 1207/5/3 1204/5/3 1206/1080/3
f 1204/5/3 1207/5/3 1208/1081/3
f 1207/5/4 1198/5/4 1208/1082/4
f 1198/5/4 1207/5/4 1200/1083/4
f 1198/5/5 1204/5/5 1208/1084/5
f 1204/5/5 1198/5/5 1203/1085/5
f 1205/2/6 1207/3/6 1206/11/6
f 1207/3/6 1205/2/6 1200/1/6
f 1211/3/1 1210/2/1 1209/1/1
f 1210/3/1 1211/2/1 1212/1/1
f 1213/3/2 1211/2/2 1209/1/2
f 1211/3/2 1213/2/2 1214/1/2
f 1215/5/3 1210/5/3 1212/1086/3
f 1210/5/3 1215/5/3 1216/1087/3
f 1215/5/4 1213/5/4 1216/1088/4
f 1213/5/4 1215/5/4 1214/1089/4
f 1213/5/5 1210/5/5 1216/1090/5
f 1210/5/5 1213/5/5 1209/1091/5
f 1211/2/6 1215/3/6 1212/11/6
f 1215/3/6 1211/2/6 1214/1/6

