# Created by Kenney (www.kenney.nl)

mtllib Launcher YFR Swoquix.mtl

v 10 8 -0.9
v 10 7 -0.9
v 10 8 0.9
v 10 7 0.9
v 9 8 -0.9
v 9 8 0.9
v 9 7 0.9
v 9 7 -0.9
v 11 7 -0.9
v 11 6 -0.9
v 11 7 0.9
v 11 6 0.9
v 10 6 0.9
v 10 6 -0.9
v -4 7 -0.45
v -4 6 -0.45
v -4 7 0.45
v -4 6 0.45
v -5 7 -0.45
v -5 7 0.45
v -5 6 0.45
v -5 6 -0.45
v 29 3 -2.7
v 29 2 -2.7
v 29 3 2.7
v 29 2 2.7
v 28 3 -2.7
v 28 3 2.7
v 28 2 2.7
v 28 2 -2.7
v 27 3 -2.7
v 27 2 -2.7
v 27 3 2.7
v 27 2 2.7
v 26 3 -2.7
v 26 3 2.7
v 26 2 2.7
v 26 2 -2.7
v 13 1 -2.7
v 13 0 -2.7
v 13 1 2.7
v 13 0 2.7
v 12 1 -2.7
v 12 1 2.7
v 12 0 2.7
v 12 0 -2.7
v 9 8 -1.35
v 9 7 -1.35
v 9 8 1.35
v 9 7 1.35
v 8 8 -1.35
v 8 8 1.35
v 8 7 1.35
v 8 7 -1.35
v -7 6 -0.45
v -7 5 -0.45
v -7 6 0.45
v -7 5 0.45
v -9 6 -0.45
v -9 6 0.45
v -9 5 0.45
v -9 5 -0.45
v 29 4 -2.25
v 29 3 -2.25
v 29 4 2.25
v 29 3 2.25
v 28 4 -2.25
v 28 4 2.25
v 28 3 2.25
v 28 3 -2.25
v 27 4 -2.25
v 27 3 -2.25
v 27 4 2.25
v 27 3 2.25
v 26 4 -2.25
v 26 4 2.25
v 26 3 2.25
v 26 3 -2.25
v 26 2 -2.25
v 26 2 2.25
v 25 3 -2.25
v 25 3 2.25
v 25 2 2.25
v 25 2 -2.25
v 15 3 -2.25
v 15 2 -2.25
v 15 3 2.25
v 15 2 2.25
v 13 3 -2.25
v 13 3 2.25
v 13 2 2.25
v 13 2 -2.25
v 14 0 -1.35
v 14 -1 -1.35
v 14 0 1.35
v 14 -1 1.35
v 12 0 -1.35
v 12 0 1.35
v 12 -1 1.35
v 12 -1 -1.35
v 8 8 -1.8
v 8 6 -1.8
v 8 8 1.8
v 8 6 1.8
v 7 8 -1.8
v 7 8 1.8
v 7 6 1.8
v 7 6 -1.8
v 24 3 -2.25
v 24 3 2.25
v 24 2 2.25
v 24 2 -2.25
v 22 3 -2.7
v 22 2 -2.7
v 22 3 2.7
v 22 2 2.7
v 19 3 -2.7
v 19 3 2.7
v 19 2 2.7
v 19 2 -2.7
v 18 3 -2.25
v 18 2 -2.25
v 18 3 2.25
v 18 2 2.25
v 17 3 -2.25
v 17 3 2.25
v 17 2 2.25
v 17 2 -2.25
v -7 3 -2.7
v -7 2 -2.7
v -7 3 2.7
v -7 2 2.7
v -9 3 -2.7
v -9 3 2.7
v -9 2 2.7
v -9 2 -2.7
v -10 3 -2.25
v -10 2 -2.25
v -10 3 2.25
v -10 2 2.25
v -11 3 -2.25
v -11 3 2.25
v -11 2 2.25
v -11 2 -2.25
v -12 3 -2.25
v -12 2 -2.25
v -12 3 2.25
v -12 2 2.25
v -15 3 -2.25
v -15 3 2.25
v -15 2 2.25
v -15 2 -2.25
v -19 3 -2.7
v -19 2 -2.7
v -19 3 2.7
v -19 2 2.7
v -24 3 -2.7
v -24 3 2.7
v -24 2 2.7
v -24 2 -2.7
v -25 3 -2.7
v -25 2 -2.7
v -25 3 2.7
v -25 2 2.7
v -27 3 -2.7
v -27 3 2.7
v -27 2 2.7
v -27 2 -2.7
v 6 8 -1.8
v 6 8 1.8
v 6 6 1.8
v 6 6 -1.8
v -5 5 -1.35
v -5 4 -1.35
v -5 5 1.35
v -5 4 1.35
v -9 5 -1.35
v -9 5 1.35
v -9 4 1.35
v -9 4 -1.35
v 25 4 -1.35
v 25 3 -1.35
v 25 4 1.35
v 25 3 1.35
v 24 4 -1.35
v 24 4 1.35
v 24 3 1.35
v 24 3 -1.35
v 23 4 -2.25
v 23 3 -2.25
v 23 4 2.25
v 23 3 2.25
v 19 4 -2.25
v 19 4 2.25
v 19 3 2.25
v 19 3 -2.25
v 18 4 -1.35
v 18 3 -1.35
v 18 4 1.35
v 18 3 1.35
v 17 4 -1.35
v 17 4 1.35
v 17 3 1.35
v 17 3 -1.35
v -12 4 -1.35
v -12 3 -1.35
v -12 4 1.35
v -12 3 1.35
v -15 4 -1.35
v -15 4 1.35
v -15 3 1.35
v -15 3 -1.35
v -19 4 -2.25
v -19 3 -2.25
v -19 4 2.25
v -19 3 2.25
v -24 4 -2.25
v -24 4 2.25
v -24 3 2.25
v -24 3 -2.25
v -25 4 -2.25
v -25 3 -2.25
v -25 4 2.25
v -25 3 2.25
v -27 4 -2.25
v -27 4 2.25
v -27 3 2.25
v -27 3 -2.25
v 23 3 -2.7
v 23 2 -2.7
v 23 3 2.7
v 23 2 2.7
v -5 3 -2.7
v -5 2 -2.7
v -5 3 2.7
v -5 2 2.7
v -16 3 -2.7
v -16 2 -2.7
v -16 3 2.7
v -16 2 2.7
v -17 3 -2.7
v -17 3 2.7
v -17 2 2.7
v -17 2 -2.7
v -18 3 -2.7
v -18 2 -2.7
v -18 3 2.7
v -18 2 2.7
v 9 2 -3.15
v 9 1 -3.15
v 9 2 3.15
v 9 1 3.15
v 8 2 -3.15
v 8 2 3.15
v 8 1 3.15
v 8 1 -3.15
v 10 7 -1.35
v 10 6 -1.35
v 10 7 1.35
v 10 6 1.35
v 8 6 1.35
v 8 6 -1.35
v 12 6 -1.8
v 12 5 -1.8
v 12 6 1.8
v 12 5 1.8
v 11 6 -1.8
v 11 6 1.8
v 11 5 1.8
v 11 5 -1.8
v 11 6 -2.25
v 11 5 -2.25
v 11 6 2.25
v 11 5 2.25
v 10 6 -2.25
v 10 6 2.25
v 10 5 2.25
v 10 5 -2.25
v 9 6 -2.25
v 9 5 -2.25
v 9 6 2.25
v 9 5 2.25
v 8 6 -2.25
v 8 6 2.25
v 8 5 2.25
v 8 5 -2.25
v 5 6 -2.25
v 5 5 -2.25
v 5 6 2.25
v 5 5 2.25
v 4 6 -2.25
v 4 6 2.25
v 4 5 2.25
v 4 5 -2.25
v 3 6 -2.25
v 3 5 -2.25
v 3 6 2.25
v 3 5 2.25
v 2 6 -2.25
v 2 6 2.25
v 2 5 2.25
v 2 5 -2.25
v -1 6 -2.25
v -1 5 -2.25
v -1 6 2.25
v -1 5 2.25
v -2 6 -2.25
v -2 6 2.25
v -2 5 2.25
v -2 5 -2.25
v -3 6 -2.25
v -3 5 -2.25
v -3 6 2.25
v -3 5 2.25
v -4 6 -2.25
v -4 6 2.25
v -4 5 2.25
v -4 5 -2.25
v 4 5 -2.7
v 4 4 -2.7
v 4 5 2.7
v 4 4 2.7
v 2 5 -2.7
v 2 5 2.7
v 2 4 2.7
v 2 4 -2.7
v 1 5 -2.7
v 1 4 -2.7
v 1 5 2.7
v 1 4 2.7
v 0 5 -2.7
v 0 5 2.7
v 0 4 2.7
v 0 4 -2.7
v -1 5 -2.7
v -1 3 -2.7
v -1 5 2.7
v -1 3 2.7
v -2 5 -2.7
v -2 5 2.7
v -2 3 2.7
v -2 3 -2.7
v -3 5 -2.7
v -3 4 -2.7
v -3 5 2.7
v -3 4 2.7
v -4 5 -2.7
v -4 5 2.7
v -4 4 2.7
v -4 4 -2.7
v 0 2 -2.7
v 0 2 2.7
v -1 4 -2.7
v -1 4 2.7
v -1 2 2.7
v -1 2 -2.7
v -2 4 -2.7
v -2 4 2.7
v -3 3 2.7
v -3 3 -2.7
v 29 0 -2.7
v 29 0 2.7
v 28 0 2.7
v 28 0 -2.7
v 27 0 -2.7
v 27 0 2.7
v 26 0 2.7
v 26 0 -2.7
v 11 2 -3.15
v 11 1 -3.15
v 11 2 3.15
v 11 1 3.15
v 10 2 -3.15
v 10 2 3.15
v 10 1 3.15
v 10 1 -3.15
v 3 2 -3.15
v 3 0 -3.15
v 3 2 3.15
v 3 0 3.15
v 2 2 -3.15
v 2 2 3.15
v 2 0 3.15
v 2 0 -3.15
v 2 1 -3.15
v 2 1 3.15
v 1 2 -3.15
v 1 2 3.15
v 1 1 3.15
v 1 1 -3.15
v 26 1 -2.25
v 26 0 -2.25
v 26 1 2.25
v 26 0 2.25
v 25 1 -2.25
v 25 1 2.25
v 25 0 2.25
v 25 0 -2.25
v 15 1 -2.25
v 15 0 -2.25
v 15 1 2.25
v 15 0 2.25
v 13 1 -2.25
v 13 1 2.25
v 13 0 2.25
v 13 0 -2.25
v 10 0 -3.15
v 10 0 3.15
v 9 0 3.15
v 9 0 -3.15
v -3 1 -2.7
v -3 0 -2.7
v -3 1 2.7
v -3 0 2.7
v -4 1 -2.7
v -4 1 2.7
v -4 0 2.7
v -4 0 -2.7
v 11 -1 -1.35
v 11 -2 -1.35
v 11 -1 1.35
v 11 -2 1.35
v 7 -1 -1.35
v 7 -1 1.35
v 7 -2 1.35
v 7 -2 -1.35
v 3 -3 -0.9
v 3 -4 -0.9
v 3 -3 0.9
v 3 -4 0.9
v 2 -3 -0.9
v 2 -3 0.9
v 2 -4 0.9
v 2 -4 -0.9
v 4 -4 -0.9
v 4 -5 -0.9
v 4 -4 0.9
v 4 -5 0.9
v 3 -5 0.9
v 3 -5 -0.9
v 5 -5 -0.45
v 5 -6 -0.45
v 5 -5 0.45
v 5 -6 0.45
v 4 -5 -0.45
v 4 -5 0.45
v 4 -6 0.45
v 4 -6 -0.45
v -4 -6 -0.9
v -4 -7 -0.9
v -4 -6 0.9
v -4 -7 0.9
v -5 -6 -0.9
v -5 -6 0.9
v -5 -7 0.9
v -5 -7 -0.9
v 4 7 -1.8
v 4 6 -1.8
v 4 7 1.8
v 4 6 1.8
v 3 7 -1.8
v 3 7 1.8
v 3 6 1.8
v 3 6 -1.8
v 1 7 -1.8
v 1 6 -1.8
v 1 7 1.8
v 1 6 1.8
v 0 7 -1.8
v 0 7 1.8
v 0 6 1.8
v 0 6 -1.8
v 7 6 -2.25
v 7 6 2.25
v 7 5 2.25
v 7 5 -2.25
v -3 7 -0.45
v -3 6 -0.45
v -3 7 0.45
v -3 6 0.45
v -5 5 -0.45
v -5 5 0.45
v 15 4 -1.35
v 15 3 -1.35
v 15 4 1.35
v 15 3 1.35
v 13 4 -1.35
v 13 4 1.35
v 13 3 1.35
v 13 3 -1.35
v -1 2 -3.15
v -1 -1 -3.15
v -1 2 3.15
v -1 -1 3.15
v -2 2 -3.15
v -2 2 3.15
v -2 -1 3.15
v -2 -1 -3.15
v -2 1 -3.15
v -2 1 3.15
v -4 2 -3.15
v -4 2 3.15
v -4 1 3.15
v -4 1 -3.15
v 13 6 -1.35
v 13 5 -1.35
v 13 6 1.35
v 13 5 1.35
v 12 6 -1.35
v 12 6 1.35
v 12 5 1.35
v 12 5 -1.35
v 6 6 -2.25
v 6 5 -2.25
v 6 6 2.25
v 6 5 2.25
v 28 5 -1.35
v 28 4 -1.35
v 28 5 1.35
v 28 4 1.35
v 27 5 -1.35
v 27 5 1.35
v 27 4 1.35
v 27 4 -1.35
v 12 5 -2.7
v 12 2 -2.7
v 12 5 2.7
v 12 2 2.7
v 11 5 -2.7
v 11 5 2.7
v 11 2 2.7
v 11 2 -2.7
v 3 4 -2.7
v 3 3 -2.7
v 3 4 2.7
v 3 3 2.7
v 0 3 2.7
v 0 3 -2.7
v -3 2 -2.7
v -3 2 2.7
v -4 2 2.7
v -4 2 -2.7
v -4 3 -2.7
v -4 3 2.7
v -5 4 -2.7
v -5 4 2.7
v -17 4 -2.25
v -17 3 -2.25
v -17 4 2.25
v -17 3 2.25
v -18 4 -2.25
v -18 4 2.25
v -18 3 2.25
v -18 3 -2.25
v 16 3 -2.25
v 16 2 -2.25
v 16 3 2.25
v 16 2 2.25
v 0 0 -2.7
v 0 0 2.7
v -1 0 2.7
v -1 0 -2.7
v 11 1 -2.7
v 11 0 -2.7
v 11 1 2.7
v 11 0 2.7
v 10 1 -2.7
v 10 1 2.7
v 10 0 2.7
v 10 0 -2.7
v 2 1 -2.7
v 2 0 -2.7
v 2 1 2.7
v 2 0 2.7
v 1 1 -2.7
v 1 1 2.7
v 1 0 2.7
v 1 0 -2.7
v -2 1 -2.7
v -2 0 -2.7
v -2 1 2.7
v -2 0 2.7
v 15 0 -1.35
v 15 -1 -1.35
v 15 0 1.35
v 15 -1 1.35
v 4 -2 -0.45
v 4 -3 -0.45
v 4 -2 0.45
v 4 -3 0.45
v 3 -2 -0.45
v 3 -2 0.45
v 3 -3 0.45
v 3 -3 -0.45
v -4 -2 -0.9
v -4 -3 -0.9
v -4 -2 0.9
v -4 -3 0.9
v -5 -2 -0.9
v -5 -2 0.9
v -5 -3 0.9
v -5 -3 -0.9
v 5 -3 -0.45
v 5 -3 0.45
v -4 -4 -0.9
v -4 -4 0.9
v -5 -4 -0.9
v -5 -4 0.9
v 10 4 -3.15
v 10 4 3.15
v 9 4 -3.15
v 9 4 3.15
v 9 3 -3.15
v 9 3 3.15
v 5 4 -3.15
v 5 4 3.15
v 5 3 3.15
v 5 3 -3.15
v 6 3 -3.15
v 6 2 -3.15
v 6 3 3.15
v 6 2 3.15
v 5 2 3.15
v 5 2 -3.15
v -16 1 -2.7
v -16 1 2.7
v -17 1 2.7
v -17 1 -2.7
v 24 1 -2.25
v 24 1 2.25
v 24 0 2.25
v 24 0 -2.25
v 18 1 -2.25
v 18 0 -2.25
v 18 1 2.25
v 18 0 2.25
v 17 1 -2.25
v 17 1 2.25
v 17 0 2.25
v 17 0 -2.25
v -12 1 -2.25
v -12 0 -2.25
v -12 1 2.25
v -12 0 2.25
v -15 1 -2.25
v -15 1 2.25
v -15 0 2.25
v -15 0 -2.25
v 2 6 -1.8
v 2 5 -1.8
v 2 6 1.8
v 2 5 1.8
v 1 5 1.8
v 1 5 -1.8
v 0 5 -1.8
v 0 5 1.8
v -1 6 -1.8
v -1 6 1.8
v -1 5 1.8
v -1 5 -1.8
v -2 6 -1.8
v -2 5 -1.8
v -2 6 1.8
v -2 5 1.8
v -3 6 -1.8
v -3 6 1.8
v -3 5 1.8
v -3 5 -1.8
v 10 5 -3.15
v 10 5 3.15
v 9 5 -3.15
v 9 5 3.15
v 8 5 -3.15
v 8 4 -3.15
v 8 5 3.15
v 8 4 3.15
v 7 5 -3.15
v 7 5 3.15
v 7 4 3.15
v 7 4 -3.15
v 6 5 -3.15
v 6 4 -3.15
v 6 5 3.15
v 6 4 3.15
v 5 5 -3.15
v 5 5 3.15
v 4 4 -3.15
v 4 4 3.15
v 4 3 3.15
v 4 3 -3.15
v 4 3 -2.25
v 4 2 -2.25
v 4 3 2.25
v 4 2 2.25
v 3 3 -2.25
v 3 3 2.25
v 3 2 2.25
v 3 2 -2.25
v 12 0 -2.25
v 12 -1 -2.25
v 12 0 2.25
v 12 -1 2.25
v 0 0 -2.25
v 0 0 2.25
v 0 -1 2.25
v 0 -1 -2.25
v 0 -1 -2.7
v 0 -1 2.7
v -1 -1 2.7
v -1 -1 -2.7
v -3 -1 -2.7
v -3 -1 2.7
v -4 -1 2.7
v -4 -1 -2.7
v -5 -1 -1.8
v -5 -2 -1.8
v -5 -1 1.8
v -5 -2 1.8
v -6 -1 -1.8
v -6 -1 1.8
v -6 -2 1.8
v -6 -2 -1.8
v -6 -1 -1.35
v -6 -2 -1.35
v -6 -1 1.35
v -6 -2 1.35
v -7 -1 -1.35
v -7 -1 1.35
v -7 -2 1.35
v -7 -2 -1.35
v -5 -3 -0.45
v -5 -4 -0.45
v -5 -3 0.45
v -5 -4 0.45
v -6 -3 -0.45
v -6 -3 0.45
v -6 -4 0.45
v -6 -4 -0.45
v 1 6 -2.25
v 1 5 -2.25
v 1 6 2.25
v 1 5 2.25
v 0 6 -2.25
v 0 6 2.25
v 0 5 2.25
v 0 5 -2.25
v 5 1 3.15
v 5 1 -3.15
v -16 2 -2.25
v -16 2 2.25
v -16 1 2.25
v -16 1 -2.25
v -10 1 -2.25
v -10 0 -2.25
v -10 1 2.25
v -10 0 2.25
v -11 1 -2.25
v -11 1 2.25
v -11 0 2.25
v -11 0 -2.25
v -16 0 -2.7
v -16 0 2.7
v -17 0 2.7
v -17 0 -2.7
v -4 6 -1.35
v -4 5 -1.35
v -4 6 1.35
v -4 5 1.35
v -5 6 -1.35
v -5 6 1.35
v 29 5 -1.35
v 29 4 -1.35
v 29 5 1.35
v 29 4 1.35
v 26 5 -1.35
v 26 5 1.35
v 26 4 1.35
v 26 4 -1.35
v 26 3 -1.35
v 26 3 1.35
v 12 2 -2.25
v 12 2 2.25
v 12 1 2.25
v 12 1 -2.25
v 15 -1 -0.9
v 15 -2 -0.9
v 15 -1 0.9
v 15 -2 0.9
v 14 -1 -0.9
v 14 -1 0.9
v 14 -2 0.9
v 14 -2 -0.9
v 14 -2 -1.35
v 14 -2 1.35
v 9 -2 -1.35
v 9 -3 -1.35
v 9 -2 1.35
v 9 -3 1.35
v 8 -2 -1.35
v 8 -2 1.35
v 8 -3 1.35
v 8 -3 -1.35
v 1 -3 -0.9
v 1 -3 0.9
v 1 -4 0.9
v 1 -4 -0.9
v 2 -5 0.9
v 2 -5 -0.9
v 4 -6 -0.9
v 4 -6 0.9
v 3 -6 0.9
v 3 -6 -0.9
v 23 5 -1.35
v 23 4 -1.35
v 23 5 1.35
v 23 4 1.35
v 19 5 -1.35
v 19 5 1.35
v 19 4 1.35
v 19 4 -1.35
v -18 5 -1.35
v -18 4 -1.35
v -18 5 1.35
v -18 4 1.35
v -24 5 -1.35
v -24 5 1.35
v -24 4 1.35
v -24 4 -1.35
v -25 5 -1.35
v -25 4 -1.35
v -25 5 1.35
v -25 4 1.35
v -27 5 -1.35
v -27 5 1.35
v -27 4 1.35
v -27 4 -1.35
v 19 3 -1.35
v 19 3 1.35
v -5 4 -2.25
v -5 3 -2.25
v -5 4 2.25
v -5 3 2.25
v -9 4 -2.25
v -9 4 2.25
v -9 3 2.25
v -9 3 -2.25
v -27 4 -1.8
v -27 3 -1.8
v -27 4 1.8
v -27 3 1.8
v -28 4 -1.8
v -28 4 1.8
v -28 3 1.8
v -28 3 -1.8
v 19 2 -2.25
v 19 2 2.25
v -9 2 -2.25
v -9 2 2.25
v 23 1 -2.7
v 23 1 2.7
v 19 1 2.7
v 19 1 -2.7
v -5 1 -2.7
v -5 1 2.7
v -9 1 2.7
v -9 1 -2.7
v -18 1 -2.7
v -18 1 2.7
v -24 1 2.7
v -24 1 -2.7
v -25 1 -2.7
v -25 1 2.7
v -26 2 -2.7
v -26 2 2.7
v -26 1 2.7
v -26 1 -2.7
v 20 1 -2.7
v 20 0 -2.7
v 20 1 2.7
v 20 0 2.7
v 19 0 2.7
v 19 0 -2.7
v -8 1 -2.7
v -8 0 -2.7
v -8 1 2.7
v -8 0 2.7
v -9 0 2.7
v -9 0 -2.7
v 13 5 -2.25
v 13 5 2.25
v 12 5 -2.25
v 12 5 2.25
v 2 4 -2.25
v 2 4 2.25
v 1 4 2.25
v 1 4 -2.25
v 0 4 -2.25
v 0 4 2.25
v -1 4 2.25
v -1 4 -2.25
v -2 4 -2.25
v -2 4 2.25
v -3 4 2.25
v -3 4 -2.25
v 4 4 -2.25
v 4 4 2.25
v 3 4 -2.25
v 3 4 2.25
v -11 4 -1.35
v -11 3 -1.35
v -11 4 1.35
v -11 3 1.35
v 0 3 -2.25
v 0 3 2.25
v 0 2 2.25
v 0 2 -2.25
v 16 1 -2.25
v 16 1 2.25
v 11 2 -2.25
v 11 2 2.25
v 11 0 2.25
v 11 0 -2.25
v 4 0 -2.25
v 4 0 2.25
v 3 0 2.25
v 3 0 -2.25
v 1 2 -2.25
v 1 0 -2.25
v 1 2 2.25
v 1 0 2.25
v 28 1 -2.7
v 28 1 2.7
v 27 1 -2.7
v 27 1 2.7
v 29 0 -2.25
v 29 -1 -2.25
v 29 0 2.25
v 29 -1 2.25
v 28 0 -2.25
v 28 0 2.25
v 28 -1 2.25
v 28 -1 -2.25
v 27 0 -2.25
v 27 -1 -2.25
v 27 0 2.25
v 27 -1 2.25
v 26 -1 2.25
v 26 -1 -2.25
v 26 0 -1.35
v 26 -1 -1.35
v 26 0 1.35
v 26 -1 1.35
v 25 0 -1.35
v 25 0 1.35
v 25 -1 1.35
v 25 -1 -1.35
v -2 -1 -2.7
v -2 -1 2.7
v 29 -1 -1.35
v 29 -2 -1.35
v 29 -1 1.35
v 29 -2 1.35
v 28 -1 -1.35
v 28 -1 1.35
v 28 -2 1.35
v 28 -2 -1.35
v 27 -1 -1.35
v 27 -2 -1.35
v 27 -1 1.35
v 27 -2 1.35
v 26 -2 1.35
v 26 -2 -1.35
v 3 -1 -0.45
v 3 -1 0.45
v 2 -1 -0.45
v 2 -1 0.45
v 2 -2 0.45
v 2 -2 -0.45
v -1 -1 -0.45
v -1 -3 -0.45
v -1 -1 0.45
v -1 -3 0.45
v -2 -1 -0.45
v -2 -1 0.45
v -2 -3 0.45
v -2 -3 -0.45
v -3 -1 -1.35
v -3 -2 -1.35
v -3 -1 1.35
v -3 -2 1.35
v -5 -1 -1.35
v -5 -1 1.35
v -5 -2 1.35
v -5 -2 -1.35
v 3 -2 -0.9
v 3 -2 0.9
v 1 -2 -0.9
v 1 -2 0.9
v 1 -2 -0.45
v 1 -3 -0.45
v 1 -2 0.45
v 1 -3 0.45
v -1 -2 -0.45
v -1 -2 0.45
v 4 -3 -0.9
v 4 -3 0.9
v -5 -5 -0.45
v -5 -6 -0.45
v -5 -5 0.45
v -5 -6 0.45
v -6 -5 -0.45
v -6 -5 0.45
v -6 -6 0.45
v -6 -6 -0.45
v 11 5 -3.15
v 11 4 -3.15
v 11 5 3.15
v 11 4 3.15
v 4 5 -3.15
v 4 5 3.15
v 16 4 -1.35
v 16 4 1.35
v 16 3 1.35
v 16 3 -1.35
v 11 3 -3.15
v 11 3 3.15
v 10 3 -3.15
v 10 3 3.15
v 8 3 -3.6
v 8 2 -3.6
v 8 3 3.6
v 8 2 3.6
v 7 3 -3.6
v 7 3 3.6
v 7 2 3.6
v 7 2 -3.6
v 4 2 3.15
v 4 2 -3.15
v 16 0 2.25
v 16 0 -2.25
v 8 0 3.15
v 8 0 -3.15
v 7 1 -3.15
v 7 0 -3.15
v 7 1 3.15
v 7 0 3.15
v 6 1 -3.15
v 6 1 3.15
v 6 0 3.15
v 6 0 -3.15
v 5 0 -3.15
v 5 0 3.15
v 4 1 -3.15
v 4 1 3.15
v 4 0 3.15
v 4 0 -3.15
v -5 0 2.7
v -5 0 -2.7
v -18 0 2.7
v -18 0 -2.7
v -17 -1 -1.35
v -17 -2 -1.35
v -17 -1 1.35
v -17 -2 1.35
v -18 -1 -1.35
v -18 -1 1.35
v -18 -2 1.35
v -18 -2 -1.35
v -4 5 -1.8
v -4 4 -1.8
v -4 5 1.8
v -4 4 1.8
v -5 5 -1.8
v -5 5 1.8
v -5 4 1.8
v -5 4 -1.8
v -17 5 -1.35
v -17 4 -1.35
v -17 5 1.35
v -17 4 1.35
v 6 3 -3.6
v 6 3 3.6
v 6 2 3.6
v 6 2 -3.6
v -9 4 -0.45
v -9 4 0.45
v -10 5 -0.45
v -10 5 0.45
v -10 4 0.45
v -10 4 -0.45
v -16 5 -1.35
v -16 4 -1.35
v -16 5 1.35
v -16 4 1.35
v -9 3 -1.35
v -9 3 1.35
v -10 4 -1.35
v -10 4 1.35
v -10 3 1.35
v -10 3 -1.35
v -16 3 1.35
v -16 3 -1.35
v 23 1 2.25
v 23 1 -2.25
v 19 0 -2.25
v 19 0 2.25
v -9 1 -2.25
v -9 1 2.25
v -26 0 -2.7
v -26 0 2.7
v -27 0 2.7
v -27 0 -2.7
v 23 0 -2.7
v 23 0 2.7
v -16 0 2.25
v -16 0 -2.25
v -24 0 2.7
v -24 0 -2.7
v -25 0 -2.7
v -25 0 2.7
v 24 0 -1.35
v 24 0 1.35
v 24 -1 1.35
v 24 -1 -1.35
v 21 0 -2.25
v 21 -1 -2.25
v 21 0 2.25
v 21 -1 2.25
v 19 -1 2.25
v 19 -1 -2.25
v 18 0 -1.35
v 18 -1 -1.35
v 18 0 1.35
v 18 -1 1.35
v 17 0 -1.35
v 17 0 1.35
v 17 -1 1.35
v 17 -1 -1.35
v -7 0 -2.25
v -7 -1 -2.25
v -7 0 2.25
v -7 -1 2.25
v -9 0 -2.25
v -9 0 2.25
v -9 -1 2.25
v -9 -1 -2.25
v -10 0 -1.35
v -10 -1 -1.35
v -10 0 1.35
v -10 -1 1.35
v -11 0 -1.35
v -11 0 1.35
v -11 -1 1.35
v -11 -1 -1.35
v -12 0 -1.35
v -12 -1 -1.35
v -12 0 1.35
v -12 -1 1.35
v -15 0 -1.35
v -15 0 1.35
v -15 -1 1.35
v -15 -1 -1.35
v 30 4 -1.35
v 30 3 -1.35
v 30 4 1.35
v 30 3 1.35
v 29 3 1.35
v 29 3 -1.35
v 30 3 -1.8
v 30 0 -1.8
v 30 3 1.8
v 30 0 1.8
v 29 3 -1.8
v 29 3 1.8
v 29 0 1.8
v 29 0 -1.8
v -28 3 -1.35
v -28 0 -1.35
v -28 3 1.35
v -28 0 1.35
v -29 3 -1.35
v -29 3 1.35
v -29 0 1.35
v -29 0 -1.35
v 30 0 -1.35
v 30 -1 -1.35
v 30 0 1.35
v 30 -1 1.35
v 29 0 -1.35
v 29 0 1.35
v 23 3 1.35
v 23 3 -1.35
v 23 0 2.25
v 23 0 -2.25
v 23 -1 -2.25
v 23 -1 2.25
v -5 0 -2.25
v -5 -1 -2.25
v -5 0 2.25
v -5 -1 2.25
v -16 -1 -2.25
v -16 -1 2.25
v -17 0 -2.25
v -17 0 2.25
v -17 -1 2.25
v -17 -1 -2.25
v -18 0 -2.25
v -18 -1 -2.25
v -18 0 2.25
v -18 -1 2.25
v -27 0 -2.25
v -27 0 2.25
v -27 -1 2.25
v -27 -1 -2.25
v 20 -1 -1.35
v 20 -2 -1.35
v 20 -1 1.35
v 20 -2 1.35
v 19 -1 -1.35
v 19 -1 1.35
v 19 -2 1.35
v 19 -2 -1.35
v -9 -1 -1.35
v -9 -1 1.35
v -9 -2 1.35
v -9 -2 -1.35
v -4 0 -2.25
v -4 -1 -2.25
v -4 0 2.25
v -4 -1 2.25
v -16 4 -2.25
v -16 3 -2.25
v -16 4 2.25
v -16 3 2.25
v 9 3 -3.6
v 9 2 -3.6
v 9 3 3.6
v 9 2 3.6
v -27 1 -2.25
v -27 1 2.25
v -28 3 -2.25
v -28 3 2.25
v -28 1 2.25
v -28 1 -2.25
v 23 -1 -1.35
v 23 -2 -1.35
v 23 -1 1.35
v 23 -2 1.35
v -21 -1 -1.35
v -21 -2 -1.35
v -21 -1 1.35
v -21 -2 1.35
v -24 -1 -1.35
v -24 -1 1.35
v -24 -2 1.35
v -24 -2 -1.35
v -25 -1 -1.35
v -25 -2 -1.35
v -25 -1 1.35
v -25 -2 1.35
v -27 -1 -1.35
v -27 -1 1.35
v -27 -2 1.35
v -27 -2 -1.35
v 16 0 -1.35
v 16 -1 -1.35
v 16 0 1.35
v 16 -1 1.35
v -28 0 2.25
v -28 0 -2.25
v 23 0 -1.35
v 23 0 1.35
v 19 0 -1.35
v 19 0 1.35
v -9 0 -1.35
v -9 0 1.35
v -16 0 -1.35
v -16 0 1.35
v -16 -1 1.35
v -16 -1 -1.35
v -27 0 -1.8
v -27 -1 -1.8
v -27 0 1.8
v -27 -1 1.8
v -28 0 -1.8
v -28 0 1.8
v -28 -1 1.8
v -28 -1 -1.8
v -16 -2 -1.35
v -16 -2 1.35
v 2 -1 -0.9
v 2 -2 -0.9
v 2 -1 0.9
v 2 -2 0.9
v 1 -1 -0.9
v 1 -1 0.9
v 2 -6 0.9
v 2 -6 -0.9

vn 1 0 0
vn 0 1 0
vn 0 -1 0
vn -1 0 0
vn 0 0 -1
vn 0 0 1

vt -19.68504 19.68504
vt 19.68504 19.68504
vt -19.68504 -19.68504
vt 0 NaN
vt 0 0
vt 0 NaN
vt 0 NaN
vt 0 NaN
vt 0 NaN
vt 0 NaN
vt 19.68504 -19.68504
vt 0 NaN
vt 0 NaN
vt 0 NaN
vt 0 NaN
vt 0 NaN
vt 0 NaN
vt 0 NaN
vt 0 NaN
vt 0 NaN
vt 0 NaN
vt 0 NaN
vt 0 NaN
vt 0 NaN
vt 0 NaN
vt 0 NaN
vt 0 NaN
vt 0 NaN
vt 0 NaN
vt 0 NaN
vt 0 NaN
vt 0 NaN
vt 0 NaN
vt 0 NaN
vt 0 NaN
vt 0 NaN
vt 0 NaN
vt 0 NaN
vt 0 NaN
vt 0 NaN
vt 0 NaN
vt 0 NaN
vt 0 NaN
vt 0 NaN
vt 0 NaN
vt 0 NaN
vt 0 NaN
vt 0 NaN
vt 0 NaN
vt 0 NaN
vt 0 NaN
vt 0 NaN
vt 0 NaN
vt 0 NaN
vt 0 NaN
vt 0 NaN
vt 0 NaN
vt 0 NaN
vt 0 NaN
vt 0 NaN
vt 0 NaN
vt 0 NaN
vt 0 NaN
vt 0 NaN
vt 0 NaN
vt 0 NaN
vt 0 NaN
vt 0 NaN
vt 0 NaN
vt 0 NaN
vt 0 NaN
vt 0 NaN
vt 0 NaN
vt 0 NaN
vt 0 NaN
vt 0 NaN
vt 0 NaN
vt 0 NaN
vt 0 NaN
vt 0 NaN
vt 0 NaN
vt 0 NaN
vt 0 NaN
vt 0 NaN
vt 0 NaN
vt 0 NaN
vt 0 NaN
vt 0 NaN
vt 0 NaN
vt 0 NaN
vt 0 NaN
vt 0 NaN
vt 0 NaN
vt 0 NaN
vt 0 NaN
vt 0 NaN
vt 0 NaN
vt 0 NaN
vt 0 NaN
vt 0 NaN
vt 0 NaN
vt 0 NaN
vt 0 NaN
vt 0 NaN
vt 0 NaN
vt 0 NaN
vt 0 NaN
vt 0 NaN
vt 0 NaN
vt 0 NaN
vt 0 NaN
vt 0 NaN
vt 0 NaN
vt 0 NaN
vt 0 NaN
vt 0 NaN
vt 0 NaN
vt 0 NaN
vt 0 NaN
vt 0 NaN
vt 0 NaN
vt 0 NaN
vt 0 NaN
vt 0 NaN
vt 0 NaN
vt 0 NaN
vt 0 NaN
vt 0 NaN
vt 0 NaN
vt 0 NaN
vt 0 NaN
vt 0 NaN
vt 0 NaN
vt 0 NaN
vt 0 NaN
vt 0 NaN
vt 0 NaN
vt 0 NaN
vt 0 NaN
vt 0 NaN
vt 0 NaN
vt 0 NaN
vt 0 NaN
vt 0 NaN
vt 0 NaN
vt 0 NaN
vt 0 NaN
vt 0 NaN
vt 0 NaN
vt 0 NaN
vt 0 NaN
vt 0 NaN
vt 0 NaN
vt 0 NaN
vt 0 NaN
vt 0 NaN
vt 0 NaN
vt 0 NaN
vt 0 NaN
vt 0 NaN
vt 0 NaN
vt 0 NaN
vt 0 NaN
vt 0 NaN
vt 0 NaN
vt 0 NaN
vt 0 NaN
vt 0 NaN
vt 0 NaN
vt 0 NaN
vt 0 NaN
vt 0 NaN
vt 0 NaN
vt 0 NaN
vt 0 NaN
vt 0 NaN
vt 0 NaN
vt 0 NaN
vt 0 NaN
vt 0 NaN
vt 0 NaN
vt 0 NaN
vt 0 NaN
vt 0 NaN
vt 0 NaN
vt 0 NaN
vt 0 NaN
vt 0 NaN
vt 0 NaN
vt 0 NaN
vt 0 NaN
vt 0 NaN
vt 0 NaN
vt 0 NaN
vt 0 NaN
vt 0 NaN
vt 0 NaN
vt 0 NaN
vt 0 NaN
vt 0 NaN
vt 0 NaN
vt 0 NaN
vt 0 NaN
vt 0 NaN
vt 0 NaN
vt 0 NaN
vt 0 NaN
vt 0 NaN
vt 0 NaN
vt 0 NaN
vt 0 NaN
vt 0 NaN
vt 0 NaN
vt 0 NaN
vt 0 NaN
vt 0 NaN
vt 0 NaN
vt 0 NaN
vt 0 NaN
vt 0 NaN
vt 0 NaN
vt 0 NaN
vt 0 NaN
vt 0 NaN
vt 0 NaN
vt 0 NaN
vt 0 NaN
vt 0 NaN
vt 0 NaN
vt 0 NaN
vt 0 NaN
vt 0 NaN
vt 0 NaN
vt 0 NaN
vt 0 NaN
vt 0 NaN
vt 0 NaN
vt 0 NaN
vt 0 NaN
vt 0 NaN
vt 0 NaN
vt 0 NaN
vt 0 NaN
vt 0 NaN
vt 0 NaN
vt 0 NaN
vt 0 NaN
vt 0 NaN
vt 0 NaN
vt 0 NaN
vt 0 NaN
vt 0 NaN
vt 0 NaN
vt 0 NaN
vt 0 NaN
vt 0 NaN
vt 0 NaN
vt 0 NaN
vt 0 NaN
vt 0 NaN
vt 0 NaN
vt 0 NaN
vt 0 NaN
vt 0 NaN
vt 0 NaN
vt 0 NaN
vt 0 NaN
vt 0 NaN
vt 0 NaN
vt 0 NaN
vt 0 NaN
vt 0 NaN
vt 0 NaN
vt 0 NaN
vt 0 NaN
vt 0 NaN
vt 0 NaN
vt 0 NaN
vt 0 NaN
vt 0 NaN
vt 0 NaN
vt 0 NaN
vt 0 NaN
vt 0 NaN
vt 0 NaN
vt 0 NaN
vt 0 NaN
vt 0 NaN
vt 0 NaN
vt 0 NaN
vt 0 NaN
vt 0 NaN
vt 0 NaN
vt 0 NaN
vt 0 NaN
vt 0 NaN
vt 0 NaN
vt 0 NaN
vt 0 NaN
vt 0 NaN
vt 0 NaN
vt 0 NaN
vt 0 NaN
vt 0 NaN
vt 0 NaN
vt 0 NaN
vt 0 NaN
vt 0 NaN
vt 0 NaN
vt 0 NaN
vt 0 NaN
vt 0 NaN
vt 0 NaN
vt 0 NaN
vt 0 NaN
vt 0 NaN
vt 0 NaN
vt 0 NaN
vt 0 NaN
vt 0 NaN
vt 0 NaN
vt 0 NaN
vt 0 NaN
vt 0 NaN
vt 0 NaN
vt 0 NaN
vt 0 NaN
vt 0 NaN
vt 0 NaN
vt 0 NaN
vt 0 NaN
vt 0 NaN
vt 0 NaN
vt 0 NaN
vt 0 NaN
vt 0 NaN
vt 0 NaN
vt 0 NaN
vt 0 NaN
vt 0 NaN
vt 0 NaN
vt 0 NaN
vt 0 NaN
vt 0 NaN
vt 0 NaN
vt 0 NaN
vt 0 NaN
vt 0 NaN
vt 0 NaN
vt 0 NaN
vt 0 NaN
vt 0 NaN
vt 0 NaN
vt 0 NaN
vt 0 NaN
vt 0 NaN
vt 0 NaN
vt 0 NaN
vt 0 NaN
vt 0 NaN
vt 0 NaN
vt 0 NaN
vt 0 NaN
vt 0 NaN
vt 0 NaN
vt 0 NaN
vt 0 NaN
vt 0 NaN
vt 0 NaN
vt 0 NaN
vt 0 NaN
vt 0 NaN
vt 0 NaN
vt 0 NaN
vt 0 NaN
vt 0 NaN
vt 0 NaN
vt 0 NaN
vt 0 NaN
vt 0 NaN
vt 0 NaN
vt 0 NaN
vt 0 NaN
vt 0 NaN
vt 0 NaN
vt 0 NaN
vt 0 NaN
vt 0 NaN
vt 0 NaN
vt 0 NaN
vt 0 NaN
vt 0 NaN
vt 0 NaN
vt 0 NaN
vt 0 NaN
vt 0 NaN
vt 0 NaN
vt 0 NaN
vt 0 NaN
vt 0 NaN
vt 0 NaN
vt 0 NaN
vt 0 NaN
vt 0 NaN
vt 0 NaN
vt 0 NaN
vt 0 NaN
vt 0 NaN
vt 0 NaN
vt 0 NaN
vt 0 NaN
vt 0 NaN
vt 0 NaN
vt 0 NaN
vt 0 NaN
vt 0 NaN
vt 0 NaN
vt 0 NaN
vt 0 NaN
vt 0 NaN
vt 0 NaN
vt 0 NaN
vt 0 NaN
vt 0 NaN
vt 0 NaN
vt 0 NaN
vt 0 NaN
vt 0 NaN
vt 0 NaN
vt 0 NaN
vt 0 NaN
vt 0 NaN
vt 0 NaN
vt 0 NaN
vt 0 NaN
vt 0 NaN
vt 0 NaN
vt 0 NaN
vt 0 NaN
vt 0 NaN
vt 0 NaN
vt 0 NaN
vt 0 NaN
vt 0 NaN
vt 0 NaN
vt 0 NaN
vt 0 NaN
vt 0 NaN
vt 0 NaN
vt 0 NaN
vt 0 NaN
vt 0 NaN
vt 0 NaN
vt 0 NaN
vt 0 NaN
vt 0 NaN
vt 0 NaN
vt 0 NaN
vt 0 NaN
vt 0 NaN
vt 0 NaN
vt 0 NaN
vt 0 NaN
vt 0 NaN
vt 0 NaN
vt 0 NaN
vt 0 NaN
vt 0 NaN
vt 0 NaN
vt 0 NaN
vt 0 NaN
vt 0 NaN
vt 0 NaN
vt 0 NaN
vt 0 NaN
vt 0 NaN
vt 0 NaN
vt 0 NaN
vt 0 NaN
vt 0 NaN
vt 0 NaN
vt 0 NaN
vt 0 NaN
vt 0 NaN
vt 0 NaN
vt 0 NaN
vt 0 NaN
vt 0 NaN
vt 0 NaN
vt 0 NaN
vt 0 NaN
vt 0 NaN
vt 0 NaN
vt 0 NaN
vt 0 NaN
vt 0 NaN
vt 0 NaN
vt 0 NaN
vt 0 NaN
vt 0 NaN
vt 0 NaN
vt 0 NaN
vt 0 NaN
vt 0 NaN
vt 0 NaN
vt 0 NaN
vt 0 NaN
vt 0 NaN
vt 0 NaN
vt 0 NaN
vt 0 NaN
vt 0 NaN
vt 0 NaN
vt 0 NaN
vt 0 NaN
vt 0 NaN
vt 0 NaN
vt 0 NaN
vt 0 NaN
vt 0 NaN
vt 0 NaN
vt 0 NaN
vt 0 NaN
vt 0 NaN
vt 0 NaN
vt 0 NaN
vt 0 NaN
vt 0 NaN
vt 0 NaN
vt 0 NaN
vt 0 NaN
vt 0 NaN
vt 0 NaN
vt 0 NaN
vt 0 NaN
vt 0 NaN
vt 0 NaN
vt 0 NaN
vt 0 NaN
vt 0 NaN
vt 0 NaN
vt 0 NaN
vt 0 NaN
vt 0 NaN
vt 0 NaN
vt 0 NaN
vt 0 NaN
vt 0 NaN
vt 0 NaN
vt 0 NaN
vt 0 NaN
vt 0 NaN
vt 0 NaN
vt 0 NaN
vt 0 NaN
vt 0 NaN
vt 0 NaN
vt 0 NaN
vt 0 NaN
vt 0 NaN
vt 0 NaN
vt 0 NaN
vt 0 NaN
vt 0 NaN
vt 0 NaN
vt 0 NaN
vt 0 NaN
vt 0 NaN
vt 0 NaN
vt 0 NaN
vt 0 NaN
vt 0 NaN
vt 0 NaN
vt 0 NaN
vt 0 NaN
vt 0 NaN
vt 0 NaN
vt 0 NaN
vt 0 NaN
vt 0 NaN
vt 0 NaN
vt 0 NaN
vt 0 NaN
vt 0 NaN
vt 0 NaN
vt 0 NaN
vt 0 NaN
vt 0 NaN
vt 0 NaN
vt 0 NaN
vt 0 NaN
vt 0 NaN
vt 0 NaN
vt 0 NaN
vt 0 NaN
vt 0 NaN
vt 0 NaN
vt 0 NaN
vt 0 NaN
vt 0 NaN
vt 0 NaN
vt 0 NaN
vt 0 NaN
vt 0 NaN
vt 0 NaN
vt 0 NaN
vt 0 NaN
vt 0 NaN
vt 0 NaN
vt 0 NaN
vt 0 NaN
vt 0 NaN
vt 0 NaN
vt 0 NaN
vt 0 NaN
vt 0 NaN
vt 0 NaN
vt 0 NaN
vt 0 NaN
vt 0 NaN
vt 0 NaN
vt 0 NaN
vt 0 NaN
vt 0 NaN
vt 0 NaN
vt 0 NaN
vt 0 NaN
vt 0 NaN
vt 0 NaN
vt 0 NaN
vt 0 NaN
vt 0 NaN
vt 0 NaN
vt 0 NaN
vt 0 NaN
vt 0 NaN
vt 0 NaN
vt 0 NaN
vt 0 NaN
vt 0 NaN
vt 0 NaN
vt 0 NaN
vt 0 NaN
vt 0 NaN
vt 0 NaN
vt 0 NaN
vt 0 NaN
vt 0 NaN
vt 0 NaN
vt 0 NaN
vt 0 NaN
vt 0 NaN
vt 0 NaN
vt 0 NaN
vt 0 NaN
vt 0 NaN
vt 0 NaN
vt 0 NaN
vt 0 NaN
vt 0 NaN
vt 0 NaN
vt 0 NaN
vt 0 NaN
vt 0 NaN
vt 0 NaN
vt 0 NaN
vt 0 NaN
vt 0 NaN
vt 0 NaN
vt 0 NaN
vt 0 NaN
vt 0 NaN
vt 0 NaN
vt 0 NaN
vt 0 NaN
vt 0 NaN
vt 0 NaN
vt 0 NaN
vt 0 NaN
vt 0 NaN
vt 0 NaN
vt 0 NaN
vt 0 NaN
vt 0 NaN
vt 0 NaN
vt 0 NaN
vt 0 NaN
vt 0 NaN
vt 0 NaN
vt 0 NaN
vt 0 NaN
vt 0 NaN
vt 0 NaN
vt 0 NaN
vt 0 NaN
vt 0 NaN
vt 0 NaN
vt 0 NaN
vt 0 NaN
vt 0 NaN
vt 0 NaN
vt 0 NaN
vt 0 NaN
vt 0 NaN
vt 0 NaN
vt 0 NaN
vt 0 NaN
vt 0 NaN
vt 0 NaN
vt 0 NaN
vt 0 NaN
vt 0 NaN
vt 0 NaN
vt 0 NaN
vt 0 NaN
vt 0 NaN
vt 0 NaN
vt 0 NaN
vt 0 NaN
vt 0 NaN
vt 0 NaN
vt 0 NaN
vt 0 NaN
vt 0 NaN
vt 0 NaN
vt 0 NaN
vt 0 NaN
vt 0 NaN
vt 0 NaN
vt 0 NaN
vt 0 NaN
vt 0 NaN
vt 0 NaN
vt 0 NaN
vt 0 NaN
vt 0 NaN
vt 0 NaN
vt 0 NaN
vt 0 NaN
vt 0 NaN
vt 0 NaN
vt 0 NaN
vt 0 NaN
vt 0 NaN
vt 0 NaN
vt 0 NaN
vt 0 NaN
vt 0 NaN
vt 0 NaN
vt 0 NaN
vt 0 NaN
vt 0 NaN
vt 0 NaN
vt 0 NaN
vt 0 NaN
vt 0 NaN
vt 0 NaN
vt 0 NaN
vt 0 NaN
vt 0 NaN
vt 0 NaN
vt 0 NaN
vt 0 NaN
vt 0 NaN
vt 0 NaN
vt 0 NaN
vt 0 NaN
vt 0 NaN
vt 0 NaN
vt 0 NaN
vt 0 NaN
vt 0 NaN
vt 0 NaN
vt 0 NaN
vt 0 NaN
vt 0 NaN
vt 0 NaN
vt 0 NaN
vt 0 NaN
vt 0 NaN
vt 0 NaN
vt 0 NaN
vt 0 NaN
vt 0 NaN
vt 0 NaN
vt 0 NaN
vt 0 NaN
vt 0 NaN
vt 0 NaN
vt 0 NaN
vt 0 NaN
vt 0 NaN
vt 0 NaN
vt 0 NaN
vt 0 NaN
vt 0 NaN
vt 0 NaN
vt 0 NaN
vt 0 NaN
vt 0 NaN
vt 0 NaN
vt 0 NaN
vt 0 NaN
vt 0 NaN
vt 0 NaN
vt 0 NaN
vt 0 NaN
vt 0 NaN
vt 0 NaN
vt 0 NaN
vt 0 NaN
vt 0 NaN
vt 0 NaN
vt 0 NaN
vt 0 NaN
vt 0 NaN
vt 0 NaN
vt 0 NaN
vt 0 NaN
vt 0 NaN
vt 0 NaN
vt 0 NaN
vt 0 NaN
vt 0 NaN
vt 0 NaN
vt 0 NaN
vt 0 NaN
vt 0 NaN
vt 0 NaN
vt 0 NaN
vt 0 NaN
vt 0 NaN
vt 0 NaN
vt 0 NaN
vt 0 NaN
vt 0 NaN
vt 0 NaN
vt 0 NaN
vt 0 NaN
vt 0 NaN
vt 0 NaN
vt 0 NaN
vt 0 NaN
vt 0 NaN
vt 0 NaN
vt 0 NaN
vt 0 NaN
vt 0 NaN
vt 0 NaN
vt 0 NaN
vt 0 NaN
vt 0 NaN
vt 0 NaN
vt 0 NaN
vt 0 NaN
vt 0 NaN
vt 0 NaN
vt 0 NaN
vt 0 NaN
vt 0 NaN
vt 0 NaN
vt 0 NaN
vt 0 NaN
vt 0 NaN
vt 0 NaN
vt 0 NaN
vt 0 NaN
vt 0 NaN
vt 0 NaN
vt 0 NaN
vt 0 NaN
vt 0 NaN
vt 0 NaN
vt 0 NaN
vt 0 NaN
vt 0 NaN
vt 0 NaN
vt 0 NaN
vt 0 NaN
vt 0 NaN
vt 0 NaN
vt 0 NaN
vt 0 NaN
vt 0 NaN
vt 0 NaN
vt 0 NaN
vt 0 NaN
vt 0 NaN
vt 0 NaN
vt 0 NaN
vt 0 NaN
vt 0 NaN
vt 0 NaN
vt 0 NaN
vt 0 NaN
vt 0 NaN
vt 0 NaN
vt 0 NaN
vt 0 NaN
vt 0 NaN
vt 0 NaN
vt 0 NaN
vt 0 NaN
vt 0 NaN
vt 0 NaN
vt 0 NaN
vt 0 NaN
vt 0 NaN
vt 0 NaN
vt 0 NaN
vt 0 NaN
vt 0 NaN
vt 0 NaN
vt 0 NaN
vt 0 NaN
vt 0 NaN
vt 0 NaN
vt 0 NaN
vt 0 NaN
vt 0 NaN
vt 0 NaN
vt 0 NaN
vt 0 NaN
vt 0 NaN
vt 0 NaN
vt 0 NaN
vt 0 NaN
vt 0 NaN
vt 0 NaN
vt 0 NaN
vt 0 NaN
vt 0 NaN
vt 0 NaN
vt 0 NaN
vt 0 NaN
vt 0 NaN
vt 0 NaN
vt 0 NaN
vt 0 NaN
vt 0 NaN
vt 0 NaN
vt 0 NaN
vt 0 NaN
vt 0 NaN
vt 0 NaN
vt 0 NaN
vt 0 NaN
vt 0 NaN
vt 0 NaN
vt 0 NaN
vt 0 NaN
vt 0 NaN
vt 0 NaN
vt 0 NaN
vt 0 NaN
vt 0 NaN
vt 0 NaN
vt 0 NaN
vt 0 NaN
vt 0 NaN
vt 0 NaN
vt 0 NaN
vt 0 NaN
vt 0 NaN
vt 0 NaN
vt 0 NaN
vt 0 NaN
vt 0 NaN
vt 0 NaN
vt 0 NaN
vt 0 NaN
vt 0 NaN
vt 0 NaN
vt 0 NaN
vt 0 NaN
vt 0 NaN
vt 0 NaN
vt 0 NaN
vt 0 NaN
vt 0 NaN
vt 0 NaN
vt 0 NaN
vt 0 NaN
vt 0 NaN
vt 0 NaN
vt 0 NaN
vt 0 NaN
vt 0 NaN
vt 0 NaN
vt 0 NaN
vt 0 NaN
vt 0 NaN
vt 0 NaN
vt 0 NaN
vt 0 NaN
vt 0 NaN
vt 0 NaN
vt 0 NaN
vt 0 NaN
vt 0 NaN
vt 0 NaN
vt 0 NaN
vt 0 NaN
vt 0 NaN
vt 0 NaN
vt 0 NaN
vt 0 NaN
vt 0 NaN
vt 0 NaN
vt 0 NaN
vt 0 NaN
vt 0 NaN
vt 0 NaN
vt 0 NaN
vt 0 NaN
vt 0 NaN
vt 0 NaN
vt 0 NaN
vt 0 NaN
vt 0 NaN
vt 0 NaN
vt 0 NaN
vt 0 NaN
vt 0 NaN
vt 0 NaN
vt 0 NaN
vt 0 NaN
vt 0 NaN
vt 0 NaN
vt 0 NaN
vt 0 NaN
vt 0 NaN
vt 0 NaN
vt 0 NaN
vt 0 NaN
vt 0 NaN
vt 0 NaN
vt 0 NaN
vt 0 NaN
vt 0 NaN
vt 0 NaN
vt 0 NaN
vt 0 NaN
vt 0 NaN
vt 0 NaN
vt 0 NaN
vt 0 NaN
vt 0 NaN
vt 0 NaN
vt 0 NaN
vt 0 NaN
vt 0 NaN
vt 0 NaN
vt 0 NaN
vt 0 NaN
vt 0 NaN
vt 0 NaN
vt 0 NaN
vt 0 NaN
vt 0 NaN
vt 0 NaN
vt 0 NaN
vt 0 NaN
vt 0 NaN
vt 0 NaN
vt 0 NaN
vt 0 NaN
vt 0 NaN
vt 0 NaN
vt 0 NaN
vt 0 NaN
vt 0 NaN
vt 0 NaN
vt 0 NaN
vt 0 NaN
vt 0 NaN
vt 0 NaN
vt 0 NaN
vt 0 NaN
vt 0 NaN
vt 0 NaN
vt 0 NaN
vt 0 NaN
vt 0 NaN
vt 0 NaN
vt 0 NaN
vt 0 NaN
vt 0 NaN
vt 0 NaN
vt 0 NaN
vt 0 NaN
vt 0 NaN
vt 0 NaN
vt 0 NaN
vt 0 NaN
vt 0 NaN
vt 0 NaN
vt 0 NaN
vt 0 NaN
vt 0 NaN
vt 0 NaN
vt 0 NaN
vt 0 NaN
vt 0 NaN
vt 0 NaN
vt 0 NaN
vt 0 NaN
vt 0 NaN
vt 0 NaN
vt 0 NaN
vt 0 NaN
vt 0 NaN
vt 0 NaN
vt 0 NaN
vt 0 NaN
vt 0 NaN
vt 0 NaN
vt 0 NaN
vt 0 NaN
vt 0 NaN
vt 0 NaN
vt 0 NaN
vt 0 NaN
vt 0 NaN
vt 0 NaN
vt 0 NaN
vt 0 NaN
vt 0 NaN
vt 0 NaN
vt 0 NaN
vt 0 NaN
vt 0 NaN
vt 0 NaN
vt 0 NaN
vt 0 NaN
vt 0 NaN
vt 0 NaN
vt 0 NaN
vt 0 NaN
vt 0 NaN
vt 0 NaN
vt 0 NaN
vt 0 NaN
vt 0 NaN
vt 0 NaN
vt 0 NaN
vt 0 NaN
vt 0 NaN
vt 0 NaN
vt 0 NaN
vt 0 NaN
vt 0 NaN
vt 0 NaN
vt 0 NaN
vt 0 NaN
vt 0 NaN
vt 0 NaN
vt 0 NaN
vt 0 NaN
vt 0 NaN
vt 0 NaN
vt 0 NaN
vt 0 NaN
vt 0 NaN
vt 0 NaN
vt 0 NaN
vt 0 NaN
vt 0 NaN
vt 0 NaN
vt 0 NaN
vt 0 NaN
vt 0 NaN
vt 0 NaN
vt 0 NaN
vt 0 NaN
vt 0 NaN
vt 0 NaN
vt 0 NaN
vt 0 NaN
vt 0 NaN
vt 0 NaN
vt 0 NaN
vt 0 NaN
vt 0 NaN
vt 0 NaN
vt 0 NaN
vt 0 NaN
vt 0 NaN
vt 0 NaN
vt 0 NaN
vt 0 NaN
vt 0 NaN
vt 0 NaN
vt 0 NaN
vt 0 NaN
vt 0 NaN
vt 0 NaN
vt 0 NaN
vt 0 NaN
vt 0 NaN
vt 0 NaN

usemtl color20

f 3/3/1 2/2/1 1/1/1
f 2/3/1 3/2/1 4/1/1
f 5/3/2 3/2/2 1/1/2
f 3/3/2 5/2/2 6/1/2
f 7/5/3 2/5/3 4/4/3
f 2/5/3 7/5/3 8/6/3
f 7/5/4 5/5/4 8/7/4
f 5/5/4 7/5/4 6/8/4
f 5/5/5 2/5/5 8/9/5
f 2/5/5 5/5/5 1/10/5
f 3/2/6 7/3/6 4/11/6
f 7/3/6 3/2/6 6/1/6
f 3/3/1 2/2/1 1/1/1
f 2/3/1 3/2/1 4/1/1
f 5/3/2 3/2/2 1/1/2
f 3/3/2 5/2/2 6/1/2
f 7/5/3 2/5/3 4/4/3
f 2/5/3 7/5/3 8/6/3
f 7/5/4 5/5/4 8/7/4
f 5/5/4 7/5/4 6/8/4
f 5/5/5 2/5/5 8/9/5
f 2/5/5 5/5/5 1/10/5
f 3/2/6 7/3/6 4/11/6
f 7/3/6 3/2/6 6/1/6
f 11/3/1 10/2/1 9/1/1
f 10/3/1 11/2/1 12/1/1
f 2/3/2 11/2/2 9/1/2
f 11/3/2 2/2/2 4/1/2
f 13/5/3 10/5/3 12/12/3
f 10/5/3 13/5/3 14/13/3
f 13/5/4 2/5/4 14/14/4
f 2/5/4 13/5/4 4/15/4
f 2/5/5 10/5/5 14/16/5
f 10/5/5 2/5/5 9/17/5
f 11/2/6 13/3/6 12/11/6
f 13/3/6 11/2/6 4/1/6
f 17/3/1 16/2/1 15/1/1
f 16/3/1 17/2/1 18/1/1
f 19/3/2 17/2/2 15/1/2
f 17/3/2 19/2/2 20/1/2
f 21/5/3 16/5/3 18/18/3
f 16/5/3 21/5/3 22/19/3
f 21/5/4 19/5/4 22/20/4
f 19/5/4 21/5/4 20/21/4
f 19/5/5 16/5/5 22/22/5
f 16/5/5 19/5/5 15/23/5
f 17/2/6 21/3/6 18/11/6
f 21/3/6 17/2/6 20/1/6
f 25/3/1 24/2/1 23/1/1
f 24/3/1 25/2/1 26/1/1
f 27/3/2 25/2/2 23/1/2
f 25/3/2 27/2/2 28/1/2
f 29/5/3 24/5/3 26/24/3
f 24/5/3 29/5/3 30/25/3
f 29/5/4 27/5/4 30/26/4
f 27/5/4 29/5/4 28/27/4
f 27/5/5 24/5/5 30/28/5
f 24/5/5 27/5/5 23/29/5
f 25/2/6 29/3/6 26/11/6
f 29/3/6 25/2/6 28/1/6
f 33/3/1 32/2/1 31/1/1
f 32/3/1 33/2/1 34/1/1
f 35/3/2 33/2/2 31/1/2
f 33/3/2 35/2/2 36/1/2
f 37/5/3 32/5/3 34/30/3
f 32/5/3 37/5/3 38/31/3
f 37/5/4 35/5/4 38/32/4
f 35/5/4 37/5/4 36/33/4
f 35/5/5 32/5/5 38/34/5
f 32/5/5 35/5/5 31/35/5
f 33/2/6 37/3/6 34/11/6
f 37/3/6 33/2/6 36/1/6
f 41/3/1 40/2/1 39/1/1
f 40/3/1 41/2/1 42/1/1
f 43/3/2 41/2/2 39/1/2
f 41/3/2 43/2/2 44/1/2
f 45/5/3 40/5/3 42/36/3
f 40/5/3 45/5/3 46/37/3
f 45/5/4 43/5/4 46/38/4
f 43/5/4 45/5/4 44/39/4
f 43/5/5 40/5/5 46/40/5
f 40/5/5 43/5/5 39/41/5
f 41/2/6 45/3/6 42/11/6
f 45/3/6 41/2/6 44/1/6

usemtl color15

f 49/3/1 48/2/1 47/1/1
f 48/3/1 49/2/1 50/1/1
f 51/3/2 49/2/2 47/1/2
f 49/3/2 51/2/2 52/1/2
f 53/5/3 48/5/3 50/42/3
f 48/5/3 53/5/3 54/43/3
f 53/5/4 51/5/4 54/44/4
f 51/5/4 53/5/4 52/45/4
f 51/5/5 48/5/5 54/46/5
f 48/5/5 51/5/5 47/47/5
f 49/2/6 53/3/6 50/11/6
f 53/3/6 49/2/6 52/1/6
f 57/3/1 56/2/1 55/1/1
f 56/3/1 57/2/1 58/1/1
f 59/3/2 57/2/2 55/1/2
f 57/3/2 59/2/2 60/1/2
f 61/5/3 56/5/3 58/48/3
f 56/5/3 61/5/3 62/49/3
f 61/5/4 59/5/4 62/50/4
f 59/5/4 61/5/4 60/51/4
f 59/5/5 56/5/5 62/52/5
f 56/5/5 59/5/5 55/53/5
f 57/2/6 61/3/6 58/11/6
f 61/3/6 57/2/6 60/1/6
f 65/3/1 64/2/1 63/1/1
f 64/3/1 65/2/1 66/1/1
f 67/3/2 65/2/2 63/1/2
f 65/3/2 67/2/2 68/1/2
f 69/5/3 64/5/3 66/54/3
f 64/5/3 69/5/3 70/55/3
f 69/5/4 67/5/4 70/56/4
f 67/5/4 69/5/4 68/57/4
f 67/5/5 64/5/5 70/58/5
f 64/5/5 67/5/5 63/59/5
f 65/2/6 69/3/6 66/11/6
f 69/3/6 65/2/6 68/1/6
f 73/3/1 72/2/1 71/1/1
f 72/3/1 73/2/1 74/1/1
f 75/3/2 73/2/2 71/1/2
f 73/3/2 75/2/2 76/1/2
f 77/5/3 72/5/3 74/60/3
f 72/5/3 77/5/3 78/61/3
f 77/5/4 75/5/4 78/62/4
f 75/5/4 77/5/4 76/63/4
f 75/5/5 72/5/5 78/64/5
f 72/5/5 75/5/5 71/65/5
f 73/2/6 77/3/6 74/11/6
f 77/3/6 73/2/6 76/1/6
f 77/3/1 79/2/1 78/1/1
f 79/3/1 77/2/1 80/1/1
f 81/3/2 77/2/2 78/1/2
f 77/3/2 81/2/2 82/1/2
f 83/5/3 79/5/3 80/66/3
f 79/5/3 83/5/3 84/67/3
f 83/5/4 81/5/4 84/68/4
f 81/5/4 83/5/4 82/69/4
f 81/5/5 79/5/5 84/70/5
f 79/5/5 81/5/5 78/64/5
f 77/2/6 83/3/6 80/11/6
f 83/3/6 77/2/6 82/1/6
f 87/3/1 86/2/1 85/1/1
f 86/3/1 87/2/1 88/1/1
f 89/3/2 87/2/2 85/1/2
f 87/3/2 89/2/2 90/1/2
f 91/5/3 86/5/3 88/71/3
f 86/5/3 91/5/3 92/72/3
f 91/5/4 89/5/4 92/73/4
f 89/5/4 91/5/4 90/74/4
f 89/5/5 86/5/5 92/75/5
f 86/5/5 89/5/5 85/76/5
f 87/2/6 91/3/6 88/11/6
f 91/3/6 87/2/6 90/1/6
f 95/3/1 94/2/1 93/1/1
f 94/3/1 95/2/1 96/1/1
f 97/3/2 95/2/2 93/1/2
f 95/3/2 97/2/2 98/1/2
f 99/5/3 94/5/3 96/77/3
f 94/5/3 99/5/3 100/78/3
f 99/5/4 97/5/4 100/79/4
f 97/5/4 99/5/4 98/80/4
f 97/5/5 94/5/5 100/81/5
f 94/5/5 97/5/5 93/82/5
f 95/2/6 99/3/6 96/11/6
f 99/3/6 95/2/6 98/1/6

usemtl color25

f 103/3/1 102/2/1 101/1/1
f 102/3/1 103/2/1 104/1/1
f 105/3/2 103/2/2 101/1/2
f 103/3/2 105/2/2 106/1/2
f 107/5/3 102/5/3 104/83/3
f 102/5/3 107/5/3 108/84/3
f 107/5/4 105/5/4 108/85/4
f 105/5/4 107/5/4 106/86/4
f 105/5/5 102/5/5 108/87/5
f 102/5/5 105/5/5 101/88/5
f 103/2/6 107/3/6 104/11/6
f 107/3/6 103/2/6 106/1/6
f 82/3/1 84/2/1 81/1/1
f 84/3/1 82/2/1 83/1/1
f 109/3/2 82/2/2 81/1/2
f 82/3/2 109/2/2 110/1/2
f 111/5/3 84/67/3 83/5/3
f 84/67/3 111/5/3 112/89/3
f 111/5/4 109/5/4 112/90/4
f 109/5/4 111/5/4 110/91/4
f 109/5/5 84/70/5 112/92/5
f 84/70/5 109/5/5 81/5/5
f 82/2/6 111/3/6 83/11/6
f 111/3/6 82/2/6 110/1/6
f 115/3/1 114/2/1 113/1/1
f 114/3/1 115/2/1 116/1/1
f 117/3/2 115/2/2 113/1/2
f 115/3/2 117/2/2 118/1/2
f 119/5/3 114/5/3 116/93/3
f 114/5/3 119/5/3 120/94/3
f 119/5/4 117/5/4 120/95/4
f 117/5/4 119/5/4 118/96/4
f 117/5/5 114/5/5 120/97/5
f 114/5/5 117/5/5 113/98/5
f 115/2/6 119/3/6 116/11/6
f 119/3/6 115/2/6 118/1/6
f 123/3/1 122/2/1 121/1/1
f 122/3/1 123/2/1 124/1/1
f 125/3/2 123/2/2 121/1/2
f 123/3/2 125/2/2 126/1/2
f 127/5/3 122/5/3 124/99/3
f 122/5/3 127/5/3 128/100/3
f 127/5/4 125/5/4 128/101/4
f 125/5/4 127/5/4 126/102/4
f 125/5/5 122/5/5 128/103/5
f 122/5/5 125/5/5 121/104/5
f 123/2/6 127/3/6 124/11/6
f 127/3/6 123/2/6 126/1/6
f 131/3/1 130/2/1 129/1/1
f 130/3/1 131/2/1 132/1/1
f 133/3/2 131/2/2 129/1/2
f 131/3/2 133/2/2 134/1/2
f 135/5/3 130/5/3 132/105/3
f 130/5/3 135/5/3 136/106/3
f 135/5/4 133/5/4 136/107/4
f 133/5/4 135/5/4 134/108/4
f 133/5/5 130/5/5 136/109/5
f 130/5/5 133/5/5 129/110/5
f 131/2/6 135/3/6 132/11/6
f 135/3/6 131/2/6 134/1/6
f 139/3/1 138/2/1 137/1/1
f 138/3/1 139/2/1 140/1/1
f 141/3/2 139/2/2 137/1/2
f 139/3/2 141/2/2 142/1/2
f 143/5/3 138/5/3 140/111/3
f 138/5/3 143/5/3 144/112/3
f 143/5/4 141/5/4 144/113/4
f 141/5/4 143/5/4 142/114/4
f 141/5/5 138/5/5 144/115/5
f 138/5/5 141/5/5 137/116/5
f 139/2/6 143/3/6 140/11/6
f 143/3/6 139/2/6 142/1/6
f 147/3/1 146/2/1 145/1/1
f 146/3/1 147/2/1 148/1/1
f 149/3/2 147/2/2 145/1/2
f 147/3/2 149/2/2 150/1/2
f 151/5/3 146/5/3 148/117/3
f 146/5/3 151/5/3 152/118/3
f 151/5/4 149/5/4 152/119/4
f 149/5/4 151/5/4 150/120/4
f 149/5/5 146/5/5 152/121/5
f 146/5/5 149/5/5 145/122/5
f 147/2/6 151/3/6 148/11/6
f 151/3/6 147/2/6 150/1/6
f 155/3/1 154/2/1 153/1/1
f 154/3/1 155/2/1 156/1/1
f 157/3/2 155/2/2 153/1/2
f 155/3/2 157/2/2 158/1/2
f 159/5/3 154/5/3 156/123/3
f 154/5/3 159/5/3 160/124/3
f 159/5/4 157/5/4 160/125/4
f 157/5/4 159/5/4 158/126/4
f 157/5/5 154/5/5 160/127/5
f 154/5/5 157/5/5 153/128/5
f 155/2/6 159/3/6 156/11/6
f 159/3/6 155/2/6 158/1/6
f 163/3/1 162/2/1 161/1/1
f 162/3/1 163/2/1 164/1/1
f 165/3/2 163/2/2 161/1/2
f 163/3/2 165/2/2 166/1/2
f 167/5/3 162/5/3 164/129/3
f 162/5/3 167/5/3 168/130/3
f 167/5/4 165/5/4 168/131/4
f 165/5/4 167/5/4 166/132/4
f 165/5/5 162/5/5 168/133/5
f 162/5/5 165/5/5 161/134/5
f 163/2/6 167/3/6 164/11/6
f 167/3/6 163/2/6 166/1/6

usemtl color23

f 106/3/1 108/2/1 105/1/1
f 108/3/1 106/2/1 107/1/1
f 169/3/2 106/2/2 105/1/2
f 106/3/2 169/2/2 170/1/2
f 171/5/3 108/84/3 107/5/3
f 108/84/3 171/5/3 172/135/3
f 171/5/4 169/5/4 172/136/4
f 169/5/4 171/5/4 170/137/4
f 169/5/5 108/87/5 172/138/5
f 108/87/5 169/5/5 105/5/5
f 106/2/6 171/3/6 107/11/6
f 171/3/6 106/2/6 170/1/6
f 175/3/1 174/2/1 173/1/1
f 174/3/1 175/2/1 176/1/1
f 177/3/2 175/2/2 173/1/2
f 175/3/2 177/2/2 178/1/2
f 179/5/3 174/5/3 176/139/3
f 174/5/3 179/5/3 180/140/3
f 179/5/4 177/5/4 180/141/4
f 177/5/4 179/5/4 178/142/4
f 177/5/5 174/5/5 180/143/5
f 174/5/5 177/5/5 173/144/5
f 175/2/6 179/3/6 176/11/6
f 179/3/6 175/2/6 178/1/6
f 183/3/1 182/2/1 181/1/1
f 182/3/1 183/2/1 184/1/1
f 185/3/2 183/2/2 181/1/2
f 183/3/2 185/2/2 186/1/2
f 187/5/3 182/5/3 184/145/3
f 182/5/3 187/5/3 188/146/3
f 187/5/4 185/5/4 188/147/4
f 185/5/4 187/5/4 186/148/4
f 185/5/5 182/5/5 188/149/5
f 182/5/5 185/5/5 181/150/5
f 183/2/6 187/3/6 184/11/6
f 187/3/6 183/2/6 186/1/6
f 191/3/1 190/2/1 189/1/1
f 190/3/1 191/2/1 192/1/1
f 193/3/2 191/2/2 189/1/2
f 191/3/2 193/2/2 194/1/2
f 195/5/3 190/5/3 192/151/3
f 190/5/3 195/5/3 196/152/3
f 195/5/4 193/5/4 196/153/4
f 193/5/4 195/5/4 194/154/4
f 193/5/5 190/5/5 196/155/5
f 190/5/5 193/5/5 189/156/5
f 191/2/6 195/3/6 192/11/6
f 195/3/6 191/2/6 194/1/6
f 199/3/1 198/2/1 197/1/1
f 198/3/1 199/2/1 200/1/1
f 201/3/2 199/2/2 197/1/2
f 199/3/2 201/2/2 202/1/2
f 203/5/3 198/5/3 200/157/3
f 198/5/3 203/5/3 204/158/3
f 203/5/4 201/5/4 204/159/4
f 201/5/4 203/5/4 202/160/4
f 201/5/5 198/5/5 204/161/5
f 198/5/5 201/5/5 197/162/5
f 199/2/6 203/3/6 200/11/6
f 203/3/6 199/2/6 202/1/6
f 207/3/1 206/2/1 205/1/1
f 206/3/1 207/2/1 208/1/1
f 209/3/2 207/2/2 205/1/2
f 207/3/2 209/2/2 210/1/2
f 211/5/3 206/5/3 208/163/3
f 206/5/3 211/5/3 212/164/3
f 211/5/4 209/5/4 212/165/4
f 209/5/4 211/5/4 210/166/4
f 209/5/5 206/5/5 212/167/5
f 206/5/5 209/5/5 205/168/5
f 207/2/6 211/3/6 208/11/6
f 211/3/6 207/2/6 210/1/6
f 215/3/1 214/2/1 213/1/1
f 214/3/1 215/2/1 216/1/1
f 217/3/2 215/2/2 213/1/2
f 215/3/2 217/2/2 218/1/2
f 219/5/3 214/5/3 216/169/3
f 214/5/3 219/5/3 220/170/3
f 219/5/4 217/5/4 220/171/4
f 217/5/4 219/5/4 218/172/4
f 217/5/5 214/5/5 220/173/5
f 214/5/5 217/5/5 213/174/5
f 215/2/6 219/3/6 216/11/6
f 219/3/6 215/2/6 218/1/6
f 223/3/1 222/2/1 221/1/1
f 222/3/1 223/2/1 224/1/1
f 225/3/2 223/2/2 221/1/2
f 223/3/2 225/2/2 226/1/2
f 227/5/3 222/5/3 224/175/3
f 222/5/3 227/5/3 228/176/3
f 227/5/4 225/5/4 228/177/4
f 225/5/4 227/5/4 226/178/4
f 225/5/5 222/5/5 228/179/5
f 222/5/5 225/5/5 221/180/5
f 223/2/6 227/3/6 224/11/6
f 227/3/6 223/2/6 226/1/6
f 231/3/1 230/2/1 229/1/1
f 230/3/1 231/2/1 232/1/1
f 113/3/2 231/2/2 229/1/2
f 231/3/2 113/2/2 115/1/2
f 116/93/3 230/5/3 232/181/3
f 230/5/3 116/93/3 114/5/3
f 116/5/4 113/5/4 114/182/4
f 113/5/4 116/5/4 115/183/4
f 113/98/5 230/5/5 114/5/5
f 230/5/5 113/98/5 229/184/5
f 231/2/6 116/3/6 232/11/6
f 116/3/6 231/2/6 115/1/6
f 235/3/1 234/2/1 233/1/1
f 234/3/1 235/2/1 236/1/1
f 129/3/2 235/2/2 233/1/2
f 235/3/2 129/2/2 131/1/2
f 132/105/3 234/5/3 236/185/3
f 234/5/3 132/105/3 130/5/3
f 132/5/4 129/5/4 130/186/4
f 129/5/4 132/5/4 131/187/4
f 129/110/5 234/5/5 130/5/5
f 234/5/5 129/110/5 233/188/5
f 235/2/6 132/3/6 236/11/6
f 132/3/6 235/2/6 131/1/6
f 239/3/1 238/2/1 237/1/1
f 238/3/1 239/2/1 240/1/1
f 241/3/2 239/2/2 237/1/2
f 239/3/2 241/2/2 242/1/2
f 243/5/3 238/5/3 240/189/3
f 238/5/3 243/5/3 244/190/3
f 243/5/4 241/5/4 244/191/4
f 241/5/4 243/5/4 242/192/4
f 241/5/5 238/5/5 244/193/5
f 238/5/5 241/5/5 237/194/5
f 239/2/6 243/3/6 240/11/6
f 243/3/6 239/2/6 242/1/6
f 247/3/1 246/2/1 245/1/1
f 246/3/1 247/2/1 248/1/1
f 153/3/2 247/2/2 245/1/2
f 247/3/2 153/2/2 155/1/2
f 156/123/3 246/5/3 248/195/3
f 246/5/3 156/123/3 154/5/3
f 156/5/4 153/5/4 154/196/4
f 153/5/4 156/5/4 155/197/4
f 153/128/5 246/5/5 154/5/5
f 246/5/5 153/128/5 245/198/5
f 247/2/6 156/3/6 248/11/6
f 156/3/6 247/2/6 155/1/6
f 158/3/1 160/2/1 157/1/1
f 160/3/1 158/2/1 159/1/1
f 161/3/2 158/2/2 157/1/2
f 158/3/2 161/2/2 163/1/2
f 164/129/3 160/124/3 159/5/3
f 160/124/3 164/129/3 162/5/3
f 164/5/4 161/5/4 162/199/4
f 161/5/4 164/5/4 163/200/4
f 161/134/5 160/127/5 162/5/5
f 160/127/5 161/134/5 157/5/5
f 158/2/6 164/3/6 159/11/6
f 164/3/6 158/2/6 163/1/6
f 251/3/1 250/2/1 249/1/1
f 250/3/1 251/2/1 252/1/1
f 253/3/2 251/2/2 249/1/2
f 251/3/2 253/2/2 254/1/2
f 255/5/3 250/5/3 252/201/3
f 250/5/3 255/5/3 256/202/3
f 255/5/4 253/5/4 256/203/4
f 253/5/4 255/5/4 254/204/4
f 253/5/5 250/5/5 256/205/5
f 250/5/5 253/5/5 249/206/5
f 251/2/6 255/3/6 252/11/6
f 255/3/6 251/2/6 254/1/6

usemtl color2

f 259/3/1 258/2/1 257/1/1
f 258/3/1 259/2/1 260/1/1
f 54/3/2 259/2/2 257/1/2
f 259/3/2 54/2/2 53/1/2
f 261/5/3 258/5/3 260/207/3
f 258/5/3 261/5/3 262/208/3
f 261/5/4 54/44/4 262/209/4
f 54/44/4 261/5/4 53/5/4
f 54/46/5 258/5/5 262/210/5
f 258/5/5 54/46/5 257/211/5
f 259/2/6 261/3/6 260/11/6
f 261/3/6 259/2/6 53/1/6
f 265/3/1 264/2/1 263/1/1
f 264/3/1 265/2/1 266/1/1
f 267/3/2 265/2/2 263/1/2
f 265/3/2 267/2/2 268/1/2
f 269/5/3 264/5/3 266/212/3
f 264/5/3 269/5/3 270/213/3
f 269/5/4 267/5/4 270/214/4
f 267/5/4 269/5/4 268/215/4
f 267/5/5 264/5/5 270/216/5
f 264/5/5 267/5/5 263/217/5
f 265/2/6 269/3/6 266/11/6
f 269/3/6 265/2/6 268/1/6
f 273/3/1 272/2/1 271/1/1
f 272/3/1 273/2/1 274/1/1
f 275/3/2 273/2/2 271/1/2
f 273/3/2 275/2/2 276/1/2
f 277/5/3 272/5/3 274/218/3
f 272/5/3 277/5/3 278/219/3
f 277/5/4 275/5/4 278/220/4
f 275/5/4 277/5/4 276/221/4
f 275/5/5 272/5/5 278/222/5
f 272/5/5 275/5/5 271/223/5
f 273/2/6 277/3/6 274/11/6
f 277/3/6 273/2/6 276/1/6
f 281/3/1 280/2/1 279/1/1
f 280/3/1 281/2/1 282/1/1
f 283/3/2 281/2/2 279/1/2
f 281/3/2 283/2/2 284/1/2
f 285/5/3 280/5/3 282/224/3
f 280/5/3 285/5/3 286/225/3
f 285/5/4 283/5/4 286/226/4
f 283/5/4 285/5/4 284/227/4
f 283/5/5 280/5/5 286/228/5
f 280/5/5 283/5/5 279/229/5
f 281/2/6 285/3/6 282/11/6
f 285/3/6 281/2/6 284/1/6
f 289/3/1 288/2/1 287/1/1
f 288/3/1 289/2/1 290/1/1
f 291/3/2 289/2/2 287/1/2
f 289/3/2 291/2/2 292/1/2
f 293/5/3 288/5/3 290/230/3
f 288/5/3 293/5/3 294/231/3
f 293/5/4 291/5/4 294/232/4
f 291/5/4 293/5/4 292/233/4
f 291/5/5 288/5/5 294/234/5
f 288/5/5 291/5/5 287/235/5
f 289/2/6 293/3/6 290/11/6
f 293/3/6 289/2/6 292/1/6
f 297/3/1 296/2/1 295/1/1
f 296/3/1 297/2/1 298/1/1
f 299/3/2 297/2/2 295/1/2
f 297/3/2 299/2/2 300/1/2
f 301/5/3 296/5/3 298/236/3
f 296/5/3 301/5/3 302/237/3
f 301/5/4 299/5/4 302/238/4
f 299/5/4 301/5/4 300/239/4
f 299/5/5 296/5/5 302/240/5
f 296/5/5 299/5/5 295/241/5
f 297/2/6 301/3/6 298/11/6
f 301/3/6 297/2/6 300/1/6
f 305/3/1 304/2/1 303/1/1
f 304/3/1 305/2/1 306/1/1
f 307/3/2 305/2/2 303/1/2
f 305/3/2 307/2/2 308/1/2
f 309/5/3 304/5/3 306/242/3
f 304/5/3 309/5/3 310/243/3
f 309/5/4 307/5/4 310/244/4
f 307/5/4 309/5/4 308/245/4
f 307/5/5 304/5/5 310/246/5
f 304/5/5 307/5/5 303/247/5
f 305/2/6 309/3/6 306/11/6
f 309/3/6 305/2/6 308/1/6
f 313/3/1 312/2/1 311/1/1
f 312/3/1 313/2/1 314/1/1
f 315/3/2 313/2/2 311/1/2
f 313/3/2 315/2/2 316/1/2
f 317/5/3 312/5/3 314/248/3
f 312/5/3 317/5/3 318/249/3
f 317/5/4 315/5/4 318/250/4
f 315/5/4 317/5/4 316/251/4
f 315/5/5 312/5/5 318/252/5
f 312/5/5 315/5/5 311/253/5
f 313/2/6 317/3/6 314/11/6
f 317/3/6 313/2/6 316/1/6
f 321/3/1 320/2/1 319/1/1
f 320/3/1 321/2/1 322/1/1
f 323/3/2 321/2/2 319/1/2
f 321/3/2 323/2/2 324/1/2
f 325/5/3 320/5/3 322/254/3
f 320/5/3 325/5/3 326/255/3
f 325/5/4 323/5/4 326/256/4
f 323/5/4 325/5/4 324/257/4
f 323/5/5 320/5/5 326/258/5
f 320/5/5 323/5/5 319/259/5
f 321/2/6 325/3/6 322/11/6
f 325/3/6 321/2/6 324/1/6
f 329/3/1 328/2/1 327/1/1
f 328/3/1 329/2/1 330/1/1
f 331/3/2 329/2/2 327/1/2
f 329/3/2 331/2/2 332/1/2
f 333/5/3 328/5/3 330/260/3
f 328/5/3 333/5/3 334/261/3
f 333/5/4 331/5/4 334/262/4
f 331/5/4 333/5/4 332/263/4
f 331/5/5 328/5/5 334/264/5
f 328/5/5 331/5/5 327/265/5
f 329/2/6 333/3/6 330/11/6
f 333/3/6 329/2/6 332/1/6
f 337/3/1 336/2/1 335/1/1
f 336/3/1 337/2/1 338/1/1
f 339/3/2 337/2/2 335/1/2
f 337/3/2 339/2/2 340/1/2
f 341/5/3 336/5/3 338/266/3
f 336/5/3 341/5/3 342/267/3
f 341/5/4 339/5/4 342/268/4
f 339/5/4 341/5/4 340/269/4
f 339/5/5 336/5/5 342/270/5
f 336/5/5 339/5/5 335/271/5
f 337/2/6 341/3/6 338/11/6
f 341/3/6 337/2/6 340/1/6
f 345/3/1 344/2/1 343/1/1
f 344/3/1 345/2/1 346/1/1
f 347/3/2 345/2/2 343/1/2
f 345/3/2 347/2/2 348/1/2
f 349/5/3 344/5/3 346/272/3
f 344/5/3 349/5/3 350/273/3
f 349/5/4 347/5/4 350/274/4
f 347/5/4 349/5/4 348/275/4
f 347/5/5 344/5/5 350/276/5
f 344/5/5 347/5/5 343/277/5
f 345/2/6 349/3/6 346/11/6
f 349/3/6 345/2/6 348/1/6
f 333/3/1 351/2/1 334/1/1
f 351/3/1 333/2/1 352/1/1
f 353/3/2 333/2/2 334/1/2
f 333/3/2 353/2/2 354/1/2
f 355/5/3 351/5/3 352/278/3
f 351/5/3 355/5/3 356/279/3
f 355/5/4 353/5/4 356/280/4
f 353/5/4 355/5/4 354/281/4
f 353/5/5 351/5/5 356/282/5
f 351/5/5 353/5/5 334/264/5
f 333/2/6 355/3/6 352/11/6
f 355/3/6 333/2/6 354/1/6
f 358/3/1 342/2/1 357/1/1
f 342/3/1 358/2/1 341/1/1
f 344/3/2 358/2/2 357/1/2
f 358/3/2 344/2/2 346/1/2
f 359/5/3 342/267/3 341/5/3
f 342/267/3 359/5/3 360/283/3
f 359/5/4 344/5/4 360/284/4
f 344/5/4 359/5/4 346/285/4
f 344/5/5 342/270/5 360/286/5
f 342/270/5 344/5/5 357/287/5
f 358/2/6 359/3/6 341/11/6
f 359/3/6 358/2/6 346/1/6
f 26/3/1 361/2/1 24/1/1
f 361/3/1 26/2/1 362/1/1
f 30/3/2 26/2/2 24/1/2
f 26/3/2 30/2/2 29/1/2
f 363/5/3 361/5/3 362/288/3
f 361/5/3 363/5/3 364/289/3
f 363/5/4 30/26/4 364/290/4
f 30/26/4 363/5/4 29/5/4
f 30/28/5 361/5/5 364/291/5
f 361/5/5 30/28/5 24/5/5
f 26/2/6 363/3/6 362/11/6
f 363/3/6 26/2/6 29/1/6
f 34/3/1 365/2/1 32/1/1
f 365/3/1 34/2/1 366/1/1
f 38/3/2 34/2/2 32/1/2
f 34/3/2 38/2/2 37/1/2
f 367/5/3 365/5/3 366/292/3
f 365/5/3 367/5/3 368/293/3
f 367/5/4 38/32/4 368/294/4
f 38/32/4 367/5/4 37/5/4
f 38/34/5 365/5/5 368/295/5
f 365/5/5 38/34/5 32/5/5
f 34/2/6 367/3/6 366/11/6
f 367/3/6 34/2/6 37/1/6
f 371/3/1 370/2/1 369/1/1
f 370/3/1 371/2/1 372/1/1
f 373/3/2 371/2/2 369/1/2
f 371/3/2 373/2/2 374/1/2
f 375/5/3 370/5/3 372/296/3
f 370/5/3 375/5/3 376/297/3
f 375/5/4 373/5/4 376/298/4
f 373/5/4 375/5/4 374/299/4
f 373/5/5 370/5/5 376/300/5
f 370/5/5 373/5/5 369/301/5
f 371/2/6 375/3/6 372/11/6
f 375/3/6 371/2/6 374/1/6
f 379/3/1 378/2/1 377/1/1
f 378/3/1 379/2/1 380/1/1
f 381/3/2 379/2/2 377/1/2
f 379/3/2 381/2/2 382/1/2
f 383/5/3 378/5/3 380/302/3
f 378/5/3 383/5/3 384/303/3
f 383/5/4 381/5/4 384/304/4
f 381/5/4 383/5/4 382/305/4
f 381/5/5 378/5/5 384/306/5
f 378/5/5 381/5/5 377/307/5
f 379/2/6 383/3/6 380/11/6
f 383/3/6 379/2/6 382/1/6
f 382/3/1 385/2/1 381/1/1
f 385/3/1 382/2/1 386/1/1
f 387/3/2 382/2/2 381/1/2
f 382/3/2 387/2/2 388/1/2
f 389/5/3 385/5/3 386/308/3
f 385/5/3 389/5/3 390/309/3
f 389/5/4 387/5/4 390/310/4
f 387/5/4 389/5/4 388/311/4
f 387/5/5 385/5/5 390/312/5
f 385/5/5 387/5/5 381/5/5
f 382/2/6 389/3/6 386/11/6
f 389/3/6 382/2/6 388/1/6
f 393/3/1 392/2/1 391/1/1
f 392/3/1 393/2/1 394/1/1
f 395/3/2 393/2/2 391/1/2
f 393/3/2 395/2/2 396/1/2
f 397/5/3 392/5/3 394/313/3
f 392/5/3 397/5/3 398/314/3
f 397/5/4 395/5/4 398/315/4
f 395/5/4 397/5/4 396/316/4
f 395/5/5 392/5/5 398/317/5
f 392/5/5 395/5/5 391/318/5
f 393/2/6 397/3/6 394/11/6
f 397/3/6 393/2/6 396/1/6
f 401/3/1 400/2/1 399/1/1
f 400/3/1 401/2/1 402/1/1
f 403/3/2 401/2/2 399/1/2
f 401/3/2 403/2/2 404/1/2
f 405/5/3 400/5/3 402/319/3
f 400/5/3 405/5/3 406/320/3
f 405/5/4 403/5/4 406/321/4
f 403/5/4 405/5/4 404/322/4
f 403/5/5 400/5/5 406/323/5
f 400/5/5 403/5/5 399/324/5
f 401/2/6 405/3/6 402/11/6
f 405/3/6 401/2/6 404/1/6
f 375/3/1 407/2/1 376/1/1
f 407/3/1 375/2/1 408/1/1
f 250/3/2 375/2/2 376/1/2
f 375/3/2 250/2/2 252/1/2
f 409/5/3 407/5/3 408/325/3
f 407/5/3 409/5/3 410/326/3
f 409/5/4 250/5/4 410/327/4
f 250/5/4 409/5/4 252/328/4
f 250/5/5 407/5/5 410/329/5
f 407/5/5 250/5/5 376/300/5
f 375/2/6 409/3/6 408/11/6
f 409/3/6 375/2/6 252/1/6
f 413/3/1 412/2/1 411/1/1
f 412/3/1 413/2/1 414/1/1
f 415/3/2 413/2/2 411/1/2
f 413/3/2 415/2/2 416/1/2
f 417/5/3 412/5/3 414/330/3
f 412/5/3 417/5/3 418/331/3
f 417/5/4 415/5/4 418/332/4
f 415/5/4 417/5/4 416/333/4
f 415/5/5 412/5/5 418/334/5
f 412/5/5 415/5/5 411/335/5
f 413/2/6 417/3/6 414/11/6
f 417/3/6 413/2/6 416/1/6
f 421/3/1 420/2/1 419/1/1
f 420/3/1 421/2/1 422/1/1
f 423/3/2 421/2/2 419/1/2
f 421/3/2 423/2/2 424/1/2
f 425/5/3 420/5/3 422/336/3
f 420/5/3 425/5/3 426/337/3
f 425/5/4 423/5/4 426/338/4
f 423/5/4 425/5/4 424/339/4
f 423/5/5 420/5/5 426/340/5
f 420/5/5 423/5/5 419/341/5
f 421/2/6 425/3/6 422/11/6
f 425/3/6 421/2/6 424/1/6
f 429/3/1 428/2/1 427/1/1
f 428/3/1 429/2/1 430/1/1
f 431/3/2 429/2/2 427/1/2
f 429/3/2 431/2/2 432/1/2
f 433/5/3 428/5/3 430/342/3
f 428/5/3 433/5/3 434/343/3
f 433/5/4 431/5/4 434/344/4
f 431/5/4 433/5/4 432/345/4
f 431/5/5 428/5/5 434/346/5
f 428/5/5 431/5/5 427/347/5
f 429/2/6 433/3/6 430/11/6
f 433/3/6 429/2/6 432/1/6
f 437/3/1 436/2/1 435/1/1
f 436/3/1 437/2/1 438/1/1
f 428/3/2 437/2/2 435/1/2
f 437/3/2 428/2/2 430/1/2
f 439/5/3 436/5/3 438/348/3
f 436/5/3 439/5/3 440/349/3
f 439/5/4 428/5/4 440/350/4
f 428/5/4 439/5/4 430/351/4
f 428/5/5 436/5/5 440/352/5
f 436/5/5 428/5/5 435/353/5
f 437/2/6 439/3/6 438/11/6
f 439/3/6 437/2/6 430/1/6
f 443/3/1 442/2/1 441/1/1
f 442/3/1 443/2/1 444/1/1
f 445/3/2 443/2/2 441/1/2
f 443/3/2 445/2/2 446/1/2
f 447/5/3 442/5/3 444/354/3
f 442/5/3 447/5/3 448/355/3
f 447/5/4 445/5/4 448/356/4
f 445/5/4 447/5/4 446/357/4
f 445/5/5 442/5/5 448/358/5
f 442/5/5 445/5/5 441/359/5
f 443/2/6 447/3/6 444/11/6
f 447/3/6 443/2/6 446/1/6
f 451/3/1 450/2/1 449/1/1
f 450/3/1 451/2/1 452/1/1
f 453/3/2 451/2/2 449/1/2
f 451/3/2 453/2/2 454/1/2
f 455/5/3 450/5/3 452/360/3
f 450/5/3 455/5/3 456/361/3
f 455/5/4 453/5/4 456/362/4
f 453/5/4 455/5/4 454/363/4
f 453/5/5 450/5/5 456/364/5
f 450/5/5 453/5/5 449/365/5
f 451/2/6 455/3/6 452/11/6
f 455/3/6 451/2/6 454/1/6
f 382/3/1 385/2/1 381/1/1
f 385/3/1 382/2/1 386/1/1
f 387/3/2 382/2/2 381/1/2
f 382/3/2 387/2/2 388/1/2
f 389/5/3 385/5/3 386/308/3
f 385/5/3 389/5/3 390/309/3
f 389/5/4 387/5/4 390/310/4
f 387/5/4 389/5/4 388/311/4
f 387/5/5 385/5/5 390/312/5
f 385/5/5 387/5/5 381/5/5
f 382/2/6 389/3/6 386/11/6
f 389/3/6 382/2/6 388/1/6

usemtl color30

f 459/3/1 458/2/1 457/1/1
f 458/3/1 459/2/1 460/1/1
f 461/3/2 459/2/2 457/1/2
f 459/3/2 461/2/2 462/1/2
f 463/5/3 458/5/3 460/366/3
f 458/5/3 463/5/3 464/367/3
f 463/5/4 461/5/4 464/368/4
f 461/5/4 463/5/4 462/369/4
f 461/5/5 458/5/5 464/370/5
f 458/5/5 461/5/5 457/371/5
f 459/2/6 463/3/6 460/11/6
f 463/3/6 459/2/6 462/1/6
f 467/3/1 466/2/1 465/1/1
f 466/3/1 467/2/1 468/1/1
f 469/3/2 467/2/2 465/1/2
f 467/3/2 469/2/2 470/1/2
f 471/5/3 466/5/3 468/372/3
f 466/5/3 471/5/3 472/373/3
f 471/5/4 469/5/4 472/374/4
f 469/5/4 471/5/4 470/375/4
f 469/5/5 466/5/5 472/376/5
f 466/5/5 469/5/5 465/377/5
f 467/2/6 471/3/6 468/11/6
f 471/3/6 467/2/6 470/1/6
f 284/3/1 286/2/1 283/1/1
f 286/3/1 284/2/1 285/1/1
f 473/3/2 284/2/2 283/1/2
f 284/3/2 473/2/2 474/1/2
f 475/5/3 286/225/3 285/5/3
f 286/225/3 475/5/3 476/378/3
f 475/5/4 473/5/4 476/379/4
f 473/5/4 475/5/4 474/380/4
f 473/5/5 286/228/5 476/381/5
f 286/228/5 473/5/5 283/5/5
f 284/2/6 475/3/6 285/11/6
f 475/3/6 284/2/6 474/1/6

usemtl color16

f 479/3/1 478/2/1 477/1/1
f 478/3/1 479/2/1 480/1/1
f 15/3/2 479/2/2 477/1/2
f 479/3/2 15/2/2 17/1/2
f 18/18/3 478/5/3 480/382/3
f 478/5/3 18/18/3 16/5/3
f 18/5/4 15/5/4 16/383/4
f 15/5/4 18/5/4 17/384/4
f 15/23/5 478/5/5 16/5/5
f 478/5/5 15/23/5 477/385/5
f 479/2/6 18/3/6 480/11/6
f 18/3/6 479/2/6 17/1/6
f 21/3/1 481/2/1 22/1/1
f 481/3/1 21/2/1 482/1/1
f 55/3/2 21/2/2 22/1/2
f 21/3/2 55/2/2 57/1/2
f 58/48/3 481/5/3 482/386/3
f 481/5/3 58/48/3 56/5/3
f 58/5/4 55/5/4 56/387/4
f 55/5/4 58/5/4 57/388/4
f 55/53/5 481/5/5 56/5/5
f 481/5/5 55/53/5 22/22/5
f 21/2/6 58/3/6 482/11/6
f 58/3/6 21/2/6 57/1/6
f 485/3/1 484/2/1 483/1/1
f 484/3/1 485/2/1 486/1/1
f 487/3/2 485/2/2 483/1/2
f 485/3/2 487/2/2 488/1/2
f 489/5/3 484/5/3 486/389/3
f 484/5/3 489/5/3 490/390/3
f 489/5/4 487/5/4 490/391/4
f 487/5/4 489/5/4 488/392/4
f 487/5/5 484/5/5 490/393/5
f 484/5/5 487/5/5 483/394/5
f 485/2/6 489/3/6 486/11/6
f 489/3/6 485/2/6 488/1/6
f 493/3/1 492/2/1 491/1/1
f 492/3/1 493/2/1 494/1/1
f 495/3/2 493/2/2 491/1/2
f 493/3/2 495/2/2 496/1/2
f 497/5/3 492/5/3 494/395/3
f 492/5/3 497/5/3 498/396/3
f 497/5/4 495/5/4 498/397/4
f 495/5/4 497/5/4 496/398/4
f 495/5/5 492/5/5 498/399/5
f 492/5/5 495/5/5 491/400/5
f 493/2/6 497/3/6 494/11/6
f 497/3/6 493/2/6 496/1/6
f 496/3/1 499/2/1 495/1/1
f 499/3/1 496/2/1 500/1/1
f 501/3/2 496/2/2 495/1/2
f 496/3/2 501/2/2 502/1/2
f 503/5/3 499/5/3 500/401/3
f 499/5/3 503/5/3 504/402/3
f 503/5/4 501/5/4 504/403/4
f 501/5/4 503/5/4 502/404/4
f 501/5/5 499/5/5 504/405/5
f 499/5/5 501/5/5 495/5/5
f 496/2/6 503/3/6 500/11/6
f 503/3/6 496/2/6 502/1/6
f 496/3/1 499/2/1 495/1/1
f 499/3/1 496/2/1 500/1/1
f 501/3/2 496/2/2 495/1/2
f 496/3/2 501/2/2 502/1/2
f 503/5/3 499/5/3 500/401/3
f 499/5/3 503/5/3 504/402/3
f 503/5/4 501/5/4 504/403/4
f 501/5/4 503/5/4 502/404/4
f 501/5/5 499/5/5 504/405/5
f 499/5/5 501/5/5 495/5/5
f 496/2/6 503/3/6 500/11/6
f 503/3/6 496/2/6 502/1/6

usemtl color5

f 507/3/1 506/2/1 505/1/1
f 506/3/1 507/2/1 508/1/1
f 509/3/2 507/2/2 505/1/2
f 507/3/2 509/2/2 510/1/2
f 511/5/3 506/5/3 508/406/3
f 506/5/3 511/5/3 512/407/3
f 511/5/4 509/5/4 512/408/4
f 509/5/4 511/5/4 510/409/4
f 509/5/5 506/5/5 512/410/5
f 506/5/5 509/5/5 505/411/5
f 507/2/6 511/3/6 508/11/6
f 511/3/6 507/2/6 510/1/6
f 276/3/1 278/2/1 275/1/1
f 278/3/1 276/2/1 277/1/1
f 279/3/2 276/2/2 275/1/2
f 276/3/2 279/2/2 281/1/2
f 282/224/3 278/219/3 277/5/3
f 278/219/3 282/224/3 280/5/3
f 282/5/4 279/5/4 280/412/4
f 279/5/4 282/5/4 281/413/4
f 279/229/5 278/222/5 280/5/5
f 278/222/5 279/229/5 275/5/5
f 276/2/6 282/3/6 277/11/6
f 282/3/6 276/2/6 281/1/6
f 515/3/1 514/2/1 513/1/1
f 514/3/1 515/2/1 516/1/1
f 287/3/2 515/2/2 513/1/2
f 515/3/2 287/2/2 289/1/2
f 290/230/3 514/5/3 516/414/3
f 514/5/3 290/230/3 288/5/3
f 290/5/4 287/5/4 288/415/4
f 287/5/4 290/5/4 289/416/4
f 287/235/5 514/5/5 288/5/5
f 514/5/5 287/235/5 513/417/5
f 515/2/6 290/3/6 516/11/6
f 290/3/6 515/2/6 289/1/6
f 519/3/1 518/2/1 517/1/1
f 518/3/1 519/2/1 520/1/1
f 521/3/2 519/2/2 517/1/2
f 519/3/2 521/2/2 522/1/2
f 523/5/3 518/5/3 520/418/3
f 518/5/3 523/5/3 524/419/3
f 523/5/4 521/5/4 524/420/4
f 521/5/4 523/5/4 522/421/4
f 521/5/5 518/5/5 524/422/5
f 518/5/5 521/5/5 517/423/5
f 519/2/6 523/3/6 520/11/6
f 523/3/6 519/2/6 522/1/6
f 527/3/1 526/2/1 525/1/1
f 526/3/1 527/2/1 528/1/1
f 529/3/2 527/2/2 525/1/2
f 527/3/2 529/2/2 530/1/2
f 531/5/3 526/5/3 528/424/3
f 526/5/3 531/5/3 532/425/3
f 531/5/4 529/5/4 532/426/4
f 529/5/4 531/5/4 530/427/4
f 529/5/5 526/5/5 532/428/5
f 526/5/5 529/5/5 525/429/5
f 527/2/6 531/3/6 528/11/6
f 531/3/6 527/2/6 530/1/6
f 535/3/1 534/2/1 533/1/1
f 534/3/1 535/2/1 536/1/1
f 334/3/2 535/2/2 533/1/2
f 535/3/2 334/2/2 333/1/2
f 537/5/3 534/5/3 536/430/3
f 534/5/3 537/5/3 538/431/3
f 537/5/4 334/262/4 538/432/4
f 334/262/4 537/5/4 333/5/4
f 334/264/5 534/5/5 538/433/5
f 534/5/5 334/264/5 533/434/5
f 535/2/6 537/3/6 536/11/6
f 537/3/6 535/2/6 333/1/6
f 346/3/1 539/2/1 344/1/1
f 539/3/1 346/2/1 540/1/1
f 350/3/2 346/2/2 344/1/2
f 346/3/2 350/2/2 349/1/2
f 541/5/3 539/5/3 540/435/3
f 539/5/3 541/5/3 542/436/3
f 541/5/4 350/274/4 542/437/4
f 350/274/4 541/5/4 349/5/4
f 350/276/5 539/5/5 542/438/5
f 539/5/5 350/276/5 344/5/5
f 346/2/6 541/3/6 540/11/6
f 541/3/6 346/2/6 349/1/6
f 349/3/1 543/2/1 350/1/1
f 543/3/1 349/2/1 544/1/1
f 545/3/2 349/2/2 350/1/2
f 349/3/2 545/2/2 546/1/2
f 235/5/3 543/5/3 544/439/3
f 543/5/3 235/5/3 233/440/3
f 235/5/4 545/5/4 233/441/4
f 545/5/4 235/5/4 546/442/4
f 545/5/5 543/5/5 233/188/5
f 543/5/5 545/5/5 350/276/5
f 349/2/6 235/3/6 544/11/6
f 235/3/6 349/2/6 546/1/6
f 549/3/1 548/2/1 547/1/1
f 548/3/1 549/2/1 550/1/1
f 551/3/2 549/2/2 547/1/2
f 549/3/2 551/2/2 552/1/2
f 553/5/3 548/5/3 550/443/3
f 548/5/3 553/5/3 554/444/3
f 553/5/4 551/5/4 554/445/4
f 551/5/4 553/5/4 552/446/4
f 551/5/5 548/5/5 554/447/5
f 548/5/5 551/5/5 547/448/5
f 549/2/6 553/3/6 550/11/6
f 553/3/6 549/2/6 552/1/6
f 557/3/1 556/2/1 555/1/1
f 556/3/1 557/2/1 558/1/1
f 85/3/2 557/2/2 555/1/2
f 557/3/2 85/2/2 87/1/2
f 88/71/3 556/5/3 558/449/3
f 556/5/3 88/71/3 86/5/3
f 88/5/4 85/5/4 86/450/4
f 85/5/4 88/5/4 87/451/4
f 85/76/5 556/5/5 86/5/5
f 556/5/5 85/76/5 555/452/5
f 557/2/6 88/3/6 558/11/6
f 88/3/6 557/2/6 87/1/6
f 338/3/1 356/2/1 336/1/1
f 356/3/1 338/2/1 355/1/1
f 360/3/2 338/2/2 336/1/2
f 338/3/2 360/2/2 359/1/2
f 540/435/3 356/279/3 355/5/3
f 356/279/3 540/435/3 539/5/3
f 540/5/4 360/284/4 539/453/4
f 360/284/4 540/5/4 359/5/4
f 360/286/5 356/282/5 539/5/5
f 356/282/5 360/286/5 336/5/5
f 338/2/6 540/3/6 355/11/6
f 540/3/6 338/2/6 359/1/6
f 352/3/1 559/2/1 351/1/1
f 559/3/1 352/2/1 560/1/1
f 356/3/2 352/2/2 351/1/2
f 352/3/2 356/2/2 355/1/2
f 561/5/3 559/5/3 560/454/3
f 559/5/3 561/5/3 562/455/3
f 561/5/4 356/280/4 562/456/4
f 356/280/4 561/5/4 355/5/4
f 356/282/5 559/5/5 562/457/5
f 559/5/5 356/282/5 351/5/5
f 352/2/6 561/3/6 560/11/6
f 561/3/6 352/2/6 355/1/6
f 565/3/1 564/2/1 563/1/1
f 564/3/1 565/2/1 566/1/1
f 567/3/2 565/2/2 563/1/2
f 565/3/2 567/2/2 568/1/2
f 569/5/3 564/5/3 566/458/3
f 564/5/3 569/5/3 570/459/3
f 569/5/4 567/5/4 570/460/4
f 567/5/4 569/5/4 568/461/4
f 567/5/5 564/5/5 570/462/5
f 564/5/5 567/5/5 563/463/5
f 565/2/6 569/3/6 566/11/6
f 569/3/6 565/2/6 568/1/6
f 573/3/1 572/2/1 571/1/1
f 572/3/1 573/2/1 574/1/1
f 575/3/2 573/2/2 571/1/2
f 573/3/2 575/2/2 576/1/2
f 577/5/3 572/5/3 574/464/3
f 572/5/3 577/5/3 578/465/3
f 577/5/4 575/5/4 578/466/4
f 575/5/4 577/5/4 576/467/4
f 575/5/5 572/5/5 578/468/5
f 572/5/5 575/5/5 571/469/5
f 573/2/6 577/3/6 574/11/6
f 577/3/6 573/2/6 576/1/6
f 581/3/1 580/2/1 579/1/1
f 580/3/1 581/2/1 582/1/1
f 411/3/2 581/2/2 579/1/2
f 581/3/2 411/2/2 413/1/2
f 414/330/3 580/5/3 582/470/3
f 580/5/3 414/330/3 412/5/3
f 414/5/4 411/5/4 412/471/4
f 411/5/4 414/5/4 413/472/4
f 411/335/5 580/5/5 412/5/5
f 580/5/5 411/335/5 579/473/5
f 581/2/6 414/3/6 582/11/6
f 414/3/6 581/2/6 413/1/6
f 585/3/1 584/2/1 583/1/1
f 584/3/1 585/2/1 586/1/1
f 93/3/2 585/2/2 583/1/2
f 585/3/2 93/2/2 95/1/2
f 96/77/3 584/5/3 586/474/3
f 584/5/3 96/77/3 94/5/3
f 96/5/4 93/5/4 94/475/4
f 93/5/4 96/5/4 95/476/4
f 93/82/5 584/5/5 94/5/5
f 584/5/5 93/82/5 583/477/5
f 585/2/6 96/3/6 586/11/6
f 96/3/6 585/2/6 95/1/6
f 589/3/1 588/2/1 587/1/1
f 588/3/1 589/2/1 590/1/1
f 591/3/2 589/2/2 587/1/2
f 589/3/2 591/2/2 592/1/2
f 593/5/3 588/5/3 590/478/3
f 588/5/3 593/5/3 594/479/3
f 593/5/4 591/5/4 594/480/4
f 591/5/4 593/5/4 592/481/4
f 591/5/5 588/5/5 594/482/5
f 588/5/5 591/5/5 587/483/5
f 589/2/6 593/3/6 590/11/6
f 593/3/6 589/2/6 592/1/6
f 597/3/1 596/2/1 595/1/1
f 596/3/1 597/2/1 598/1/1
f 599/3/2 597/2/2 595/1/2
f 597/3/2 599/2/2 600/1/2
f 601/5/3 596/5/3 598/484/3
f 596/5/3 601/5/3 602/485/3
f 601/5/4 599/5/4 602/486/4
f 599/5/4 601/5/4 600/487/4
f 599/5/5 596/5/5 602/488/5
f 596/5/5 599/5/5 595/489/5
f 597/2/6 601/3/6 598/11/6
f 601/3/6 597/2/6 600/1/6
f 604/3/1 441/2/1 603/1/1
f 441/3/1 604/2/1 443/1/1
f 588/3/2 604/2/2 603/1/2
f 604/3/2 588/2/2 590/1/2
f 446/5/3 441/5/3 443/490/3
f 441/5/3 446/5/3 445/491/3
f 446/357/4 588/5/4 445/5/4
f 588/5/4 446/357/4 590/492/4
f 588/5/5 441/359/5 445/5/5
f 441/359/5 588/5/5 603/493/5
f 604/2/6 446/3/6 443/11/6
f 446/3/6 604/2/6 590/1/6
f 606/3/1 449/2/1 605/1/1
f 449/3/1 606/2/1 451/1/1
f 607/3/2 606/2/2 605/1/2
f 606/3/2 607/2/2 608/1/2
f 454/5/3 449/5/3 451/494/3
f 449/5/3 454/5/3 453/495/3
f 454/363/4 607/5/4 453/5/4
f 607/5/4 454/363/4 608/496/4
f 607/5/5 449/365/5 453/5/5
f 449/365/5 607/5/5 605/497/5
f 606/2/6 454/3/6 451/11/6
f 454/3/6 606/2/6 608/1/6
f 349/3/1 543/2/1 350/1/1
f 543/3/1 349/2/1 544/1/1
f 545/3/2 349/2/2 350/1/2
f 349/3/2 545/2/2 546/1/2
f 235/5/3 543/5/3 544/439/3
f 543/5/3 235/5/3 233/440/3
f 235/5/4 545/5/4 233/441/4
f 545/5/4 235/5/4 546/442/4
f 545/5/5 543/5/5 233/188/5
f 543/5/5 545/5/5 350/276/5
f 349/2/6 235/3/6 544/11/6
f 235/3/6 349/2/6 546/1/6

usemtl color18

f 474/3/1 476/2/1 473/1/1
f 476/3/1 474/2/1 475/1/1
f 513/3/2 474/2/2 473/1/2
f 474/3/2 513/2/2 515/1/2
f 516/414/3 476/378/3 475/5/3
f 476/378/3 516/414/3 514/5/3
f 516/5/4 513/5/4 514/498/4
f 513/5/4 516/5/4 515/499/4
f 513/417/5 476/381/5 514/5/5
f 476/381/5 513/417/5 473/5/5
f 474/2/6 516/3/6 475/11/6
f 516/3/6 474/2/6 515/1/6
f 292/3/1 294/2/1 291/1/1
f 294/3/1 292/2/1 293/1/1
f 295/3/2 292/2/2 291/1/2
f 292/3/2 295/2/2 297/1/2
f 298/236/3 294/231/3 293/5/3
f 294/231/3 298/236/3 296/5/3
f 298/5/4 295/5/4 296/500/4
f 295/5/4 298/5/4 297/501/4
f 295/241/5 294/234/5 296/5/5
f 294/234/5 295/241/5 291/5/5
f 292/2/6 298/3/6 293/11/6
f 298/3/6 292/2/6 297/1/6
f 610/3/1 373/2/1 609/1/1
f 373/3/1 610/2/1 374/1/1
f 611/3/2 610/2/2 609/1/2
f 610/3/2 611/2/2 612/1/2
f 251/5/3 373/5/3 374/502/3
f 373/5/3 251/5/3 249/503/3
f 251/5/4 611/5/4 249/504/4
f 611/5/4 251/5/4 612/505/4
f 611/5/5 373/5/5 249/206/5
f 373/5/5 611/5/5 609/506/5
f 610/2/6 251/3/6 374/11/6
f 251/3/6 610/2/6 612/1/6
f 612/3/1 613/2/1 611/1/1
f 613/3/1 612/2/1 614/1/1
f 615/3/2 612/2/2 611/1/2
f 612/3/2 615/2/2 616/1/2
f 617/5/3 613/5/3 614/507/3
f 613/5/3 617/5/3 618/508/3
f 617/5/4 615/5/4 618/509/4
f 615/5/4 617/5/4 616/510/4
f 615/5/5 613/5/5 618/511/5
f 613/5/5 615/5/5 611/5/5
f 612/2/6 617/3/6 614/11/6
f 617/3/6 612/2/6 616/1/6
f 621/3/1 620/2/1 619/1/1
f 620/3/1 621/2/1 622/1/1
f 618/3/2 621/2/2 619/1/2
f 621/3/2 618/2/2 617/1/2
f 623/5/3 620/5/3 622/512/3
f 620/5/3 623/5/3 624/513/3
f 623/5/4 618/509/4 624/514/4
f 618/509/4 623/5/4 617/5/4
f 618/511/5 620/5/5 624/515/5
f 620/5/5 618/511/5 619/516/5
f 621/2/6 623/3/6 622/11/6
f 623/3/6 621/2/6 617/1/6
f 240/3/1 625/2/1 238/1/1
f 625/3/1 240/2/1 626/1/1
f 244/3/2 240/2/2 238/1/2
f 240/3/2 244/2/2 243/1/2
f 627/5/3 625/5/3 626/517/3
f 625/5/3 627/5/3 628/518/3
f 627/5/4 244/191/4 628/519/4
f 244/191/4 627/5/4 243/5/4
f 244/193/5 625/5/5 628/520/5
f 625/5/5 244/193/5 238/5/5
f 240/2/6 627/3/6 626/11/6
f 627/3/6 240/2/6 243/1/6
f 396/3/1 398/2/1 395/1/1
f 398/3/1 396/2/1 397/1/1
f 629/3/2 396/2/2 395/1/2
f 396/3/2 629/2/2 630/1/2
f 631/5/3 398/314/3 397/5/3
f 398/314/3 631/5/3 632/521/3
f 631/5/4 629/5/4 632/522/4
f 629/5/4 631/5/4 630/523/4
f 629/5/5 398/317/5 632/524/5
f 398/317/5 629/5/5 395/5/5
f 396/2/6 631/3/6 397/11/6
f 631/3/6 396/2/6 630/1/6
f 635/3/1 634/2/1 633/1/1
f 634/3/1 635/2/1 636/1/1
f 637/3/2 635/2/2 633/1/2
f 635/3/2 637/2/2 638/1/2
f 639/5/3 634/5/3 636/525/3
f 634/5/3 639/5/3 640/526/3
f 639/5/4 637/5/4 640/527/4
f 637/5/4 639/5/4 638/528/4
f 637/5/5 634/5/5 640/529/5
f 634/5/5 637/5/5 633/530/5
f 635/2/6 639/3/6 636/11/6
f 639/3/6 635/2/6 638/1/6
f 643/3/1 642/2/1 641/1/1
f 642/3/1 643/2/1 644/1/1
f 645/3/2 643/2/2 641/1/2
f 643/3/2 645/2/2 646/1/2
f 647/5/3 642/5/3 644/531/3
f 642/5/3 647/5/3 648/532/3
f 647/5/4 645/5/4 648/533/4
f 645/5/4 647/5/4 646/534/4
f 645/5/5 642/5/5 648/535/5
f 642/5/5 645/5/5 641/536/5
f 643/2/6 647/3/6 644/11/6
f 647/3/6 643/2/6 646/1/6
f 612/3/1 613/2/1 611/1/1
f 613/3/1 612/2/1 614/1/1
f 615/3/2 612/2/2 611/1/2
f 612/3/2 615/2/2 616/1/2
f 617/5/3 613/5/3 614/507/3
f 613/5/3 617/5/3 618/508/3
f 617/5/4 615/5/4 618/509/4
f 615/5/4 617/5/4 616/510/4
f 615/5/5 613/5/5 618/511/5
f 613/5/5 615/5/5 611/5/5
f 612/2/6 617/3/6 614/11/6
f 617/3/6 612/2/6 616/1/6

usemtl color7

f 651/3/1 650/2/1 649/1/1
f 650/3/1 651/2/1 652/1/1
f 466/3/2 651/2/2 649/1/2
f 651/3/2 466/2/2 468/1/2
f 653/5/3 650/5/3 652/537/3
f 650/5/3 653/5/3 654/538/3
f 653/5/4 466/5/4 654/539/4
f 466/5/4 653/5/4 468/540/4
f 466/5/5 650/5/5 654/541/5
f 650/5/5 466/5/5 649/542/5
f 651/2/6 653/3/6 652/11/6
f 653/3/6 651/2/6 468/1/6
f 471/3/1 655/2/1 472/1/1
f 655/3/1 471/2/1 656/1/1
f 657/3/2 471/2/2 472/1/2
f 471/3/2 657/2/2 658/1/2
f 659/5/3 655/5/3 656/543/3
f 655/5/3 659/5/3 660/544/3
f 659/5/4 657/5/4 660/545/4
f 657/5/4 659/5/4 658/546/4
f 657/5/5 655/5/5 660/547/5
f 655/5/5 657/5/5 472/376/5
f 471/2/6 659/3/6 656/11/6
f 659/3/6 471/2/6 658/1/6
f 663/3/1 662/2/1 661/1/1
f 662/3/1 663/2/1 664/1/1
f 665/3/2 663/2/2 661/1/2
f 663/3/2 665/2/2 666/1/2
f 667/5/3 662/5/3 664/548/3
f 662/5/3 667/5/3 668/549/3
f 667/5/4 665/5/4 668/550/4
f 665/5/4 667/5/4 666/551/4
f 665/5/5 662/5/5 668/552/5
f 662/5/5 665/5/5 661/553/5
f 663/2/6 667/3/6 664/11/6
f 667/3/6 663/2/6 666/1/6
f 670/3/1 609/2/1 669/1/1
f 609/3/1 670/2/1 610/1/1
f 671/3/2 670/2/2 669/1/2
f 670/3/2 671/2/2 672/1/2
f 612/5/3 609/5/3 610/554/3
f 609/5/3 612/5/3 611/555/3
f 612/505/4 671/5/4 611/5/4
f 671/5/4 612/505/4 672/556/4
f 671/5/5 609/506/5 611/5/5
f 609/506/5 671/5/5 669/557/5
f 670/2/6 612/3/6 610/11/6
f 612/3/6 670/2/6 672/1/6
f 675/3/1 674/2/1 673/1/1
f 674/3/1 675/2/1 676/1/1
f 677/3/2 675/2/2 673/1/2
f 675/3/2 677/2/2 678/1/2
f 679/5/3 674/5/3 676/558/3
f 674/5/3 679/5/3 680/559/3
f 679/5/4 677/5/4 680/560/4
f 677/5/4 679/5/4 678/561/4
f 677/5/5 674/5/5 680/562/5
f 674/5/5 677/5/5 673/563/5
f 675/2/6 679/3/6 676/11/6
f 679/3/6 675/2/6 678/1/6
f 683/3/1 682/2/1 681/1/1
f 682/3/1 683/2/1 684/1/1
f 685/3/2 683/2/2 681/1/2
f 683/3/2 685/2/2 686/1/2
f 616/5/3 682/5/3 684/564/3
f 682/5/3 616/5/3 615/565/3
f 616/510/4 685/5/4 615/5/4
f 685/5/4 616/510/4 686/566/4
f 685/5/5 682/5/5 615/5/5
f 682/5/5 685/5/5 681/567/5
f 683/2/6 616/3/6 684/11/6
f 616/3/6 683/2/6 686/1/6
f 616/3/1 618/2/1 615/1/1
f 618/3/1 616/2/1 617/1/1
f 687/3/2 616/2/2 615/1/2
f 616/3/2 687/2/2 688/1/2
f 689/5/3 618/508/3 617/5/3
f 618/508/3 689/5/3 690/568/3
f 689/5/4 687/5/4 690/569/4
f 687/5/4 689/5/4 688/570/4
f 687/5/5 618/511/5 690/571/5
f 618/511/5 687/5/5 615/5/5
f 616/2/6 689/3/6 617/11/6
f 689/3/6 616/2/6 688/1/6
f 693/3/1 692/2/1 691/1/1
f 692/3/1 693/2/1 694/1/1
f 695/3/2 693/2/2 691/1/2
f 693/3/2 695/2/2 696/1/2
f 697/5/3 692/5/3 694/572/3
f 692/5/3 697/5/3 698/573/3
f 697/5/4 695/5/4 698/574/4
f 695/5/4 697/5/4 696/575/4
f 695/5/5 692/5/5 698/576/5
f 692/5/5 695/5/5 691/577/5
f 693/2/6 697/3/6 694/11/6
f 697/3/6 693/2/6 696/1/6
f 701/3/1 700/2/1 699/1/1
f 700/3/1 701/2/1 702/1/1
f 703/3/2 701/2/2 699/1/2
f 701/3/2 703/2/2 704/1/2
f 705/5/3 700/5/3 702/578/3
f 700/5/3 705/5/3 706/579/3
f 705/5/4 703/5/4 706/580/4
f 703/5/4 705/5/4 704/581/4
f 703/5/5 700/5/5 706/582/5
f 700/5/5 703/5/5 699/583/5
f 701/2/6 705/3/6 702/11/6
f 705/3/6 701/2/6 704/1/6
f 560/3/1 707/2/1 559/1/1
f 707/3/1 560/2/1 708/1/1
f 562/3/2 560/2/2 559/1/2
f 560/3/2 562/2/2 561/1/2
f 709/5/3 707/5/3 708/584/3
f 707/5/3 709/5/3 710/585/3
f 709/5/4 562/456/4 710/586/4
f 562/456/4 709/5/4 561/5/4
f 562/457/5 707/5/5 710/587/5
f 707/5/5 562/457/5 559/5/5
f 560/2/6 709/3/6 708/11/6
f 709/3/6 560/2/6 561/1/6
f 414/3/1 711/2/1 412/1/1
f 711/3/1 414/2/1 712/1/1
f 418/3/2 414/2/2 412/1/2
f 414/3/2 418/2/2 417/1/2
f 713/5/3 711/5/3 712/588/3
f 711/5/3 713/5/3 714/589/3
f 713/5/4 418/332/4 714/590/4
f 418/332/4 713/5/4 417/5/4
f 418/334/5 711/5/5 714/591/5
f 711/5/5 418/334/5 412/5/5
f 414/2/6 713/3/6 712/11/6
f 713/3/6 414/2/6 417/1/6
f 717/3/1 716/2/1 715/1/1
f 716/3/1 717/2/1 718/1/1
f 719/3/2 717/2/2 715/1/2
f 717/3/2 719/2/2 720/1/2
f 721/5/3 716/5/3 718/592/3
f 716/5/3 721/5/3 722/593/3
f 721/5/4 719/5/4 722/594/4
f 719/5/4 721/5/4 720/595/4
f 719/5/5 716/5/5 722/596/5
f 716/5/5 719/5/5 715/597/5
f 717/2/6 721/3/6 718/11/6
f 721/3/6 717/2/6 720/1/6
f 725/3/1 724/2/1 723/1/1
f 724/3/1 725/2/1 726/1/1
f 727/3/2 725/2/2 723/1/2
f 725/3/2 727/2/2 728/1/2
f 729/5/3 724/5/3 726/598/3
f 724/5/3 729/5/3 730/599/3
f 729/5/4 727/5/4 730/600/4
f 727/5/4 729/5/4 728/601/4
f 727/5/5 724/5/5 730/602/5
f 724/5/5 727/5/5 723/603/5
f 725/2/6 729/3/6 726/11/6
f 729/3/6 725/2/6 728/1/6
f 733/3/1 732/2/1 731/1/1
f 732/3/1 733/2/1 734/1/1
f 735/3/2 733/2/2 731/1/2
f 733/3/2 735/2/2 736/1/2
f 737/5/3 732/5/3 734/604/3
f 732/5/3 737/5/3 738/605/3
f 737/5/4 735/5/4 738/606/4
f 735/5/4 737/5/4 736/607/4
f 735/5/5 732/5/5 738/608/5
f 732/5/5 735/5/5 731/609/5
f 733/2/6 737/3/6 734/11/6
f 737/3/6 733/2/6 736/1/6

usemtl color21

f 741/3/1 740/2/1 739/1/1
f 740/3/1 741/2/1 742/1/1
f 743/3/2 741/2/2 739/1/2
f 741/3/2 743/2/2 744/1/2
f 745/5/3 740/5/3 742/610/3
f 740/5/3 745/5/3 746/611/3
f 745/5/4 743/5/4 746/612/4
f 743/5/4 745/5/4 744/613/4
f 743/5/5 740/5/5 746/614/5
f 740/5/5 743/5/5 739/615/5
f 741/2/6 745/3/6 742/11/6
f 745/3/6 741/2/6 744/1/6
f 254/3/1 256/2/1 253/1/1
f 256/3/1 254/2/1 255/1/1
f 624/3/2 254/2/2 253/1/2
f 254/3/2 624/2/2 623/1/2
f 747/5/3 256/202/3 255/5/3
f 256/202/3 747/5/3 748/616/3
f 747/5/4 624/514/4 748/617/4
f 624/514/4 747/5/4 623/5/4
f 624/515/5 256/205/5 748/618/5
f 256/205/5 624/515/5 253/5/5
f 254/2/6 747/3/6 255/11/6
f 747/3/6 254/2/6 623/1/6
f 151/3/1 645/2/1 152/1/1
f 645/3/1 151/2/1 646/1/1
f 749/3/2 151/2/2 152/1/2
f 151/3/2 749/2/2 750/1/2
f 751/5/3 645/5/3 646/619/3
f 645/5/3 751/5/3 752/620/3
f 751/5/4 749/5/4 752/621/4
f 749/5/4 751/5/4 750/622/4
f 749/5/5 645/5/5 752/623/5
f 645/5/5 749/5/5 152/121/5
f 151/2/6 751/3/6 646/11/6
f 751/3/6 151/2/6 750/1/6
f 755/3/1 754/2/1 753/1/1
f 754/3/1 755/2/1 756/1/1
f 757/3/2 755/2/2 753/1/2
f 755/3/2 757/2/2 758/1/2
f 759/5/3 754/5/3 756/624/3
f 754/5/3 759/5/3 760/625/3
f 759/5/4 757/5/4 760/626/4
f 757/5/4 759/5/4 758/627/4
f 757/5/5 754/5/5 760/628/5
f 754/5/5 757/5/5 753/629/5
f 755/2/6 759/3/6 756/11/6
f 759/3/6 755/2/6 758/1/6
f 626/3/1 761/2/1 625/1/1
f 761/3/1 626/2/1 762/1/1
f 628/3/2 626/2/2 625/1/2
f 626/3/2 628/2/2 627/1/2
f 763/5/3 761/5/3 762/630/3
f 761/5/3 763/5/3 764/631/3
f 763/5/4 628/519/4 764/632/4
f 628/519/4 763/5/4 627/5/4
f 628/520/5 761/5/5 764/633/5
f 761/5/5 628/520/5 625/5/5
f 626/2/6 763/3/6 762/11/6
f 763/3/6 626/2/6 627/1/6

usemtl color3

f 767/3/1 766/2/1 765/1/1
f 766/3/1 767/2/1 768/1/1
f 769/3/2 767/2/2 765/1/2
f 767/3/2 769/2/2 770/1/2
f 175/5/3 766/5/3 768/634/3
f 766/5/3 175/5/3 173/635/3
f 175/5/4 769/5/4 173/636/4
f 769/5/4 175/5/4 770/637/4
f 769/5/5 766/5/5 173/144/5
f 766/5/5 769/5/5 765/638/5
f 767/2/6 175/3/6 768/11/6
f 175/3/6 767/2/6 770/1/6
f 773/3/1 772/2/1 771/1/1
f 772/3/1 773/2/1 774/1/1
f 517/3/2 773/2/2 771/1/2
f 773/3/2 517/2/2 519/1/2
f 520/418/3 772/5/3 774/639/3
f 772/5/3 520/418/3 518/5/3
f 520/5/4 517/5/4 518/640/4
f 517/5/4 520/5/4 519/641/4
f 517/423/5 772/5/5 518/5/5
f 772/5/5 517/423/5 771/642/5
f 773/2/6 520/3/6 774/11/6
f 520/3/6 773/2/6 519/1/6
f 522/3/1 524/2/1 521/1/1
f 524/3/1 522/2/1 523/1/1
f 775/3/2 522/2/2 521/1/2
f 522/3/2 775/2/2 776/1/2
f 777/5/3 524/419/3 523/5/3
f 524/419/3 777/5/3 778/643/3
f 777/5/4 775/5/4 778/644/4
f 775/5/4 777/5/4 776/645/4
f 775/5/5 524/422/5 778/646/5
f 524/422/5 775/5/5 521/5/5
f 522/2/6 777/3/6 523/11/6
f 777/3/6 522/2/6 776/1/6
f 777/3/1 779/2/1 778/1/1
f 779/3/1 777/2/1 780/1/1
f 181/3/2 777/2/2 778/1/2
f 777/3/2 181/2/2 183/1/2
f 184/145/3 779/5/3 780/647/3
f 779/5/3 184/145/3 182/5/3
f 184/5/4 181/5/4 182/648/4
f 181/5/4 184/5/4 183/649/4
f 181/150/5 779/5/5 182/5/5
f 779/5/5 181/150/5 778/646/5
f 777/2/6 184/3/6 780/11/6
f 184/3/6 777/2/6 183/1/6
f 80/3/1 391/2/1 79/1/1
f 391/3/1 80/2/1 393/1/1
f 84/3/2 80/2/2 79/1/2
f 80/3/2 84/2/2 83/1/2
f 396/5/3 391/5/3 393/650/3
f 391/5/3 396/5/3 395/651/3
f 396/316/4 84/68/4 395/5/4
f 84/68/4 396/316/4 83/5/4
f 84/70/5 391/318/5 395/5/5
f 391/318/5 84/70/5 79/5/5
f 80/2/6 396/3/6 393/11/6
f 396/3/6 80/2/6 83/1/6
f 88/3/1 399/2/1 86/1/1
f 399/3/1 88/2/1 401/1/1
f 781/3/2 88/2/2 86/1/2
f 88/3/2 781/2/2 782/1/2
f 783/5/3 399/5/3 401/652/3
f 399/5/3 783/5/3 784/653/3
f 783/5/4 781/5/4 784/654/4
f 781/5/4 783/5/4 782/655/4
f 781/5/5 399/324/5 784/656/5
f 399/324/5 781/5/5 86/5/5
f 88/2/6 783/3/6 401/11/6
f 783/3/6 88/2/6 782/1/6
f 787/3/1 786/2/1 785/1/1
f 786/3/1 787/2/1 788/1/1
f 789/3/2 787/2/2 785/1/2
f 787/3/2 789/2/2 790/1/2
f 791/5/3 786/5/3 788/657/3
f 786/5/3 791/5/3 792/658/3
f 791/5/4 789/5/4 792/659/4
f 789/5/4 791/5/4 790/660/4
f 789/5/5 786/5/5 792/661/5
f 786/5/5 789/5/5 785/662/5
f 787/2/6 791/3/6 788/11/6
f 791/3/6 787/2/6 790/1/6
f 96/3/1 793/2/1 94/1/1
f 793/3/1 96/2/1 794/1/1
f 419/3/2 96/2/2 94/1/2
f 96/3/2 419/2/2 421/1/2
f 422/336/3 793/5/3 794/663/3
f 793/5/3 422/336/3 420/5/3
f 422/5/4 419/5/4 420/664/4
f 419/5/4 422/5/4 421/665/4
f 419/341/5 793/5/5 420/5/5
f 793/5/5 419/341/5 94/5/5
f 96/2/6 422/3/6 794/11/6
f 422/3/6 96/2/6 421/1/6
f 797/3/1 796/2/1 795/1/1
f 796/3/1 797/2/1 798/1/1
f 799/3/2 797/2/2 795/1/2
f 797/3/2 799/2/2 800/1/2
f 801/5/3 796/5/3 798/666/3
f 796/5/3 801/5/3 802/667/3
f 801/5/4 799/5/4 802/668/4
f 799/5/4 801/5/4 800/669/4
f 799/5/5 796/5/5 802/670/5
f 796/5/5 799/5/5 795/671/5
f 797/2/6 801/3/6 798/11/6
f 801/3/6 797/2/6 800/1/6
f 432/3/1 434/2/1 431/1/1
f 434/3/1 432/2/1 433/1/1
f 803/3/2 432/2/2 431/1/2
f 432/3/2 803/2/2 804/1/2
f 805/5/3 434/343/3 433/5/3
f 434/343/3 805/5/3 806/672/3
f 805/5/4 803/5/4 806/673/4
f 803/5/4 805/5/4 804/674/4
f 803/5/5 434/346/5 806/675/5
f 434/346/5 803/5/5 431/5/5
f 432/2/6 805/3/6 433/11/6
f 805/3/6 432/2/6 804/1/6
f 430/3/1 440/2/1 428/1/1
f 440/3/1 430/2/1 439/1/1
f 434/3/2 430/2/2 428/1/2
f 430/3/2 434/2/2 433/1/2
f 807/5/3 440/349/3 439/5/3
f 440/349/3 807/5/3 808/676/3
f 807/5/4 434/344/4 808/677/4
f 434/344/4 807/5/4 433/5/4
f 434/346/5 440/352/5 808/678/5
f 440/352/5 434/346/5 428/5/5
f 430/2/6 807/3/6 439/11/6
f 807/3/6 430/2/6 433/1/6
f 438/3/1 809/2/1 436/1/1
f 809/3/1 438/2/1 810/1/1
f 440/3/2 438/2/2 436/1/2
f 438/3/2 440/2/2 439/1/2
f 811/5/3 809/5/3 810/679/3
f 809/5/3 811/5/3 812/680/3
f 811/5/4 440/350/4 812/681/4
f 440/350/4 811/5/4 439/5/4
f 440/352/5 809/5/5 812/682/5
f 809/5/5 440/352/5 436/5/5
f 438/2/6 811/3/6 810/11/6
f 811/3/6 438/2/6 439/1/6

usemtl color19

f 815/3/1 814/2/1 813/1/1
f 814/3/1 815/2/1 816/1/1
f 817/3/2 815/2/2 813/1/2
f 815/3/2 817/2/2 818/1/2
f 819/5/3 814/5/3 816/683/3
f 814/5/3 819/5/3 820/684/3
f 819/5/4 817/5/4 820/685/4
f 817/5/4 819/5/4 818/686/4
f 817/5/5 814/5/5 820/687/5
f 814/5/5 817/5/5 813/688/5
f 815/2/6 819/3/6 816/11/6
f 819/3/6 815/2/6 818/1/6
f 823/3/1 822/2/1 821/1/1
f 822/3/1 823/2/1 824/1/1
f 825/3/2 823/2/2 821/1/2
f 823/3/2 825/2/2 826/1/2
f 827/5/3 822/5/3 824/689/3
f 822/5/3 827/5/3 828/690/3
f 827/5/4 825/5/4 828/691/4
f 825/5/4 827/5/4 826/692/4
f 825/5/5 822/5/5 828/693/5
f 822/5/5 825/5/5 821/694/5
f 823/2/6 827/3/6 824/11/6
f 827/3/6 823/2/6 826/1/6
f 831/3/1 830/2/1 829/1/1
f 830/3/1 831/2/1 832/1/1
f 833/3/2 831/2/2 829/1/2
f 831/3/2 833/2/2 834/1/2
f 835/5/3 830/5/3 832/695/3
f 830/5/3 835/5/3 836/696/3
f 835/5/4 833/5/4 836/697/4
f 833/5/4 835/5/4 834/698/4
f 833/5/5 830/5/5 836/699/5
f 830/5/5 833/5/5 829/700/5
f 831/2/6 835/3/6 832/11/6
f 835/3/6 831/2/6 834/1/6
f 819/3/1 837/2/1 820/1/1
f 837/3/1 819/2/1 838/1/1
f 197/3/2 819/2/2 820/1/2
f 819/3/2 197/2/2 199/1/2
f 200/157/3 837/5/3 838/701/3
f 837/5/3 200/157/3 198/5/3
f 200/5/4 197/5/4 198/702/4
f 197/5/4 200/5/4 199/703/4
f 197/162/5 837/5/5 198/5/5
f 837/5/5 197/162/5 820/687/5
f 819/2/6 200/3/6 838/11/6
f 200/3/6 819/2/6 199/1/6
f 841/3/1 840/2/1 839/1/1
f 840/3/1 841/2/1 842/1/1
f 843/3/2 841/2/2 839/1/2
f 841/3/2 843/2/2 844/1/2
f 845/5/3 840/5/3 842/704/3
f 840/5/3 845/5/3 846/705/3
f 845/5/4 843/5/4 846/706/4
f 843/5/4 845/5/4 844/707/4
f 843/5/5 840/5/5 846/708/5
f 840/5/5 843/5/5 839/709/5
f 841/2/6 845/3/6 842/11/6
f 845/3/6 841/2/6 844/1/6
f 849/3/1 848/2/1 847/1/1
f 848/3/1 849/2/1 850/1/1
f 851/3/2 849/2/2 847/1/2
f 849/3/2 851/2/2 852/1/2
f 853/5/3 848/5/3 850/710/3
f 848/5/3 853/5/3 854/711/3
f 853/5/4 851/5/4 854/712/4
f 851/5/4 853/5/4 852/713/4
f 851/5/5 848/5/5 854/714/5
f 848/5/5 851/5/5 847/715/5
f 849/2/6 853/3/6 850/11/6
f 853/3/6 849/2/6 852/1/6
f 195/3/1 855/2/1 196/1/1
f 855/3/1 195/2/1 856/1/1
f 121/3/2 195/2/2 196/1/2
f 195/3/2 121/2/2 123/1/2
f 124/99/3 855/5/3 856/716/3
f 855/5/3 124/99/3 122/5/3
f 124/5/4 121/5/4 122/717/4
f 121/5/4 124/5/4 123/718/4
f 121/104/5 855/5/5 122/5/5
f 855/5/5 121/104/5 196/155/5
f 195/2/6 124/3/6 856/11/6
f 124/3/6 195/2/6 123/1/6
f 845/3/1 857/2/1 846/1/1
f 857/3/1 845/2/1 858/1/1
f 137/3/2 845/2/2 846/1/2
f 845/3/2 137/2/2 139/1/2
f 140/111/3 857/5/3 858/719/3
f 857/5/3 140/111/3 138/5/3
f 140/5/4 137/5/4 138/720/4
f 137/5/4 140/5/4 139/721/4
f 137/116/5 857/5/5 138/5/5
f 857/5/5 137/116/5 846/708/5
f 845/2/6 140/3/6 858/11/6
f 140/3/6 845/2/6 139/1/6
f 232/3/1 859/2/1 230/1/1
f 859/3/1 232/2/1 860/1/1
f 120/3/2 232/2/2 230/1/2
f 232/3/2 120/2/2 119/1/2
f 861/5/3 859/5/3 860/722/3
f 859/5/3 861/5/3 862/723/3
f 861/5/4 120/95/4 862/724/4
f 120/95/4 861/5/4 119/5/4
f 120/97/5 859/5/5 862/725/5
f 859/5/5 120/97/5 230/5/5
f 232/2/6 861/3/6 860/11/6
f 861/3/6 232/2/6 119/1/6
f 236/3/1 863/2/1 234/1/1
f 863/3/1 236/2/1 864/1/1
f 136/3/2 236/2/2 234/1/2
f 236/3/2 136/2/2 135/1/2
f 865/5/3 863/5/3 864/726/3
f 863/5/3 865/5/3 866/727/3
f 865/5/4 136/107/4 866/728/4
f 136/107/4 865/5/4 135/5/4
f 136/109/5 863/5/5 866/729/5
f 863/5/5 136/109/5 234/5/5
f 236/2/6 865/3/6 864/11/6
f 865/3/6 236/2/6 135/1/6
f 248/3/1 867/2/1 246/1/1
f 867/3/1 248/2/1 868/1/1
f 160/3/2 248/2/2 246/1/2
f 248/3/2 160/2/2 159/1/2
f 869/5/3 867/5/3 868/730/3
f 867/5/3 869/5/3 870/731/3
f 869/5/4 160/125/4 870/732/4
f 160/125/4 869/5/4 159/5/4
f 160/127/5 867/5/5 870/733/5
f 867/5/5 160/127/5 246/5/5
f 248/2/6 869/3/6 868/11/6
f 869/3/6 248/2/6 159/1/6
f 164/3/1 871/2/1 162/1/1
f 871/3/1 164/2/1 872/1/1
f 873/3/2 164/2/2 162/1/2
f 164/3/2 873/2/2 874/1/2
f 875/5/3 871/5/3 872/734/3
f 871/5/3 875/5/3 876/735/3
f 875/5/4 873/5/4 876/736/4
f 873/5/4 875/5/4 874/737/4
f 873/5/5 871/5/5 876/738/5
f 871/5/5 873/5/5 162/5/5
f 164/2/6 875/3/6 872/11/6
f 875/3/6 164/2/6 874/1/6
f 879/3/1 878/2/1 877/1/1
f 878/3/1 879/2/1 880/1/1
f 862/3/2 879/2/2 877/1/2
f 879/3/2 862/2/2 861/1/2
f 881/5/3 878/5/3 880/739/3
f 878/5/3 881/5/3 882/740/3
f 881/5/4 862/724/4 882/741/4
f 862/724/4 881/5/4 861/5/4
f 862/725/5 878/5/5 882/742/5
f 878/5/5 862/725/5 877/743/5
f 879/2/6 881/3/6 880/11/6
f 881/3/6 879/2/6 861/1/6
f 885/3/1 884/2/1 883/1/1
f 884/3/1 885/2/1 886/1/1
f 866/3/2 885/2/2 883/1/2
f 885/3/2 866/2/2 865/1/2
f 887/5/3 884/5/3 886/744/3
f 884/5/3 887/5/3 888/745/3
f 887/5/4 866/728/4 888/746/4
f 866/728/4 887/5/4 865/5/4
f 866/729/5 884/5/5 888/747/5
f 884/5/5 866/729/5 883/748/5
f 885/2/6 887/3/6 886/11/6
f 887/3/6 885/2/6 865/1/6

usemtl color6

f 890/3/1 92/2/1 889/1/1
f 92/3/1 890/2/1 91/1/1
f 891/3/2 890/2/2 889/1/2
f 890/3/2 891/2/2 892/1/2
f 782/5/3 92/72/3 91/5/3
f 92/72/3 782/5/3 781/749/3
f 782/655/4 891/5/4 781/5/4
f 891/5/4 782/655/4 892/750/4
f 891/5/5 92/75/5 781/5/5
f 92/75/5 891/5/5 889/751/5
f 890/2/6 782/3/6 91/11/6
f 782/3/6 890/2/6 892/1/6
f 301/3/1 893/2/1 302/1/1
f 893/3/1 301/2/1 894/1/1
f 740/3/2 301/2/2 302/1/2
f 301/3/2 740/2/2 742/1/2
f 895/5/3 893/5/3 894/752/3
f 893/5/3 895/5/3 896/753/3
f 895/5/4 740/5/4 896/754/4
f 740/5/4 895/5/4 742/755/4
f 740/5/5 893/5/5 896/756/5
f 893/5/5 740/5/5 302/240/5
f 301/2/6 895/3/6 894/11/6
f 895/3/6 301/2/6 742/1/6
f 745/3/1 897/2/1 746/1/1
f 897/3/1 745/2/1 898/1/1
f 304/3/2 745/2/2 746/1/2
f 745/3/2 304/2/2 306/1/2
f 899/5/3 897/5/3 898/757/3
f 897/5/3 899/5/3 900/758/3
f 899/5/4 304/5/4 900/759/4
f 304/5/4 899/5/4 306/760/4
f 304/5/5 897/5/5 900/761/5
f 897/5/5 304/5/5 746/614/5
f 745/2/6 899/3/6 898/11/6
f 899/3/6 745/2/6 306/1/6
f 309/3/1 901/2/1 310/1/1
f 901/3/1 309/2/1 902/1/1
f 312/3/2 309/2/2 310/1/2
f 309/3/2 312/2/2 314/1/2
f 903/5/3 901/5/3 902/762/3
f 901/5/3 903/5/3 904/763/3
f 903/5/4 312/5/4 904/764/4
f 312/5/4 903/5/4 314/765/4
f 312/5/5 901/5/5 904/766/5
f 901/5/5 312/5/5 310/246/5
f 309/2/6 903/3/6 902/11/6
f 903/3/6 309/2/6 314/1/6
f 906/3/1 691/2/1 905/1/1
f 691/3/1 906/2/1 693/1/1
f 907/3/2 906/2/2 905/1/2
f 906/3/2 907/2/2 908/1/2
f 696/5/3 691/5/3 693/767/3
f 691/5/3 696/5/3 695/768/3
f 696/575/4 907/5/4 695/5/4
f 907/5/4 696/575/4 908/769/4
f 907/5/5 691/577/5 695/5/5
f 691/577/5 907/5/5 905/770/5
f 906/2/6 696/3/6 693/11/6
f 696/3/6 906/2/6 908/1/6
f 911/3/1 910/2/1 909/1/1
f 910/3/1 911/2/1 912/1/1
f 205/3/2 911/2/2 909/1/2
f 911/3/2 205/2/2 207/1/2
f 208/163/3 910/5/3 912/771/3
f 910/5/3 208/163/3 206/5/3
f 208/5/4 205/5/4 206/772/4
f 205/5/4 208/5/4 207/773/4
f 205/168/5 910/5/5 206/5/5
f 910/5/5 205/168/5 909/774/5
f 911/2/6 208/3/6 912/11/6
f 208/3/6 911/2/6 207/1/6
f 28/3/1 30/2/1 27/1/1
f 30/3/1 28/2/1 29/1/1
f 31/3/2 28/2/2 27/1/2
f 28/3/2 31/2/2 33/1/2
f 34/30/3 30/25/3 29/5/3
f 30/25/3 34/30/3 32/5/3
f 34/5/4 31/5/4 32/775/4
f 31/5/4 34/5/4 33/776/4
f 31/35/5 30/28/5 32/5/5
f 30/28/5 31/35/5 27/5/5
f 28/2/6 34/3/6 29/11/6
f 34/3/6 28/2/6 33/1/6
f 126/3/1 128/2/1 125/1/1
f 128/3/1 126/2/1 127/1/1
f 555/3/2 126/2/2 125/1/2
f 126/3/2 555/2/2 557/1/2
f 558/449/3 128/100/3 127/5/3
f 128/100/3 558/449/3 556/5/3
f 558/5/4 555/5/4 556/777/4
f 555/5/4 558/5/4 557/778/4
f 555/452/5 128/103/5 556/5/5
f 128/103/5 555/452/5 125/5/5
f 126/2/6 558/3/6 127/11/6
f 558/3/6 126/2/6 557/1/6
f 696/3/1 698/2/1 695/1/1
f 698/3/1 696/2/1 697/1/1
f 913/3/2 696/2/2 695/1/2
f 696/3/2 913/2/2 914/1/2
f 915/5/3 698/573/3 697/5/3
f 698/573/3 915/5/3 916/779/3
f 915/5/4 913/5/4 916/780/4
f 913/5/4 915/5/4 914/781/4
f 913/5/5 698/576/5 916/782/5
f 698/576/5 913/5/5 695/5/5
f 696/2/6 915/3/6 697/11/6
f 915/3/6 696/2/6 914/1/6
f 558/3/1 917/2/1 556/1/1
f 917/3/1 558/2/1 918/1/1
f 86/3/2 558/2/2 556/1/2
f 558/3/2 86/2/2 88/1/2
f 401/652/3 917/5/3 918/783/3
f 917/5/3 401/652/3 399/5/3
f 401/5/4 86/450/4 399/784/4
f 86/450/4 401/5/4 88/5/4
f 86/5/5 917/5/5 399/324/5
f 917/5/5 86/5/5 556/5/5
f 558/2/6 401/3/6 918/11/6
f 401/3/6 558/2/6 88/1/6
f 782/3/1 699/2/1 781/1/1
f 699/3/1 782/2/1 701/1/1
f 919/3/2 782/2/2 781/1/2
f 782/3/2 919/2/2 920/1/2
f 921/5/3 699/5/3 701/785/3
f 699/5/3 921/5/3 922/786/3
f 921/5/4 919/5/4 922/787/4
f 919/5/4 921/5/4 920/788/4
f 919/5/5 699/583/5 922/789/5
f 699/583/5 919/5/5 781/5/5
f 782/2/6 921/3/6 701/11/6
f 921/3/6 782/2/6 920/1/6
f 694/3/1 923/2/1 692/1/1
f 923/3/1 694/2/1 924/1/1
f 698/3/2 694/2/2 692/1/2
f 694/3/2 698/2/2 697/1/2
f 925/5/3 923/5/3 924/790/3
f 923/5/3 925/5/3 926/791/3
f 925/5/4 698/574/4 926/792/4
f 698/574/4 925/5/4 697/5/4
f 698/576/5 923/5/5 926/793/5
f 923/5/5 698/576/5 692/5/5
f 694/2/6 925/3/6 924/11/6
f 925/3/6 694/2/6 697/1/6
f 929/3/1 928/2/1 927/1/1
f 928/3/1 929/2/1 930/1/1
f 916/3/2 929/2/2 927/1/2
f 929/3/2 916/2/2 915/1/2
f 704/5/3 928/5/3 930/794/3
f 928/5/3 704/5/3 703/795/3
f 704/581/4 916/780/4 703/5/4
f 916/780/4 704/581/4 915/5/4
f 916/782/5 928/5/5 703/5/5
f 928/5/5 916/782/5 927/796/5
f 929/2/6 704/3/6 930/11/6
f 704/3/6 929/2/6 915/1/6
f 541/3/1 415/2/1 542/1/1
f 415/3/1 541/2/1 416/1/1
f 234/3/2 541/2/2 542/1/2
f 541/3/2 234/2/2 236/1/2
f 864/726/3 415/5/3 416/797/3
f 415/5/3 864/726/3 863/5/3
f 864/5/4 234/5/4 863/798/4
f 234/5/4 864/5/4 236/799/4
f 234/5/5 415/5/5 863/5/5
f 415/5/5 234/5/5 542/438/5
f 541/2/6 864/3/6 416/11/6
f 864/3/6 541/2/6 236/1/6
f 243/3/1 628/2/1 244/1/1
f 628/3/1 243/2/1 627/1/1
f 246/3/2 243/2/2 244/1/2
f 243/3/2 246/2/2 248/1/2
f 868/730/3 628/518/3 627/5/3
f 628/518/3 868/730/3 867/5/3
f 868/5/4 246/5/4 867/800/4
f 246/5/4 868/5/4 248/801/4
f 246/5/5 628/520/5 867/5/5
f 628/520/5 246/5/5 244/193/5
f 243/2/6 868/3/6 627/11/6
f 868/3/6 243/2/6 248/1/6
f 932/3/1 364/2/1 931/1/1
f 364/3/1 932/2/1 363/1/1
f 933/3/2 932/2/2 931/1/2
f 932/3/2 933/2/2 934/1/2
f 366/292/3 364/289/3 363/5/3
f 364/289/3 366/292/3 365/5/3
f 366/5/4 933/5/4 365/802/4
f 933/5/4 366/5/4 934/803/4
f 933/5/5 364/291/5 365/5/5
f 364/291/5 933/5/5 931/804/5
f 932/2/6 366/3/6 363/11/6
f 366/3/6 932/2/6 934/1/6
f 937/3/1 936/2/1 935/1/1
f 936/3/1 937/2/1 938/1/1
f 939/3/2 937/2/2 935/1/2
f 937/3/2 939/2/2 940/1/2
f 941/5/3 936/5/3 938/805/3
f 936/5/3 941/5/3 942/806/3
f 941/5/4 939/5/4 942/807/4
f 939/5/4 941/5/4 940/808/4
f 939/5/5 936/5/5 942/809/5
f 936/5/5 939/5/5 935/810/5
f 937/2/6 941/3/6 938/11/6
f 941/3/6 937/2/6 940/1/6
f 945/3/1 944/2/1 943/1/1
f 944/3/1 945/2/1 946/1/1
f 392/3/2 945/2/2 943/1/2
f 945/3/2 392/2/2 394/1/2
f 947/5/3 944/5/3 946/811/3
f 944/5/3 947/5/3 948/812/3
f 947/5/4 392/5/4 948/813/4
f 392/5/4 947/5/4 394/814/4
f 392/5/5 944/5/5 948/815/5
f 944/5/5 392/5/5 943/816/5
f 945/2/6 947/3/6 946/11/6
f 947/3/6 945/2/6 394/1/6
f 951/3/1 950/2/1 949/1/1
f 950/3/1 951/2/1 952/1/1
f 953/3/2 951/2/2 949/1/2
f 951/3/2 953/2/2 954/1/2
f 955/5/3 950/5/3 952/817/3
f 950/5/3 955/5/3 956/818/3
f 955/5/4 953/5/4 956/819/4
f 953/5/4 955/5/4 954/820/4
f 953/5/5 950/5/5 956/821/5
f 950/5/5 953/5/5 949/822/5
f 951/2/6 955/3/6 952/11/6
f 955/3/6 951/2/6 954/1/6
f 582/3/1 957/2/1 580/1/1
f 957/3/1 582/2/1 958/1/1
f 412/3/2 582/2/2 580/1/2
f 582/3/2 412/2/2 414/1/2
f 712/588/3 957/5/3 958/823/3
f 957/5/3 712/588/3 711/5/3
f 712/5/4 412/471/4 711/824/4
f 412/471/4 712/5/4 414/5/4
f 412/5/5 957/5/5 711/5/5
f 957/5/5 412/5/5 580/5/5
f 582/2/6 712/3/6 958/11/6
f 712/3/6 582/2/6 414/1/6
f 961/3/1 960/2/1 959/1/1
f 960/3/1 961/2/1 962/1/1
f 963/3/2 961/2/2 959/1/2
f 961/3/2 963/2/2 964/1/2
f 965/5/3 960/5/3 962/825/3
f 960/5/3 965/5/3 966/826/3
f 965/5/4 963/5/4 966/827/4
f 963/5/4 965/5/4 964/828/4
f 963/5/5 960/5/5 966/829/5
f 960/5/5 963/5/5 959/830/5
f 961/2/6 965/3/6 962/11/6
f 965/3/6 961/2/6 964/1/6
f 969/3/1 968/2/1 967/1/1
f 968/3/1 969/2/1 970/1/1
f 950/3/2 969/2/2 967/1/2
f 969/3/2 950/2/2 952/1/2
f 971/5/3 968/5/3 970/831/3
f 968/5/3 971/5/3 972/832/3
f 971/5/4 950/5/4 972/833/4
f 950/5/4 971/5/4 952/834/4
f 950/5/5 968/5/5 972/835/5
f 968/5/5 950/5/5 967/836/5
f 969/2/6 971/3/6 970/11/6
f 971/3/6 969/2/6 952/1/6
f 974/3/1 591/2/1 973/1/1
f 591/3/1 974/2/1 592/1/1
f 975/3/2 974/2/2 973/1/2
f 974/3/2 975/2/2 976/1/2
f 977/5/3 591/5/3 592/837/3
f 591/5/3 977/5/3 978/838/3
f 977/5/4 975/5/4 978/839/4
f 975/5/4 977/5/4 976/840/4
f 975/5/5 591/5/5 978/841/5
f 591/5/5 975/5/5 973/842/5
f 974/2/6 977/3/6 592/11/6
f 977/3/6 974/2/6 976/1/6
f 981/3/1 980/2/1 979/1/1
f 980/3/1 981/2/1 982/1/1
f 983/3/2 981/2/2 979/1/2
f 981/3/2 983/2/2 984/1/2
f 985/5/3 980/5/3 982/843/3
f 980/5/3 985/5/3 986/844/3
f 985/5/4 983/5/4 986/845/4
f 983/5/4 985/5/4 984/846/4
f 983/5/5 980/5/5 986/847/5
f 980/5/5 983/5/5 979/848/5
f 981/2/6 985/3/6 982/11/6
f 985/3/6 981/2/6 984/1/6
f 989/3/1 988/2/1 987/1/1
f 988/3/1 989/2/1 990/1/1
f 991/3/2 989/2/2 987/1/2
f 989/3/2 991/2/2 992/1/2
f 993/5/3 988/5/3 990/849/3
f 988/5/3 993/5/3 994/850/3
f 993/5/4 991/5/4 994/851/4
f 991/5/4 993/5/4 992/852/4
f 991/5/5 988/5/5 994/853/5
f 988/5/5 991/5/5 987/854/5
f 989/2/6 993/3/6 990/11/6
f 993/3/6 989/2/6 992/1/6
f 996/3/1 427/2/1 995/1/1
f 427/3/1 996/2/1 429/1/1
f 997/3/2 996/2/2 995/1/2
f 996/3/2 997/2/2 998/1/2
f 804/5/3 427/5/3 429/855/3
f 427/5/3 804/5/3 803/856/3
f 804/674/4 997/5/4 803/5/4
f 997/5/4 804/674/4 998/857/4
f 997/5/5 427/347/5 803/5/5
f 427/347/5 997/5/5 995/858/5
f 996/2/6 804/3/6 429/11/6
f 804/3/6 996/2/6 998/1/6
f 1001/3/1 1000/2/1 999/1/1
f 1000/3/1 1001/2/1 1002/1/1
f 1003/3/2 1001/2/2 999/1/2
f 1001/3/2 1003/2/2 1004/1/2
f 982/843/3 1000/5/3 1002/859/3
f 1000/5/3 982/843/3 980/5/3
f 982/5/4 1003/5/4 980/860/4
f 1003/5/4 982/5/4 1004/861/4
f 1003/5/5 1000/5/5 980/5/5
f 1000/5/5 1003/5/5 999/862/5
f 1001/2/6 982/3/6 1002/11/6
f 982/3/6 1001/2/6 1004/1/6
f 1006/3/1 435/2/1 1005/1/1
f 435/3/1 1006/2/1 437/1/1
f 427/3/2 1006/2/2 1005/1/2
f 1006/3/2 427/2/2 429/1/2
f 430/342/3 435/5/3 437/863/3
f 435/5/3 430/342/3 428/5/3
f 430/351/4 427/5/4 428/5/4
f 427/5/4 430/351/4 429/864/4
f 427/347/5 435/353/5 428/5/5
f 435/353/5 427/347/5 1005/865/5
f 1006/2/6 430/3/6 437/11/6
f 430/3/6 1006/2/6 429/1/6
f 598/3/1 605/2/1 596/1/1
f 605/3/1 598/2/1 606/1/1
f 602/3/2 598/2/2 596/1/2
f 598/3/2 602/2/2 601/1/2
f 608/5/3 605/5/3 606/866/3
f 605/5/3 608/5/3 607/867/3
f 608/496/4 602/486/4 607/5/4
f 602/486/4 608/496/4 601/5/4
f 602/488/5 605/497/5 607/5/5
f 605/497/5 602/488/5 596/5/5
f 598/2/6 608/3/6 606/11/6
f 608/3/6 598/2/6 601/1/6
f 1009/3/1 1008/2/1 1007/1/1
f 1008/3/1 1009/2/1 1010/1/1
f 1011/3/2 1009/2/2 1007/1/2
f 1009/3/2 1011/2/2 1012/1/2
f 1013/5/3 1008/5/3 1010/868/3
f 1008/5/3 1013/5/3 1014/869/3
f 1013/5/4 1011/5/4 1014/870/4
f 1011/5/4 1013/5/4 1012/871/4
f 1011/5/5 1008/5/5 1014/872/5
f 1008/5/5 1011/5/5 1007/873/5
f 1009/2/6 1013/3/6 1010/11/6
f 1013/3/6 1009/2/6 1012/1/6

usemtl color12

f 1017/3/1 1016/2/1 1015/1/1
f 1016/3/1 1017/2/1 1018/1/1
f 669/3/2 1017/2/2 1015/1/2
f 1017/3/2 669/2/2 670/1/2
f 610/554/3 1016/5/3 1018/874/3
f 1016/5/3 610/554/3 609/5/3
f 610/5/4 669/5/4 609/875/4
f 669/5/4 610/5/4 670/876/4
f 669/557/5 1016/5/5 609/506/5
f 1016/5/5 669/557/5 1015/877/5
f 1017/2/6 610/3/6 1018/11/6
f 610/3/6 1017/2/6 670/1/6
f 672/3/1 611/2/1 671/1/1
f 611/3/1 672/2/1 612/1/1
f 673/3/2 672/2/2 671/1/2
f 672/3/2 673/2/2 675/1/2
f 676/558/3 611/555/3 612/5/3
f 611/555/3 676/558/3 674/5/3
f 676/5/4 673/5/4 674/878/4
f 673/5/4 676/5/4 675/879/4
f 673/563/5 611/5/5 674/5/5
f 611/5/5 673/563/5 671/5/5
f 672/2/6 676/3/6 612/11/6
f 676/3/6 672/2/6 675/1/6
f 678/3/1 680/2/1 677/1/1
f 680/3/1 678/2/1 679/1/1
f 681/3/2 678/2/2 677/1/2
f 678/3/2 681/2/2 683/1/2
f 684/564/3 680/559/3 679/5/3
f 680/559/3 684/564/3 682/5/3
f 684/5/4 681/5/4 682/880/4
f 681/5/4 684/5/4 683/881/4
f 681/567/5 680/562/5 682/5/5
f 680/562/5 681/567/5 677/5/5
f 678/2/6 684/3/6 679/11/6
f 684/3/6 678/2/6 683/1/6
f 686/3/1 615/2/1 685/1/1
f 615/3/1 686/2/1 616/1/1
f 1019/3/2 686/2/2 685/1/2
f 686/3/2 1019/2/2 1020/1/2
f 688/5/3 615/565/3 616/5/3
f 615/565/3 688/5/3 687/882/3
f 688/570/4 1019/5/4 687/5/4
f 1019/5/4 688/570/4 1020/883/4
f 1019/5/5 615/5/5 687/5/5
f 615/5/5 1019/5/5 685/5/5
f 686/2/6 688/3/6 616/11/6
f 688/3/6 686/2/6 1020/1/6
f 202/3/1 204/2/1 201/1/1
f 204/3/1 202/2/1 203/1/1
f 1021/3/2 202/2/2 201/1/2
f 202/3/2 1021/2/2 1022/1/2
f 1023/5/3 204/158/3 203/5/3
f 204/158/3 1023/5/3 1024/884/3
f 1023/5/4 1021/5/4 1024/885/4
f 1021/5/4 1023/5/4 1022/886/4
f 1021/5/5 204/161/5 1024/887/5
f 204/161/5 1021/5/5 201/5/5
f 202/2/6 1023/3/6 203/11/6
f 1023/3/6 202/2/6 1022/1/6
f 1026/3/1 369/2/1 1025/1/1
f 369/3/1 1026/2/1 371/1/1
f 1027/3/2 1026/2/2 1025/1/2
f 1026/3/2 1027/2/2 1028/1/2
f 374/502/3 369/5/3 371/888/3
f 369/5/3 374/502/3 373/5/3
f 374/299/4 1027/5/4 373/5/4
f 1027/5/4 374/299/4 1028/889/4
f 1027/5/5 369/301/5 373/5/5
f 369/301/5 1027/5/5 1025/890/5
f 1026/2/6 374/3/6 371/11/6
f 374/3/6 1026/2/6 1028/1/6
f 1031/3/1 1030/2/1 1029/1/1
f 1030/3/1 1031/2/1 1032/1/1
f 1033/3/2 1031/2/2 1029/1/2
f 1031/3/2 1033/2/2 1034/1/2
f 1035/5/3 1030/5/3 1032/891/3
f 1030/5/3 1035/5/3 1036/892/3
f 1035/5/4 1033/5/4 1036/893/4
f 1033/5/4 1035/5/4 1034/894/4
f 1033/5/5 1030/5/5 1036/895/5
f 1030/5/5 1033/5/5 1029/896/5
f 1031/2/6 1035/3/6 1032/11/6
f 1035/3/6 1031/2/6 1034/1/6
f 617/3/1 624/2/1 618/1/1
f 624/3/1 617/2/1 623/1/1
f 690/3/2 617/2/2 618/1/2
f 617/3/2 690/2/2 689/1/2
f 1037/5/3 624/513/3 623/5/3
f 624/513/3 1037/5/3 1038/897/3
f 1037/5/4 690/569/4 1038/898/4
f 690/569/4 1037/5/4 689/5/4
f 690/571/5 624/515/5 1038/899/5
f 624/515/5 690/571/5 618/511/5
f 617/2/6 1037/3/6 623/11/6
f 1037/3/6 617/2/6 689/1/6
f 29/3/1 931/2/1 30/1/1
f 931/3/1 29/2/1 932/1/1
f 32/3/2 29/2/2 30/1/2
f 29/3/2 32/2/2 34/1/2
f 934/5/3 931/5/3 932/900/3
f 931/5/3 934/5/3 933/901/3
f 934/803/4 32/775/4 933/5/4
f 32/775/4 934/803/4 34/5/4
f 32/5/5 931/804/5 933/5/5
f 931/804/5 32/5/5 30/28/5
f 29/2/6 934/3/6 932/11/6
f 934/3/6 29/2/6 34/1/6
f 127/3/1 640/2/1 128/1/1
f 640/3/1 127/2/1 639/1/1
f 556/3/2 127/2/2 128/1/2
f 127/3/2 556/2/2 558/1/2
f 1039/5/3 640/526/3 639/5/3
f 640/526/3 1039/5/3 1040/902/3
f 1039/5/4 556/777/4 1040/903/4
f 556/777/4 1039/5/4 558/5/4
f 556/5/5 640/529/5 1040/904/5
f 640/529/5 556/5/5 128/103/5
f 127/2/6 1039/3/6 639/11/6
f 1039/3/6 127/2/6 558/1/6
f 918/3/1 1040/2/1 917/1/1
f 1040/3/1 918/2/1 1039/1/1
f 399/3/2 918/2/2 917/1/2
f 918/3/2 399/2/2 401/1/2
f 402/319/3 1040/902/3 1039/5/3
f 1040/902/3 402/319/3 400/5/3
f 402/5/4 399/784/4 400/905/4
f 399/784/4 402/5/4 401/5/4
f 399/324/5 1040/904/5 400/5/5
f 1040/904/5 399/324/5 917/5/5
f 918/2/6 402/3/6 1039/11/6
f 402/3/6 918/2/6 401/1/6
f 252/3/1 410/2/1 250/1/1
f 410/3/1 252/2/1 409/1/1
f 256/3/2 252/2/2 250/1/2
f 252/3/2 256/2/2 255/1/2
f 1041/5/3 410/326/3 409/5/3
f 410/326/3 1041/5/3 1042/906/3
f 1041/5/4 256/203/4 1042/907/4
f 256/203/4 1041/5/4 255/5/4
f 256/205/5 410/329/5 1042/908/5
f 410/329/5 256/205/5 250/5/5
f 252/2/6 1041/3/6 409/11/6
f 1041/3/6 252/2/6 255/1/6
f 1045/3/1 1044/2/1 1043/1/1
f 1044/3/1 1045/2/1 1046/1/1
f 1047/3/2 1045/2/2 1043/1/2
f 1045/3/2 1047/2/2 1048/1/2
f 1049/5/3 1044/5/3 1046/909/3
f 1044/5/3 1049/5/3 1050/910/3
f 1049/5/4 1047/5/4 1050/911/4
f 1047/5/4 1049/5/4 1048/912/4
f 1047/5/5 1044/5/5 1050/913/5
f 1044/5/5 1047/5/5 1043/914/5
f 1045/2/6 1049/3/6 1046/11/6
f 1049/3/6 1045/2/6 1048/1/6
f 747/3/1 1051/2/1 748/1/1
f 1051/3/1 747/2/1 1052/1/1
f 1053/3/2 747/2/2 748/1/2
f 747/3/2 1053/2/2 1054/1/2
f 1055/5/3 1051/5/3 1052/915/3
f 1051/5/3 1055/5/3 1056/916/3
f 1055/5/4 1053/5/4 1056/917/4
f 1053/5/4 1055/5/4 1054/918/4
f 1053/5/5 1051/5/5 1056/919/5
f 1051/5/5 1053/5/5 748/618/5
f 747/2/6 1055/3/6 1052/11/6
f 1055/3/6 747/2/6 1054/1/6
f 416/3/1 418/2/1 415/1/1
f 418/3/1 416/2/1 417/1/1
f 863/3/2 416/2/2 415/1/2
f 416/3/2 863/2/2 864/1/2
f 1057/5/3 418/331/3 417/5/3
f 418/331/3 1057/5/3 1058/920/3
f 1057/5/4 863/798/4 1058/921/4
f 863/798/4 1057/5/4 864/5/4
f 863/5/5 418/334/5 1058/922/5
f 418/334/5 863/5/5 415/5/5
f 416/2/6 1057/3/6 417/11/6
f 1057/3/6 416/2/6 864/1/6
f 627/3/1 764/2/1 628/1/1
f 764/3/1 627/2/1 763/1/1
f 867/3/2 627/2/2 628/1/2
f 627/3/2 867/2/2 868/1/2
f 1059/5/3 764/631/3 763/5/3
f 764/631/3 1059/5/3 1060/923/3
f 1059/5/4 867/800/4 1060/924/4
f 867/800/4 1059/5/4 868/5/4
f 867/5/5 764/633/5 1060/925/5
f 764/633/5 867/5/5 628/520/5
f 627/2/6 1059/3/6 763/11/6
f 1059/3/6 627/2/6 868/1/6
f 940/3/1 942/2/1 939/1/1
f 942/3/1 940/2/1 941/1/1
f 943/3/2 940/2/2 939/1/2
f 940/3/2 943/2/2 945/1/2
f 946/811/3 942/806/3 941/5/3
f 942/806/3 946/811/3 944/5/3
f 946/5/4 943/5/4 944/926/4
f 943/5/4 946/5/4 945/927/4
f 943/816/5 942/809/5 944/5/5
f 942/809/5 943/816/5 939/5/5
f 940/2/6 946/3/6 941/11/6
f 946/3/6 940/2/6 945/1/6
f 1063/3/1 1062/2/1 1061/1/1
f 1062/3/1 1063/2/1 1064/1/1
f 1065/3/2 1063/2/2 1061/1/2
f 1063/3/2 1065/2/2 1066/1/2
f 1067/5/3 1062/5/3 1064/928/3
f 1062/5/3 1067/5/3 1068/929/3
f 1067/5/4 1065/5/4 1068/930/4
f 1065/5/4 1067/5/4 1066/931/4
f 1065/5/5 1062/5/5 1068/932/5
f 1062/5/5 1065/5/5 1061/933/5
f 1063/2/6 1067/3/6 1064/11/6
f 1067/3/6 1063/2/6 1066/1/6

usemtl color27

f 1071/3/1 1070/2/1 1069/1/1
f 1070/3/1 1071/2/1 1072/1/1
f 1073/3/2 1071/2/2 1069/1/2
f 1071/3/2 1073/2/2 1074/1/2
f 1075/5/3 1070/5/3 1072/934/3
f 1070/5/3 1075/5/3 1076/935/3
f 1075/5/4 1073/5/4 1076/936/4
f 1073/5/4 1075/5/4 1074/937/4
f 1073/5/5 1070/5/5 1076/938/5
f 1070/5/5 1073/5/5 1069/939/5
f 1071/2/6 1075/3/6 1072/11/6
f 1075/3/6 1071/2/6 1074/1/6
f 1079/3/1 1078/2/1 1077/1/1
f 1078/3/1 1079/2/1 1080/1/1
f 821/3/2 1079/2/2 1077/1/2
f 1079/3/2 821/2/2 823/1/2
f 824/689/3 1078/5/3 1080/940/3
f 1078/5/3 824/689/3 822/5/3
f 824/5/4 821/5/4 822/941/4
f 821/5/4 824/5/4 823/942/4
f 821/694/5 1078/5/5 822/5/5
f 1078/5/5 821/694/5 1077/943/5
f 1079/2/6 824/3/6 1080/11/6
f 824/3/6 1079/2/6 823/1/6
f 68/3/1 70/2/1 67/1/1
f 70/3/1 68/2/1 69/1/1
f 71/3/2 68/2/2 67/1/2
f 68/3/2 71/2/2 73/1/2
f 74/60/3 70/55/3 69/5/3
f 70/55/3 74/60/3 72/5/3
f 74/5/4 71/5/4 72/944/4
f 71/5/4 74/5/4 73/945/4
f 71/65/5 70/58/5 72/5/5
f 70/58/5 71/65/5 67/5/5
f 68/2/6 74/3/6 69/11/6
f 74/3/6 68/2/6 73/1/6
f 1022/3/1 1024/2/1 1021/1/1
f 1024/3/1 1022/2/1 1023/1/1
f 483/3/2 1022/2/2 1021/1/2
f 1022/3/2 483/2/2 485/1/2
f 486/389/3 1024/884/3 1023/5/3
f 1024/884/3 486/389/3 484/5/3
f 486/5/4 483/5/4 484/946/4
f 483/5/4 486/5/4 485/947/4
f 483/394/5 1024/887/5 484/5/5
f 1024/887/5 483/394/5 1021/5/5
f 1022/2/6 486/3/6 1023/11/6
f 486/3/6 1022/2/6 485/1/6
f 1034/3/1 1036/2/1 1033/1/1
f 1036/3/1 1034/2/1 1035/1/1
f 1081/3/2 1034/2/2 1033/1/2
f 1034/3/2 1081/2/2 1082/1/2
f 1083/5/3 1036/892/3 1035/5/3
f 1036/892/3 1083/5/3 1084/948/3
f 1083/5/4 1081/5/4 1084/949/4
f 1081/5/4 1083/5/4 1082/950/4
f 1081/5/5 1036/895/5 1084/951/5
f 1036/895/5 1081/5/5 1033/5/5
f 1034/2/6 1083/3/6 1035/11/6
f 1083/3/6 1034/2/6 1082/1/6
f 544/3/1 542/2/1 543/1/1
f 542/3/1 544/2/1 541/1/1
f 233/3/2 544/2/2 543/1/2
f 544/3/2 233/2/2 235/1/2
f 236/185/3 542/436/3 541/5/3
f 542/436/3 236/185/3 234/5/3
f 236/799/4 233/441/4 234/5/4
f 233/441/4 236/799/4 235/5/4
f 233/188/5 542/438/5 234/5/5
f 542/438/5 233/188/5 543/5/5
f 544/2/6 236/3/6 541/11/6
f 236/3/6 544/2/6 235/1/6
f 242/3/1 244/2/1 241/1/1
f 244/3/1 242/2/1 243/1/1
f 245/3/2 242/2/2 241/1/2
f 242/3/2 245/2/2 247/1/2
f 248/195/3 244/190/3 243/5/3
f 244/190/3 248/195/3 246/5/3
f 248/801/4 245/5/4 246/5/4
f 245/5/4 248/801/4 247/952/4
f 245/198/5 244/193/5 246/5/5
f 244/193/5 245/198/5 241/5/5
f 242/2/6 248/3/6 243/11/6
f 248/3/6 242/2/6 247/1/6

usemtl color13

f 61/3/1 1085/2/1 62/1/1
f 1085/3/1 61/2/1 1086/1/1
f 1087/3/2 61/2/2 62/1/2
f 61/3/2 1087/2/2 1088/1/2
f 1089/5/3 1085/5/3 1086/953/3
f 1085/5/3 1089/5/3 1090/954/3
f 1089/5/4 1087/5/4 1090/955/4
f 1087/5/4 1089/5/4 1088/956/4
f 1087/5/5 1085/5/5 1090/957/5
f 1085/5/5 1087/5/5 62/52/5
f 61/2/6 1089/3/6 1086/11/6
f 1089/3/6 61/2/6 1088/1/6
f 1093/3/1 1092/2/1 1091/1/1
f 1092/3/1 1093/2/1 1094/1/1
f 1077/3/2 1093/2/2 1091/1/2
f 1093/3/2 1077/2/2 1079/1/2
f 1080/940/3 1092/5/3 1094/958/3
f 1092/5/3 1080/940/3 1078/5/3
f 1080/5/4 1077/5/4 1078/959/4
f 1077/5/4 1080/5/4 1079/960/4
f 1077/943/5 1092/5/5 1078/5/5
f 1092/5/5 1077/943/5 1091/961/5
f 1093/2/6 1080/3/6 1094/11/6
f 1080/3/6 1093/2/6 1079/1/6
f 826/3/1 828/2/1 825/1/1
f 828/3/1 826/2/1 827/1/1
f 829/3/2 826/2/2 825/1/2
f 826/3/2 829/2/2 831/1/2
f 832/695/3 828/690/3 827/5/3
f 828/690/3 832/695/3 830/5/3
f 832/5/4 829/5/4 830/962/4
f 829/5/4 832/5/4 831/963/4
f 829/700/5 828/693/5 830/5/5
f 828/693/5 829/700/5 825/5/5
f 826/2/6 832/3/6 827/11/6
f 832/3/6 826/2/6 831/1/6
f 179/3/1 1095/2/1 180/1/1
f 1095/3/1 179/2/1 1096/1/1
f 1097/3/2 179/2/2 180/1/2
f 179/3/2 1097/2/2 1098/1/2
f 1099/5/3 1095/5/3 1096/964/3
f 1095/5/3 1099/5/3 1100/965/3
f 1099/5/4 1097/5/4 1100/966/4
f 1097/5/4 1099/5/4 1098/967/4
f 1097/5/5 1095/5/5 1100/968/5
f 1095/5/5 1097/5/5 180/143/5
f 179/2/6 1099/3/6 1096/11/6
f 1099/3/6 179/2/6 1098/1/6
f 210/3/1 212/2/1 209/1/1
f 212/3/1 210/2/1 211/1/1
f 1092/3/2 210/2/2 209/1/2
f 210/3/2 1092/2/2 1094/1/2
f 1101/5/3 212/164/3 211/5/3
f 212/164/3 1101/5/3 1102/969/3
f 1101/5/4 1092/5/4 1102/970/4
f 1092/5/4 1101/5/4 1094/971/4
f 1092/5/5 212/167/5 1102/972/5
f 212/167/5 1092/5/5 209/5/5
f 210/2/6 1101/3/6 211/11/6
f 1101/3/6 210/2/6 1094/1/6
f 552/3/1 554/2/1 551/1/1
f 554/3/1 552/2/1 553/1/1
f 213/3/2 552/2/2 551/1/2
f 552/3/2 213/2/2 215/1/2
f 216/169/3 554/444/3 553/5/3
f 554/444/3 216/169/3 214/5/3
f 216/5/4 213/5/4 214/973/4
f 213/5/4 216/5/4 215/974/4
f 213/174/5 554/447/5 214/5/5
f 554/447/5 213/174/5 551/5/5
f 552/2/6 216/3/6 553/11/6
f 216/3/6 552/2/6 215/1/6
f 218/3/1 220/2/1 217/1/1
f 220/3/1 218/2/1 219/1/1
f 221/3/2 218/2/2 217/1/2
f 218/3/2 221/2/2 223/1/2
f 224/175/3 220/170/3 219/5/3
f 220/170/3 224/175/3 222/5/3
f 224/5/4 221/5/4 222/975/4
f 221/5/4 224/5/4 223/976/4
f 221/180/5 220/173/5 222/5/5
f 220/173/5 221/180/5 217/5/5
f 218/2/6 224/3/6 219/11/6
f 224/3/6 218/2/6 223/1/6
f 110/3/1 629/2/1 109/1/1
f 629/3/1 110/2/1 630/1/1
f 190/3/2 110/2/2 109/1/2
f 110/3/2 190/2/2 192/1/2
f 1103/5/3 629/5/3 630/977/3
f 629/5/3 1103/5/3 1104/978/3
f 1103/5/4 190/5/4 1104/979/4
f 190/5/4 1103/5/4 192/980/4
f 190/5/5 629/5/5 1104/981/5
f 629/5/5 190/5/5 109/5/5
f 110/2/6 1103/3/6 630/11/6
f 1103/3/6 110/2/6 192/1/6
f 856/3/1 1105/2/1 855/1/1
f 1105/3/1 856/2/1 1106/1/1
f 122/3/2 856/2/2 855/1/2
f 856/3/2 122/2/2 124/1/2
f 636/525/3 1105/5/3 1106/982/3
f 1105/5/3 636/525/3 634/5/3
f 636/5/4 122/717/4 634/983/4
f 122/717/4 636/5/4 124/5/4
f 122/5/5 1105/5/5 634/5/5
f 1105/5/5 122/5/5 855/5/5
f 856/2/6 636/3/6 1106/11/6
f 636/3/6 856/2/6 124/1/6
f 858/3/1 1107/2/1 857/1/1
f 1107/3/1 858/2/1 1108/1/1
f 138/3/2 858/2/2 857/1/2
f 858/3/2 138/2/2 140/1/2
f 755/5/3 1107/5/3 1108/984/3
f 1107/5/3 755/5/3 753/985/3
f 755/5/4 138/720/4 753/986/4
f 138/720/4 755/5/4 140/5/4
f 138/5/5 1107/5/5 753/629/5
f 1107/5/5 138/5/5 857/5/5
f 858/2/6 755/3/6 1108/11/6
f 755/3/6 858/2/6 140/1/6
f 159/3/1 870/2/1 160/1/1
f 870/3/1 159/2/1 869/1/1
f 162/3/2 159/2/2 160/1/2
f 159/3/2 162/2/2 164/1/2
f 872/734/3 870/731/3 869/5/3
f 870/731/3 872/734/3 871/5/3
f 872/5/4 162/199/4 871/987/4
f 162/199/4 872/5/4 164/5/4
f 162/5/5 870/733/5 871/5/5
f 870/733/5 162/5/5 160/127/5
f 159/2/6 872/3/6 869/11/6
f 872/3/6 159/2/6 164/1/6
f 874/3/1 1109/2/1 873/1/1
f 1109/3/1 874/2/1 1110/1/1
f 168/3/2 874/2/2 873/1/2
f 874/3/2 168/2/2 167/1/2
f 1111/5/3 1109/5/3 1110/988/3
f 1109/5/3 1111/5/3 1112/989/3
f 1111/5/4 168/131/4 1112/990/4
f 168/131/4 1111/5/4 167/5/4
f 168/133/5 1109/5/5 1112/991/5
f 1109/5/5 168/133/5 873/5/5
f 874/2/6 1111/3/6 1110/11/6
f 1111/3/6 874/2/6 167/1/6
f 860/3/1 1113/2/1 859/1/1
f 1113/3/1 860/2/1 1114/1/1
f 877/3/2 860/2/2 859/1/2
f 860/3/2 877/2/2 879/1/2
f 880/739/3 1113/5/3 1114/992/3
f 1113/5/3 880/739/3 878/5/3
f 880/5/4 877/5/4 878/993/4
f 877/5/4 880/5/4 879/994/4
f 877/743/5 1113/5/5 878/5/5
f 1113/5/5 877/743/5 859/5/5
f 860/2/6 880/3/6 1114/11/6
f 880/3/6 860/2/6 879/1/6
f 864/3/1 1058/2/1 863/1/1
f 1058/3/1 864/2/1 1057/1/1
f 883/3/2 864/2/2 863/1/2
f 864/3/2 883/2/2 885/1/2
f 886/744/3 1058/920/3 1057/5/3
f 1058/920/3 886/744/3 884/5/3
f 886/5/4 883/5/4 884/995/4
f 883/5/4 886/5/4 885/996/4
f 883/748/5 1058/922/5 884/5/5
f 1058/922/5 883/748/5 863/5/5
f 864/2/6 886/3/6 1057/11/6
f 886/3/6 864/2/6 885/1/6
f 646/3/1 648/2/1 645/1/1
f 648/3/1 646/2/1 647/1/1
f 752/3/2 646/2/2 645/1/2
f 646/3/2 752/2/2 751/1/2
f 1115/5/3 648/532/3 647/5/3
f 648/532/3 1115/5/3 1116/997/3
f 1115/5/4 752/621/4 1116/998/4
f 752/621/4 1115/5/4 751/5/4
f 752/623/5 648/535/5 1116/999/5
f 648/535/5 752/623/5 645/5/5
f 646/2/6 1115/3/6 647/11/6
f 1115/3/6 646/2/6 751/1/6
f 868/3/1 1060/2/1 867/1/1
f 1060/3/1 868/2/1 1059/1/1
f 870/3/2 868/2/2 867/1/2
f 868/3/2 870/2/2 869/1/2
f 1117/5/3 1060/923/3 1059/5/3
f 1060/923/3 1117/5/3 1118/1000/3
f 1117/5/4 870/732/4 1118/1001/4
f 870/732/4 1117/5/4 869/5/4
f 870/733/5 1060/925/5 1118/1002/5
f 1060/925/5 870/733/5 867/5/5
f 868/2/6 1117/3/6 1059/11/6
f 1117/3/6 868/2/6 869/1/6
f 872/3/1 1119/2/1 871/1/1
f 1119/3/1 872/2/1 1120/1/1
f 876/3/2 872/2/2 871/1/2
f 872/3/2 876/2/2 875/1/2
f 1110/988/3 1119/5/3 1120/1003/3
f 1119/5/3 1110/988/3 1109/5/3
f 1110/5/4 876/736/4 1109/1004/4
f 876/736/4 1110/5/4 875/5/4
f 876/738/5 1119/5/5 1109/5/5
f 1119/5/5 876/738/5 871/5/5
f 872/2/6 1110/3/6 1120/11/6
f 1110/3/6 872/2/6 875/1/6
f 954/3/1 956/2/1 953/1/1
f 956/3/1 954/2/1 955/1/1
f 1121/3/2 954/2/2 953/1/2
f 954/3/2 1121/2/2 1122/1/2
f 1123/5/3 956/818/3 955/5/3
f 956/818/3 1123/5/3 1124/1005/3
f 1123/5/4 1121/5/4 1124/1006/4
f 1121/5/4 1123/5/4 1122/1007/4
f 1121/5/5 956/821/5 1124/1008/5
f 956/821/5 1121/5/5 953/5/5
f 954/2/6 1123/3/6 955/11/6
f 1123/3/6 954/2/6 1122/1/6
f 1127/3/1 1126/2/1 1125/1/1
f 1126/3/1 1127/2/1 1128/1/1
f 1105/3/2 1127/2/2 1125/1/2
f 1127/3/2 1105/2/2 1106/1/2
f 1129/5/3 1126/5/3 1128/1009/3
f 1126/5/3 1129/5/3 1130/1010/3
f 1129/5/4 1105/5/4 1130/1011/4
f 1105/5/4 1129/5/4 1106/1012/4
f 1105/5/5 1126/5/5 1130/1013/5
f 1126/5/5 1105/5/5 1125/1014/5
f 1127/2/6 1129/3/6 1128/11/6
f 1129/3/6 1127/2/6 1106/1/6
f 1133/3/1 1132/2/1 1131/1/1
f 1132/3/1 1133/2/1 1134/1/1
f 1135/3/2 1133/2/2 1131/1/2
f 1133/3/2 1135/2/2 1136/1/2
f 1137/5/3 1132/5/3 1134/1015/3
f 1132/5/3 1137/5/3 1138/1016/3
f 1137/5/4 1135/5/4 1138/1017/4
f 1135/5/4 1137/5/4 1136/1018/4
f 1135/5/5 1132/5/5 1138/1019/5
f 1132/5/5 1135/5/5 1131/1020/5
f 1133/2/6 1137/3/6 1134/11/6
f 1137/3/6 1133/2/6 1136/1/6
f 1141/3/1 1140/2/1 1139/1/1
f 1140/3/1 1141/2/1 1142/1/1
f 1143/3/2 1141/2/2 1139/1/2
f 1141/3/2 1143/2/2 1144/1/2
f 1145/5/3 1140/5/3 1142/1021/3
f 1140/5/3 1145/5/3 1146/1022/3
f 1145/5/4 1143/5/4 1146/1023/4
f 1143/5/4 1145/5/4 1144/1024/4
f 1143/5/5 1140/5/5 1146/1025/5
f 1140/5/5 1143/5/5 1139/1026/5
f 1141/2/6 1145/3/6 1142/11/6
f 1145/3/6 1141/2/6 1144/1/6
f 1149/3/1 1148/2/1 1147/1/1
f 1148/3/1 1149/2/1 1150/1/1
f 1151/3/2 1149/2/2 1147/1/2
f 1149/3/2 1151/2/2 1152/1/2
f 1153/5/3 1148/5/3 1150/1027/3
f 1148/5/3 1153/5/3 1154/1028/3
f 1153/5/4 1151/5/4 1154/1029/4
f 1151/5/4 1153/5/4 1152/1030/4
f 1151/5/5 1148/5/5 1154/1031/5
f 1148/5/5 1151/5/5 1147/1032/5
f 1149/2/6 1153/3/6 1150/11/6
f 1153/3/6 1149/2/6 1152/1/6
f 1157/3/1 1156/2/1 1155/1/1
f 1156/3/1 1157/2/1 1158/1/1
f 1159/3/2 1157/2/2 1155/1/2
f 1157/3/2 1159/2/2 1160/1/2
f 1161/5/3 1156/5/3 1158/1033/3
f 1156/5/3 1161/5/3 1162/1034/3
f 1161/5/4 1159/5/4 1162/1035/4
f 1159/5/4 1161/5/4 1160/1036/4
f 1159/5/5 1156/5/5 1162/1037/5
f 1156/5/5 1159/5/5 1155/1038/5
f 1157/2/6 1161/3/6 1158/11/6
f 1161/3/6 1157/2/6 1160/1/6

usemtl color0

f 1165/3/1 1164/2/1 1163/1/1
f 1164/3/1 1165/2/1 1166/1/1
f 772/3/2 1165/2/2 1163/1/2
f 1165/3/2 772/2/2 774/1/2
f 1167/5/3 1164/5/3 1166/1039/3
f 1164/5/3 1167/5/3 1168/1040/3
f 1167/5/4 772/5/4 1168/1041/4
f 772/5/4 1167/5/4 774/1042/4
f 772/5/5 1164/5/5 1168/1043/5
f 1164/5/5 772/5/5 1163/1044/5
f 1165/2/6 1167/3/6 1166/11/6
f 1167/3/6 1165/2/6 774/1/6
f 1171/3/1 1170/2/1 1169/1/1
f 1170/3/1 1171/2/1 1172/1/1
f 1173/3/2 1171/2/2 1169/1/2
f 1171/3/2 1173/2/2 1174/1/2
f 1175/5/3 1170/5/3 1172/1045/3
f 1170/5/3 1175/5/3 1176/1046/3
f 1175/5/4 1173/5/4 1176/1047/4
f 1173/5/4 1175/5/4 1174/1048/4
f 1173/5/5 1170/5/5 1176/1049/5
f 1170/5/5 1173/5/5 1169/1050/5
f 1171/2/6 1175/3/6 1172/11/6
f 1175/3/6 1171/2/6 1174/1/6
f 1179/3/1 1178/2/1 1177/1/1
f 1178/3/1 1179/2/1 1180/1/1
f 1181/3/2 1179/2/2 1177/1/2
f 1179/3/2 1181/2/2 1182/1/2
f 1183/5/3 1178/5/3 1180/1051/3
f 1178/5/3 1183/5/3 1184/1052/3
f 1183/5/4 1181/5/4 1184/1053/4
f 1181/5/4 1183/5/4 1182/1054/4
f 1181/5/5 1178/5/5 1184/1055/5
f 1178/5/5 1181/5/5 1177/1056/5
f 1179/2/6 1183/3/6 1180/11/6
f 1183/3/6 1179/2/6 1182/1/6
f 1187/3/1 1186/2/1 1185/1/1
f 1186/3/1 1187/2/1 1188/1/1
f 1189/3/2 1187/2/2 1185/1/2
f 1187/3/2 1189/2/2 1190/1/2
f 961/5/3 1186/5/3 1188/1057/3
f 1186/5/3 961/5/3 959/1058/3
f 961/5/4 1189/5/4 959/1059/4
f 1189/5/4 961/5/4 1190/1060/4
f 1189/5/5 1186/5/5 959/830/5
f 1186/5/5 1189/5/5 1185/1061/5
f 1187/2/6 961/3/6 1188/11/6
f 961/3/6 1187/2/6 1190/1/6

usemtl color10

f 186/3/1 188/2/1 185/1/1
f 188/3/1 186/2/1 187/1/1
f 814/3/2 186/2/2 185/1/2
f 186/3/2 814/2/2 816/1/2
f 1191/5/3 188/146/3 187/5/3
f 188/146/3 1191/5/3 1192/1062/3
f 1191/5/4 814/5/4 1192/1063/4
f 814/5/4 1191/5/4 816/1064/4
f 814/5/5 188/149/5 1192/1065/5
f 188/149/5 814/5/5 185/5/5
f 186/2/6 1191/3/6 187/11/6
f 1191/3/6 186/2/6 816/1/6
f 630/3/1 632/2/1 629/1/1
f 632/3/1 630/2/1 631/1/1
f 1104/3/2 630/2/2 629/1/2
f 630/3/2 1104/2/2 1103/1/2
f 1193/5/3 632/521/3 631/5/3
f 632/521/3 1193/5/3 1194/1066/3
f 1193/5/4 1104/979/4 1194/1067/4
f 1104/979/4 1193/5/4 1103/5/4
f 1104/981/5 632/524/5 1194/1068/5
f 632/524/5 1104/981/5 629/5/5
f 630/2/6 1193/3/6 631/11/6
f 1193/3/6 630/2/6 1103/1/6
f 1108/3/1 1143/2/1 1107/1/1
f 1143/3/1 1108/2/1 1144/1/1
f 753/3/2 1108/2/2 1107/1/2
f 1108/3/2 753/2/2 755/1/2
f 756/624/3 1143/5/3 1144/1069/3
f 1143/5/3 756/624/3 754/5/3
f 756/5/4 753/986/4 754/1070/4
f 753/986/4 756/5/4 755/5/4
f 753/629/5 1143/5/5 754/5/5
f 1143/5/5 753/629/5 1107/5/5
f 1108/2/6 756/3/6 1144/11/6
f 756/3/6 1108/2/6 755/1/6
f 869/3/1 1118/2/1 870/1/1
f 1118/3/1 869/2/1 1117/1/1
f 871/3/2 869/2/2 870/1/2
f 869/3/2 871/2/2 872/1/2
f 1120/1003/3 1118/1000/3 1117/5/3
f 1118/1000/3 1120/1003/3 1119/5/3
f 1120/5/4 871/987/4 1119/1071/4
f 871/987/4 1120/5/4 872/5/4
f 871/5/5 1118/1002/5 1119/5/5
f 1118/1002/5 871/5/5 870/733/5
f 869/2/6 1120/3/6 1117/11/6
f 1120/3/6 869/2/6 872/1/6
f 1193/3/1 1195/2/1 1194/1/1
f 1195/3/1 1193/2/1 1196/1/1
f 1125/3/2 1193/2/2 1194/1/2
f 1193/3/2 1125/2/2 1127/1/2
f 1128/1009/3 1195/5/3 1196/1072/3
f 1195/5/3 1128/1009/3 1126/5/3
f 1128/5/4 1125/5/4 1126/1073/4
f 1125/5/4 1128/5/4 1127/1074/4
f 1125/1014/5 1195/5/5 1126/5/5
f 1195/5/5 1125/1014/5 1194/1068/5
f 1193/2/6 1128/3/6 1196/11/6
f 1128/3/6 1193/2/6 1127/1/6
f 1199/3/1 1198/2/1 1197/1/1
f 1198/3/1 1199/2/1 1200/1/1
f 1139/3/2 1199/2/2 1197/1/2
f 1199/3/2 1139/2/2 1141/1/2
f 1142/1021/3 1198/5/3 1200/1075/3
f 1198/5/3 1142/1021/3 1140/5/3
f 1142/5/4 1139/5/4 1140/1076/4
f 1139/5/4 1142/5/4 1141/1077/4
f 1139/1026/5 1198/5/5 1140/5/5
f 1198/5/5 1139/1026/5 1197/1078/5
f 1199/2/6 1142/3/6 1200/11/6
f 1142/3/6 1199/2/6 1141/1/6
f 1115/3/1 1201/2/1 1116/1/1
f 1201/3/1 1115/2/1 1202/1/1
f 1203/3/2 1115/2/2 1116/1/2
f 1115/3/2 1203/2/2 1204/1/2
f 1205/5/3 1201/5/3 1202/1079/3
f 1201/5/3 1205/5/3 1206/1080/3
f 1205/5/4 1203/5/4 1206/1081/4
f 1203/5/4 1205/5/4 1204/1082/4
f 1203/5/5 1201/5/5 1206/1083/5
f 1201/5/5 1203/5/5 1116/999/5
f 1115/2/6 1205/3/6 1202/11/6
f 1205/3/6 1115/2/6 1204/1/6
f 1209/3/1 1208/2/1 1207/1/1
f 1208/3/1 1209/2/1 1210/1/1
f 1211/3/2 1209/2/2 1207/1/2
f 1209/3/2 1211/2/2 1212/1/2
f 1213/5/3 1208/5/3 1210/1084/3
f 1208/5/3 1213/5/3 1214/1085/3
f 1213/5/4 1211/5/4 1214/1086/4
f 1211/5/4 1213/5/4 1212/1087/4
f 1211/5/5 1208/5/5 1214/1088/5
f 1208/5/5 1211/5/5 1207/1089/5
f 1209/2/6 1213/3/6 1210/11/6
f 1213/3/6 1209/2/6 1212/1/6
f 1217/3/1 1216/2/1 1215/1/1
f 1216/3/1 1217/2/1 1218/1/1
f 1219/3/2 1217/2/2 1215/1/2
f 1217/3/2 1219/2/2 1220/1/2
f 1221/5/3 1216/5/3 1218/1090/3
f 1216/5/3 1221/5/3 1222/1091/3
f 1221/5/4 1219/5/4 1222/1092/4
f 1219/5/4 1221/5/4 1220/1093/4
f 1219/5/5 1216/5/5 1222/1094/5
f 1216/5/5 1219/5/5 1215/1095/5
f 1217/2/6 1221/3/6 1218/11/6
f 1221/3/6 1217/2/6 1220/1/6
f 728/3/1 730/2/1 727/1/1
f 730/3/1 728/2/1 729/1/1
f 1223/3/2 728/2/2 727/1/2
f 728/3/2 1223/2/2 1224/1/2
f 1225/5/3 730/599/3 729/5/3
f 730/599/3 1225/5/3 1226/1096/3
f 1225/5/4 1223/5/4 1226/1097/4
f 1223/5/4 1225/5/4 1224/1098/4
f 1223/5/5 730/602/5 1226/1099/5
f 730/602/5 1223/5/5 727/5/5
f 728/2/6 1225/3/6 729/11/6
f 1225/3/6 728/2/6 1224/1/6

usemtl color17

f 1018/3/1 1025/2/1 1016/1/1
f 1025/3/1 1018/2/1 1026/1/1
f 609/3/2 1018/2/2 1016/1/2
f 1018/3/2 609/2/2 610/1/2
f 1028/5/3 1025/5/3 1026/1100/3
f 1025/5/3 1028/5/3 1027/1101/3
f 1028/889/4 609/875/4 1027/5/4
f 609/875/4 1028/889/4 610/5/4
f 609/506/5 1025/890/5 1027/5/5
f 1025/890/5 609/506/5 1016/5/5
f 1018/2/6 1028/3/6 1026/11/6
f 1028/3/6 1018/2/6 610/1/6
f 374/3/1 376/2/1 373/1/1
f 376/3/1 374/2/1 375/1/1
f 249/3/2 374/2/2 373/1/2
f 374/3/2 249/2/2 251/1/2
f 252/201/3 376/297/3 375/5/3
f 376/297/3 252/201/3 250/5/3
f 252/328/4 249/504/4 250/5/4
f 249/504/4 252/328/4 251/5/4
f 249/206/5 376/300/5 250/5/5
f 376/300/5 249/206/5 373/5/5
f 374/2/6 252/3/6 375/11/6
f 252/3/6 374/2/6 251/1/6
f 623/3/1 748/2/1 624/1/1
f 748/3/1 623/2/1 747/1/1
f 1038/3/2 623/2/2 624/1/2
f 623/3/2 1038/2/2 1037/1/2
f 1054/5/3 748/616/3 747/5/3
f 748/616/3 1054/5/3 1053/1102/3
f 1054/918/4 1038/898/4 1053/5/4
f 1038/898/4 1054/918/4 1037/5/4
f 1038/899/5 748/618/5 1053/5/5
f 748/618/5 1038/899/5 624/515/5
f 623/2/6 1054/3/6 747/11/6
f 1054/3/6 623/2/6 1037/1/6
f 255/3/1 1042/2/1 256/1/1
f 1042/3/1 255/2/1 1041/1/1
f 1043/3/2 255/2/2 256/1/2
f 255/3/2 1043/2/2 1045/1/2
f 1046/909/3 1042/906/3 1041/5/3
f 1042/906/3 1046/909/3 1044/5/3
f 1046/5/4 1043/5/4 1044/1103/4
f 1043/5/4 1046/5/4 1045/1104/4
f 1043/914/5 1042/908/5 1044/5/5
f 1042/908/5 1043/914/5 256/205/5
f 255/2/6 1046/3/6 1041/11/6
f 1046/3/6 255/2/6 1045/1/6
f 1048/3/1 1050/2/1 1047/1/1
f 1050/3/1 1048/2/1 1049/1/1
f 748/3/2 1048/2/2 1047/1/2
f 1048/3/2 748/2/2 747/1/2
f 1052/915/3 1050/910/3 1049/5/3
f 1050/910/3 1052/915/3 1051/5/3
f 1052/5/4 748/617/4 1051/1105/4
f 748/617/4 1052/5/4 747/5/4
f 748/618/5 1050/913/5 1051/5/5
f 1050/913/5 748/618/5 1047/5/5
f 1048/2/6 1052/3/6 1049/11/6
f 1052/3/6 1048/2/6 747/1/6
f 1229/3/1 1228/2/1 1227/1/1
f 1228/3/1 1229/2/1 1230/1/1
f 1197/3/2 1229/2/2 1227/1/2
f 1229/3/2 1197/2/2 1199/1/2
f 1200/1075/3 1228/5/3 1230/1106/3
f 1228/5/3 1200/1075/3 1198/5/3
f 1200/5/4 1197/5/4 1198/1107/4
f 1197/5/4 1200/5/4 1199/1108/4
f 1197/1078/5 1228/5/5 1198/5/5
f 1228/5/5 1197/1078/5 1227/1109/5
f 1229/2/6 1200/3/6 1230/11/6
f 1200/3/6 1229/2/6 1199/1/6

usemtl color29

f 1098/3/1 1100/2/1 1097/1/1
f 1100/3/1 1098/2/1 1099/1/1
f 909/3/2 1098/2/2 1097/1/2
f 1098/3/2 909/2/2 911/1/2
f 912/771/3 1100/965/3 1099/5/3
f 1100/965/3 912/771/3 910/5/3
f 912/5/4 909/5/4 910/1110/4
f 909/5/4 912/5/4 911/1111/4
f 909/774/5 1100/968/5 910/5/5
f 1100/968/5 909/774/5 1097/5/5
f 1098/2/6 912/3/6 1099/11/6
f 912/3/6 1098/2/6 911/1/6
f 1233/3/1 1232/2/1 1231/1/1
f 1232/3/1 1233/2/1 1234/1/1
f 547/3/2 1233/2/2 1231/1/2
f 1233/3/2 547/2/2 549/1/2
f 550/443/3 1232/5/3 1234/1112/3
f 1232/5/3 550/443/3 548/5/3
f 550/5/4 547/5/4 548/1113/4
f 547/5/4 550/5/4 549/1114/4
f 547/448/5 1232/5/5 548/5/5
f 1232/5/5 547/448/5 1231/1115/5
f 1233/2/6 550/3/6 1234/11/6
f 550/3/6 1233/2/6 549/1/6
f 150/3/1 152/2/1 149/1/1
f 152/3/1 150/2/1 151/1/1
f 1232/3/2 150/2/2 149/1/2
f 150/3/2 1232/2/2 1234/1/2
f 750/5/3 152/118/3 151/5/3
f 152/118/3 750/5/3 749/1116/3
f 750/622/4 1232/5/4 749/5/4
f 1232/5/4 750/622/4 1234/1117/4
f 1232/5/5 152/121/5 749/5/5
f 152/121/5 1232/5/5 149/5/5
f 150/2/6 750/3/6 151/11/6
f 750/3/6 150/2/6 1234/1/6

usemtl color26

f 1237/3/1 1236/2/1 1235/1/1
f 1236/3/1 1237/2/1 1238/1/1
f 1029/3/2 1237/2/2 1235/1/2
f 1237/3/2 1029/2/2 1031/1/2
f 1032/891/3 1236/5/3 1238/1118/3
f 1236/5/3 1032/891/3 1030/5/3
f 1032/5/4 1029/5/4 1030/1119/4
f 1029/5/4 1032/5/4 1031/1120/4
f 1029/896/5 1236/5/5 1030/5/5
f 1236/5/5 1029/896/5 1235/1121/5
f 1237/2/6 1032/3/6 1238/11/6
f 1032/3/6 1237/2/6 1031/1/6

usemtl color28

f 142/3/1 144/2/1 141/1/1
f 144/3/1 142/2/1 143/1/1
f 145/3/2 142/2/2 141/1/2
f 142/3/2 145/2/2 147/1/2
f 148/117/3 144/112/3 143/5/3
f 144/112/3 148/117/3 146/5/3
f 148/5/4 145/5/4 146/1122/4
f 145/5/4 148/5/4 147/1123/4
f 145/122/5 144/115/5 146/5/5
f 144/115/5 145/122/5 141/5/5
f 142/2/6 148/3/6 143/11/6
f 148/3/6 142/2/6 147/1/6

usemtl color9

f 227/3/1 1239/2/1 228/1/1
f 1239/3/1 227/2/1 1240/1/1
f 1241/3/2 227/2/2 228/1/2
f 227/3/2 1241/2/2 1242/1/2
f 1243/5/3 1239/5/3 1240/1124/3
f 1239/5/3 1243/5/3 1244/1125/3
f 1243/5/4 1241/5/4 1244/1126/4
f 1241/5/4 1243/5/4 1242/1127/4
f 1241/5/5 1239/5/5 1244/1128/5
f 1239/5/5 1241/5/5 228/179/5
f 227/2/6 1243/3/6 1240/11/6
f 1243/3/6 227/2/6 1242/1/6
f 1247/3/1 1246/2/1 1245/1/1
f 1246/3/1 1247/2/1 1248/1/1
f 1215/3/2 1247/2/2 1245/1/2
f 1247/3/2 1215/2/2 1217/1/2
f 1218/1090/3 1246/5/3 1248/1129/3
f 1246/5/3 1218/1090/3 1216/5/3
f 1218/5/4 1215/5/4 1216/1130/4
f 1215/5/4 1218/5/4 1217/1131/4
f 1215/1095/5 1246/5/5 1216/5/5
f 1246/5/5 1215/1095/5 1245/1132/5
f 1247/2/6 1218/3/6 1248/11/6
f 1218/3/6 1247/2/6 1217/1/6
f 1251/3/1 1250/2/1 1249/1/1
f 1250/3/1 1251/2/1 1252/1/1
f 1253/3/2 1251/2/2 1249/1/2
f 1251/3/2 1253/2/2 1254/1/2
f 1255/5/3 1250/5/3 1252/1133/3
f 1250/5/3 1255/5/3 1256/1134/3
f 1255/5/4 1253/5/4 1256/1135/4
f 1253/5/4 1255/5/4 1254/1136/4
f 1253/5/5 1250/5/5 1256/1137/5
f 1250/5/5 1253/5/5 1249/1138/5
f 1251/2/6 1255/3/6 1252/11/6
f 1255/3/6 1251/2/6 1254/1/6
f 1259/3/1 1258/2/1 1257/1/1
f 1258/3/1 1259/2/1 1260/1/1
f 1261/3/2 1259/2/2 1257/1/2
f 1259/3/2 1261/2/2 1262/1/2
f 1263/5/3 1258/5/3 1260/1139/3
f 1258/5/3 1263/5/3 1264/1140/3
f 1263/5/4 1261/5/4 1264/1141/4
f 1261/5/4 1263/5/4 1262/1142/4
f 1261/5/5 1258/5/5 1264/1143/5
f 1258/5/5 1261/5/5 1257/1144/5
f 1259/2/6 1263/3/6 1260/11/6
f 1263/3/6 1259/2/6 1262/1/6

usemtl color22

f 83/3/1 395/2/1 84/1/1
f 395/3/1 83/2/1 396/1/1
f 112/3/2 83/2/2 84/1/2
f 83/3/2 112/2/2 111/1/2
f 630/977/3 395/651/3 396/5/3
f 395/651/3 630/977/3 629/5/3
f 630/523/4 112/90/4 629/5/4
f 112/90/4 630/523/4 111/5/4
f 112/92/5 395/5/5 629/5/5
f 395/5/5 112/92/5 84/70/5
f 83/2/6 630/3/6 396/11/6
f 630/3/6 83/2/6 111/1/6
f 124/3/1 633/2/1 122/1/1
f 633/3/1 124/2/1 635/1/1
f 128/3/2 124/2/2 122/1/2
f 124/3/2 128/2/2 127/1/2
f 638/5/3 633/5/3 635/1145/3
f 633/5/3 638/5/3 637/1146/3
f 638/528/4 128/101/4 637/5/4
f 128/101/4 638/528/4 127/5/4
f 128/103/5 633/530/5 637/5/5
f 633/530/5 128/103/5 122/5/5
f 124/2/6 638/3/6 635/11/6
f 638/3/6 124/2/6 127/1/6
f 140/3/1 753/2/1 138/1/1
f 753/3/1 140/2/1 755/1/1
f 144/3/2 140/2/2 138/1/2
f 140/3/2 144/2/2 143/1/2
f 758/5/3 753/985/3 755/5/3
f 753/985/3 758/5/3 757/1147/3
f 758/627/4 144/113/4 757/5/4
f 144/113/4 758/627/4 143/5/4
f 144/115/5 753/629/5 757/5/5
f 753/629/5 144/115/5 138/5/5
f 140/2/6 758/3/6 755/11/6
f 758/3/6 140/2/6 143/1/6
f 148/3/1 641/2/1 146/1/1
f 641/3/1 148/2/1 643/1/1
f 152/3/2 148/2/2 146/1/2
f 148/3/2 152/2/2 151/1/2
f 646/619/3 641/5/3 643/1148/3
f 641/5/3 646/619/3 645/5/3
f 646/534/4 152/119/4 645/5/4
f 152/119/4 646/534/4 151/5/4
f 152/121/5 641/536/5 645/5/5
f 641/536/5 152/121/5 146/5/5
f 148/2/6 646/3/6 643/11/6
f 646/3/6 148/2/6 151/1/6

usemtl color24

f 143/3/1 757/2/1 144/1/1
f 757/3/1 143/2/1 758/1/1
f 146/3/2 143/2/2 144/1/2
f 143/3/2 146/2/2 148/1/2
f 643/1148/3 757/1147/3 758/5/3
f 757/1147/3 643/1148/3 641/5/3
f 643/5/4 146/1122/4 641/1149/4
f 146/1122/4 643/5/4 148/5/4
f 146/5/5 757/5/5 641/536/5
f 757/5/5 146/5/5 144/115/5
f 143/2/6 643/3/6 758/11/6
f 643/3/6 143/2/6 148/1/6

usemtl color14

f 758/3/1 760/2/1 757/1/1
f 760/3/1 758/2/1 759/1/1
f 641/3/2 758/2/2 757/1/2
f 758/3/2 641/2/2 643/1/2
f 644/531/3 760/625/3 759/5/3
f 760/625/3 644/531/3 642/5/3
f 644/5/4 641/1149/4 642/1150/4
f 641/1149/4 644/5/4 643/5/4
f 641/536/5 760/628/5 642/5/5
f 760/628/5 641/536/5 757/5/5
f 758/2/6 644/3/6 759/11/6
f 644/3/6 758/2/6 643/1/6
f 1267/3/1 1266/2/1 1265/1/1
f 1266/3/1 1267/2/1 1268/1/1
f 583/3/2 1267/2/2 1265/1/2
f 1267/3/2 583/2/2 585/1/2
f 586/474/3 1266/5/3 1268/1151/3
f 1266/5/3 586/474/3 584/5/3
f 586/5/4 583/5/4 584/1152/4
f 583/5/4 586/5/4 585/1153/4
f 583/477/5 1266/5/5 584/5/5
f 1266/5/5 583/477/5 1265/1154/5
f 1267/2/6 586/3/6 1268/11/6
f 586/3/6 1267/2/6 585/1/6

usemtl color11

f 1240/3/1 1211/2/1 1239/1/1
f 1211/3/1 1240/2/1 1212/1/1
f 1244/3/2 1240/2/2 1239/1/2
f 1240/3/2 1244/2/2 1243/1/2
f 1269/5/3 1211/5/3 1212/1155/3
f 1211/5/3 1269/5/3 1270/1156/3
f 1269/5/4 1244/1126/4 1270/1157/4
f 1244/1126/4 1269/5/4 1243/5/4
f 1244/1128/5 1211/5/5 1270/1158/5
f 1211/5/5 1244/1128/5 1239/5/5
f 1240/2/6 1269/3/6 1212/11/6
f 1269/3/6 1240/2/6 1243/1/6
f 1122/3/1 1124/2/1 1121/1/1
f 1124/3/1 1122/2/1 1123/1/1
f 1271/3/2 1122/2/2 1121/1/2
f 1122/3/2 1271/2/2 1272/1/2
f 1247/5/3 1124/1005/3 1123/5/3
f 1124/1005/3 1247/5/3 1245/1159/3
f 1247/5/4 1271/5/4 1245/1160/4
f 1271/5/4 1247/5/4 1272/1161/4
f 1271/5/5 1124/1008/5 1245/1132/5
f 1124/1008/5 1271/5/5 1121/5/5
f 1122/2/6 1247/3/6 1123/11/6
f 1247/3/6 1122/2/6 1272/1/6
f 1274/3/1 1219/2/1 1273/1/1
f 1219/3/1 1274/2/1 1220/1/1
f 1131/3/2 1274/2/2 1273/1/2
f 1274/3/2 1131/2/2 1133/1/2
f 1134/1015/3 1219/5/3 1220/1162/3
f 1219/5/3 1134/1015/3 1132/5/3
f 1134/5/4 1131/5/4 1132/1163/4
f 1131/5/4 1134/5/4 1133/1164/4
f 1131/1020/5 1219/5/5 1132/5/5
f 1219/5/5 1131/1020/5 1273/1165/5
f 1274/2/6 1134/3/6 1220/11/6
f 1134/3/6 1274/2/6 1133/1/6
f 1276/3/1 1223/2/1 1275/1/1
f 1223/3/1 1276/2/1 1224/1/1
f 1147/3/2 1276/2/2 1275/1/2
f 1276/3/2 1147/2/2 1149/1/2
f 1150/1027/3 1223/5/3 1224/1166/3
f 1223/5/3 1150/1027/3 1148/5/3
f 1150/5/4 1147/5/4 1148/1167/4
f 1147/5/4 1150/5/4 1149/1168/4
f 1147/1032/5 1223/5/5 1148/5/5
f 1223/5/5 1147/1032/5 1275/1169/5
f 1276/2/6 1150/3/6 1224/11/6
f 1150/3/6 1276/2/6 1149/1/6
f 1160/3/1 1162/2/1 1159/1/1
f 1162/3/1 1160/2/1 1161/1/1
f 1277/3/2 1160/2/2 1159/1/2
f 1160/3/2 1277/2/2 1278/1/2
f 1279/5/3 1162/1034/3 1161/5/3
f 1162/1034/3 1279/5/3 1280/1170/3
f 1279/5/4 1277/5/4 1280/1171/4
f 1277/5/4 1279/5/4 1278/1172/4
f 1277/5/5 1162/1037/5 1280/1173/5
f 1162/1037/5 1277/5/5 1159/5/5
f 1160/2/6 1279/3/6 1161/11/6
f 1279/3/6 1160/2/6 1278/1/6
f 1283/3/1 1282/2/1 1281/1/1
f 1282/3/1 1283/2/1 1284/1/1
f 1285/3/2 1283/2/2 1281/1/2
f 1283/3/2 1285/2/2 1286/1/2
f 1287/5/3 1282/5/3 1284/1174/3
f 1282/5/3 1287/5/3 1288/1175/3
f 1287/5/4 1285/5/4 1288/1176/4
f 1285/5/4 1287/5/4 1286/1177/4
f 1285/5/5 1282/5/5 1288/1178/5
f 1282/5/5 1285/5/5 1281/1179/5
f 1283/2/6 1287/3/6 1284/11/6
f 1287/3/6 1283/2/6 1286/1/6
f 1279/3/1 1289/2/1 1280/1/1
f 1289/3/1 1279/2/1 1290/1/1
f 1061/3/2 1279/2/2 1280/1/2
f 1279/3/2 1061/2/2 1063/1/2
f 1064/928/3 1289/5/3 1290/1180/3
f 1289/5/3 1064/928/3 1062/5/3
f 1064/5/4 1061/5/4 1062/1181/4
f 1061/5/4 1064/5/4 1063/1182/4
f 1061/933/5 1289/5/5 1062/5/5
f 1289/5/5 1061/933/5 1280/1173/5
f 1279/2/6 1064/3/6 1290/11/6
f 1064/3/6 1279/2/6 1063/1/6
f 1066/3/1 1068/2/1 1065/1/1
f 1068/3/1 1066/2/1 1067/1/1
f 1249/3/2 1066/2/2 1065/1/2
f 1066/3/2 1249/2/2 1251/1/2
f 1252/1133/3 1068/929/3 1067/5/3
f 1068/929/3 1252/1133/3 1250/5/3
f 1252/5/4 1249/5/4 1250/1183/4
f 1249/5/4 1252/5/4 1251/1184/4
f 1249/1138/5 1068/932/5 1250/5/5
f 1068/932/5 1249/1138/5 1065/5/5
f 1066/2/6 1252/3/6 1067/11/6
f 1252/3/6 1066/2/6 1251/1/6
f 1254/3/1 1256/2/1 1253/1/1
f 1256/3/1 1254/2/1 1255/1/1
f 1257/3/2 1254/2/2 1253/1/2
f 1254/3/2 1257/2/2 1259/1/2
f 1260/1139/3 1256/1134/3 1255/5/3
f 1256/1134/3 1260/1139/3 1258/5/3
f 1260/5/4 1257/5/4 1258/1185/4
f 1257/5/4 1260/5/4 1259/1186/4
f 1257/1144/5 1256/1137/5 1258/5/5
f 1256/1137/5 1257/1144/5 1253/5/5
f 1254/2/6 1260/3/6 1255/11/6
f 1260/3/6 1254/2/6 1259/1/6

usemtl color8

f 1136/3/1 1138/2/1 1135/1/1
f 1138/3/1 1136/2/1 1137/1/1
f 1265/3/2 1136/2/2 1135/1/2
f 1136/3/2 1265/2/2 1267/1/2
f 1268/1151/3 1138/1016/3 1137/5/3
f 1138/1016/3 1268/1151/3 1266/5/3
f 1268/5/4 1265/5/4 1266/1187/4
f 1265/5/4 1268/5/4 1267/1188/4
f 1265/1154/5 1138/1019/5 1266/5/5
f 1138/1019/5 1265/1154/5 1135/5/5
f 1136/2/6 1268/3/6 1137/11/6
f 1268/3/6 1136/2/6 1267/1/6
f 1152/3/1 1154/2/1 1151/1/1
f 1154/3/1 1152/2/1 1153/1/1
f 1155/3/2 1152/2/2 1151/1/2
f 1152/3/2 1155/2/2 1157/1/2
f 1158/1033/3 1154/1028/3 1153/5/3
f 1154/1028/3 1158/1033/3 1156/5/3
f 1158/5/4 1155/5/4 1156/1189/4
f 1155/5/4 1158/5/4 1157/1190/4
f 1155/1038/5 1154/1031/5 1156/5/5
f 1154/1031/5 1155/1038/5 1151/5/5
f 1152/2/6 1158/3/6 1153/11/6
f 1158/3/6 1152/2/6 1157/1/6
f 1204/3/1 1206/2/1 1203/1/1
f 1206/3/1 1204/2/1 1205/1/1
f 1207/3/2 1204/2/2 1203/1/2
f 1204/3/2 1207/2/2 1209/1/2
f 1210/1084/3 1206/1080/3 1205/5/3
f 1206/1080/3 1210/1084/3 1208/5/3
f 1210/5/4 1207/5/4 1208/1191/4
f 1207/5/4 1210/5/4 1209/1192/4
f 1207/1089/5 1206/1083/5 1208/5/5
f 1206/1083/5 1207/1089/5 1203/5/5
f 1204/2/6 1210/3/6 1205/11/6
f 1210/3/6 1204/2/6 1209/1/6
f 964/3/1 966/2/1 963/1/1
f 966/3/1 964/2/1 965/1/1
f 967/3/2 964/2/2 963/1/2
f 964/3/2 967/2/2 969/1/2
f 970/831/3 966/826/3 965/5/3
f 966/826/3 970/831/3 968/5/3
f 970/5/4 967/5/4 968/1193/4
f 967/5/4 970/5/4 969/1194/4
f 967/836/5 966/829/5 968/5/5
f 966/829/5 967/836/5 963/5/5
f 964/2/6 970/3/6 965/11/6
f 970/3/6 964/2/6 969/1/6
f 1293/3/1 1292/2/1 1291/1/1
f 1292/3/1 1293/2/1 1294/1/1
f 1295/3/2 1293/2/2 1291/1/2
f 1293/3/2 1295/2/2 1296/1/2
f 998/5/3 1292/5/3 1294/1195/3
f 1292/5/3 998/5/3 997/1196/3
f 998/857/4 1295/5/4 997/5/4
f 1295/5/4 998/857/4 1296/1197/4
f 1295/5/5 1292/5/5 997/5/5
f 1292/5/5 1295/5/5 1291/1198/5
f 1293/2/6 998/3/6 1294/11/6
f 998/3/6 1293/2/6 1296/1/6

usemtl color4

f 439/3/1 812/2/1 440/1/1
f 812/3/1 439/2/1 811/1/1
f 808/3/2 439/2/2 440/1/2
f 439/3/2 808/2/2 807/1/2
f 1297/5/3 812/680/3 811/5/3
f 812/680/3 1297/5/3 1298/1199/3
f 1297/5/4 808/677/4 1298/1200/4
f 808/677/4 1297/5/4 807/5/4
f 808/678/5 812/682/5 1298/1201/5
f 812/682/5 808/678/5 440/352/5
f 439/2/6 1297/3/6 811/11/6
f 1297/3/6 439/2/6 807/1/6

