# Created by Kenney (www.kenney.nl)

mtllib Cannon 4BQ Grynn.mtl

v 29 8 -2.2
v 29 7 -2.2
v 29 8 2.2
v 29 7 2.2
v 28 8 -2.2
v 28 8 2.2
v 28 7 2.2
v 28 7 -2.2
v 18 8 -2.2
v 18 7 -2.2
v 18 8 2.2
v 18 7 2.2
v 16 8 -2.2
v 16 8 2.2
v 16 7 2.2
v 16 7 -2.2
v 14 8 -2.2
v 14 7 -2.2
v 14 8 2.2
v 14 7 2.2
v 12 8 -2.2
v 12 8 2.2
v 12 7 2.2
v 12 7 -2.2
v 11 8 -2.2
v 11 7 -2.2
v 11 8 2.2
v 11 7 2.2
v 10 8 -2.2
v 10 8 2.2
v 10 7 2.2
v 10 7 -2.2
v 29 7 -2.75
v 29 6 -2.75
v 29 7 2.75
v 29 6 2.75
v 28 7 -2.75
v 28 7 2.75
v 28 6 2.75
v 28 6 -2.75
v 26 7 -2.75
v 26 6 -2.75
v 26 7 2.75
v 26 6 2.75
v 25 7 -2.75
v 25 7 2.75
v 25 6 2.75
v 25 6 -2.75
v 20 7 -2.75
v 20 6 -2.75
v 20 7 2.75
v 20 6 2.75
v 19 7 -2.75
v 19 7 2.75
v 19 6 2.75
v 19 6 -2.75
v 23 6 -2.75
v 23 5 -2.75
v 23 6 2.75
v 23 5 2.75
v 22 6 -2.75
v 22 6 2.75
v 22 5 2.75
v 22 5 -2.75
v 9 5 -2.2
v 9 4 -2.2
v 9 5 2.2
v 9 4 2.2
v 8 5 -2.2
v 8 5 2.2
v 8 4 2.2
v 8 4 -2.2
v 7 5 -2.2
v 7 4 -2.2
v 7 5 2.2
v 7 4 2.2
v 6 5 -2.2
v 6 5 2.2
v 6 4 2.2
v 6 4 -2.2
v -1 5 -1.65
v -1 4 -1.65
v -1 5 1.65
v -1 4 1.65
v -2 5 -1.65
v -2 5 1.65
v -2 4 1.65
v -2 4 -1.65
v -10 5 -1.65
v -10 4 -1.65
v -10 5 1.65
v -10 4 1.65
v -11 5 -1.65
v -11 5 1.65
v -11 4 1.65
v -11 4 -1.65
v -19 4 -1.1
v -19 3 -1.1
v -19 4 1.1
v -19 3 1.1
v -20 4 -1.1
v -20 4 1.1
v -20 3 1.1
v -20 3 -1.1
v 10 3 -4.4
v 10 2 -4.4
v 10 3 4.4
v 10 2 4.4
v 9 3 -4.4
v 9 3 4.4
v 9 2 4.4
v 9 2 -4.4
v 12 2 -4.4
v 12 1 -4.4
v 12 2 4.4
v 12 1 4.4
v 11 2 -4.4
v 11 2 4.4
v 11 1 4.4
v 11 1 -4.4
v 8 1 -4.4
v 8 -1 -4.4
v 8 1 4.4
v 8 -1 4.4
v 7 1 -4.4
v 7 1 4.4
v 7 -1 4.4
v 7 -1 -4.4
v -1 1 -3.85
v -1 0 -3.85
v -1 1 3.85
v -1 0 3.85
v -2 1 -3.85
v -2 1 3.85
v -2 0 3.85
v -2 0 -3.85
v -19 1 -3.3
v -19 0 -3.3
v -19 1 3.3
v -19 0 3.3
v -20 1 -3.3
v -20 1 3.3
v -20 0 3.3
v -20 0 -3.3
v 12 0 -4.4
v 12 -1 -4.4
v 12 0 4.4
v 12 -1 4.4
v 8 0 -4.4
v 8 0 4.4
v 3 -2 -4.4
v 3 -3 -4.4
v 3 -2 4.4
v 3 -3 4.4
v 1 -2 -4.4
v 1 -2 4.4
v 1 -3 4.4
v 1 -3 -4.4
v 26 8 -2.2
v 26 8 2.2
v 26 7 2.2
v 26 7 -2.2
v 19 3 -3.3
v 19 1 -3.3
v 19 3 3.3
v 19 1 3.3
v 18 3 -3.3
v 18 3 3.3
v 18 1 3.3
v 18 1 -3.3
v 5 3 -3.3
v 5 2 -3.3
v 5 3 3.3
v 5 2 3.3
v 4 3 -3.3
v 4 3 3.3
v 4 2 3.3
v 4 2 -3.3
v 3 3 -3.3
v 3 2 -3.3
v 3 3 3.3
v 3 2 3.3
v 2 3 -3.3
v 2 3 3.3
v 2 2 3.3
v 2 2 -3.3
v 23 2 -2.75
v 23 1 -2.75
v 23 2 2.75
v 23 1 2.75
v 22 2 -2.75
v 22 2 2.75
v 22 1 2.75
v 22 1 -2.75
v 0 2 -3.3
v 0 0 -3.3
v 0 2 3.3
v 0 0 3.3
v -1 2 -3.3
v -1 2 3.3
v -1 0 3.3
v -1 0 -3.3
v -2 2 -3.3
v -2 1 -3.3
v -2 2 3.3
v -2 1 3.3
v -3 2 -3.3
v -3 2 3.3
v -3 1 3.3
v -3 1 -3.3
v -11 2 -3.3
v -11 1 -3.3
v -11 2 3.3
v -11 1 3.3
v -12 2 -3.3
v -12 2 3.3
v -12 1 3.3
v -12 1 -3.3
v 20 1 -3.3
v 20 0 -3.3
v 20 1 3.3
v 20 0 3.3
v 19 0 3.3
v 19 0 -3.3
v 5 1 -3.3
v 5 0 -3.3
v 5 1 3.3
v 5 0 3.3
v 4 1 -3.3
v 4 1 3.3
v 4 0 3.3
v 4 0 -3.3
v 2 1 -3.3
v 2 0 -3.3
v 2 1 3.3
v 2 0 3.3
v 1 1 -3.3
v 1 1 3.3
v 1 0 3.3
v 1 0 -3.3
v -3 0 -3.3
v -3 0 3.3
v -10 1 -3.3
v -10 1 3.3
v -10 0 3.3
v -10 0 -3.3
v -17 1 -2.75
v -17 0 -2.75
v -17 1 2.75
v -17 0 2.75
v -19 1 -2.75
v -19 1 2.75
v -19 0 2.75
v -19 0 -2.75
v -21 1 -2.75
v -21 0 -2.75
v -21 1 2.75
v -21 0 2.75
v -27 1 -2.75
v -27 1 2.75
v -27 0 2.75
v -27 0 -2.75
v -2 0 -3.3
v -2 -1 -3.3
v -2 0 3.3
v -2 -1 3.3
v -3 -1 3.3
v -3 -1 -3.3
v -11 0 -3.3
v -11 -1 -3.3
v -11 0 3.3
v -11 -1 3.3
v -12 0 -3.3
v -12 0 3.3
v -12 -1 3.3
v -12 -1 -3.3
v -16 0 -2.75
v -16 -1 -2.75
v -16 0 2.75
v -16 -1 2.75
v -17 -1 2.75
v -17 -1 -2.75
v 22 -1 -3.3
v 22 -2 -3.3
v 22 -1 3.3
v 22 -2 3.3
v 21 -1 -3.3
v 21 -1 3.3
v 21 -2 3.3
v 21 -2 -3.3
v 21 -1 -3.85
v 21 -2 -3.85
v 21 -1 3.85
v 21 -2 3.85
v 20 -1 -3.85
v 20 -1 3.85
v 20 -2 3.85
v 20 -2 -3.85
v 16 -1 -2.75
v 16 -2 -2.75
v 16 -1 2.75
v 16 -2 2.75
v 15 -1 -2.75
v 15 -1 2.75
v 15 -2 2.75
v 15 -2 -2.75
v 14 -1 -2.75
v 14 -2 -2.75
v 14 -1 2.75
v 14 -2 2.75
v 13 -1 -2.75
v 13 -1 2.75
v 13 -2 2.75
v 13 -2 -2.75
v 19 -2 -3.3
v 19 -3 -3.3
v 19 -2 3.3
v 19 -3 3.3
v 18 -2 -3.3
v 18 -2 3.3
v 18 -3 3.3
v 18 -3 -3.3
v 18 -2 -2.75
v 18 -3 -2.75
v 18 -2 2.75
v 18 -3 2.75
v 16 -3 2.75
v 16 -3 -2.75
v 10 -2 -3.3
v 10 -3 -3.3
v 10 -2 3.3
v 10 -3 3.3
v 6 -2 -3.3
v 6 -2 3.3
v 6 -3 3.3
v 6 -3 -3.3
v 5 -2 -4.4
v 5 -3 -4.4
v 5 -2 4.4
v 5 -3 4.4
v 4 -2 -4.4
v 4 -2 4.4
v 4 -3 4.4
v 4 -3 -4.4
v 21 -3 -1.1
v 21 -5 -1.1
v 21 -3 1.1
v 21 -5 1.1
v 20 -3 -1.1
v 20 -3 1.1
v 20 -5 1.1
v 20 -5 -1.1
v 15 -3 -1.1
v 15 -4 -1.1
v 15 -3 1.1
v 15 -4 1.1
v 13 -3 -1.1
v 13 -3 1.1
v 13 -4 1.1
v 13 -4 -1.1
v 6 -3 -2.75
v 6 -4 -2.75
v 6 -3 2.75
v 6 -4 2.75
v 5 -3 -2.75
v 5 -3 2.75
v 5 -4 2.75
v 5 -4 -2.75
v 1 -3 -1.1
v 1 -4 -1.1
v 1 -3 1.1
v 1 -4 1.1
v 0 -3 -1.1
v 0 -3 1.1
v 0 -4 1.1
v 0 -4 -1.1
v 18 -4 -1.1
v 18 -5 -1.1
v 18 -4 1.1
v 18 -5 1.1
v 17 -4 -1.1
v 17 -4 1.1
v 17 -5 1.1
v 17 -5 -1.1
v 8 -4 -2.75
v 8 -5 -2.75
v 8 -4 2.75
v 8 -5 2.75
v 7 -4 -2.75
v 7 -4 2.75
v 7 -5 2.75
v 7 -5 -2.75
v 22 -5 -1.1
v 22 -6 -1.1
v 22 -5 1.1
v 22 -6 1.1
v 21 -6 1.1
v 21 -6 -1.1
v 0 -5 -1.1
v 0 -6 -1.1
v 0 -5 1.1
v 0 -6 1.1
v -1 -5 -1.1
v -1 -5 1.1
v -1 -6 1.1
v -1 -6 -1.1
v 25 8 -2.2
v 25 8 2.2
v 25 7 2.2
v 25 7 -2.2
v 23 7 -2.75
v 23 7 2.75
v 22 7 -2.75
v 22 7 2.75
v 11 3 -4.4
v 11 3 4.4
v 7 3 -4.4
v 7 3 4.4
v 7 2 4.4
v 7 2 -4.4
v 8 2 -4.4
v 8 2 4.4
v -1 2 -3.85
v -1 2 3.85
v -2 2 -3.85
v -2 2 3.85
v 3 -1 -4.4
v 3 -1 4.4
v 1 -1 -4.4
v 1 -1 4.4
v 24 8 -2.2
v 24 8 2.2
v 24 7 2.2
v 24 7 -2.2
v 22 8 -2.2
v 22 7 -2.2
v 22 8 2.2
v 22 7 2.2
v 20 8 -2.2
v 20 8 2.2
v 20 7 2.2
v 20 7 -2.2
v 19 8 -2.2
v 19 7 -2.2
v 19 8 2.2
v 19 7 2.2
v 15 8 -2.2
v 15 7 -2.2
v 15 8 2.2
v 15 7 2.2
v 21 4 -3.85
v 21 3 -3.85
v 21 4 3.85
v 21 3 3.85
v 20 4 -3.85
v 20 4 3.85
v 20 3 3.85
v 20 3 -3.85
v -2 4 -2.2
v -2 3 -2.2
v -2 4 2.2
v -2 3 2.2
v -3 4 -2.2
v -3 4 2.2
v -3 3 2.2
v -3 3 -2.2
v 0 3 -2.75
v 0 2 -2.75
v 0 3 2.75
v 0 2 2.75
v -1 3 -2.75
v -1 3 2.75
v -1 2 2.75
v -1 2 -2.75
v -11 3 -2.75
v -11 2 -2.75
v -11 3 2.75
v -11 2 2.75
v -12 3 -2.75
v -12 3 2.75
v -12 2 2.75
v -12 2 -2.75
v -13 3 -1.65
v -13 2 -1.65
v -13 3 1.65
v -13 2 1.65
v -19 3 -1.65
v -19 3 1.65
v -19 2 1.65
v -19 2 -1.65
v -20 3 -1.65
v -20 2 -1.65
v -20 3 1.65
v -20 2 1.65
v -27 3 -1.65
v -27 3 1.65
v -27 2 1.65
v -27 2 -1.65
v 1 2 -3.3
v 1 2 3.3
v -10 2 -3.3
v -10 2 3.3
v 23 0 -2.75
v 23 0 2.75
v 22 0 2.75
v 22 0 -2.75
v -20 1 -2.75
v -20 0 -2.75
v -20 1 2.75
v -20 0 2.75
v -13 0 -2.75
v -13 -1 -2.75
v -13 0 2.75
v -13 -1 2.75
v -27 -1 -1.65
v -27 -2 -1.65
v -27 -1 1.65
v -27 -2 1.65
v -28 -1 -1.65
v -28 -1 1.65
v -28 -2 1.65
v -28 -2 -1.65
v 20 -2 -3.3
v 20 -3 -3.3
v 20 -2 3.3
v 20 -3 3.3
v 5 -2 -3.3
v 5 -2 3.3
v 5 -3 3.3
v 5 -3 -3.3
v -1 -2 -0.55
v -1 -3 -0.55
v -1 -2 0.55
v -1 -3 0.55
v -2 -2 -0.55
v -2 -2 0.55
v -2 -3 0.55
v -2 -3 -0.55
v -10 -2 -0.55
v -10 -3 -0.55
v -10 -2 0.55
v -10 -3 0.55
v -11 -2 -0.55
v -11 -2 0.55
v -11 -3 0.55
v -11 -3 -0.55
v -19 -2 -0.55
v -19 -3 -0.55
v -19 -2 0.55
v -19 -3 0.55
v -20 -2 -0.55
v -20 -2 0.55
v -20 -3 0.55
v -20 -3 -0.55
v 16 -3 -1.1
v 16 -4 -1.1
v 16 -3 1.1
v 16 -4 1.1
v 12 -3 -1.1
v 12 -3 1.1
v 12 -4 1.1
v 12 -4 -1.1
v 9 -3 -2.75
v 9 -4 -2.75
v 9 -3 2.75
v 9 -4 2.75
v 8 -3 -2.75
v 8 -3 2.75
v 16 -5 1.1
v 16 -5 -1.1
v 12 -5 -1.1
v 12 -5 1.1
v 11 -4 -1.1
v 11 -4 1.1
v 11 -5 1.1
v 11 -5 -1.1
v -1 -4 -1.1
v -1 -4 1.1
v -1 -5 -3.3
v -1 -6 -3.3
v -1 -5 3.3
v -1 -6 3.3
v -2 -5 -3.3
v -2 -5 3.3
v -2 -6 3.3
v -2 -6 -3.3
v -2 -7 -3.3
v -2 -7 3.3
v -3 -6 -3.3
v -3 -6 3.3
v -3 -7 3.3
v -3 -7 -3.3
v 23 8 -2.2
v 23 8 2.2
v 23 7 2.2
v 23 7 -2.2
v -28 3 -1.1
v -28 2 -1.1
v -28 3 1.1
v -28 2 1.1
v -29 3 -1.1
v -29 3 1.1
v -29 2 1.1
v -29 2 -1.1
v -28 2 -2.2
v -28 -1 -2.2
v -28 2 2.2
v -28 -1 2.2
v -29 2 -2.2
v -29 2 2.2
v -29 -1 2.2
v -29 -1 -2.2
v -28 -1 -1.1
v -28 -2 -1.1
v -28 -1 1.1
v -28 -2 1.1
v -29 -1 -1.1
v -29 -1 1.1
v -29 -2 1.1
v -29 -2 -1.1
v 5 4 -3.85
v 5 3 -3.85
v 5 4 3.85
v 5 3 3.85
v 3 4 -3.85
v 3 4 3.85
v 3 3 3.85
v 3 3 -3.85
v 1 4 -3.85
v 1 3 -3.85
v 1 4 3.85
v 1 3 3.85
v 0 4 -3.85
v 0 4 3.85
v 0 3 3.85
v 0 3 -3.85
v -1 4 -2.75
v -1 4 2.75
v -2 4 -2.75
v -2 4 2.75
v -2 3 2.75
v -2 3 -2.75
v -1 3 -3.3
v -1 3 3.3
v -2 3 -3.3
v -2 3 3.3
v -10 3 -3.3
v -10 3 3.3
v -11 3 -3.3
v -11 3 3.3
v -19 3 -2.2
v -19 2 -2.2
v -19 3 2.2
v -19 2 2.2
v -20 3 -2.2
v -20 3 2.2
v -20 2 2.2
v -20 2 -2.2
v -10 2 -3.85
v -10 1 -3.85
v -10 2 3.85
v -10 1 3.85
v -11 2 -3.85
v -11 2 3.85
v -11 1 3.85
v -11 1 -3.85
v -19 2 -3.3
v -19 2 3.3
v -20 2 -3.3
v -20 2 3.3
v 29 5 -2.2
v 29 4 -2.2
v 29 5 2.2
v 29 4 2.2
v 28 5 -2.2
v 28 5 2.2
v 28 4 2.2
v 28 4 -2.2
v 26 5 -2.2
v 26 4 -2.2
v 26 5 2.2
v 26 4 2.2
v 25 5 -2.2
v 25 5 2.2
v 25 4 2.2
v 25 4 -2.2
v 23 5 -2.2
v 23 4 -2.2
v 23 5 2.2
v 23 4 2.2
v 22 5 -2.2
v 22 5 2.2
v 22 4 2.2
v 22 4 -2.2
v 20 5 -2.2
v 20 4 -2.2
v 20 5 2.2
v 20 4 2.2
v 19 5 -2.2
v 19 5 2.2
v 19 4 2.2
v 19 4 -2.2
v 15 5 -2.2
v 15 4 -2.2
v 15 5 2.2
v 15 4 2.2
v 12 5 -2.2
v 12 5 2.2
v 12 4 2.2
v 12 4 -2.2
v 22 4 -3.3
v 22 3 -3.3
v 22 4 3.3
v 22 3 3.3
v 21 4 -3.3
v 21 4 3.3
v 21 3 3.3
v 21 3 -3.3
v 0 4 -2.2
v 0 3 -2.2
v 0 4 2.2
v 0 3 2.2
v -1 4 -2.2
v -1 4 2.2
v -1 3 2.2
v -1 3 -2.2
v -10 4 -2.2
v -10 4 2.2
v -10 3 2.2
v -10 3 -2.2
v -11 4 -2.2
v -11 3 -2.2
v -11 4 2.2
v -11 3 2.2
v -13 4 -2.2
v -13 4 2.2
v -13 3 2.2
v -13 3 -2.2
v 23 3 -2.2
v 23 2 -2.2
v 23 3 2.2
v 23 2 2.2
v 22 3 -2.2
v 22 3 2.2
v 22 2 2.2
v 22 2 -2.2
v -2 2 -2.75
v -2 2 2.75
v -4 3 -2.75
v -4 3 2.75
v -4 2 2.75
v -4 2 -2.75
v 4 2 -3.85
v 4 1 -3.85
v 4 2 3.85
v 4 1 3.85
v 3 2 -3.85
v 3 2 3.85
v 3 1 3.85
v 3 1 -3.85
v -13 2 -2.75
v -13 1 -2.75
v -13 2 2.75
v -13 1 2.75
v -19 2 -2.75
v -19 2 2.75
v -21 2 -2.75
v -21 2 2.75
v -28 2 -2.75
v -28 2 2.75
v -28 1 2.75
v -28 1 -2.75
v -27 -1 -2.75
v -27 -1 2.75
v -28 -1 2.75
v -28 -1 -2.75
v -13 0 -3.3
v -13 0 3.3
v -13 -1 3.3
v -13 -1 -3.3
v -12 -1 -2.2
v -12 -2 -2.2
v -12 -1 2.2
v -12 -2 2.2
v -13 -1 -2.2
v -13 -1 2.2
v -13 -2 2.2
v -13 -2 -2.2
v 0 -3 -0.55
v 0 -4 -0.55
v 0 -3 0.55
v 0 -4 0.55
v -1 -4 0.55
v -1 -4 -0.55
v -1 -5 -0.55
v -1 -5 0.55
v -2 -4 -0.55
v -2 -4 0.55
v -2 -5 0.55
v -2 -5 -0.55
v 7 8 -1.1
v 7 7 -1.1
v 7 8 1.1
v 7 7 1.1
v 5 8 -1.1
v 5 8 1.1
v 5 7 1.1
v 5 7 -1.1
v 3 8 -1.1
v 3 7 -1.1
v 3 8 1.1
v 3 7 1.1
v 1 8 -1.1
v 1 8 1.1
v 1 7 1.1
v 1 7 -1.1
v 2 7 -1.65
v 2 6 -1.65
v 2 7 1.65
v 2 6 1.65
v 1 7 -1.65
v 1 7 1.65
v 1 6 1.65
v 1 6 -1.65
v 18 4 -3.85
v 18 3 -3.85
v 18 4 3.85
v 18 3 3.85
v 15 4 -3.85
v 15 4 3.85
v 15 3 3.85
v 15 3 -3.85
v 20 3 -4.4
v 20 2 -4.4
v 20 3 4.4
v 20 2 4.4
v 19 3 -4.4
v 19 3 4.4
v 19 2 4.4
v 19 2 -4.4
v 1 2 -3.85
v 1 1 -3.85
v 1 2 3.85
v 1 1 3.85
v 0 2 -3.85
v 0 2 3.85
v 0 1 3.85
v 0 1 -3.85
v 7 7 -1.65
v 7 6 -1.65
v 7 7 1.65
v 7 6 1.65
v 6 7 -1.65
v 6 7 1.65
v 6 6 1.65
v 6 6 -1.65
v 8 6 -1.65
v 8 5 -1.65
v 8 6 1.65
v 8 5 1.65
v 7 5 1.65
v 7 5 -1.65
v 3 6 -1.65
v 3 5 -1.65
v 3 6 1.65
v 3 5 1.65
v 1 5 1.65
v 1 5 -1.65
v 1 6 -1.1
v 1 5 -1.1
v 1 6 1.1
v 1 5 1.1
v 0 6 -1.1
v 0 6 1.1
v 0 5 1.1
v 0 5 -1.1
v 14 4 -3.85
v 14 1 -3.85
v 14 4 3.85
v 14 1 3.85
v 13 4 -3.85
v 13 4 3.85
v 13 1 3.85
v 13 1 -3.85
v 12 4 -3.85
v 12 3 -3.85
v 12 4 3.85
v 12 3 3.85
v 11 4 -3.85
v 11 4 3.85
v 11 3 3.85
v 11 3 -3.85
v 10 4 -3.85
v 10 3 -3.85
v 10 4 3.85
v 10 3 3.85
v 9 4 -3.85
v 9 4 3.85
v 9 3 3.85
v 9 3 -3.85
v 22 3 -3.85
v 22 2 -3.85
v 22 3 3.85
v 22 2 3.85
v 21 2 3.85
v 21 2 -3.85
v 18 2 -3.85
v 18 2 3.85
v 16 3 -3.85
v 16 3 3.85
v 16 2 3.85
v 16 2 -3.85
v 7 3 -3.85
v 7 -1 -3.85
v 7 3 3.85
v 7 -1 3.85
v 6 3 -3.85
v 6 3 3.85
v 6 -1 3.85
v 6 -1 -3.85
v 6 2 -3.85
v 6 2 3.85
v 5 2 3.85
v 5 2 -3.85
v 16 -1 -3.85
v 16 -1 3.85
v 15 2 -3.85
v 15 2 3.85
v 15 -1 3.85
v 15 -1 -3.85
v 13 2 -3.85
v 13 -1 -3.85
v 13 2 3.85
v 13 -1 3.85
v 12 2 -3.85
v 12 2 3.85
v 12 -1 3.85
v 12 -1 -3.85
v 10 2 -3.85
v 10 0 -3.85
v 10 2 3.85
v 10 0 3.85
v 9 2 -3.85
v 9 2 3.85
v 9 0 3.85
v 9 0 -3.85
v 22 1 -3.85
v 22 0 -3.85
v 22 1 3.85
v 22 0 3.85
v 21 1 -3.85
v 21 1 3.85
v 21 0 3.85
v 21 0 -3.85
v 17 1 -3.85
v 17 -1 -3.85
v 17 1 3.85
v 17 -1 3.85
v 16 1 -3.85
v 16 1 3.85
v 15 1 -3.85
v 15 0 -3.85
v 15 1 3.85
v 15 0 3.85
v 14 0 3.85
v 14 0 -3.85
v 11 1 -3.85
v 11 0 -3.85
v 11 1 3.85
v 11 0 3.85
v 10 1 -3.85
v 10 1 3.85
v 9 1 -3.85
v 9 1 3.85
v 8 1 -3.85
v 8 1 3.85
v 8 0 3.85
v 8 0 -3.85
v 14 -1 -3.85
v 14 -1 3.85
v 13 0 -3.85
v 13 0 3.85
v 6 0 -3.85
v 6 -2 -3.85
v 6 0 3.85
v 6 -2 3.85
v 5 0 -3.85
v 5 0 3.85
v 5 -2 3.85
v 5 -2 -3.85
v 5 -1 -3.85
v 5 -1 3.85
v 2 0 -3.85
v 2 0 3.85
v 2 -1 3.85
v 2 -1 -3.85
v 1 0 -3.85
v 1 -2 -3.85
v 1 0 3.85
v 1 -2 3.85
v 0 0 -3.85
v 0 0 3.85
v 0 -2 3.85
v 0 -2 -3.85
v 16 -2 -1.65
v 16 -3 -1.65
v 16 -2 1.65
v 16 -3 1.65
v 12 -2 -1.65
v 12 -2 1.65
v 12 -3 1.65
v 12 -3 -1.65
v 17 -3 -1.65
v 17 -4 -1.65
v 17 -3 1.65
v 17 -4 1.65
v 16 -4 1.65
v 16 -4 -1.65
v 12 -4 -1.65
v 12 -4 1.65
v 11 -3 -1.65
v 11 -3 1.65
v 11 -4 1.65
v 11 -4 -1.65
v 27 7 -1.65
v 27 6 -1.65
v 27 7 1.65
v 27 6 1.65
v 26 7 -1.65
v 26 7 1.65
v 26 6 1.65
v 26 6 -1.65
v 25 7 -1.65
v 25 6 -1.65
v 25 7 1.65
v 25 6 1.65
v 24 7 -1.65
v 24 7 1.65
v 24 6 1.65
v 24 6 -1.65
v 18 7 -1.65
v 18 6 -1.65
v 18 7 1.65
v 18 6 1.65
v 15 7 -1.65
v 15 7 1.65
v 15 6 1.65
v 15 6 -1.65
v 14 7 -1.65
v 14 6 -1.65
v 14 7 1.65
v 14 6 1.65
v 13 7 -1.65
v 13 7 1.65
v 13 6 1.65
v 13 6 -1.65
v 22 6 -1.65
v 22 5 -1.65
v 22 6 1.65
v 22 5 1.65
v 21 6 -1.65
v 21 6 1.65
v 21 5 1.65
v 21 5 -1.65
v 13 5 -1.65
v 13 5 1.65
v 12 6 -1.65
v 12 6 1.65
v 12 5 1.65
v 12 5 -1.65
v 23 7 -1.65
v 23 7 1.65
v 23 6 1.65
v 23 6 -1.65
v 14 5 -1.65
v 14 5 1.65
v 22 7 -1.65
v 22 7 1.65
v 21 7 -1.65
v 21 7 1.65
v 12 7 -1.65
v 12 7 1.65
v 11 7 -2.75
v 11 6 -2.75
v 11 7 2.75
v 11 6 2.75
v 10 7 -2.75
v 10 7 2.75
v 10 6 2.75
v 10 6 -2.75
v 12 3 -4.4
v 12 3 4.4
v 18 1 -4.4
v 18 0 -4.4
v 18 1 4.4
v 18 0 4.4
v 17 1 -4.4
v 17 1 4.4
v 17 0 4.4
v 17 0 -4.4
v 11 0 4.4
v 11 0 -4.4
v -4 -2 -0.55
v -4 -3 -0.55
v -4 -2 0.55
v -4 -3 0.55
v -7 -2 -0.55
v -7 -2 0.55
v -7 -3 0.55
v -7 -3 -0.55
v -13 -2 -0.55
v -13 -3 -0.55
v -13 -2 0.55
v -13 -3 0.55
v -17 -2 -0.55
v -17 -2 0.55
v -17 -3 0.55
v -17 -3 -0.55
v 8 7 -1.65
v 8 7 1.65
v 0 7 -1.1
v 0 7 1.1
v 8 4 -3.85
v 8 4 3.85
v 8 3 3.85
v 8 3 -3.85
v 6 7 -2.2
v 6 6 -2.2
v 6 7 2.2
v 6 6 2.2
v 4 7 -2.2
v 4 7 2.2
v 4 6 2.2
v 4 6 -2.2
v 10 5 -2.2
v 10 4 -2.2
v 10 5 2.2
v 10 4 2.2
v 2 5 -2.2
v 2 5 2.2
v 2 4 2.2
v 2 4 -2.2
v 21 3 -4.4
v 21 2 -4.4
v 21 3 4.4
v 21 2 4.4
v -13 3 -2.75
v -13 3 2.75
v 24 2 -1.65
v 24 1 -1.65
v 24 2 1.65
v 24 1 1.65
v 23 2 -1.65
v 23 2 1.65
v 23 1 1.65
v 23 1 -1.65
v 19 0 -4.4
v 19 -1 -4.4
v 19 0 4.4
v 19 -1 4.4
v 18 -1 4.4
v 18 -1 -4.4
v -1 -1 -3.85
v -1 -1 3.85
v -2 -1 3.85
v -2 -1 -3.85
v -10 0 -3.85
v -10 -1 -3.85
v -10 0 3.85
v -10 -1 3.85
v -11 0 -3.85
v -11 0 3.85
v -11 -1 3.85
v -11 -1 -3.85
v -3 -2 -0.55
v -3 -3 -0.55
v -3 -2 0.55
v -3 -3 0.55
v -8 -2 -0.55
v -8 -3 -0.55
v -8 -2 0.55
v -8 -3 0.55
v -9 -2 -0.55
v -9 -2 0.55
v -9 -3 0.55
v -9 -3 -0.55
v -12 -2 -0.55
v -12 -3 -0.55
v -12 -2 0.55
v -12 -3 0.55
v 4 7 -1.65
v 4 5 -1.65
v 4 7 1.65
v 4 5 1.65
v 3 7 -1.65
v 3 7 1.65
v 5 6 -1.65
v 5 6 1.65
v 5 5 1.65
v 5 5 -1.65
v 15 4 -3.3
v 15 3 -3.3
v 15 4 3.3
v 15 3 3.3
v 14 4 -3.3
v 14 4 3.3
v 14 3 3.3
v 14 3 -3.3
v 11 4 -3.3
v 11 3 -3.3
v 11 4 3.3
v 11 3 3.3
v 10 4 -3.3
v 10 4 3.3
v 10 3 3.3
v 10 3 -3.3
v 16 3 -3.3
v 16 2 -3.3
v 16 3 3.3
v 16 2 3.3
v 15 2 3.3
v 15 2 -3.3
v 13 3 -3.3
v 13 2 -3.3
v 13 3 3.3
v 13 2 3.3
v 12 3 -3.3
v 12 3 3.3
v 12 2 3.3
v 12 2 -3.3
v 20 2 -3.85
v 20 1 -3.85
v 20 2 3.85
v 20 1 3.85
v 19 2 -3.85
v 19 2 3.85
v 19 1 3.85
v 19 1 -3.85
v 17 2 -3.3
v 17 1 -3.3
v 17 2 3.3
v 17 1 3.3
v 16 1 3.3
v 16 1 -3.3
v 15 1 -3.3
v 15 1 3.3
v 14 2 -3.3
v 14 2 3.3
v 14 1 3.3
v 14 1 -3.3
v 18 0 -3.85
v 18 -2 -3.85
v 18 0 3.85
v 18 -2 3.85
v 17 0 -3.85
v 17 0 3.85
v 17 -2 3.85
v 17 -2 -3.85
v 15 0 -3.3
v 15 -1 -3.3
v 15 0 3.3
v 15 -1 3.3
v 14 0 -3.3
v 14 0 3.3
v 14 -1 3.3
v 14 -1 -3.3
v 19 -1 -3.85
v 19 -1 3.85
v 19 -2 3.85
v 19 -2 -3.85
v 16 -2 3.85
v 16 -2 -3.85
v 12 -2 -3.85
v 12 -2 3.85
v 7 -2 3.85
v 7 -2 -3.85
v 18 -3 -1.65
v 18 -4 -1.65
v 18 -3 1.65
v 18 -4 1.65
v 10 -3 -1.65
v 10 -3 1.65
v 10 -4 1.65
v 10 -4 -1.65
v 13 3 -3.85
v 13 3 3.85
v 6 4 -3.85
v 6 4 3.85
v 11 2 -3.85
v 11 2 3.85
v 8 2 -3.85
v 8 2 3.85
v 1 -1 3.85
v 1 -1 -3.85
v 29 5 -2.75
v 29 5 2.75
v 28 5 2.75
v 28 5 -2.75
v 26 5 -2.75
v 26 5 2.75
v 25 5 2.75
v 25 5 -2.75
v 20 5 -2.75
v 20 5 2.75
v 19 5 2.75
v 19 5 -2.75
v 18 2 -4.4
v 18 2 4.4
v 17 2 -4.4
v 17 2 4.4
v -19 -1 -3.3
v -19 -1 3.3
v -20 -1 3.3
v -20 -1 -3.3
v 4 -1 -4.4
v 4 -1 4.4
v 27 5 -1.65
v 27 5 1.65
v 26 5 1.65
v 26 5 -1.65
v 25 5 -1.65
v 25 5 1.65
v 23 5 1.65
v 23 5 -1.65
v 18 5 -1.65
v 18 5 1.65
v 11 5 -2.75
v 11 5 2.75
v 10 5 2.75
v 10 5 -2.75
v 17 5 -2.2
v 17 5 2.2
v 17 4 2.2
v 17 4 -2.2
v 16 5 -2.2
v 16 4 -2.2
v 16 5 2.2
v 16 4 2.2
v 11 5 -2.2
v 11 4 -2.2
v 11 5 2.2
v 11 4 2.2
v 0 5 -2.2
v 0 5 2.2
v -10 3 -2.75
v -10 3 2.75
v -10 2 2.75
v -10 2 -2.75
v -28 3 -1.65
v -28 3 1.65
v -28 2 1.65
v -28 2 -1.65
v 2 2 -3.85
v 2 2 3.85
v 2 1 3.85
v 2 1 -3.85
v -13 2 -3.3
v -13 2 3.3
v -20 2 -2.75
v -20 2 2.75
v 24 0 -1.65
v 24 0 1.65
v 23 0 1.65
v 23 0 -1.65
v 21 1 -4.4
v 21 -1 -4.4
v 21 1 4.4
v 21 -1 4.4
v 20 1 -4.4
v 20 1 4.4
v 20 -1 4.4
v 20 -1 -4.4
v 19 1 -4.4
v 19 1 4.4
v 22 0 -4.4
v 22 -1 -4.4
v 22 0 4.4
v 22 -1 4.4
v 21 0 -4.4
v 21 0 4.4
v 20 0 -4.4
v 20 0 4.4
v 5 -1 -4.4
v 5 -1 4.4
v -1 -1 -2.75
v -1 -2 -2.75
v -1 -1 2.75
v -1 -2 2.75
v -2 -1 -2.75
v -2 -1 2.75
v -2 -2 2.75
v -2 -2 -2.75
v -10 -1 -2.75
v -10 -2 -2.75
v -10 -1 2.75
v -10 -2 2.75
v -11 -1 -2.75
v -11 -1 2.75
v -11 -2 2.75
v -11 -2 -2.75
v -19 -1 -2.2
v -19 -2 -2.2
v -19 -1 2.2
v -19 -2 2.2
v -20 -1 -2.2
v -20 -1 2.2
v -20 -2 2.2
v -20 -2 -2.2
v 0 -2 -0.55
v 0 -2 0.55
v 4 6 -1.65
v 4 6 1.65
v 22 2 -3.3
v 22 1 -3.3
v 22 2 3.3
v 22 1 3.3
v 21 2 -3.3
v 21 2 3.3
v 21 1 3.3
v 21 1 -3.3
v 18 -1 -3.85
v 18 -1 3.85
v 19 4 -3.85
v 19 4 3.85
v 19 3 3.85
v 19 3 -3.85
v 19 4 -3.3
v 19 4 3.3
v 18 4 -3.3
v 18 4 3.3
v -3 -5 -3.3
v -3 -5 3.3
v -1 -7 -1.1
v -1 -7 1.1
v -2 -6 -1.1
v -2 -6 1.1
v -2 -7 1.1
v -2 -7 -1.1
v -10 4 -2.75
v -10 4 2.75
v -11 4 -2.75
v -11 4 2.75
v 1 3 -3.3
v 1 3 3.3
v 0 -1 -3.3
v 0 -1 3.3
v -1 -1 3.3
v -1 -1 -3.3
v -10 -1 3.3
v -10 -1 -3.3
v -19 -1 2.75
v -19 -1 -2.75
v -20 -1 -2.75
v -20 -1 2.75
v 21 -3 -3.3
v 21 -3 3.3
v 11 -2 -2.75
v 11 -3 -2.75
v 11 -2 2.75
v 11 -3 2.75
v 10 -2 -2.75
v 10 -2 2.75
v 10 -3 2.75
v 10 -3 -2.75
v 1 -2 -1.1
v 1 -2 1.1
v 0 -2 -1.1
v 0 -2 1.1
v 10 -4 -2.75
v 10 -4 2.75
v 8 -3 -3.3
v 8 -4 -3.3
v 8 -3 3.3
v 8 -4 3.3
v 7 -3 -3.3
v 7 -3 3.3
v 7 -4 3.3
v 7 -4 -3.3
v 2 -3 -1.1
v 2 -4 -1.1
v 2 -3 1.1
v 2 -4 1.1
v 10 -4 -1.1
v 10 -4 1.1
v 10 -5 1.1
v 10 -5 -1.1
v 1 -5 -1.1
v 1 -5 1.1
v -16 1 -2.75
v -16 1 2.75
v 0 -1 -2.2
v 0 -2 -2.2
v 0 -1 2.2
v 0 -2 2.2
v -1 -1 -2.2
v -1 -1 2.2
v -1 -2 2.2
v -1 -2 -2.2
v -2 -1 -2.2
v -2 -2 -2.2
v -2 -1 2.2
v -2 -2 2.2
v -3 -1 -2.2
v -3 -1 2.2
v -3 -2 2.2
v -3 -2 -2.2
v -4 -1 -2.2
v -4 -2 -2.2
v -4 -1 2.2
v -4 -2 2.2
v -10 -1 -2.2
v -10 -1 2.2
v -10 -2 2.2
v -10 -2 -2.2
v -11 -1 -2.2
v -11 -2 -2.2
v -11 -1 2.2
v -11 -2 2.2
v -13 -1 -1.65
v -13 -2 -1.65
v -13 -1 1.65
v -13 -2 1.65
v -19 -1 -1.65
v -19 -1 1.65
v -19 -2 1.65
v -19 -2 -1.65
v -20 -1 -1.65
v -20 -2 -1.65
v -20 -1 1.65
v -20 -2 1.65
v 12 -2 -2.75
v 12 -3 -2.75
v 12 -2 2.75
v 12 -3 2.75
v 6 -5 2.75
v 6 -5 -2.75
v -13 1 -2.2
v -13 0 -2.2
v -13 1 2.2
v -13 0 2.2
v -16 1 -2.2
v -16 1 2.2
v -16 0 2.2
v -16 0 -2.2
v 12 -1 -2.75
v 12 -1 2.75
v 7 -3 -2.2
v 7 -4 -2.2
v 7 -3 2.2
v 7 -4 2.2
v 6 -3 -2.2
v 6 -3 2.2
v 6 -4 2.2
v 6 -4 -2.2
v 23 0 -2.2
v 23 -1 -2.2
v 23 0 2.2
v 23 -1 2.2
v 22 0 -2.2
v 22 0 2.2
v 22 -1 2.2
v 22 -1 -2.2
v 19 -3 -2.75
v 19 -4 -2.75
v 19 -3 2.75
v 19 -4 2.75
v 18 -4 2.75
v 18 -4 -2.75

vn 1 0 0
vn 0 1 0
vn 0 -1 0
vn -1 0 0
vn 0 0 -1
vn 0 0 1

vt -19.68504 19.68504
vt 19.68504 19.68504
vt -19.68504 -19.68504
vt 0 NaN
vt 0 0
vt 0 NaN
vt 0 NaN
vt 0 NaN
vt 0 NaN
vt 0 NaN
vt 19.68504 -19.68504
vt 0 NaN
vt 0 NaN
vt 0 NaN
vt 0 NaN
vt 0 NaN
vt 0 NaN
vt 0 NaN
vt 0 NaN
vt 0 NaN
vt 0 NaN
vt 0 NaN
vt 0 NaN
vt 0 NaN
vt 0 NaN
vt 0 NaN
vt 0 NaN
vt 0 NaN
vt 0 NaN
vt 0 NaN
vt 0 NaN
vt 0 NaN
vt 0 NaN
vt 0 NaN
vt 0 NaN
vt 0 NaN
vt 0 NaN
vt 0 NaN
vt 0 NaN
vt 0 NaN
vt 0 NaN
vt 0 NaN
vt 0 NaN
vt 0 NaN
vt 0 NaN
vt 0 NaN
vt 0 NaN
vt 0 NaN
vt 0 NaN
vt 0 NaN
vt 0 NaN
vt 0 NaN
vt 0 NaN
vt 0 NaN
vt 0 NaN
vt 0 NaN
vt 0 NaN
vt 0 NaN
vt 0 NaN
vt 0 NaN
vt 0 NaN
vt 0 NaN
vt 0 NaN
vt 0 NaN
vt 0 NaN
vt 0 NaN
vt 0 NaN
vt 0 NaN
vt 0 NaN
vt 0 NaN
vt 0 NaN
vt 0 NaN
vt 0 NaN
vt 0 NaN
vt 0 NaN
vt 0 NaN
vt 0 NaN
vt 0 NaN
vt 0 NaN
vt 0 NaN
vt 0 NaN
vt 0 NaN
vt 0 NaN
vt 0 NaN
vt 0 NaN
vt 0 NaN
vt 0 NaN
vt 0 NaN
vt 0 NaN
vt 0 NaN
vt 0 NaN
vt 0 NaN
vt 0 NaN
vt 0 NaN
vt 0 NaN
vt 0 NaN
vt 0 NaN
vt 0 NaN
vt 0 NaN
vt 0 NaN
vt 0 NaN
vt 0 NaN
vt 0 NaN
vt 0 NaN
vt 0 NaN
vt 0 NaN
vt 0 NaN
vt 0 NaN
vt 0 NaN
vt 0 NaN
vt 0 NaN
vt 0 NaN
vt 0 NaN
vt 0 NaN
vt 0 NaN
vt 0 NaN
vt 0 NaN
vt 0 NaN
vt 0 NaN
vt 0 NaN
vt 0 NaN
vt 0 NaN
vt 0 NaN
vt 0 NaN
vt 0 NaN
vt 0 NaN
vt 0 NaN
vt 0 NaN
vt 0 NaN
vt 0 NaN
vt 0 NaN
vt 0 NaN
vt 0 NaN
vt 0 NaN
vt 0 NaN
vt 0 NaN
vt 0 NaN
vt 0 NaN
vt 0 NaN
vt 0 NaN
vt 0 NaN
vt 0 NaN
vt 0 NaN
vt 0 NaN
vt 0 NaN
vt 0 NaN
vt 0 NaN
vt 0 NaN
vt 0 NaN
vt 0 NaN
vt 0 NaN
vt 0 NaN
vt 0 NaN
vt 0 NaN
vt 0 NaN
vt 0 NaN
vt 0 NaN
vt 0 NaN
vt 0 NaN
vt 0 NaN
vt 0 NaN
vt 0 NaN
vt 0 NaN
vt 0 NaN
vt 0 NaN
vt 0 NaN
vt 0 NaN
vt 0 NaN
vt 0 NaN
vt 0 NaN
vt 0 NaN
vt 0 NaN
vt 0 NaN
vt 0 NaN
vt 0 NaN
vt 0 NaN
vt 0 NaN
vt 0 NaN
vt 0 NaN
vt 0 NaN
vt 0 NaN
vt 0 NaN
vt 0 NaN
vt 0 NaN
vt 0 NaN
vt 0 NaN
vt 0 NaN
vt 0 NaN
vt 0 NaN
vt 0 NaN
vt 0 NaN
vt 0 NaN
vt 0 NaN
vt 0 NaN
vt 0 NaN
vt 0 NaN
vt 0 NaN
vt 0 NaN
vt 0 NaN
vt 0 NaN
vt 0 NaN
vt 0 NaN
vt 0 NaN
vt 0 NaN
vt 0 NaN
vt 0 NaN
vt 0 NaN
vt 0 NaN
vt 0 NaN
vt 0 NaN
vt 0 NaN
vt 0 NaN
vt 0 NaN
vt 0 NaN
vt 0 NaN
vt 0 NaN
vt 0 NaN
vt 0 NaN
vt 0 NaN
vt 0 NaN
vt 0 NaN
vt 0 NaN
vt 0 NaN
vt 0 NaN
vt 0 NaN
vt 0 NaN
vt 0 NaN
vt 0 NaN
vt 0 NaN
vt 0 NaN
vt 0 NaN
vt 0 NaN
vt 0 NaN
vt 0 NaN
vt 0 NaN
vt 0 NaN
vt 0 NaN
vt 0 NaN
vt 0 NaN
vt 0 NaN
vt 0 NaN
vt 0 NaN
vt 0 NaN
vt 0 NaN
vt 0 NaN
vt 0 NaN
vt 0 NaN
vt 0 NaN
vt 0 NaN
vt 0 NaN
vt 0 NaN
vt 0 NaN
vt 0 NaN
vt 0 NaN
vt 0 NaN
vt 0 NaN
vt 0 NaN
vt 0 NaN
vt 0 NaN
vt 0 NaN
vt 0 NaN
vt 0 NaN
vt 0 NaN
vt 0 NaN
vt 0 NaN
vt 0 NaN
vt 0 NaN
vt 0 NaN
vt 0 NaN
vt 0 NaN
vt 0 NaN
vt 0 NaN
vt 0 NaN
vt 0 NaN
vt 0 NaN
vt 0 NaN
vt 0 NaN
vt 0 NaN
vt 0 NaN
vt 0 NaN
vt 0 NaN
vt 0 NaN
vt 0 NaN
vt 0 NaN
vt 0 NaN
vt 0 NaN
vt 0 NaN
vt 0 NaN
vt 0 NaN
vt 0 NaN
vt 0 NaN
vt 0 NaN
vt 0 NaN
vt 0 NaN
vt 0 NaN
vt 0 NaN
vt 0 NaN
vt 0 NaN
vt 0 NaN
vt 0 NaN
vt 0 NaN
vt 0 NaN
vt 0 NaN
vt 0 NaN
vt 0 NaN
vt 0 NaN
vt 0 NaN
vt 0 NaN
vt 0 NaN
vt 0 NaN
vt 0 NaN
vt 0 NaN
vt 0 NaN
vt 0 NaN
vt 0 NaN
vt 0 NaN
vt 0 NaN
vt 0 NaN
vt 0 NaN
vt 0 NaN
vt 0 NaN
vt 0 NaN
vt 0 NaN
vt 0 NaN
vt 0 NaN
vt 0 NaN
vt 0 NaN
vt 0 NaN
vt 0 NaN
vt 0 NaN
vt 0 NaN
vt 0 NaN
vt 0 NaN
vt 0 NaN
vt 0 NaN
vt 0 NaN
vt 0 NaN
vt 0 NaN
vt 0 NaN
vt 0 NaN
vt 0 NaN
vt 0 NaN
vt 0 NaN
vt 0 NaN
vt 0 NaN
vt 0 NaN
vt 0 NaN
vt 0 NaN
vt 0 NaN
vt 0 NaN
vt 0 NaN
vt 0 NaN
vt 0 NaN
vt 0 NaN
vt 0 NaN
vt 0 NaN
vt 0 NaN
vt 0 NaN
vt 0 NaN
vt 0 NaN
vt 0 NaN
vt 0 NaN
vt 0 NaN
vt 0 NaN
vt 0 NaN
vt 0 NaN
vt 0 NaN
vt 0 NaN
vt 0 NaN
vt 0 NaN
vt 0 NaN
vt 0 NaN
vt 0 NaN
vt 0 NaN
vt 0 NaN
vt 0 NaN
vt 0 NaN
vt 0 NaN
vt 0 NaN
vt 0 NaN
vt 0 NaN
vt 0 NaN
vt 0 NaN
vt 0 NaN
vt 0 NaN
vt 0 NaN
vt 0 NaN
vt 0 NaN
vt 0 NaN
vt 0 NaN
vt 0 NaN
vt 0 NaN
vt 0 NaN
vt 0 NaN
vt 0 NaN
vt 0 NaN
vt 0 NaN
vt 0 NaN
vt 0 NaN
vt 0 NaN
vt 0 NaN
vt 0 NaN
vt 0 NaN
vt 0 NaN
vt 0 NaN
vt 0 NaN
vt 0 NaN
vt 0 NaN
vt 0 NaN
vt 0 NaN
vt 0 NaN
vt 0 NaN
vt 0 NaN
vt 0 NaN
vt 0 NaN
vt 0 NaN
vt 0 NaN
vt 0 NaN
vt 0 NaN
vt 0 NaN
vt 0 NaN
vt 0 NaN
vt 0 NaN
vt 0 NaN
vt 0 NaN
vt 0 NaN
vt 0 NaN
vt 0 NaN
vt 0 NaN
vt 0 NaN
vt 0 NaN
vt 0 NaN
vt 0 NaN
vt 0 NaN
vt 0 NaN
vt 0 NaN
vt 0 NaN
vt 0 NaN
vt 0 NaN
vt 0 NaN
vt 0 NaN
vt 0 NaN
vt 0 NaN
vt 0 NaN
vt 0 NaN
vt 0 NaN
vt 0 NaN
vt 0 NaN
vt 0 NaN
vt 0 NaN
vt 0 NaN
vt 0 NaN
vt 0 NaN
vt 0 NaN
vt 0 NaN
vt 0 NaN
vt 0 NaN
vt 0 NaN
vt 0 NaN
vt 0 NaN
vt 0 NaN
vt 0 NaN
vt 0 NaN
vt 0 NaN
vt 0 NaN
vt 0 NaN
vt 0 NaN
vt 0 NaN
vt 0 NaN
vt 0 NaN
vt 0 NaN
vt 0 NaN
vt 0 NaN
vt 0 NaN
vt 0 NaN
vt 0 NaN
vt 0 NaN
vt 0 NaN
vt 0 NaN
vt 0 NaN
vt 0 NaN
vt 0 NaN
vt 0 NaN
vt 0 NaN
vt 0 NaN
vt 0 NaN
vt 0 NaN
vt 0 NaN
vt 0 NaN
vt 0 NaN
vt 0 NaN
vt 0 NaN
vt 0 NaN
vt 0 NaN
vt 0 NaN
vt 0 NaN
vt 0 NaN
vt 0 NaN
vt 0 NaN
vt 0 NaN
vt 0 NaN
vt 0 NaN
vt 0 NaN
vt 0 NaN
vt 0 NaN
vt 0 NaN
vt 0 NaN
vt 0 NaN
vt 0 NaN
vt 0 NaN
vt 0 NaN
vt 0 NaN
vt 0 NaN
vt 0 NaN
vt 0 NaN
vt 0 NaN
vt 0 NaN
vt 0 NaN
vt 0 NaN
vt 0 NaN
vt 0 NaN
vt 0 NaN
vt 0 NaN
vt 0 NaN
vt 0 NaN
vt 0 NaN
vt 0 NaN
vt 0 NaN
vt 0 NaN
vt 0 NaN
vt 0 NaN
vt 0 NaN
vt 0 NaN
vt 0 NaN
vt 0 NaN
vt 0 NaN
vt 0 NaN
vt 0 NaN
vt 0 NaN
vt 0 NaN
vt 0 NaN
vt 0 NaN
vt 0 NaN
vt 0 NaN
vt 0 NaN
vt 0 NaN
vt 0 NaN
vt 0 NaN
vt 0 NaN
vt 0 NaN
vt 0 NaN
vt 0 NaN
vt 0 NaN
vt 0 NaN
vt 0 NaN
vt 0 NaN
vt 0 NaN
vt 0 NaN
vt 0 NaN
vt 0 NaN
vt 0 NaN
vt 0 NaN
vt 0 NaN
vt 0 NaN
vt 0 NaN
vt 0 NaN
vt 0 NaN
vt 0 NaN
vt 0 NaN
vt 0 NaN
vt 0 NaN
vt 0 NaN
vt 0 NaN
vt 0 NaN
vt 0 NaN
vt 0 NaN
vt 0 NaN
vt 0 NaN
vt 0 NaN
vt 0 NaN
vt 0 NaN
vt 0 NaN
vt 0 NaN
vt 0 NaN
vt 0 NaN
vt 0 NaN
vt 0 NaN
vt 0 NaN
vt 0 NaN
vt 0 NaN
vt 0 NaN
vt 0 NaN
vt 0 NaN
vt 0 NaN
vt 0 NaN
vt 0 NaN
vt 0 NaN
vt 0 NaN
vt 0 NaN
vt 0 NaN
vt 0 NaN
vt 0 NaN
vt 0 NaN
vt 0 NaN
vt 0 NaN
vt 0 NaN
vt 0 NaN
vt 0 NaN
vt 0 NaN
vt 0 NaN
vt 0 NaN
vt 0 NaN
vt 0 NaN
vt 0 NaN
vt 0 NaN
vt 0 NaN
vt 0 NaN
vt 0 NaN
vt 0 NaN
vt 0 NaN
vt 0 NaN
vt 0 NaN
vt 0 NaN
vt 0 NaN
vt 0 NaN
vt 0 NaN
vt 0 NaN
vt 0 NaN
vt 0 NaN
vt 0 NaN
vt 0 NaN
vt 0 NaN
vt 0 NaN
vt 0 NaN
vt 0 NaN
vt 0 NaN
vt 0 NaN
vt 0 NaN
vt 0 NaN
vt 0 NaN
vt 0 NaN
vt 0 NaN
vt 0 NaN
vt 0 NaN
vt 0 NaN
vt 0 NaN
vt 0 NaN
vt 0 NaN
vt 0 NaN
vt 0 NaN
vt 0 NaN
vt 0 NaN
vt 0 NaN
vt 0 NaN
vt 0 NaN
vt 0 NaN
vt 0 NaN
vt 0 NaN
vt 0 NaN
vt 0 NaN
vt 0 NaN
vt 0 NaN
vt 0 NaN
vt 0 NaN
vt 0 NaN
vt 0 NaN
vt 0 NaN
vt 0 NaN
vt 0 NaN
vt 0 NaN
vt 0 NaN
vt 0 NaN
vt 0 NaN
vt 0 NaN
vt 0 NaN
vt 0 NaN
vt 0 NaN
vt 0 NaN
vt 0 NaN
vt 0 NaN
vt 0 NaN
vt 0 NaN
vt 0 NaN
vt 0 NaN
vt 0 NaN
vt 0 NaN
vt 0 NaN
vt 0 NaN
vt 0 NaN
vt 0 NaN
vt 0 NaN
vt 0 NaN
vt 0 NaN
vt 0 NaN
vt 0 NaN
vt 0 NaN
vt 0 NaN
vt 0 NaN
vt 0 NaN
vt 0 NaN
vt 0 NaN
vt 0 NaN
vt 0 NaN
vt 0 NaN
vt 0 NaN
vt 0 NaN
vt 0 NaN
vt 0 NaN
vt 0 NaN
vt 0 NaN
vt 0 NaN
vt 0 NaN
vt 0 NaN
vt 0 NaN
vt 0 NaN
vt 0 NaN
vt 0 NaN
vt 0 NaN
vt 0 NaN
vt 0 NaN
vt 0 NaN
vt 0 NaN
vt 0 NaN
vt 0 NaN
vt 0 NaN
vt 0 NaN
vt 0 NaN
vt 0 NaN
vt 0 NaN
vt 0 NaN
vt 0 NaN
vt 0 NaN
vt 0 NaN
vt 0 NaN
vt 0 NaN
vt 0 NaN
vt 0 NaN
vt 0 NaN
vt 0 NaN
vt 0 NaN
vt 0 NaN
vt 0 NaN
vt 0 NaN
vt 0 NaN
vt 0 NaN
vt 0 NaN
vt 0 NaN
vt 0 NaN
vt 0 NaN
vt 0 NaN
vt 0 NaN
vt 0 NaN
vt 0 NaN
vt 0 NaN
vt 0 NaN
vt 0 NaN
vt 0 NaN
vt 0 NaN
vt 0 NaN
vt 0 NaN
vt 0 NaN
vt 0 NaN
vt 0 NaN
vt 0 NaN
vt 0 NaN
vt 0 NaN
vt 0 NaN
vt 0 NaN
vt 0 NaN
vt 0 NaN
vt 0 NaN
vt 0 NaN
vt 0 NaN
vt 0 NaN
vt 0 NaN
vt 0 NaN
vt 0 NaN
vt 0 NaN
vt 0 NaN
vt 0 NaN
vt 0 NaN
vt 0 NaN
vt 0 NaN
vt 0 NaN
vt 0 NaN
vt 0 NaN
vt 0 NaN
vt 0 NaN
vt 0 NaN
vt 0 NaN
vt 0 NaN
vt 0 NaN
vt 0 NaN
vt 0 NaN
vt 0 NaN
vt 0 NaN
vt 0 NaN
vt 0 NaN
vt 0 NaN
vt 0 NaN
vt 0 NaN
vt 0 NaN
vt 0 NaN
vt 0 NaN
vt 0 NaN
vt 0 NaN
vt 0 NaN
vt 0 NaN
vt 0 NaN
vt 0 NaN
vt 0 NaN
vt 0 NaN
vt 0 NaN
vt 0 NaN
vt 0 NaN
vt 0 NaN
vt 0 NaN
vt 0 NaN
vt 0 NaN
vt 0 NaN
vt 0 NaN
vt 0 NaN
vt 0 NaN
vt 0 NaN
vt 0 NaN
vt 0 NaN
vt 0 NaN
vt 0 NaN
vt 0 NaN
vt 0 NaN
vt 0 NaN
vt 0 NaN
vt 0 NaN
vt 0 NaN
vt 0 NaN
vt 0 NaN
vt 0 NaN
vt 0 NaN
vt 0 NaN
vt 0 NaN
vt 0 NaN
vt 0 NaN
vt 0 NaN
vt 0 NaN
vt 0 NaN
vt 0 NaN
vt 0 NaN
vt 0 NaN
vt 0 NaN
vt 0 NaN
vt 0 NaN
vt 0 NaN
vt 0 NaN
vt 0 NaN
vt 0 NaN
vt 0 NaN
vt 0 NaN
vt 0 NaN
vt 0 NaN
vt 0 NaN
vt 0 NaN
vt 0 NaN
vt 0 NaN
vt 0 NaN
vt 0 NaN
vt 0 NaN
vt 0 NaN
vt 0 NaN
vt 0 NaN
vt 0 NaN
vt 0 NaN
vt 0 NaN
vt 0 NaN
vt 0 NaN
vt 0 NaN
vt 0 NaN
vt 0 NaN
vt 0 NaN
vt 0 NaN
vt 0 NaN
vt 0 NaN
vt 0 NaN
vt 0 NaN
vt 0 NaN
vt 0 NaN
vt 0 NaN
vt 0 NaN
vt 0 NaN
vt 0 NaN
vt 0 NaN
vt 0 NaN
vt 0 NaN
vt 0 NaN
vt 0 NaN
vt 0 NaN
vt 0 NaN
vt 0 NaN
vt 0 NaN
vt 0 NaN
vt 0 NaN
vt 0 NaN
vt 0 NaN
vt 0 NaN
vt 0 NaN
vt 0 NaN
vt 0 NaN
vt 0 NaN
vt 0 NaN
vt 0 NaN
vt 0 NaN
vt 0 NaN
vt 0 NaN
vt 0 NaN
vt 0 NaN
vt 0 NaN
vt 0 NaN
vt 0 NaN
vt 0 NaN
vt 0 NaN
vt 0 NaN
vt 0 NaN
vt 0 NaN
vt 0 NaN
vt 0 NaN
vt 0 NaN
vt 0 NaN
vt 0 NaN
vt 0 NaN
vt 0 NaN
vt 0 NaN
vt 0 NaN
vt 0 NaN
vt 0 NaN
vt 0 NaN
vt 0 NaN
vt 0 NaN
vt 0 NaN
vt 0 NaN
vt 0 NaN
vt 0 NaN
vt 0 NaN
vt 0 NaN
vt 0 NaN
vt 0 NaN
vt 0 NaN
vt 0 NaN
vt 0 NaN
vt 0 NaN
vt 0 NaN
vt 0 NaN
vt 0 NaN
vt 0 NaN
vt 0 NaN
vt 0 NaN
vt 0 NaN
vt 0 NaN
vt 0 NaN
vt 0 NaN
vt 0 NaN
vt 0 NaN
vt 0 NaN
vt 0 NaN
vt 0 NaN
vt 0 NaN
vt 0 NaN
vt 0 NaN
vt 0 NaN
vt 0 NaN
vt 0 NaN
vt 0 NaN
vt 0 NaN
vt 0 NaN
vt 0 NaN
vt 0 NaN
vt 0 NaN
vt 0 NaN
vt 0 NaN
vt 0 NaN
vt 0 NaN
vt 0 NaN
vt 0 NaN
vt 0 NaN
vt 0 NaN
vt 0 NaN
vt 0 NaN
vt 0 NaN
vt 0 NaN
vt 0 NaN
vt 0 NaN
vt 0 NaN
vt 0 NaN
vt 0 NaN
vt 0 NaN
vt 0 NaN
vt 0 NaN
vt 0 NaN
vt 0 NaN
vt 0 NaN
vt 0 NaN
vt 0 NaN
vt 0 NaN
vt 0 NaN
vt 0 NaN
vt 0 NaN
vt 0 NaN
vt 0 NaN
vt 0 NaN
vt 0 NaN
vt 0 NaN
vt 0 NaN
vt 0 NaN
vt 0 NaN
vt 0 NaN
vt 0 NaN
vt 0 NaN
vt 0 NaN
vt 0 NaN
vt 0 NaN
vt 0 NaN
vt 0 NaN
vt 0 NaN
vt 0 NaN
vt 0 NaN
vt 0 NaN
vt 0 NaN
vt 0 NaN
vt 0 NaN
vt 0 NaN
vt 0 NaN
vt 0 NaN
vt 0 NaN
vt 0 NaN
vt 0 NaN
vt 0 NaN
vt 0 NaN
vt 0 NaN
vt 0 NaN
vt 0 NaN
vt 0 NaN
vt 0 NaN
vt 0 NaN
vt 0 NaN
vt 0 NaN
vt 0 NaN
vt 0 NaN
vt 0 NaN
vt 0 NaN
vt 0 NaN
vt 0 NaN
vt 0 NaN
vt 0 NaN
vt 0 NaN
vt 0 NaN
vt 0 NaN
vt 0 NaN
vt 0 NaN
vt 0 NaN
vt 0 NaN
vt 0 NaN
vt 0 NaN
vt 0 NaN
vt 0 NaN
vt 0 NaN
vt 0 NaN
vt 0 NaN
vt 0 NaN
vt 0 NaN
vt 0 NaN
vt 0 NaN
vt 0 NaN
vt 0 NaN
vt 0 NaN
vt 0 NaN
vt 0 NaN
vt 0 NaN
vt 0 NaN
vt 0 NaN
vt 0 NaN
vt 0 NaN
vt 0 NaN
vt 0 NaN
vt 0 NaN
vt 0 NaN
vt 0 NaN
vt 0 NaN
vt 0 NaN
vt 0 NaN
vt 0 NaN
vt 0 NaN
vt 0 NaN
vt 0 NaN
vt 0 NaN
vt 0 NaN
vt 0 NaN
vt 0 NaN
vt 0 NaN
vt 0 NaN
vt 0 NaN
vt 0 NaN
vt 0 NaN
vt 0 NaN
vt 0 NaN
vt 0 NaN
vt 0 NaN
vt 0 NaN
vt 0 NaN
vt 0 NaN
vt 0 NaN
vt 0 NaN
vt 0 NaN
vt 0 NaN
vt 0 NaN
vt 0 NaN
vt 0 NaN
vt 0 NaN
vt 0 NaN
vt 0 NaN
vt 0 NaN
vt 0 NaN
vt 0 NaN
vt 0 NaN
vt 0 NaN
vt 0 NaN
vt 0 NaN
vt 0 NaN
vt 0 NaN
vt 0 NaN
vt 0 NaN
vt 0 NaN
vt 0 NaN
vt 0 NaN
vt 0 NaN
vt 0 NaN
vt 0 NaN
vt 0 NaN
vt 0 NaN
vt 0 NaN
vt 0 NaN
vt 0 NaN
vt 0 NaN
vt 0 NaN
vt 0 NaN
vt 0 NaN
vt 0 NaN
vt 0 NaN
vt 0 NaN
vt 0 NaN
vt 0 NaN
vt 0 NaN
vt 0 NaN
vt 0 NaN
vt 0 NaN
vt 0 NaN
vt 0 NaN
vt 0 NaN
vt 0 NaN
vt 0 NaN
vt 0 NaN
vt 0 NaN
vt 0 NaN
vt 0 NaN
vt 0 NaN
vt 0 NaN
vt 0 NaN
vt 0 NaN
vt 0 NaN
vt 0 NaN
vt 0 NaN
vt 0 NaN
vt 0 NaN
vt 0 NaN
vt 0 NaN
vt 0 NaN
vt 0 NaN
vt 0 NaN
vt 0 NaN
vt 0 NaN
vt 0 NaN
vt 0 NaN
vt 0 NaN
vt 0 NaN
vt 0 NaN
vt 0 NaN
vt 0 NaN
vt 0 NaN
vt 0 NaN
vt 0 NaN
vt 0 NaN
vt 0 NaN
vt 0 NaN
vt 0 NaN
vt 0 NaN
vt 0 NaN
vt 0 NaN
vt 0 NaN
vt 0 NaN
vt 0 NaN
vt 0 NaN
vt 0 NaN
vt 0 NaN
vt 0 NaN
vt 0 NaN
vt 0 NaN
vt 0 NaN
vt 0 NaN
vt 0 NaN
vt 0 NaN
vt 0 NaN
vt 0 NaN
vt 0 NaN
vt 0 NaN
vt 0 NaN
vt 0 NaN
vt 0 NaN
vt 0 NaN
vt 0 NaN
vt 0 NaN
vt 0 NaN
vt 0 NaN
vt 0 NaN
vt 0 NaN
vt 0 NaN
vt 0 NaN
vt 0 NaN
vt 0 NaN
vt 0 NaN
vt 0 NaN
vt 0 NaN
vt 0 NaN
vt 0 NaN
vt 0 NaN
vt 0 NaN
vt 0 NaN
vt 0 NaN
vt 0 NaN
vt 0 NaN
vt 0 NaN
vt 0 NaN
vt 0 NaN
vt 0 NaN
vt 0 NaN
vt 0 NaN
vt 0 NaN
vt 0 NaN
vt 0 NaN
vt 0 NaN
vt 0 NaN
vt 0 NaN
vt 0 NaN
vt 0 NaN
vt 0 NaN
vt 0 NaN
vt 0 NaN
vt 0 NaN
vt 0 NaN
vt 0 NaN
vt 0 NaN
vt 0 NaN
vt 0 NaN
vt 0 NaN
vt 0 NaN
vt 0 NaN
vt 0 NaN
vt 0 NaN
vt 0 NaN
vt 0 NaN
vt 0 NaN
vt 0 NaN
vt 0 NaN
vt 0 NaN
vt 0 NaN
vt 0 NaN
vt 0 NaN
vt 0 NaN
vt 0 NaN
vt 0 NaN
vt 0 NaN
vt 0 NaN
vt 0 NaN
vt 0 NaN
vt 0 NaN
vt 0 NaN
vt 0 NaN
vt 0 NaN
vt 0 NaN
vt 0 NaN
vt 0 NaN
vt 0 NaN
vt 0 NaN
vt 0 NaN
vt 0 NaN
vt 0 NaN
vt 0 NaN
vt 0 NaN
vt 0 NaN
vt 0 NaN
vt 0 NaN
vt 0 NaN
vt 0 NaN
vt 0 NaN
vt 0 NaN
vt 0 NaN
vt 0 NaN
vt 0 NaN
vt 0 NaN
vt 0 NaN
vt 0 NaN
vt 0 NaN
vt 0 NaN
vt 0 NaN
vt 0 NaN
vt 0 NaN
vt 0 NaN
vt 0 NaN
vt 0 NaN
vt 0 NaN
vt 0 NaN
vt 0 NaN
vt 0 NaN
vt 0 NaN
vt 0 NaN
vt 0 NaN
vt 0 NaN
vt 0 NaN
vt 0 NaN
vt 0 NaN
vt 0 NaN
vt 0 NaN
vt 0 NaN
vt 0 NaN
vt 0 NaN
vt 0 NaN
vt 0 NaN
vt 0 NaN
vt 0 NaN
vt 0 NaN
vt 0 NaN
vt 0 NaN
vt 0 NaN
vt 0 NaN
vt 0 NaN
vt 0 NaN
vt 0 NaN
vt 0 NaN
vt 0 NaN
vt 0 NaN
vt 0 NaN
vt 0 NaN
vt 0 NaN
vt 0 NaN
vt 0 NaN
vt 0 NaN
vt 0 NaN
vt 0 NaN
vt 0 NaN
vt 0 NaN
vt 0 NaN
vt 0 NaN
vt 0 NaN
vt 0 NaN
vt 0 NaN
vt 0 NaN
vt 0 NaN
vt 0 NaN
vt 0 NaN
vt 0 NaN
vt 0 NaN
vt 0 NaN
vt 0 NaN
vt 0 NaN
vt 0 NaN
vt 0 NaN
vt 0 NaN
vt 0 NaN
vt 0 NaN
vt 0 NaN
vt 0 NaN
vt 0 NaN
vt 0 NaN
vt 0 NaN
vt 0 NaN
vt 0 NaN
vt 0 NaN
vt 0 NaN
vt 0 NaN
vt 0 NaN
vt 0 NaN
vt 0 NaN
vt 0 NaN
vt 0 NaN
vt 0 NaN
vt 0 NaN
vt 0 NaN
vt 0 NaN
vt 0 NaN
vt 0 NaN
vt 0 NaN
vt 0 NaN
vt 0 NaN
vt 0 NaN
vt 0 NaN

usemtl color13

f 3/3/1 2/2/1 1/1/1
f 2/3/1 3/2/1 4/1/1
f 5/3/2 3/2/2 1/1/2
f 3/3/2 5/2/2 6/1/2
f 7/5/3 2/5/3 4/4/3
f 2/5/3 7/5/3 8/6/3
f 7/5/4 5/5/4 8/7/4
f 5/5/4 7/5/4 6/8/4
f 5/5/5 2/5/5 8/9/5
f 2/5/5 5/5/5 1/10/5
f 3/2/6 7/3/6 4/11/6
f 7/3/6 3/2/6 6/1/6
f 11/3/1 10/2/1 9/1/1
f 10/3/1 11/2/1 12/1/1
f 13/3/2 11/2/2 9/1/2
f 11/3/2 13/2/2 14/1/2
f 15/5/3 10/5/3 12/12/3
f 10/5/3 15/5/3 16/13/3
f 15/5/4 13/5/4 16/14/4
f 13/5/4 15/5/4 14/15/4
f 13/5/5 10/5/5 16/16/5
f 10/5/5 13/5/5 9/17/5
f 11/2/6 15/3/6 12/11/6
f 15/3/6 11/2/6 14/1/6
f 19/3/1 18/2/1 17/1/1
f 18/3/1 19/2/1 20/1/1
f 21/3/2 19/2/2 17/1/2
f 19/3/2 21/2/2 22/1/2
f 23/5/3 18/5/3 20/18/3
f 18/5/3 23/5/3 24/19/3
f 23/5/4 21/5/4 24/20/4
f 21/5/4 23/5/4 22/21/4
f 21/5/5 18/5/5 24/22/5
f 18/5/5 21/5/5 17/23/5
f 19/2/6 23/3/6 20/11/6
f 23/3/6 19/2/6 22/1/6
f 27/3/1 26/2/1 25/1/1
f 26/3/1 27/2/1 28/1/1
f 29/3/2 27/2/2 25/1/2
f 27/3/2 29/2/2 30/1/2
f 31/5/3 26/5/3 28/24/3
f 26/5/3 31/5/3 32/25/3
f 31/5/4 29/5/4 32/26/4
f 29/5/4 31/5/4 30/27/4
f 29/5/5 26/5/5 32/28/5
f 26/5/5 29/5/5 25/29/5
f 27/2/6 31/3/6 28/11/6
f 31/3/6 27/2/6 30/1/6
f 3/3/1 2/2/1 1/1/1
f 2/3/1 3/2/1 4/1/1
f 5/3/2 3/2/2 1/1/2
f 3/3/2 5/2/2 6/1/2
f 7/5/3 2/5/3 4/4/3
f 2/5/3 7/5/3 8/6/3
f 7/5/4 5/5/4 8/7/4
f 5/5/4 7/5/4 6/8/4
f 5/5/5 2/5/5 8/9/5
f 2/5/5 5/5/5 1/10/5
f 3/2/6 7/3/6 4/11/6
f 7/3/6 3/2/6 6/1/6
f 35/3/1 34/2/1 33/1/1
f 34/3/1 35/2/1 36/1/1
f 37/3/2 35/2/2 33/1/2
f 35/3/2 37/2/2 38/1/2
f 39/5/3 34/5/3 36/30/3
f 34/5/3 39/5/3 40/31/3
f 39/5/4 37/5/4 40/32/4
f 37/5/4 39/5/4 38/33/4
f 37/5/5 34/5/5 40/34/5
f 34/5/5 37/5/5 33/35/5
f 35/2/6 39/3/6 36/11/6
f 39/3/6 35/2/6 38/1/6
f 43/3/1 42/2/1 41/1/1
f 42/3/1 43/2/1 44/1/1
f 45/3/2 43/2/2 41/1/2
f 43/3/2 45/2/2 46/1/2
f 47/5/3 42/5/3 44/36/3
f 42/5/3 47/5/3 48/37/3
f 47/5/4 45/5/4 48/38/4
f 45/5/4 47/5/4 46/39/4
f 45/5/5 42/5/5 48/40/5
f 42/5/5 45/5/5 41/41/5
f 43/2/6 47/3/6 44/11/6
f 47/3/6 43/2/6 46/1/6
f 51/3/1 50/2/1 49/1/1
f 50/3/1 51/2/1 52/1/1
f 53/3/2 51/2/2 49/1/2
f 51/3/2 53/2/2 54/1/2
f 55/5/3 50/5/3 52/42/3
f 50/5/3 55/5/3 56/43/3
f 55/5/4 53/5/4 56/44/4
f 53/5/4 55/5/4 54/45/4
f 53/5/5 50/5/5 56/46/5
f 50/5/5 53/5/5 49/47/5
f 51/2/6 55/3/6 52/11/6
f 55/3/6 51/2/6 54/1/6
f 59/3/1 58/2/1 57/1/1
f 58/3/1 59/2/1 60/1/1
f 61/3/2 59/2/2 57/1/2
f 59/3/2 61/2/2 62/1/2
f 63/5/3 58/5/3 60/48/3
f 58/5/3 63/5/3 64/49/3
f 63/5/4 61/5/4 64/50/4
f 61/5/4 63/5/4 62/51/4
f 61/5/5 58/5/5 64/52/5
f 58/5/5 61/5/5 57/53/5
f 59/2/6 63/3/6 60/11/6
f 63/3/6 59/2/6 62/1/6
f 67/3/1 66/2/1 65/1/1
f 66/3/1 67/2/1 68/1/1
f 69/3/2 67/2/2 65/1/2
f 67/3/2 69/2/2 70/1/2
f 71/5/3 66/5/3 68/54/3
f 66/5/3 71/5/3 72/55/3
f 71/5/4 69/5/4 72/56/4
f 69/5/4 71/5/4 70/57/4
f 69/5/5 66/5/5 72/58/5
f 66/5/5 69/5/5 65/59/5
f 67/2/6 71/3/6 68/11/6
f 71/3/6 67/2/6 70/1/6
f 75/3/1 74/2/1 73/1/1
f 74/3/1 75/2/1 76/1/1
f 77/3/2 75/2/2 73/1/2
f 75/3/2 77/2/2 78/1/2
f 79/5/3 74/5/3 76/60/3
f 74/5/3 79/5/3 80/61/3
f 79/5/4 77/5/4 80/62/4
f 77/5/4 79/5/4 78/63/4
f 77/5/5 74/5/5 80/64/5
f 74/5/5 77/5/5 73/65/5
f 75/2/6 79/3/6 76/11/6
f 79/3/6 75/2/6 78/1/6
f 83/3/1 82/2/1 81/1/1
f 82/3/1 83/2/1 84/1/1
f 85/3/2 83/2/2 81/1/2
f 83/3/2 85/2/2 86/1/2
f 87/5/3 82/5/3 84/66/3
f 82/5/3 87/5/3 88/67/3
f 87/5/4 85/5/4 88/68/4
f 85/5/4 87/5/4 86/69/4
f 85/5/5 82/5/5 88/70/5
f 82/5/5 85/5/5 81/71/5
f 83/2/6 87/3/6 84/11/6
f 87/3/6 83/2/6 86/1/6
f 91/3/1 90/2/1 89/1/1
f 90/3/1 91/2/1 92/1/1
f 93/3/2 91/2/2 89/1/2
f 91/3/2 93/2/2 94/1/2
f 95/5/3 90/5/3 92/72/3
f 90/5/3 95/5/3 96/73/3
f 95/5/4 93/5/4 96/74/4
f 93/5/4 95/5/4 94/75/4
f 93/5/5 90/5/5 96/76/5
f 90/5/5 93/5/5 89/77/5
f 91/2/6 95/3/6 92/11/6
f 95/3/6 91/2/6 94/1/6
f 99/3/1 98/2/1 97/1/1
f 98/3/1 99/2/1 100/1/1
f 101/3/2 99/2/2 97/1/2
f 99/3/2 101/2/2 102/1/2
f 103/5/3 98/5/3 100/78/3
f 98/5/3 103/5/3 104/79/3
f 103/5/4 101/5/4 104/80/4
f 101/5/4 103/5/4 102/81/4
f 101/5/5 98/5/5 104/82/5
f 98/5/5 101/5/5 97/83/5
f 99/2/6 103/3/6 100/11/6
f 103/3/6 99/2/6 102/1/6
f 107/3/1 106/2/1 105/1/1
f 106/3/1 107/2/1 108/1/1
f 109/3/2 107/2/2 105/1/2
f 107/3/2 109/2/2 110/1/2
f 111/5/3 106/5/3 108/84/3
f 106/5/3 111/5/3 112/85/3
f 111/5/4 109/5/4 112/86/4
f 109/5/4 111/5/4 110/87/4
f 109/5/5 106/5/5 112/88/5
f 106/5/5 109/5/5 105/89/5
f 107/2/6 111/3/6 108/11/6
f 111/3/6 107/2/6 110/1/6
f 115/3/1 114/2/1 113/1/1
f 114/3/1 115/2/1 116/1/1
f 117/3/2 115/2/2 113/1/2
f 115/3/2 117/2/2 118/1/2
f 119/5/3 114/5/3 116/90/3
f 114/5/3 119/5/3 120/91/3
f 119/5/4 117/5/4 120/92/4
f 117/5/4 119/5/4 118/93/4
f 117/5/5 114/5/5 120/94/5
f 114/5/5 117/5/5 113/95/5
f 115/2/6 119/3/6 116/11/6
f 119/3/6 115/2/6 118/1/6
f 123/3/1 122/2/1 121/1/1
f 122/3/1 123/2/1 124/1/1
f 125/3/2 123/2/2 121/1/2
f 123/3/2 125/2/2 126/1/2
f 127/5/3 122/5/3 124/96/3
f 122/5/3 127/5/3 128/97/3
f 127/5/4 125/5/4 128/98/4
f 125/5/4 127/5/4 126/99/4
f 125/5/5 122/5/5 128/100/5
f 122/5/5 125/5/5 121/101/5
f 123/2/6 127/3/6 124/11/6
f 127/3/6 123/2/6 126/1/6
f 131/3/1 130/2/1 129/1/1
f 130/3/1 131/2/1 132/1/1
f 133/3/2 131/2/2 129/1/2
f 131/3/2 133/2/2 134/1/2
f 135/5/3 130/5/3 132/102/3
f 130/5/3 135/5/3 136/103/3
f 135/5/4 133/5/4 136/104/4
f 133/5/4 135/5/4 134/105/4
f 133/5/5 130/5/5 136/106/5
f 130/5/5 133/5/5 129/107/5
f 131/2/6 135/3/6 132/11/6
f 135/3/6 131/2/6 134/1/6
f 139/3/1 138/2/1 137/1/1
f 138/3/1 139/2/1 140/1/1
f 141/3/2 139/2/2 137/1/2
f 139/3/2 141/2/2 142/1/2
f 143/5/3 138/5/3 140/108/3
f 138/5/3 143/5/3 144/109/3
f 143/5/4 141/5/4 144/110/4
f 141/5/4 143/5/4 142/111/4
f 141/5/5 138/5/5 144/112/5
f 138/5/5 141/5/5 137/113/5
f 139/2/6 143/3/6 140/11/6
f 143/3/6 139/2/6 142/1/6
f 147/3/1 146/2/1 145/1/1
f 146/3/1 147/2/1 148/1/1
f 149/3/2 147/2/2 145/1/2
f 147/3/2 149/2/2 150/1/2
f 124/96/3 146/5/3 148/114/3
f 146/5/3 124/96/3 122/5/3
f 124/5/4 149/5/4 122/115/4
f 149/5/4 124/5/4 150/116/4
f 149/5/5 146/5/5 122/5/5
f 146/5/5 149/5/5 145/117/5
f 147/2/6 124/3/6 148/11/6
f 124/3/6 147/2/6 150/1/6
f 153/3/1 152/2/1 151/1/1
f 152/3/1 153/2/1 154/1/1
f 155/3/2 153/2/2 151/1/2
f 153/3/2 155/2/2 156/1/2
f 157/5/3 152/5/3 154/118/3
f 152/5/3 157/5/3 158/119/3
f 157/5/4 155/5/4 158/120/4
f 155/5/4 157/5/4 156/121/4
f 155/5/5 152/5/5 158/122/5
f 152/5/5 155/5/5 151/123/5
f 153/2/6 157/3/6 154/11/6
f 157/3/6 153/2/6 156/1/6

usemtl color4

f 6/3/1 8/2/1 5/1/1
f 8/3/1 6/2/1 7/1/1
f 159/3/2 6/2/2 5/1/2
f 6/3/2 159/2/2 160/1/2
f 161/5/3 8/6/3 7/5/3
f 8/6/3 161/5/3 162/124/3
f 161/5/4 159/5/4 162/125/4
f 159/5/4 161/5/4 160/126/4
f 159/5/5 8/9/5 162/127/5
f 8/9/5 159/5/5 5/5/5
f 6/2/6 161/3/6 7/11/6
f 161/3/6 6/2/6 160/1/6
f 165/3/1 164/2/1 163/1/1
f 164/3/1 165/2/1 166/1/1
f 167/3/2 165/2/2 163/1/2
f 165/3/2 167/2/2 168/1/2
f 169/5/3 164/5/3 166/128/3
f 164/5/3 169/5/3 170/129/3
f 169/5/4 167/5/4 170/130/4
f 167/5/4 169/5/4 168/131/4
f 167/5/5 164/5/5 170/132/5
f 164/5/5 167/5/5 163/133/5
f 165/2/6 169/3/6 166/11/6
f 169/3/6 165/2/6 168/1/6
f 173/3/1 172/2/1 171/1/1
f 172/3/1 173/2/1 174/1/1
f 175/3/2 173/2/2 171/1/2
f 173/3/2 175/2/2 176/1/2
f 177/5/3 172/5/3 174/134/3
f 172/5/3 177/5/3 178/135/3
f 177/5/4 175/5/4 178/136/4
f 175/5/4 177/5/4 176/137/4
f 175/5/5 172/5/5 178/138/5
f 172/5/5 175/5/5 171/139/5
f 173/2/6 177/3/6 174/11/6
f 177/3/6 173/2/6 176/1/6
f 181/3/1 180/2/1 179/1/1
f 180/3/1 181/2/1 182/1/1
f 183/3/2 181/2/2 179/1/2
f 181/3/2 183/2/2 184/1/2
f 185/5/3 180/5/3 182/140/3
f 180/5/3 185/5/3 186/141/3
f 185/5/4 183/5/4 186/142/4
f 183/5/4 185/5/4 184/143/4
f 183/5/5 180/5/5 186/144/5
f 180/5/5 183/5/5 179/145/5
f 181/2/6 185/3/6 182/11/6
f 185/3/6 181/2/6 184/1/6
f 189/3/1 188/2/1 187/1/1
f 188/3/1 189/2/1 190/1/1
f 191/3/2 189/2/2 187/1/2
f 189/3/2 191/2/2 192/1/2
f 193/5/3 188/5/3 190/146/3
f 188/5/3 193/5/3 194/147/3
f 193/5/4 191/5/4 194/148/4
f 191/5/4 193/5/4 192/149/4
f 191/5/5 188/5/5 194/150/5
f 188/5/5 191/5/5 187/151/5
f 189/2/6 193/3/6 190/11/6
f 193/3/6 189/2/6 192/1/6
f 197/3/1 196/2/1 195/1/1
f 196/3/1 197/2/1 198/1/1
f 199/3/2 197/2/2 195/1/2
f 197/3/2 199/2/2 200/1/2
f 201/5/3 196/5/3 198/152/3
f 196/5/3 201/5/3 202/153/3
f 201/5/4 199/5/4 202/154/4
f 199/5/4 201/5/4 200/155/4
f 199/5/5 196/5/5 202/156/5
f 196/5/5 199/5/5 195/157/5
f 197/2/6 201/3/6 198/11/6
f 201/3/6 197/2/6 200/1/6
f 205/3/1 204/2/1 203/1/1
f 204/3/1 205/2/1 206/1/1
f 207/3/2 205/2/2 203/1/2
f 205/3/2 207/2/2 208/1/2
f 209/5/3 204/5/3 206/158/3
f 204/5/3 209/5/3 210/159/3
f 209/5/4 207/5/4 210/160/4
f 207/5/4 209/5/4 208/161/4
f 207/5/5 204/5/5 210/162/5
f 204/5/5 207/5/5 203/163/5
f 205/2/6 209/3/6 206/11/6
f 209/3/6 205/2/6 208/1/6
f 213/3/1 212/2/1 211/1/1
f 212/3/1 213/2/1 214/1/1
f 215/3/2 213/2/2 211/1/2
f 213/3/2 215/2/2 216/1/2
f 217/5/3 212/5/3 214/164/3
f 212/5/3 217/5/3 218/165/3
f 217/5/4 215/5/4 218/166/4
f 215/5/4 217/5/4 216/167/4
f 215/5/5 212/5/5 218/168/5
f 212/5/5 215/5/5 211/169/5
f 213/2/6 217/3/6 214/11/6
f 217/3/6 213/2/6 216/1/6
f 221/3/1 220/2/1 219/1/1
f 220/3/1 221/2/1 222/1/1
f 164/3/2 221/2/2 219/1/2
f 221/3/2 164/2/2 166/1/2
f 223/5/3 220/5/3 222/170/3
f 220/5/3 223/5/3 224/171/3
f 223/5/4 164/5/4 224/172/4
f 164/5/4 223/5/4 166/173/4
f 164/5/5 220/5/5 224/174/5
f 220/5/5 164/5/5 219/175/5
f 221/2/6 223/3/6 222/11/6
f 223/3/6 221/2/6 166/1/6
f 227/3/1 226/2/1 225/1/1
f 226/3/1 227/2/1 228/1/1
f 229/3/2 227/2/2 225/1/2
f 227/3/2 229/2/2 230/1/2
f 231/5/3 226/5/3 228/176/3
f 226/5/3 231/5/3 232/177/3
f 231/5/4 229/5/4 232/178/4
f 229/5/4 231/5/4 230/179/4
f 229/5/5 226/5/5 232/180/5
f 226/5/5 229/5/5 225/181/5
f 227/2/6 231/3/6 228/11/6
f 231/3/6 227/2/6 230/1/6
f 235/3/1 234/2/1 233/1/1
f 234/3/1 235/2/1 236/1/1
f 237/3/2 235/2/2 233/1/2
f 235/3/2 237/2/2 238/1/2
f 239/5/3 234/5/3 236/182/3
f 234/5/3 239/5/3 240/183/3
f 239/5/4 237/5/4 240/184/4
f 237/5/4 239/5/4 238/185/4
f 237/5/5 234/5/5 240/186/5
f 234/5/5 237/5/5 233/187/5
f 235/2/6 239/3/6 236/11/6
f 239/3/6 235/2/6 238/1/6
f 209/3/1 241/2/1 210/1/1
f 241/3/1 209/2/1 242/1/1
f 243/3/2 209/2/2 210/1/2
f 209/3/2 243/2/2 244/1/2
f 245/5/3 241/5/3 242/188/3
f 241/5/3 245/5/3 246/189/3
f 245/5/4 243/5/4 246/190/4
f 243/5/4 245/5/4 244/191/4
f 243/5/5 241/5/5 246/192/5
f 241/5/5 243/5/5 210/162/5
f 209/2/6 245/3/6 242/11/6
f 245/3/6 209/2/6 244/1/6
f 249/3/1 248/2/1 247/1/1
f 248/3/1 249/2/1 250/1/1
f 251/3/2 249/2/2 247/1/2
f 249/3/2 251/2/2 252/1/2
f 253/5/3 248/5/3 250/193/3
f 248/5/3 253/5/3 254/194/3
f 253/5/4 251/5/4 254/195/4
f 251/5/4 253/5/4 252/196/4
f 251/5/5 248/5/5 254/197/5
f 248/5/5 251/5/5 247/198/5
f 249/2/6 253/3/6 250/11/6
f 253/3/6 249/2/6 252/1/6
f 257/3/1 256/2/1 255/1/1
f 256/3/1 257/2/1 258/1/1
f 259/3/2 257/2/2 255/1/2
f 257/3/2 259/2/2 260/1/2
f 261/5/3 256/5/3 258/199/3
f 256/5/3 261/5/3 262/200/3
f 261/5/4 259/5/4 262/201/4
f 259/5/4 261/5/4 260/202/4
f 259/5/5 256/5/5 262/203/5
f 256/5/5 259/5/5 255/204/5
f 257/2/6 261/3/6 258/11/6
f 261/3/6 257/2/6 260/1/6
f 265/3/1 264/2/1 263/1/1
f 264/3/1 265/2/1 266/1/1
f 241/3/2 265/2/2 263/1/2
f 265/3/2 241/2/2 242/1/2
f 267/5/3 264/5/3 266/205/3
f 264/5/3 267/5/3 268/206/3
f 267/5/4 241/5/4 268/207/4
f 241/5/4 267/5/4 242/208/4
f 241/5/5 264/5/5 268/209/5
f 264/5/5 241/5/5 263/210/5
f 265/2/6 267/3/6 266/11/6
f 267/3/6 265/2/6 242/1/6
f 271/3/1 270/2/1 269/1/1
f 270/3/1 271/2/1 272/1/1
f 273/3/2 271/2/2 269/1/2
f 271/3/2 273/2/2 274/1/2
f 275/5/3 270/5/3 272/211/3
f 270/5/3 275/5/3 276/212/3
f 275/5/4 273/5/4 276/213/4
f 273/5/4 275/5/4 274/214/4
f 273/5/5 270/5/5 276/215/5
f 270/5/5 273/5/5 269/216/5
f 271/2/6 275/3/6 272/11/6
f 275/3/6 271/2/6 274/1/6
f 279/3/1 278/2/1 277/1/1
f 278/3/1 279/2/1 280/1/1
f 248/3/2 279/2/2 277/1/2
f 279/3/2 248/2/2 250/1/2
f 281/5/3 278/5/3 280/217/3
f 278/5/3 281/5/3 282/218/3
f 281/5/4 248/5/4 282/219/4
f 248/5/4 281/5/4 250/220/4
f 248/5/5 278/5/5 282/221/5
f 278/5/5 248/5/5 277/222/5
f 279/2/6 281/3/6 280/11/6
f 281/3/6 279/2/6 250/1/6
f 285/3/1 284/2/1 283/1/1
f 284/3/1 285/2/1 286/1/1
f 287/3/2 285/2/2 283/1/2
f 285/3/2 287/2/2 288/1/2
f 289/5/3 284/5/3 286/223/3
f 284/5/3 289/5/3 290/224/3
f 289/5/4 287/5/4 290/225/4
f 287/5/4 289/5/4 288/226/4
f 287/5/5 284/5/5 290/227/5
f 284/5/5 287/5/5 283/228/5
f 285/2/6 289/3/6 286/11/6
f 289/3/6 285/2/6 288/1/6
f 293/3/1 292/2/1 291/1/1
f 292/3/1 293/2/1 294/1/1
f 295/3/2 293/2/2 291/1/2
f 293/3/2 295/2/2 296/1/2
f 297/5/3 292/5/3 294/229/3
f 292/5/3 297/5/3 298/230/3
f 297/5/4 295/5/4 298/231/4
f 295/5/4 297/5/4 296/232/4
f 295/5/5 292/5/5 298/233/5
f 292/5/5 295/5/5 291/234/5
f 293/2/6 297/3/6 294/11/6
f 297/3/6 293/2/6 296/1/6
f 301/3/1 300/2/1 299/1/1
f 300/3/1 301/2/1 302/1/1
f 303/3/2 301/2/2 299/1/2
f 301/3/2 303/2/2 304/1/2
f 305/5/3 300/5/3 302/235/3
f 300/5/3 305/5/3 306/236/3
f 305/5/4 303/5/4 306/237/4
f 303/5/4 305/5/4 304/238/4
f 303/5/5 300/5/5 306/239/5
f 300/5/5 303/5/5 299/240/5
f 301/2/6 305/3/6 302/11/6
f 305/3/6 301/2/6 304/1/6
f 309/3/1 308/2/1 307/1/1
f 308/3/1 309/2/1 310/1/1
f 311/3/2 309/2/2 307/1/2
f 309/3/2 311/2/2 312/1/2
f 313/5/3 308/5/3 310/241/3
f 308/5/3 313/5/3 314/242/3
f 313/5/4 311/5/4 314/243/4
f 311/5/4 313/5/4 312/244/4
f 311/5/5 308/5/5 314/245/5
f 308/5/5 311/5/5 307/246/5
f 309/2/6 313/3/6 310/11/6
f 313/3/6 309/2/6 312/1/6
f 317/3/1 316/2/1 315/1/1
f 316/3/1 317/2/1 318/1/1
f 319/3/2 317/2/2 315/1/2
f 317/3/2 319/2/2 320/1/2
f 321/5/3 316/5/3 318/247/3
f 316/5/3 321/5/3 322/248/3
f 321/5/4 319/5/4 322/249/4
f 319/5/4 321/5/4 320/250/4
f 319/5/5 316/5/5 322/251/5
f 316/5/5 319/5/5 315/252/5
f 317/2/6 321/3/6 318/11/6
f 321/3/6 317/2/6 320/1/6
f 325/3/1 324/2/1 323/1/1
f 324/3/1 325/2/1 326/1/1
f 300/3/2 325/2/2 323/1/2
f 325/3/2 300/2/2 302/1/2
f 327/5/3 324/5/3 326/253/3
f 324/5/3 327/5/3 328/254/3
f 327/5/4 300/5/4 328/255/4
f 300/5/4 327/5/4 302/256/4
f 300/5/5 324/5/5 328/257/5
f 324/5/5 300/5/5 323/258/5
f 325/2/6 327/3/6 326/11/6
f 327/3/6 325/2/6 302/1/6
f 331/3/1 330/2/1 329/1/1
f 330/3/1 331/2/1 332/1/1
f 333/3/2 331/2/2 329/1/2
f 331/3/2 333/2/2 334/1/2
f 335/5/3 330/5/3 332/259/3
f 330/5/3 335/5/3 336/260/3
f 335/5/4 333/5/4 336/261/4
f 333/5/4 335/5/4 334/262/4
f 333/5/5 330/5/5 336/263/5
f 330/5/5 333/5/5 329/264/5
f 331/2/6 335/3/6 332/11/6
f 335/3/6 331/2/6 334/1/6
f 339/3/1 338/2/1 337/1/1
f 338/3/1 339/2/1 340/1/1
f 341/3/2 339/2/2 337/1/2
f 339/3/2 341/2/2 342/1/2
f 343/5/3 338/5/3 340/265/3
f 338/5/3 343/5/3 344/266/3
f 343/5/4 341/5/4 344/267/4
f 341/5/4 343/5/4 342/268/4
f 341/5/5 338/5/5 344/269/5
f 338/5/5 341/5/5 337/270/5
f 339/2/6 343/3/6 340/11/6
f 343/3/6 339/2/6 342/1/6
f 347/3/1 346/2/1 345/1/1
f 346/3/1 347/2/1 348/1/1
f 349/3/2 347/2/2 345/1/2
f 347/3/2 349/2/2 350/1/2
f 351/5/3 346/5/3 348/271/3
f 346/5/3 351/5/3 352/272/3
f 351/5/4 349/5/4 352/273/4
f 349/5/4 351/5/4 350/274/4
f 349/5/5 346/5/5 352/275/5
f 346/5/5 349/5/5 345/276/5
f 347/2/6 351/3/6 348/11/6
f 351/3/6 347/2/6 350/1/6
f 355/3/1 354/2/1 353/1/1
f 354/3/1 355/2/1 356/1/1
f 357/3/2 355/2/2 353/1/2
f 355/3/2 357/2/2 358/1/2
f 359/5/3 354/5/3 356/277/3
f 354/5/3 359/5/3 360/278/3
f 359/5/4 357/5/4 360/279/4
f 357/5/4 359/5/4 358/280/4
f 357/5/5 354/5/5 360/281/5
f 354/5/5 357/5/5 353/282/5
f 355/2/6 359/3/6 356/11/6
f 359/3/6 355/2/6 358/1/6
f 363/3/1 362/2/1 361/1/1
f 362/3/1 363/2/1 364/1/1
f 365/3/2 363/2/2 361/1/2
f 363/3/2 365/2/2 366/1/2
f 367/5/3 362/5/3 364/283/3
f 362/5/3 367/5/3 368/284/3
f 367/5/4 365/5/4 368/285/4
f 365/5/4 367/5/4 366/286/4
f 365/5/5 362/5/5 368/287/5
f 362/5/5 365/5/5 361/288/5
f 363/2/6 367/3/6 364/11/6
f 367/3/6 363/2/6 366/1/6
f 371/3/1 370/2/1 369/1/1
f 370/3/1 371/2/1 372/1/1
f 373/3/2 371/2/2 369/1/2
f 371/3/2 373/2/2 374/1/2
f 375/5/3 370/5/3 372/289/3
f 370/5/3 375/5/3 376/290/3
f 375/5/4 373/5/4 376/291/4
f 373/5/4 375/5/4 374/292/4
f 373/5/5 370/5/5 376/293/5
f 370/5/5 373/5/5 369/294/5
f 371/2/6 375/3/6 372/11/6
f 375/3/6 371/2/6 374/1/6
f 379/3/1 378/2/1 377/1/1
f 378/3/1 379/2/1 380/1/1
f 381/3/2 379/2/2 377/1/2
f 379/3/2 381/2/2 382/1/2
f 383/5/3 378/5/3 380/295/3
f 378/5/3 383/5/3 384/296/3
f 383/5/4 381/5/4 384/297/4
f 381/5/4 383/5/4 382/298/4
f 381/5/5 378/5/5 384/299/5
f 378/5/5 381/5/5 377/300/5
f 379/2/6 383/3/6 380/11/6
f 383/3/6 379/2/6 382/1/6
f 387/3/1 386/2/1 385/1/1
f 386/3/1 387/2/1 388/1/1
f 389/3/2 387/2/2 385/1/2
f 387/3/2 389/2/2 390/1/2
f 391/5/3 386/5/3 388/301/3
f 386/5/3 391/5/3 392/302/3
f 391/5/4 389/5/4 392/303/4
f 389/5/4 391/5/4 390/304/4
f 389/5/5 386/5/5 392/305/5
f 386/5/5 389/5/5 385/306/5
f 387/2/6 391/3/6 388/11/6
f 391/3/6 387/2/6 390/1/6
f 395/3/1 394/2/1 393/1/1
f 394/3/1 395/2/1 396/1/1
f 346/3/2 395/2/2 393/1/2
f 395/3/2 346/2/2 348/1/2
f 397/5/3 394/5/3 396/307/3
f 394/5/3 397/5/3 398/308/3
f 397/5/4 346/5/4 398/309/4
f 346/5/4 397/5/4 348/310/4
f 346/5/5 394/5/5 398/311/5
f 394/5/5 346/5/5 393/312/5
f 395/2/6 397/3/6 396/11/6
f 397/3/6 395/2/6 348/1/6
f 401/3/1 400/2/1 399/1/1
f 400/3/1 401/2/1 402/1/1
f 403/3/2 401/2/2 399/1/2
f 401/3/2 403/2/2 404/1/2
f 405/5/3 400/5/3 402/313/3
f 400/5/3 405/5/3 406/314/3
f 405/5/4 403/5/4 406/315/4
f 403/5/4 405/5/4 404/316/4
f 403/5/5 400/5/5 406/317/5
f 400/5/5 403/5/5 399/318/5
f 401/2/6 405/3/6 402/11/6
f 405/3/6 401/2/6 404/1/6

usemtl color18

f 160/3/1 162/2/1 159/1/1
f 162/3/1 160/2/1 161/1/1
f 407/3/2 160/2/2 159/1/2
f 160/3/2 407/2/2 408/1/2
f 409/5/3 162/124/3 161/5/3
f 162/124/3 409/5/3 410/319/3
f 409/5/4 407/5/4 410/320/4
f 407/5/4 409/5/4 408/321/4
f 407/5/5 162/127/5 410/322/5
f 162/127/5 407/5/5 159/5/5
f 160/2/6 409/3/6 161/11/6
f 409/3/6 160/2/6 408/1/6
f 412/3/1 57/2/1 411/1/1
f 57/3/1 412/2/1 59/1/1
f 413/3/2 412/2/2 411/1/2
f 412/3/2 413/2/2 414/1/2
f 62/5/3 57/5/3 59/323/3
f 57/5/3 62/5/3 61/324/3
f 62/51/4 413/5/4 61/5/4
f 413/5/4 62/51/4 414/325/4
f 413/5/5 57/53/5 61/5/5
f 57/53/5 413/5/5 411/326/5
f 412/2/6 62/3/6 59/11/6
f 62/3/6 412/2/6 414/1/6
f 416/3/1 117/2/1 415/1/1
f 117/3/1 416/2/1 118/1/1
f 105/3/2 416/2/2 415/1/2
f 416/3/2 105/2/2 107/1/2
f 108/84/3 117/5/3 118/327/3
f 117/5/3 108/84/3 106/5/3
f 108/5/4 105/5/4 106/328/4
f 105/5/4 108/5/4 107/329/4
f 105/89/5 117/5/5 106/5/5
f 117/5/5 105/89/5 415/330/5
f 416/2/6 108/3/6 118/11/6
f 108/3/6 416/2/6 107/1/6
f 110/3/1 112/2/1 109/1/1
f 112/3/1 110/2/1 111/1/1
f 417/3/2 110/2/2 109/1/2
f 110/3/2 417/2/2 418/1/2
f 419/5/3 112/85/3 111/5/3
f 112/85/3 419/5/3 420/331/3
f 419/5/4 417/5/4 420/332/4
f 417/5/4 419/5/4 418/333/4
f 417/5/5 112/88/5 420/334/5
f 112/88/5 417/5/5 109/5/5
f 110/2/6 419/3/6 111/11/6
f 419/3/6 110/2/6 418/1/6
f 422/3/1 121/2/1 421/1/1
f 121/3/1 422/2/1 123/1/1
f 420/3/2 422/2/2 421/1/2
f 422/3/2 420/2/2 419/1/2
f 126/5/3 121/5/3 123/335/3
f 121/5/3 126/5/3 125/336/3
f 126/99/4 420/332/4 125/5/4
f 420/332/4 126/99/4 419/5/4
f 420/334/5 121/101/5 125/5/5
f 121/101/5 420/334/5 421/337/5
f 422/2/6 126/3/6 123/11/6
f 126/3/6 422/2/6 419/1/6
f 424/3/1 129/2/1 423/1/1
f 129/3/1 424/2/1 131/1/1
f 425/3/2 424/2/2 423/1/2
f 424/3/2 425/2/2 426/1/2
f 134/5/3 129/5/3 131/338/3
f 129/5/3 134/5/3 133/339/3
f 134/105/4 425/5/4 133/5/4
f 425/5/4 134/105/4 426/340/4
f 425/5/5 129/107/5 133/5/5
f 129/107/5 425/5/5 423/341/5
f 424/2/6 134/3/6 131/11/6
f 134/3/6 424/2/6 426/1/6
f 428/3/1 151/2/1 427/1/1
f 151/3/1 428/2/1 153/1/1
f 429/3/2 428/2/2 427/1/2
f 428/3/2 429/2/2 430/1/2
f 156/5/3 151/5/3 153/342/3
f 151/5/3 156/5/3 155/343/3
f 156/121/4 429/5/4 155/5/4
f 429/5/4 156/121/4 430/344/4
f 429/5/5 151/123/5 155/5/5
f 151/123/5 429/5/5 427/345/5
f 428/2/6 156/3/6 153/11/6
f 156/3/6 428/2/6 430/1/6

usemtl color3

f 408/3/1 410/2/1 407/1/1
f 410/3/1 408/2/1 409/1/1
f 431/3/2 408/2/2 407/1/2
f 408/3/2 431/2/2 432/1/2
f 433/5/3 410/319/3 409/5/3
f 410/319/3 433/5/3 434/346/3
f 433/5/4 431/5/4 434/347/4
f 431/5/4 433/5/4 432/348/4
f 431/5/5 410/322/5 434/349/5
f 410/322/5 431/5/5 407/5/5
f 408/2/6 433/3/6 409/11/6
f 433/3/6 408/2/6 432/1/6
f 437/3/1 436/2/1 435/1/1
f 436/3/1 437/2/1 438/1/1
f 439/3/2 437/2/2 435/1/2
f 437/3/2 439/2/2 440/1/2
f 441/5/3 436/5/3 438/350/3
f 436/5/3 441/5/3 442/351/3
f 441/5/4 439/5/4 442/352/4
f 439/5/4 441/5/4 440/353/4
f 439/5/5 436/5/5 442/354/5
f 436/5/5 439/5/5 435/355/5
f 437/2/6 441/3/6 438/11/6
f 441/3/6 437/2/6 440/1/6
f 445/3/1 444/2/1 443/1/1
f 444/3/1 445/2/1 446/1/1
f 9/3/2 445/2/2 443/1/2
f 445/3/2 9/2/2 11/1/2
f 12/12/3 444/5/3 446/356/3
f 444/5/3 12/12/3 10/5/3
f 12/5/4 9/5/4 10/357/4
f 9/5/4 12/5/4 11/358/4
f 9/17/5 444/5/5 10/5/5
f 444/5/5 9/17/5 443/359/5
f 445/2/6 12/3/6 446/11/6
f 12/3/6 445/2/6 11/1/6
f 449/3/1 448/2/1 447/1/1
f 448/3/1 449/2/1 450/1/1
f 17/3/2 449/2/2 447/1/2
f 449/3/2 17/2/2 19/1/2
f 20/18/3 448/5/3 450/360/3
f 448/5/3 20/18/3 18/5/3
f 20/5/4 17/5/4 18/361/4
f 17/5/4 20/5/4 19/362/4
f 17/23/5 448/5/5 18/5/5
f 448/5/5 17/23/5 447/363/5
f 449/2/6 20/3/6 450/11/6
f 20/3/6 449/2/6 19/1/6
f 453/3/1 452/2/1 451/1/1
f 452/3/1 453/2/1 454/1/1
f 455/3/2 453/2/2 451/1/2
f 453/3/2 455/2/2 456/1/2
f 457/5/3 452/5/3 454/364/3
f 452/5/3 457/5/3 458/365/3
f 457/5/4 455/5/4 458/366/4
f 455/5/4 457/5/4 456/367/4
f 455/5/5 452/5/5 458/368/5
f 452/5/5 455/5/5 451/369/5
f 453/2/6 457/3/6 454/11/6
f 457/3/6 453/2/6 456/1/6
f 461/3/1 460/2/1 459/1/1
f 460/3/1 461/2/1 462/1/1
f 463/3/2 461/2/2 459/1/2
f 461/3/2 463/2/2 464/1/2
f 465/5/3 460/5/3 462/370/3
f 460/5/3 465/5/3 466/371/3
f 465/5/4 463/5/4 466/372/4
f 463/5/4 465/5/4 464/373/4
f 463/5/5 460/5/5 466/374/5
f 460/5/5 463/5/5 459/375/5
f 461/2/6 465/3/6 462/11/6
f 465/3/6 461/2/6 464/1/6
f 176/3/1 178/2/1 175/1/1
f 178/3/1 176/2/1 177/1/1
f 179/3/2 176/2/2 175/1/2
f 176/3/2 179/2/2 181/1/2
f 182/140/3 178/135/3 177/5/3
f 178/135/3 182/140/3 180/5/3
f 182/5/4 179/5/4 180/376/4
f 179/5/4 182/5/4 181/377/4
f 179/145/5 178/138/5 180/5/5
f 178/138/5 179/145/5 175/5/5
f 176/2/6 182/3/6 177/11/6
f 182/3/6 176/2/6 181/1/6
f 469/3/1 468/2/1 467/1/1
f 468/3/1 469/2/1 470/1/1
f 471/3/2 469/2/2 467/1/2
f 469/3/2 471/2/2 472/1/2
f 473/5/3 468/5/3 470/378/3
f 468/5/3 473/5/3 474/379/3
f 473/5/4 471/5/4 474/380/4
f 471/5/4 473/5/4 472/381/4
f 471/5/5 468/5/5 474/382/5
f 468/5/5 471/5/5 467/383/5
f 469/2/6 473/3/6 470/11/6
f 473/3/6 469/2/6 472/1/6
f 477/3/1 476/2/1 475/1/1
f 476/3/1 477/2/1 478/1/1
f 479/3/2 477/2/2 475/1/2
f 477/3/2 479/2/2 480/1/2
f 481/5/3 476/5/3 478/384/3
f 476/5/3 481/5/3 482/385/3
f 481/5/4 479/5/4 482/386/4
f 479/5/4 481/5/4 480/387/4
f 479/5/5 476/5/5 482/388/5
f 476/5/5 479/5/5 475/389/5
f 477/2/6 481/3/6 478/11/6
f 481/3/6 477/2/6 480/1/6
f 485/3/1 484/2/1 483/1/1
f 484/3/1 485/2/1 486/1/1
f 487/3/2 485/2/2 483/1/2
f 485/3/2 487/2/2 488/1/2
f 489/5/3 484/5/3 486/390/3
f 484/5/3 489/5/3 490/391/3
f 489/5/4 487/5/4 490/392/4
f 487/5/4 489/5/4 488/393/4
f 487/5/5 484/5/5 490/394/5
f 484/5/5 487/5/5 483/395/5
f 485/2/6 489/3/6 486/11/6
f 489/3/6 485/2/6 488/1/6
f 493/3/1 492/2/1 491/1/1
f 492/3/1 493/2/1 494/1/1
f 495/3/2 493/2/2 491/1/2
f 493/3/2 495/2/2 496/1/2
f 497/5/3 492/5/3 494/396/3
f 492/5/3 497/5/3 498/397/3
f 497/5/4 495/5/4 498/398/4
f 495/5/4 497/5/4 496/399/4
f 495/5/5 492/5/5 498/400/5
f 492/5/5 495/5/5 491/401/5
f 493/2/6 497/3/6 494/11/6
f 497/3/6 493/2/6 496/1/6
f 174/3/1 225/2/1 172/1/1
f 225/3/1 174/2/1 227/1/1
f 178/3/2 174/2/2 172/1/2
f 174/3/2 178/2/2 177/1/2
f 230/5/3 225/5/3 227/402/3
f 225/5/3 230/5/3 229/403/3
f 230/179/4 178/136/4 229/5/4
f 178/136/4 230/179/4 177/5/4
f 178/138/5 225/181/5 229/5/5
f 225/181/5 178/138/5 172/5/5
f 174/2/6 230/3/6 227/11/6
f 230/3/6 174/2/6 177/1/6
f 185/3/1 233/2/1 186/1/1
f 233/3/1 185/2/1 235/1/1
f 499/3/2 185/2/2 186/1/2
f 185/3/2 499/2/2 500/1/2
f 238/5/3 233/5/3 235/404/3
f 233/5/3 238/5/3 237/405/3
f 238/185/4 499/5/4 237/5/4
f 499/5/4 238/185/4 500/406/4
f 499/5/5 233/187/5 237/5/5
f 233/187/5 499/5/5 186/144/5
f 185/2/6 238/3/6 235/11/6
f 238/3/6 185/2/6 500/1/6
f 208/3/1 210/2/1 207/1/1
f 210/3/1 208/2/1 209/1/1
f 501/3/2 208/2/2 207/1/2
f 208/3/2 501/2/2 502/1/2
f 244/5/3 210/159/3 209/5/3
f 210/159/3 244/5/3 243/407/3
f 244/191/4 501/5/4 243/5/4
f 501/5/4 244/191/4 502/408/4
f 501/5/5 210/162/5 243/5/5
f 210/162/5 501/5/5 207/5/5
f 208/2/6 244/3/6 209/11/6
f 244/3/6 208/2/6 502/1/6
f 190/3/1 503/2/1 188/1/1
f 503/3/1 190/2/1 504/1/1
f 194/3/2 190/2/2 188/1/2
f 190/3/2 194/2/2 193/1/2
f 505/5/3 503/5/3 504/409/3
f 503/5/3 505/5/3 506/410/3
f 505/5/4 194/148/4 506/411/4
f 194/148/4 505/5/4 193/5/4
f 194/150/5 503/5/5 506/412/5
f 503/5/5 194/150/5 188/5/5
f 190/2/6 505/3/6 504/11/6
f 505/3/6 190/2/6 193/1/6
f 206/3/1 263/2/1 204/1/1
f 263/3/1 206/2/1 265/1/1
f 210/3/2 206/2/2 204/1/2
f 206/3/2 210/2/2 209/1/2
f 242/188/3 263/5/3 265/413/3
f 263/5/3 242/188/3 241/5/3
f 242/208/4 210/160/4 241/5/4
f 210/160/4 242/208/4 209/5/4
f 210/162/5 263/210/5 241/5/5
f 263/210/5 210/162/5 204/5/5
f 206/2/6 242/3/6 265/11/6
f 242/3/6 206/2/6 209/1/6
f 214/3/1 269/2/1 212/1/1
f 269/3/1 214/2/1 271/1/1
f 218/3/2 214/2/2 212/1/2
f 214/3/2 218/2/2 217/1/2
f 274/5/3 269/5/3 271/414/3
f 269/5/3 274/5/3 273/415/3
f 274/214/4 218/166/4 273/5/4
f 218/166/4 274/214/4 217/5/4
f 218/168/5 269/216/5 273/5/5
f 269/216/5 218/168/5 212/5/5
f 214/2/6 274/3/6 271/11/6
f 274/3/6 214/2/6 217/1/6
f 509/3/1 508/2/1 507/1/1
f 508/3/1 509/2/1 510/1/1
f 255/3/2 509/2/2 507/1/2
f 509/3/2 255/2/2 257/1/2
f 258/199/3 508/5/3 510/416/3
f 508/5/3 258/199/3 256/5/3
f 258/5/4 255/5/4 256/417/4
f 255/5/4 258/5/4 257/418/4
f 255/204/5 508/5/5 256/5/5
f 508/5/5 255/204/5 507/419/5
f 509/2/6 258/3/6 510/11/6
f 258/3/6 509/2/6 257/1/6
f 513/3/1 512/2/1 511/1/1
f 512/3/1 513/2/1 514/1/1
f 277/3/2 513/2/2 511/1/2
f 513/3/2 277/2/2 279/1/2
f 280/217/3 512/5/3 514/420/3
f 512/5/3 280/217/3 278/5/3
f 280/5/4 277/5/4 278/421/4
f 277/5/4 280/5/4 279/422/4
f 277/222/5 512/5/5 278/5/5
f 512/5/5 277/222/5 511/423/5
f 513/2/6 280/3/6 514/11/6
f 280/3/6 513/2/6 279/1/6
f 517/3/1 516/2/1 515/1/1
f 516/3/1 517/2/1 518/1/1
f 519/3/2 517/2/2 515/1/2
f 517/3/2 519/2/2 520/1/2
f 521/5/3 516/5/3 518/424/3
f 516/5/3 521/5/3 522/425/3
f 521/5/4 519/5/4 522/426/4
f 519/5/4 521/5/4 520/427/4
f 519/5/5 516/5/5 522/428/5
f 516/5/5 519/5/5 515/429/5
f 517/2/6 521/3/6 518/11/6
f 521/3/6 517/2/6 520/1/6
f 525/3/1 524/2/1 523/1/1
f 524/3/1 525/2/1 526/1/1
f 315/3/2 525/2/2 523/1/2
f 525/3/2 315/2/2 317/1/2
f 318/247/3 524/5/3 526/430/3
f 524/5/3 318/247/3 316/5/3
f 318/5/4 315/5/4 316/431/4
f 315/5/4 318/5/4 317/432/4
f 315/252/5 524/5/5 316/5/5
f 524/5/5 315/252/5 523/433/5
f 525/2/6 318/3/6 526/11/6
f 318/3/6 525/2/6 317/1/6
f 334/3/1 336/2/1 333/1/1
f 336/3/1 334/2/1 335/1/1
f 527/3/2 334/2/2 333/1/2
f 334/3/2 527/2/2 528/1/2
f 529/5/3 336/260/3 335/5/3
f 336/260/3 529/5/3 530/434/3
f 529/5/4 527/5/4 530/435/4
f 527/5/4 529/5/4 528/436/4
f 527/5/5 336/263/5 530/437/5
f 336/263/5 527/5/5 333/5/5
f 334/2/6 529/3/6 335/11/6
f 529/3/6 334/2/6 528/1/6
f 533/3/1 532/2/1 531/1/1
f 532/3/1 533/2/1 534/1/1
f 535/3/2 533/2/2 531/1/2
f 533/3/2 535/2/2 536/1/2
f 537/5/3 532/5/3 534/438/3
f 532/5/3 537/5/3 538/439/3
f 537/5/4 535/5/4 538/440/4
f 535/5/4 537/5/4 536/441/4
f 535/5/5 532/5/5 538/442/5
f 532/5/5 535/5/5 531/443/5
f 533/2/6 537/3/6 534/11/6
f 537/3/6 533/2/6 536/1/6
f 541/3/1 540/2/1 539/1/1
f 540/3/1 541/2/1 542/1/1
f 543/3/2 541/2/2 539/1/2
f 541/3/2 543/2/2 544/1/2
f 545/5/3 540/5/3 542/444/3
f 540/5/3 545/5/3 546/445/3
f 545/5/4 543/5/4 546/446/4
f 543/5/4 545/5/4 544/447/4
f 543/5/5 540/5/5 546/448/5
f 540/5/5 543/5/5 539/449/5
f 541/2/6 545/3/6 542/11/6
f 545/3/6 541/2/6 544/1/6
f 549/3/1 548/2/1 547/1/1
f 548/3/1 549/2/1 550/1/1
f 551/3/2 549/2/2 547/1/2
f 549/3/2 551/2/2 552/1/2
f 553/5/3 548/5/3 550/450/3
f 548/5/3 553/5/3 554/451/3
f 553/5/4 551/5/4 554/452/4
f 551/5/4 553/5/4 552/453/4
f 551/5/5 548/5/5 554/454/5
f 548/5/5 551/5/5 547/455/5
f 549/2/6 553/3/6 550/11/6
f 553/3/6 549/2/6 552/1/6
f 557/3/1 556/2/1 555/1/1
f 556/3/1 557/2/1 558/1/1
f 353/3/2 557/2/2 555/1/2
f 557/3/2 353/2/2 355/1/2
f 356/277/3 556/5/3 558/456/3
f 556/5/3 356/277/3 354/5/3
f 356/5/4 353/5/4 354/457/4
f 353/5/4 356/5/4 355/458/4
f 353/282/5 556/5/5 354/5/5
f 556/5/5 353/282/5 555/459/5
f 557/2/6 356/3/6 558/11/6
f 356/3/6 557/2/6 355/1/6
f 358/3/1 360/2/1 357/1/1
f 360/3/1 358/2/1 359/1/1
f 559/3/2 358/2/2 357/1/2
f 358/3/2 559/2/2 560/1/2
f 561/5/3 360/278/3 359/5/3
f 360/278/3 561/5/3 562/460/3
f 561/5/4 559/5/4 562/461/4
f 559/5/4 561/5/4 560/462/4
f 559/5/5 360/281/5 562/463/5
f 360/281/5 559/5/5 357/5/5
f 358/2/6 561/3/6 359/11/6
f 561/3/6 358/2/6 560/1/6
f 565/3/1 564/2/1 563/1/1
f 564/3/1 565/2/1 566/1/1
f 567/3/2 565/2/2 563/1/2
f 565/3/2 567/2/2 568/1/2
f 387/5/3 564/5/3 566/464/3
f 564/5/3 387/5/3 385/465/3
f 387/5/4 567/5/4 385/466/4
f 567/5/4 387/5/4 568/467/4
f 567/5/5 564/5/5 385/306/5
f 564/5/5 567/5/5 563/468/5
f 565/2/6 387/3/6 566/11/6
f 387/3/6 565/2/6 568/1/6
f 382/3/1 384/2/1 381/1/1
f 384/3/1 382/2/1 383/1/1
f 556/3/2 382/2/2 381/1/2
f 382/3/2 556/2/2 558/1/2
f 569/5/3 384/296/3 383/5/3
f 384/296/3 569/5/3 570/469/3
f 569/5/4 556/5/4 570/470/4
f 556/5/4 569/5/4 558/471/4
f 556/5/5 384/299/5 570/472/5
f 384/299/5 556/5/5 381/5/5
f 382/2/6 569/3/6 383/11/6
f 569/3/6 382/2/6 558/1/6
f 561/3/1 571/2/1 562/1/1
f 571/3/1 561/2/1 572/1/1
f 573/3/2 561/2/2 562/1/2
f 561/3/2 573/2/2 574/1/2
f 575/5/3 571/5/3 572/473/3
f 571/5/3 575/5/3 576/474/3
f 575/5/4 573/5/4 576/475/4
f 573/5/4 575/5/4 574/476/4
f 573/5/5 571/5/5 576/477/5
f 571/5/5 573/5/5 562/463/5
f 561/2/6 575/3/6 572/11/6
f 575/3/6 561/2/6 574/1/6
f 375/3/1 399/2/1 376/1/1
f 399/3/1 375/2/1 401/1/1
f 577/3/2 375/2/2 376/1/2
f 375/3/2 577/2/2 578/1/2
f 404/5/3 399/5/3 401/478/3
f 399/5/3 404/5/3 403/479/3
f 404/316/4 577/5/4 403/5/4
f 577/5/4 404/316/4 578/480/4
f 577/5/5 399/318/5 403/5/5
f 399/318/5 577/5/5 376/293/5
f 375/2/6 404/3/6 401/11/6
f 404/3/6 375/2/6 578/1/6
f 581/3/1 580/2/1 579/1/1
f 580/3/1 581/2/1 582/1/1
f 583/3/2 581/2/2 579/1/2
f 581/3/2 583/2/2 584/1/2
f 585/5/3 580/5/3 582/481/3
f 580/5/3 585/5/3 586/482/3
f 585/5/4 583/5/4 586/483/4
f 583/5/4 585/5/4 584/484/4
f 583/5/5 580/5/5 586/485/5
f 580/5/5 583/5/5 579/486/5
f 581/2/6 585/3/6 582/11/6
f 585/3/6 581/2/6 584/1/6
f 585/3/1 587/2/1 586/1/1
f 587/3/1 585/2/1 588/1/1
f 589/3/2 585/2/2 586/1/2
f 585/3/2 589/2/2 590/1/2
f 591/5/3 587/5/3 588/487/3
f 587/5/3 591/5/3 592/488/3
f 591/5/4 589/5/4 592/489/4
f 589/5/4 591/5/4 590/490/4
f 589/5/5 587/5/5 592/491/5
f 587/5/5 589/5/5 586/485/5
f 585/2/6 591/3/6 588/11/6
f 591/3/6 585/2/6 590/1/6

usemtl color0

f 432/3/1 434/2/1 431/1/1
f 434/3/1 432/2/1 433/1/1
f 593/3/2 432/2/2 431/1/2
f 432/3/2 593/2/2 594/1/2
f 595/5/3 434/346/3 433/5/3
f 434/346/3 595/5/3 596/492/3
f 595/5/4 593/5/4 596/493/4
f 593/5/4 595/5/4 594/494/4
f 593/5/5 434/349/5 596/495/5
f 434/349/5 593/5/5 431/5/5
f 432/2/6 595/3/6 433/11/6
f 595/3/6 432/2/6 594/1/6
f 22/3/1 24/2/1 21/1/1
f 24/3/1 22/2/1 23/1/1
f 25/3/2 22/2/2 21/1/2
f 22/3/2 25/2/2 27/1/2
f 28/24/3 24/19/3 23/5/3
f 24/19/3 28/24/3 26/5/3
f 28/5/4 25/5/4 26/496/4
f 25/5/4 28/5/4 27/497/4
f 25/29/5 24/22/5 26/5/5
f 24/22/5 25/29/5 21/5/5
f 22/2/6 28/3/6 23/11/6
f 28/3/6 22/2/6 27/1/6
f 599/3/1 598/2/1 597/1/1
f 598/3/1 599/2/1 600/1/1
f 601/3/2 599/2/2 597/1/2
f 599/3/2 601/2/2 602/1/2
f 603/5/3 598/5/3 600/498/3
f 598/5/3 603/5/3 604/499/3
f 603/5/4 601/5/4 604/500/4
f 601/5/4 603/5/4 602/501/4
f 601/5/5 598/5/5 604/502/5
f 598/5/5 601/5/5 597/503/5
f 599/2/6 603/3/6 600/11/6
f 603/3/6 599/2/6 602/1/6
f 607/3/1 606/2/1 605/1/1
f 606/3/1 607/2/1 608/1/1
f 609/3/2 607/2/2 605/1/2
f 607/3/2 609/2/2 610/1/2
f 611/5/3 606/5/3 608/504/3
f 606/5/3 611/5/3 612/505/3
f 611/5/4 609/5/4 612/506/4
f 609/5/4 611/5/4 610/507/4
f 609/5/5 606/5/5 612/508/5
f 606/5/5 609/5/5 605/509/5
f 607/2/6 611/3/6 608/11/6
f 611/3/6 607/2/6 610/1/6
f 615/3/1 614/2/1 613/1/1
f 614/3/1 615/2/1 616/1/1
f 617/3/2 615/2/2 613/1/2
f 615/3/2 617/2/2 618/1/2
f 619/5/3 614/5/3 616/510/3
f 614/5/3 619/5/3 620/511/3
f 619/5/4 617/5/4 620/512/4
f 617/5/4 619/5/4 618/513/4
f 617/5/5 614/5/5 620/514/5
f 614/5/5 617/5/5 613/515/5
f 615/2/6 619/3/6 616/11/6
f 619/3/6 615/2/6 618/1/6

usemtl color22

f 594/3/1 596/2/1 593/1/1
f 596/3/1 594/2/1 595/1/1
f 435/3/2 594/2/2 593/1/2
f 594/3/2 435/2/2 437/1/2
f 438/350/3 596/492/3 595/5/3
f 596/492/3 438/350/3 436/5/3
f 438/5/4 435/5/4 436/516/4
f 435/5/4 438/5/4 437/517/4
f 435/355/5 596/495/5 436/5/5
f 596/495/5 435/355/5 593/5/5
f 594/2/6 438/3/6 595/11/6
f 438/3/6 594/2/6 437/1/6
f 440/3/1 442/2/1 439/1/1
f 442/3/1 440/2/1 441/1/1
f 443/3/2 440/2/2 439/1/2
f 440/3/2 443/2/2 445/1/2
f 446/356/3 442/351/3 441/5/3
f 442/351/3 446/356/3 444/5/3
f 446/5/4 443/5/4 444/518/4
f 443/5/4 446/5/4 445/519/4
f 443/359/5 442/354/5 444/5/5
f 442/354/5 443/359/5 439/5/5
f 440/2/6 446/3/6 441/11/6
f 446/3/6 440/2/6 445/1/6
f 623/3/1 622/2/1 621/1/1
f 622/3/1 623/2/1 624/1/1
f 625/3/2 623/2/2 621/1/2
f 623/3/2 625/2/2 626/1/2
f 627/5/3 622/5/3 624/520/3
f 622/5/3 627/5/3 628/521/3
f 627/5/4 625/5/4 628/522/4
f 625/5/4 627/5/4 626/523/4
f 625/5/5 622/5/5 628/524/5
f 622/5/5 625/5/5 621/525/5
f 623/2/6 627/3/6 624/11/6
f 627/3/6 623/2/6 626/1/6
f 631/3/1 630/2/1 629/1/1
f 630/3/1 631/2/1 632/1/1
f 633/3/2 631/2/2 629/1/2
f 631/3/2 633/2/2 634/1/2
f 635/5/3 630/5/3 632/526/3
f 630/5/3 635/5/3 636/527/3
f 635/5/4 633/5/4 636/528/4
f 633/5/4 635/5/4 634/529/4
f 633/5/5 630/5/5 636/530/5
f 630/5/5 633/5/5 629/531/5
f 631/2/6 635/3/6 632/11/6
f 635/3/6 631/2/6 634/1/6
f 638/3/1 471/2/1 637/1/1
f 471/3/1 638/2/1 472/1/1
f 639/3/2 638/2/2 637/1/2
f 638/3/2 639/2/2 640/1/2
f 641/5/3 471/5/3 472/532/3
f 471/5/3 641/5/3 642/533/3
f 641/5/4 639/5/4 642/534/4
f 639/5/4 641/5/4 640/535/4
f 639/5/5 471/5/5 642/536/5
f 471/5/5 639/5/5 637/537/5
f 638/2/6 641/3/6 472/11/6
f 641/3/6 638/2/6 640/1/6
f 644/3/1 199/2/1 643/1/1
f 199/3/1 644/2/1 200/1/1
f 645/3/2 644/2/2 643/1/2
f 644/3/2 645/2/2 646/1/2
f 205/5/3 199/5/3 200/538/3
f 199/5/3 205/5/3 203/539/3
f 205/5/4 645/5/4 203/540/4
f 645/5/4 205/5/4 646/541/4
f 645/5/5 199/5/5 203/163/5
f 199/5/5 645/5/5 643/542/5
f 644/2/6 205/3/6 200/11/6
f 205/3/6 644/2/6 646/1/6
f 648/3/1 501/2/1 647/1/1
f 501/3/1 648/2/1 502/1/1
f 649/3/2 648/2/2 647/1/2
f 648/3/2 649/2/2 650/1/2
f 213/5/3 501/5/3 502/543/3
f 501/5/3 213/5/3 211/544/3
f 213/5/4 649/5/4 211/545/4
f 649/5/4 213/5/4 650/546/4
f 649/5/5 501/5/5 211/169/5
f 501/5/5 649/5/5 647/547/5
f 648/2/6 213/3/6 502/11/6
f 213/3/6 648/2/6 650/1/6
f 653/3/1 652/2/1 651/1/1
f 652/3/1 653/2/1 654/1/1
f 655/3/2 653/2/2 651/1/2
f 653/3/2 655/2/2 656/1/2
f 657/5/3 652/5/3 654/548/3
f 652/5/3 657/5/3 658/549/3
f 657/5/4 655/5/4 658/550/4
f 655/5/4 657/5/4 656/551/4
f 655/5/5 652/5/5 658/552/5
f 652/5/5 655/5/5 651/553/5
f 653/2/6 657/3/6 654/11/6
f 657/3/6 653/2/6 656/1/6
f 661/3/1 660/2/1 659/1/1
f 660/3/1 661/2/1 662/1/1
f 663/3/2 661/2/2 659/1/2
f 661/3/2 663/2/2 664/1/2
f 665/5/3 660/5/3 662/554/3
f 660/5/3 665/5/3 666/555/3
f 665/5/4 663/5/4 666/556/4
f 663/5/4 665/5/4 664/557/4
f 663/5/5 660/5/5 666/558/5
f 660/5/5 663/5/5 659/559/5
f 661/2/6 665/3/6 662/11/6
f 665/3/6 661/2/6 664/1/6
f 668/3/1 137/2/1 667/1/1
f 137/3/1 668/2/1 139/1/1
f 669/3/2 668/2/2 667/1/2
f 668/3/2 669/2/2 670/1/2
f 142/5/3 137/5/3 139/560/3
f 137/5/3 142/5/3 141/561/3
f 142/111/4 669/5/4 141/5/4
f 669/5/4 142/111/4 670/562/4
f 669/5/5 137/113/5 141/5/5
f 137/113/5 669/5/5 667/563/5
f 668/2/6 142/3/6 139/11/6
f 142/3/6 668/2/6 670/1/6

usemtl color7

f 14/3/1 16/2/1 13/1/1
f 16/3/1 14/2/1 15/1/1
f 447/3/2 14/2/2 13/1/2
f 14/3/2 447/2/2 449/1/2
f 450/360/3 16/13/3 15/5/3
f 16/13/3 450/360/3 448/5/3
f 450/5/4 447/5/4 448/564/4
f 447/5/4 450/5/4 449/565/4
f 447/363/5 16/16/5 448/5/5
f 16/16/5 447/363/5 13/5/5
f 14/2/6 450/3/6 15/11/6
f 450/3/6 14/2/6 449/1/6
f 673/3/1 672/2/1 671/1/1
f 672/3/1 673/2/1 674/1/1
f 675/3/2 673/2/2 671/1/2
f 673/3/2 675/2/2 676/1/2
f 677/5/3 672/5/3 674/566/3
f 672/5/3 677/5/3 678/567/3
f 677/5/4 675/5/4 678/568/4
f 675/5/4 677/5/4 676/569/4
f 675/5/5 672/5/5 678/570/5
f 672/5/5 675/5/5 671/571/5
f 673/2/6 677/3/6 674/11/6
f 677/3/6 673/2/6 676/1/6
f 681/3/1 680/2/1 679/1/1
f 680/3/1 681/2/1 682/1/1
f 683/3/2 681/2/2 679/1/2
f 681/3/2 683/2/2 684/1/2
f 685/5/3 680/5/3 682/572/3
f 680/5/3 685/5/3 686/573/3
f 685/5/4 683/5/4 686/574/4
f 683/5/4 685/5/4 684/575/4
f 683/5/5 680/5/5 686/576/5
f 680/5/5 683/5/5 679/577/5
f 681/2/6 685/3/6 682/11/6
f 685/3/6 681/2/6 684/1/6
f 689/3/1 688/2/1 687/1/1
f 688/3/1 689/2/1 690/1/1
f 691/3/2 689/2/2 687/1/2
f 689/3/2 691/2/2 692/1/2
f 693/5/3 688/5/3 690/578/3
f 688/5/3 693/5/3 694/579/3
f 693/5/4 691/5/4 694/580/4
f 691/5/4 693/5/4 692/581/4
f 691/5/5 688/5/5 694/582/5
f 688/5/5 691/5/5 687/583/5
f 689/2/6 693/3/6 690/11/6
f 693/3/6 689/2/6 692/1/6
f 697/3/1 696/2/1 695/1/1
f 696/3/1 697/2/1 698/1/1
f 699/3/2 697/2/2 695/1/2
f 697/3/2 699/2/2 700/1/2
f 701/5/3 696/5/3 698/584/3
f 696/5/3 701/5/3 702/585/3
f 701/5/4 699/5/4 702/586/4
f 699/5/4 701/5/4 700/587/4
f 699/5/5 696/5/5 702/588/5
f 696/5/5 699/5/5 695/589/5
f 697/2/6 701/3/6 698/11/6
f 701/3/6 697/2/6 700/1/6
f 705/3/1 704/2/1 703/1/1
f 704/3/1 705/2/1 706/1/1
f 707/3/2 705/2/2 703/1/2
f 705/3/2 707/2/2 708/1/2
f 709/5/3 704/5/3 706/590/3
f 704/5/3 709/5/3 710/591/3
f 709/5/4 707/5/4 710/592/4
f 707/5/4 709/5/4 708/593/4
f 707/5/5 704/5/5 710/594/5
f 704/5/5 707/5/5 703/595/5
f 705/2/6 709/3/6 706/11/6
f 709/3/6 705/2/6 708/1/6
f 713/3/1 712/2/1 711/1/1
f 712/3/1 713/2/1 714/1/1
f 715/3/2 713/2/2 711/1/2
f 713/3/2 715/2/2 716/1/2
f 717/5/3 712/5/3 714/596/3
f 712/5/3 717/5/3 718/597/3
f 717/5/4 715/5/4 718/598/4
f 715/5/4 717/5/4 716/599/4
f 715/5/5 712/5/5 718/600/5
f 712/5/5 715/5/5 711/601/5
f 713/2/6 717/3/6 714/11/6
f 717/3/6 713/2/6 716/1/6
f 721/3/1 720/2/1 719/1/1
f 720/3/1 721/2/1 722/1/1
f 723/3/2 721/2/2 719/1/2
f 721/3/2 723/2/2 724/1/2
f 725/5/3 720/5/3 722/602/3
f 720/5/3 725/5/3 726/603/3
f 725/5/4 723/5/4 726/604/4
f 723/5/4 725/5/4 724/605/4
f 723/5/5 720/5/5 726/606/5
f 720/5/5 723/5/5 719/607/5
f 721/2/6 725/3/6 722/11/6
f 725/3/6 721/2/6 724/1/6
f 464/3/1 466/2/1 463/1/1
f 466/3/1 464/2/1 465/1/1
f 727/3/2 464/2/2 463/1/2
f 464/3/2 727/2/2 728/1/2
f 729/5/3 466/371/3 465/5/3
f 466/371/3 729/5/3 730/608/3
f 729/5/4 727/5/4 730/609/4
f 727/5/4 729/5/4 728/610/4
f 727/5/5 466/374/5 730/611/5
f 466/374/5 727/5/5 463/5/5
f 464/2/6 729/3/6 465/11/6
f 729/3/6 464/2/6 728/1/6
f 733/3/1 732/2/1 731/1/1
f 732/3/1 733/2/1 734/1/1
f 735/3/2 733/2/2 731/1/2
f 733/3/2 735/2/2 736/1/2
f 737/5/3 732/5/3 734/612/3
f 732/5/3 737/5/3 738/613/3
f 737/5/4 735/5/4 738/614/4
f 735/5/4 737/5/4 736/615/4
f 735/5/5 732/5/5 738/616/5
f 732/5/5 735/5/5 731/617/5
f 733/2/6 737/3/6 734/11/6
f 737/3/6 733/2/6 736/1/6
f 741/3/1 740/2/1 739/1/1
f 740/3/1 741/2/1 742/1/1
f 743/3/2 741/2/2 739/1/2
f 741/3/2 743/2/2 744/1/2
f 745/5/3 740/5/3 742/618/3
f 740/5/3 745/5/3 746/619/3
f 745/5/4 743/5/4 746/620/4
f 743/5/4 745/5/4 744/621/4
f 743/5/5 740/5/5 746/622/5
f 740/5/5 743/5/5 739/623/5
f 741/2/6 745/3/6 742/11/6
f 745/3/6 741/2/6 744/1/6
f 641/3/1 747/2/1 642/1/1
f 747/3/1 641/2/1 748/1/1
f 749/3/2 641/2/2 642/1/2
f 641/3/2 749/2/2 750/1/2
f 751/5/3 747/5/3 748/624/3
f 747/5/3 751/5/3 752/625/3
f 751/5/4 749/5/4 752/626/4
f 749/5/4 751/5/4 750/627/4
f 749/5/5 747/5/5 752/628/5
f 747/5/5 749/5/5 642/536/5
f 641/2/6 751/3/6 748/11/6
f 751/3/6 641/2/6 750/1/6
f 755/3/1 754/2/1 753/1/1
f 754/3/1 755/2/1 756/1/1
f 757/3/2 755/2/2 753/1/2
f 755/3/2 757/2/2 758/1/2
f 759/5/3 754/5/3 756/629/3
f 754/5/3 759/5/3 760/630/3
f 759/5/4 757/5/4 760/631/4
f 757/5/4 759/5/4 758/632/4
f 757/5/5 754/5/5 760/633/5
f 754/5/5 757/5/5 753/634/5
f 755/2/6 759/3/6 756/11/6
f 759/3/6 755/2/6 758/1/6
f 763/3/1 762/2/1 761/1/1
f 762/3/1 763/2/1 764/1/1
f 765/3/2 763/2/2 761/1/2
f 763/3/2 765/2/2 766/1/2
f 252/5/3 762/5/3 764/635/3
f 762/5/3 252/5/3 251/636/3
f 252/196/4 765/5/4 251/5/4
f 765/5/4 252/196/4 766/637/4
f 765/5/5 762/5/5 251/5/5
f 762/5/5 765/5/5 761/638/5
f 763/2/6 252/3/6 764/11/6
f 252/3/6 763/2/6 766/1/6
f 768/3/1 255/2/1 767/1/1
f 255/3/1 768/2/1 257/1/1
f 769/3/2 768/2/2 767/1/2
f 768/3/2 769/2/2 770/1/2
f 771/5/3 255/5/3 257/639/3
f 255/5/3 771/5/3 772/640/3
f 771/5/4 769/5/4 772/641/4
f 769/5/4 771/5/4 770/642/4
f 769/5/5 255/204/5 772/643/5
f 255/204/5 769/5/5 767/644/5
f 768/2/6 771/3/6 257/11/6
f 771/3/6 768/2/6 770/1/6
f 260/3/1 773/2/1 259/1/1
f 773/3/1 260/2/1 774/1/1
f 772/3/2 260/2/2 259/1/2
f 260/3/2 772/2/2 771/1/2
f 775/5/3 773/5/3 774/645/3
f 773/5/3 775/5/3 776/646/3
f 775/5/4 772/641/4 776/647/4
f 772/641/4 775/5/4 771/5/4
f 772/643/5 773/5/5 776/648/5
f 773/5/5 772/643/5 259/5/5
f 260/2/6 775/3/6 774/11/6
f 775/3/6 260/2/6 771/1/6
f 274/3/1 276/2/1 273/1/1
f 276/3/1 274/2/1 275/1/1
f 777/3/2 274/2/2 273/1/2
f 274/3/2 777/2/2 778/1/2
f 779/5/3 276/212/3 275/5/3
f 276/212/3 779/5/3 780/649/3
f 779/5/4 777/5/4 780/650/4
f 777/5/4 779/5/4 778/651/4
f 777/5/5 276/215/5 780/652/5
f 276/215/5 777/5/5 273/5/5
f 274/2/6 779/3/6 275/11/6
f 779/3/6 274/2/6 778/1/6
f 783/3/1 782/2/1 781/1/1
f 782/3/1 783/2/1 784/1/1
f 785/3/2 783/2/2 781/1/2
f 783/3/2 785/2/2 786/1/2
f 787/5/3 782/5/3 784/653/3
f 782/5/3 787/5/3 788/654/3
f 787/5/4 785/5/4 788/655/4
f 785/5/4 787/5/4 786/656/4
f 785/5/5 782/5/5 788/657/5
f 782/5/5 785/5/5 781/658/5
f 783/2/6 787/3/6 784/11/6
f 787/3/6 783/2/6 786/1/6
f 791/3/1 790/2/1 789/1/1
f 790/3/1 791/2/1 792/1/1
f 532/3/2 791/2/2 789/1/2
f 791/3/2 532/2/2 534/1/2
f 793/5/3 790/5/3 792/659/3
f 790/5/3 793/5/3 794/660/3
f 793/5/4 532/5/4 794/661/4
f 532/5/4 793/5/4 534/662/4
f 532/5/5 790/5/5 794/663/5
f 790/5/5 532/5/5 789/664/5
f 791/2/6 793/3/6 792/11/6
f 793/3/6 791/2/6 534/1/6
f 793/3/1 795/2/1 794/1/1
f 795/3/1 793/2/1 796/1/1
f 797/3/2 793/2/2 794/1/2
f 793/3/2 797/2/2 798/1/2
f 799/5/3 795/5/3 796/665/3
f 795/5/3 799/5/3 800/666/3
f 799/5/4 797/5/4 800/667/4
f 797/5/4 799/5/4 798/668/4
f 797/5/5 795/5/5 800/669/5
f 795/5/5 797/5/5 794/663/5
f 793/2/6 799/3/6 796/11/6
f 799/3/6 793/2/6 798/1/6

usemtl color21

f 803/3/1 802/2/1 801/1/1
f 802/3/1 803/2/1 804/1/1
f 805/3/2 803/2/2 801/1/2
f 803/3/2 805/2/2 806/1/2
f 807/5/3 802/5/3 804/670/3
f 802/5/3 807/5/3 808/671/3
f 807/5/4 805/5/4 808/672/4
f 805/5/4 807/5/4 806/673/4
f 805/5/5 802/5/5 808/674/5
f 802/5/5 805/5/5 801/675/5
f 803/2/6 807/3/6 804/11/6
f 807/3/6 803/2/6 806/1/6
f 811/3/1 810/2/1 809/1/1
f 810/3/1 811/2/1 812/1/1
f 813/3/2 811/2/2 809/1/2
f 811/3/2 813/2/2 814/1/2
f 815/5/3 810/5/3 812/676/3
f 810/5/3 815/5/3 816/677/3
f 815/5/4 813/5/4 816/678/4
f 813/5/4 815/5/4 814/679/4
f 813/5/5 810/5/5 816/680/5
f 810/5/5 813/5/5 809/681/5
f 811/2/6 815/3/6 812/11/6
f 815/3/6 811/2/6 814/1/6
f 819/3/1 818/2/1 817/1/1
f 818/3/1 819/2/1 820/1/1
f 821/3/2 819/2/2 817/1/2
f 819/3/2 821/2/2 822/1/2
f 823/5/3 818/5/3 820/682/3
f 818/5/3 823/5/3 824/683/3
f 823/5/4 821/5/4 824/684/4
f 821/5/4 823/5/4 822/685/4
f 821/5/5 818/5/5 824/686/5
f 818/5/5 821/5/5 817/687/5
f 819/2/6 823/3/6 820/11/6
f 823/3/6 819/2/6 822/1/6
f 827/3/1 826/2/1 825/1/1
f 826/3/1 827/2/1 828/1/1
f 829/3/2 827/2/2 825/1/2
f 827/3/2 829/2/2 830/1/2
f 831/5/3 826/5/3 828/688/3
f 826/5/3 831/5/3 832/689/3
f 831/5/4 829/5/4 832/690/4
f 829/5/4 831/5/4 830/691/4
f 829/5/5 826/5/5 832/692/5
f 826/5/5 829/5/5 825/693/5
f 827/2/6 831/3/6 828/11/6
f 831/3/6 827/2/6 830/1/6
f 835/3/1 834/2/1 833/1/1
f 834/3/1 835/2/1 836/1/1
f 837/3/2 835/2/2 833/1/2
f 835/3/2 837/2/2 838/1/2
f 839/5/3 834/5/3 836/694/3
f 834/5/3 839/5/3 840/695/3
f 839/5/4 837/5/4 840/696/4
f 837/5/4 839/5/4 838/697/4
f 837/5/5 834/5/5 840/698/5
f 834/5/5 837/5/5 833/699/5
f 835/2/6 839/3/6 836/11/6
f 839/3/6 835/2/6 838/1/6
f 843/3/1 842/2/1 841/1/1
f 842/3/1 843/2/1 844/1/1
f 845/3/2 843/2/2 841/1/2
f 843/3/2 845/2/2 846/1/2
f 847/5/3 842/5/3 844/700/3
f 842/5/3 847/5/3 848/701/3
f 847/5/4 845/5/4 848/702/4
f 845/5/4 847/5/4 846/703/4
f 845/5/5 842/5/5 848/704/5
f 842/5/5 845/5/5 841/705/5
f 843/2/6 847/3/6 844/11/6
f 847/3/6 843/2/6 846/1/6

usemtl color10

f 806/3/1 808/2/1 805/1/1
f 808/3/1 806/2/1 807/1/1
f 809/3/2 806/2/2 805/1/2
f 806/3/2 809/2/2 811/1/2
f 812/676/3 808/671/3 807/5/3
f 808/671/3 812/676/3 810/5/3
f 812/5/4 809/5/4 810/706/4
f 809/5/4 812/5/4 811/707/4
f 809/681/5 808/674/5 810/5/5
f 808/674/5 809/681/5 805/5/5
f 806/2/6 812/3/6 807/11/6
f 812/3/6 806/2/6 811/1/6
f 851/3/1 850/2/1 849/1/1
f 850/3/1 851/2/1 852/1/1
f 853/3/2 851/2/2 849/1/2
f 851/3/2 853/2/2 854/1/2
f 855/5/3 850/5/3 852/708/3
f 850/5/3 855/5/3 856/709/3
f 855/5/4 853/5/4 856/710/4
f 853/5/4 855/5/4 854/711/4
f 853/5/5 850/5/5 856/712/5
f 850/5/5 853/5/5 849/713/5
f 851/2/6 855/3/6 852/11/6
f 855/3/6 851/2/6 854/1/6
f 859/3/1 858/2/1 857/1/1
f 858/3/1 859/2/1 860/1/1
f 850/3/2 859/2/2 857/1/2
f 859/3/2 850/2/2 852/1/2
f 861/5/3 858/5/3 860/714/3
f 858/5/3 861/5/3 862/715/3
f 861/5/4 850/5/4 862/716/4
f 850/5/4 861/5/4 852/717/4
f 850/5/5 858/5/5 862/718/5
f 858/5/5 850/5/5 857/719/5
f 859/2/6 861/3/6 860/11/6
f 861/3/6 859/2/6 852/1/6
f 865/3/1 864/2/1 863/1/1
f 864/3/1 865/2/1 866/1/1
f 824/3/2 865/2/2 863/1/2
f 865/3/2 824/2/2 823/1/2
f 867/5/3 864/5/3 866/720/3
f 864/5/3 867/5/3 868/721/3
f 867/5/4 824/684/4 868/722/4
f 824/684/4 867/5/4 823/5/4
f 824/686/5 864/5/5 868/723/5
f 864/5/5 824/686/5 863/724/5
f 865/2/6 867/3/6 866/11/6
f 867/3/6 865/2/6 823/1/6
f 871/3/1 870/2/1 869/1/1
f 870/3/1 871/2/1 872/1/1
f 873/3/2 871/2/2 869/1/2
f 871/3/2 873/2/2 874/1/2
f 875/5/3 870/5/3 872/725/3
f 870/5/3 875/5/3 876/726/3
f 875/5/4 873/5/4 876/727/4
f 873/5/4 875/5/4 874/728/4
f 873/5/5 870/5/5 876/729/5
f 870/5/5 873/5/5 869/730/5
f 871/2/6 875/3/6 872/11/6
f 875/3/6 871/2/6 874/1/6
f 879/3/1 878/2/1 877/1/1
f 878/3/1 879/2/1 880/1/1
f 881/3/2 879/2/2 877/1/2
f 879/3/2 881/2/2 882/1/2
f 883/5/3 878/5/3 880/731/3
f 878/5/3 883/5/3 884/732/3
f 883/5/4 881/5/4 884/733/4
f 881/5/4 883/5/4 882/734/4
f 881/5/5 878/5/5 884/735/5
f 878/5/5 881/5/5 877/736/5
f 879/2/6 883/3/6 880/11/6
f 883/3/6 879/2/6 882/1/6
f 887/3/1 886/2/1 885/1/1
f 886/3/1 887/2/1 888/1/1
f 889/3/2 887/2/2 885/1/2
f 887/3/2 889/2/2 890/1/2
f 891/5/3 886/5/3 888/737/3
f 886/5/3 891/5/3 892/738/3
f 891/5/4 889/5/4 892/739/4
f 889/5/4 891/5/4 890/740/4
f 889/5/5 886/5/5 892/741/5
f 886/5/5 889/5/5 885/742/5
f 887/2/6 891/3/6 888/11/6
f 891/3/6 887/2/6 890/1/6
f 895/3/1 894/2/1 893/1/1
f 894/3/1 895/2/1 896/1/1
f 897/3/2 895/2/2 893/1/2
f 895/3/2 897/2/2 898/1/2
f 899/5/3 894/5/3 896/743/3
f 894/5/3 899/5/3 900/744/3
f 899/5/4 897/5/4 900/745/4
f 897/5/4 899/5/4 898/746/4
f 897/5/5 894/5/5 900/747/5
f 894/5/5 897/5/5 893/748/5
f 895/2/6 899/3/6 896/11/6
f 899/3/6 895/2/6 898/1/6
f 903/3/1 902/2/1 901/1/1
f 902/3/1 903/2/1 904/1/1
f 452/3/2 903/2/2 901/1/2
f 903/3/2 452/2/2 454/1/2
f 905/5/3 902/5/3 904/749/3
f 902/5/3 905/5/3 906/750/3
f 905/5/4 452/5/4 906/751/4
f 452/5/4 905/5/4 454/752/4
f 452/5/5 902/5/5 906/753/5
f 902/5/5 452/5/5 901/754/5
f 903/2/6 905/3/6 904/11/6
f 905/3/6 903/2/6 454/1/6
f 828/3/1 907/2/1 826/1/1
f 907/3/1 828/2/1 908/1/1
f 909/3/2 828/2/2 826/1/2
f 828/3/2 909/2/2 910/1/2
f 911/5/3 907/5/3 908/755/3
f 907/5/3 911/5/3 912/756/3
f 911/5/4 909/5/4 912/757/4
f 909/5/4 911/5/4 910/758/4
f 909/5/5 907/5/5 912/759/5
f 907/5/5 909/5/5 826/5/5
f 828/2/6 911/3/6 908/11/6
f 911/3/6 828/2/6 910/1/6
f 915/3/1 914/2/1 913/1/1
f 914/3/1 915/2/1 916/1/1
f 917/3/2 915/2/2 913/1/2
f 915/3/2 917/2/2 918/1/2
f 919/5/3 914/5/3 916/760/3
f 914/5/3 919/5/3 920/761/3
f 919/5/4 917/5/4 920/762/4
f 917/5/4 919/5/4 918/763/4
f 917/5/5 914/5/5 920/764/5
f 914/5/5 917/5/5 913/765/5
f 915/2/6 919/3/6 916/11/6
f 919/3/6 915/2/6 918/1/6
f 918/3/1 921/2/1 917/1/1
f 921/3/1 918/2/1 922/1/1
f 622/3/2 918/2/2 917/1/2
f 918/3/2 622/2/2 624/1/2
f 923/5/3 921/5/3 922/766/3
f 921/5/3 923/5/3 924/767/3
f 923/5/4 622/5/4 924/768/4
f 622/5/4 923/5/4 624/769/4
f 622/5/5 921/5/5 924/770/5
f 921/5/5 622/5/5 917/5/5
f 918/2/6 923/3/6 922/11/6
f 923/3/6 918/2/6 624/1/6
f 911/3/1 925/2/1 912/1/1
f 925/3/1 911/2/1 926/1/1
f 927/3/2 911/2/2 912/1/2
f 911/3/2 927/2/2 928/1/2
f 929/5/3 925/5/3 926/771/3
f 925/5/3 929/5/3 930/772/3
f 929/5/4 927/5/4 930/773/4
f 927/5/4 929/5/4 928/774/4
f 927/5/5 925/5/5 930/775/5
f 925/5/5 927/5/5 912/759/5
f 911/2/6 929/3/6 926/11/6
f 929/3/6 911/2/6 928/1/6
f 933/3/1 932/2/1 931/1/1
f 932/3/1 933/2/1 934/1/1
f 935/3/2 933/2/2 931/1/2
f 933/3/2 935/2/2 936/1/2
f 937/5/3 932/5/3 934/776/3
f 932/5/3 937/5/3 938/777/3
f 937/5/4 935/5/4 938/778/4
f 935/5/4 937/5/4 936/779/4
f 935/5/5 932/5/5 938/780/5
f 932/5/5 935/5/5 931/781/5
f 933/2/6 937/3/6 934/11/6
f 937/3/6 933/2/6 936/1/6
f 941/3/1 940/2/1 939/1/1
f 940/3/1 941/2/1 942/1/1
f 943/3/2 941/2/2 939/1/2
f 941/3/2 943/2/2 944/1/2
f 945/5/3 940/5/3 942/782/3
f 940/5/3 945/5/3 946/783/3
f 945/5/4 943/5/4 946/784/4
f 943/5/4 945/5/4 944/785/4
f 943/5/5 940/5/5 946/786/5
f 940/5/5 943/5/5 939/787/5
f 941/2/6 945/3/6 942/11/6
f 945/3/6 941/2/6 944/1/6
f 949/3/1 948/2/1 947/1/1
f 948/3/1 949/2/1 950/1/1
f 951/3/2 949/2/2 947/1/2
f 949/3/2 951/2/2 952/1/2
f 953/5/3 948/5/3 950/788/3
f 948/5/3 953/5/3 954/789/3
f 953/5/4 951/5/4 954/790/4
f 951/5/4 953/5/4 952/791/4
f 951/5/5 948/5/5 954/792/5
f 948/5/5 951/5/5 947/793/5
f 949/2/6 953/3/6 950/11/6
f 953/3/6 949/2/6 952/1/6
f 957/3/1 956/2/1 955/1/1
f 956/3/1 957/2/1 958/1/1
f 959/3/2 957/2/2 955/1/2
f 957/3/2 959/2/2 960/1/2
f 926/771/3 956/5/3 958/794/3
f 956/5/3 926/771/3 925/5/3
f 926/5/4 959/5/4 925/795/4
f 959/5/4 926/5/4 960/796/4
f 959/5/5 956/5/5 925/5/5
f 956/5/5 959/5/5 955/797/5
f 957/2/6 926/3/6 958/11/6
f 926/3/6 957/2/6 960/1/6
f 963/3/1 962/2/1 961/1/1
f 962/3/1 963/2/1 964/1/1
f 878/3/2 963/2/2 961/1/2
f 963/3/2 878/2/2 880/1/2
f 965/5/3 962/5/3 964/798/3
f 962/5/3 965/5/3 966/799/3
f 965/5/4 878/5/4 966/800/4
f 878/5/4 965/5/4 880/801/4
f 878/5/5 962/5/5 966/802/5
f 962/5/5 878/5/5 961/803/5
f 963/2/6 965/3/6 964/11/6
f 965/3/6 963/2/6 880/1/6
f 969/3/1 968/2/1 967/1/1
f 968/3/1 969/2/1 970/1/1
f 971/3/2 969/2/2 967/1/2
f 969/3/2 971/2/2 972/1/2
f 942/782/3 968/5/3 970/804/3
f 968/5/3 942/782/3 940/5/3
f 942/5/4 971/5/4 940/805/4
f 971/5/4 942/5/4 972/806/4
f 971/5/5 968/5/5 940/5/5
f 968/5/5 971/5/5 967/807/5
f 969/2/6 942/3/6 970/11/6
f 942/3/6 969/2/6 972/1/6
f 974/3/1 946/2/1 973/1/1
f 946/3/1 974/2/1 945/1/1
f 975/3/2 974/2/2 973/1/2
f 974/3/2 975/2/2 976/1/2
f 977/5/3 946/783/3 945/5/3
f 946/783/3 977/5/3 978/808/3
f 977/5/4 975/5/4 978/809/4
f 975/5/4 977/5/4 976/810/4
f 975/5/5 946/786/5 978/811/5
f 946/786/5 975/5/5 973/812/5
f 974/2/6 977/3/6 945/11/6
f 977/3/6 974/2/6 976/1/6
f 965/3/1 979/2/1 966/1/1
f 979/3/1 965/2/1 980/1/1
f 981/3/2 965/2/2 966/1/2
f 965/3/2 981/2/2 982/1/2
f 934/776/3 979/5/3 980/813/3
f 979/5/3 934/776/3 932/5/3
f 934/5/4 981/5/4 932/814/4
f 981/5/4 934/5/4 982/815/4
f 981/5/5 979/5/5 932/5/5
f 979/5/5 981/5/5 966/802/5
f 965/2/6 934/3/6 980/11/6
f 934/3/6 965/2/6 982/1/6
f 985/3/1 984/2/1 983/1/1
f 984/3/1 985/2/1 986/1/1
f 987/3/2 985/2/2 983/1/2
f 985/3/2 987/2/2 988/1/2
f 989/5/3 984/5/3 986/816/3
f 984/5/3 989/5/3 990/817/3
f 989/5/4 987/5/4 990/818/4
f 987/5/4 989/5/4 988/819/4
f 987/5/5 984/5/5 990/820/5
f 984/5/5 987/5/5 983/821/5
f 985/2/6 989/3/6 986/11/6
f 989/3/6 985/2/6 988/1/6
f 988/3/1 991/2/1 987/1/1
f 991/3/1 988/2/1 992/1/1
f 993/3/2 988/2/2 987/1/2
f 988/3/2 993/2/2 994/1/2
f 995/5/3 991/5/3 992/822/3
f 991/5/3 995/5/3 996/823/3
f 995/5/4 993/5/4 996/824/4
f 993/5/4 995/5/4 994/825/4
f 993/5/5 991/5/5 996/826/5
f 991/5/5 993/5/5 987/5/5
f 988/2/6 995/3/6 992/11/6
f 995/3/6 988/2/6 994/1/6
f 999/3/1 998/2/1 997/1/1
f 998/3/1 999/2/1 1000/1/1
f 1001/3/2 999/2/2 997/1/2
f 999/3/2 1001/2/2 1002/1/2
f 1003/5/3 998/5/3 1000/827/3
f 998/5/3 1003/5/3 1004/828/3
f 1003/5/4 1001/5/4 1004/829/4
f 1001/5/4 1003/5/4 1002/830/4
f 1001/5/5 998/5/5 1004/831/5
f 998/5/5 1001/5/5 997/832/5
f 999/2/6 1003/3/6 1000/11/6
f 1003/3/6 999/2/6 1002/1/6
f 1007/3/1 1006/2/1 1005/1/1
f 1006/3/1 1007/2/1 1008/1/1
f 1009/3/2 1007/2/2 1005/1/2
f 1007/3/2 1009/2/2 1010/1/2
f 1011/5/3 1006/5/3 1008/833/3
f 1006/5/3 1011/5/3 1012/834/3
f 1011/5/4 1009/5/4 1012/835/4
f 1009/5/4 1011/5/4 1010/836/4
f 1009/5/5 1006/5/5 1012/837/5
f 1006/5/5 1009/5/5 1005/838/5
f 1007/2/6 1011/3/6 1008/11/6
f 1011/3/6 1007/2/6 1010/1/6
f 1015/3/1 1014/2/1 1013/1/1
f 1014/3/1 1015/2/1 1016/1/1
f 1006/3/2 1015/2/2 1013/1/2
f 1015/3/2 1006/2/2 1008/1/2
f 1017/5/3 1014/5/3 1016/839/3
f 1014/5/3 1017/5/3 1018/840/3
f 1017/5/4 1006/5/4 1018/841/4
f 1006/5/4 1017/5/4 1008/842/4
f 1006/5/5 1014/5/5 1018/843/5
f 1014/5/5 1006/5/5 1013/844/5
f 1015/2/6 1017/3/6 1016/11/6
f 1017/3/6 1015/2/6 1008/1/6
f 1011/3/1 1019/2/1 1012/1/1
f 1019/3/1 1011/2/1 1020/1/1
f 1021/3/2 1011/2/2 1012/1/2
f 1011/3/2 1021/2/2 1022/1/2
f 1023/5/3 1019/5/3 1020/845/3
f 1019/5/3 1023/5/3 1024/846/3
f 1023/5/4 1021/5/4 1024/847/4
f 1021/5/4 1023/5/4 1022/848/4
f 1021/5/5 1019/5/5 1024/849/5
f 1019/5/5 1021/5/5 1012/837/5
f 1011/2/6 1023/3/6 1020/11/6
f 1023/3/6 1011/2/6 1022/1/6
f 918/3/1 921/2/1 917/1/1
f 921/3/1 918/2/1 922/1/1
f 622/3/2 918/2/2 917/1/2
f 918/3/2 622/2/2 624/1/2
f 923/5/3 921/5/3 922/766/3
f 921/5/3 923/5/3 924/767/3
f 923/5/4 622/5/4 924/768/4
f 622/5/4 923/5/4 624/769/4
f 622/5/5 921/5/5 924/770/5
f 921/5/5 622/5/5 917/5/5
f 918/2/6 923/3/6 922/11/6
f 923/3/6 918/2/6 624/1/6
f 988/3/1 991/2/1 987/1/1
f 991/3/1 988/2/1 992/1/1
f 993/3/2 988/2/2 987/1/2
f 988/3/2 993/2/2 994/1/2
f 995/5/3 991/5/3 992/822/3
f 991/5/3 995/5/3 996/823/3
f 995/5/4 993/5/4 996/824/4
f 993/5/4 995/5/4 994/825/4
f 993/5/5 991/5/5 996/826/5
f 991/5/5 993/5/5 987/5/5
f 988/2/6 995/3/6 992/11/6
f 995/3/6 988/2/6 994/1/6

usemtl color29

f 1027/3/1 1026/2/1 1025/1/1
f 1026/3/1 1027/2/1 1028/1/1
f 1029/3/2 1027/2/2 1025/1/2
f 1027/3/2 1029/2/2 1030/1/2
f 1031/5/3 1026/5/3 1028/850/3
f 1026/5/3 1031/5/3 1032/851/3
f 1031/5/4 1029/5/4 1032/852/4
f 1029/5/4 1031/5/4 1030/853/4
f 1029/5/5 1026/5/5 1032/854/5
f 1026/5/5 1029/5/5 1025/855/5
f 1027/2/6 1031/3/6 1028/11/6
f 1031/3/6 1027/2/6 1030/1/6
f 1035/3/1 1034/2/1 1033/1/1
f 1034/3/1 1035/2/1 1036/1/1
f 1037/3/2 1035/2/2 1033/1/2
f 1035/3/2 1037/2/2 1038/1/2
f 1039/5/3 1034/5/3 1036/856/3
f 1034/5/3 1039/5/3 1040/857/3
f 1039/5/4 1037/5/4 1040/858/4
f 1037/5/4 1039/5/4 1038/859/4
f 1037/5/5 1034/5/5 1040/860/5
f 1034/5/5 1037/5/5 1033/861/5
f 1035/2/6 1039/3/6 1036/11/6
f 1039/3/6 1035/2/6 1038/1/6
f 1043/3/1 1042/2/1 1041/1/1
f 1042/3/1 1043/2/1 1044/1/1
f 1045/3/2 1043/2/2 1041/1/2
f 1043/3/2 1045/2/2 1046/1/2
f 1047/5/3 1042/5/3 1044/862/3
f 1042/5/3 1047/5/3 1048/863/3
f 1047/5/4 1045/5/4 1048/864/4
f 1045/5/4 1047/5/4 1046/865/4
f 1045/5/5 1042/5/5 1048/866/5
f 1042/5/5 1045/5/5 1041/867/5
f 1043/2/6 1047/3/6 1044/11/6
f 1047/3/6 1043/2/6 1046/1/6
f 1051/3/1 1050/2/1 1049/1/1
f 1050/3/1 1051/2/1 1052/1/1
f 1053/3/2 1051/2/2 1049/1/2
f 1051/3/2 1053/2/2 1054/1/2
f 1055/5/3 1050/5/3 1052/868/3
f 1050/5/3 1055/5/3 1056/869/3
f 1055/5/4 1053/5/4 1056/870/4
f 1053/5/4 1055/5/4 1054/871/4
f 1053/5/5 1050/5/5 1056/872/5
f 1050/5/5 1053/5/5 1049/873/5
f 1051/2/6 1055/3/6 1052/11/6
f 1055/3/6 1051/2/6 1054/1/6
f 1059/3/1 1058/2/1 1057/1/1
f 1058/3/1 1059/2/1 1060/1/1
f 1061/3/2 1059/2/2 1057/1/2
f 1059/3/2 1061/2/2 1062/1/2
f 1063/5/3 1058/5/3 1060/874/3
f 1058/5/3 1063/5/3 1064/875/3
f 1063/5/4 1061/5/4 1064/876/4
f 1061/5/4 1063/5/4 1062/877/4
f 1061/5/5 1058/5/5 1064/878/5
f 1058/5/5 1061/5/5 1057/879/5
f 1059/2/6 1063/3/6 1060/11/6
f 1063/3/6 1059/2/6 1062/1/6
f 1055/3/1 1065/2/1 1056/1/1
f 1065/3/1 1055/2/1 1066/1/1
f 1067/3/2 1055/2/2 1056/1/2
f 1055/3/2 1067/2/2 1068/1/2
f 1069/5/3 1065/5/3 1066/880/3
f 1065/5/3 1069/5/3 1070/881/3
f 1069/5/4 1067/5/4 1070/882/4
f 1067/5/4 1069/5/4 1068/883/4
f 1067/5/5 1065/5/5 1070/884/5
f 1065/5/5 1067/5/5 1056/872/5
f 1055/2/6 1069/3/6 1066/11/6
f 1069/3/6 1055/2/6 1068/1/6

usemtl color30

f 1038/3/1 1040/2/1 1037/1/1
f 1040/3/1 1038/2/1 1039/1/1
f 1071/3/2 1038/2/2 1037/1/2
f 1038/3/2 1071/2/2 1072/1/2
f 1073/5/3 1040/857/3 1039/5/3
f 1040/857/3 1073/5/3 1074/885/3
f 1073/5/4 1071/5/4 1074/886/4
f 1071/5/4 1073/5/4 1072/887/4
f 1071/5/5 1040/860/5 1074/888/5
f 1040/860/5 1071/5/5 1037/5/5
f 1038/2/6 1073/3/6 1039/11/6
f 1073/3/6 1038/2/6 1072/1/6
f 1046/3/1 1048/2/1 1045/1/1
f 1048/3/1 1046/2/1 1047/1/1
f 1049/3/2 1046/2/2 1045/1/2
f 1046/3/2 1049/2/2 1051/1/2
f 1052/868/3 1048/863/3 1047/5/3
f 1048/863/3 1052/868/3 1050/5/3
f 1052/5/4 1049/5/4 1050/889/4
f 1049/5/4 1052/5/4 1051/890/4
f 1049/873/5 1048/866/5 1050/5/5
f 1048/866/5 1049/873/5 1045/5/5
f 1046/2/6 1052/3/6 1047/11/6
f 1052/3/6 1046/2/6 1051/1/6
f 1052/3/1 1075/2/1 1050/1/1
f 1075/3/1 1052/2/1 1076/1/1
f 1056/3/2 1052/2/2 1050/1/2
f 1052/3/2 1056/2/2 1055/1/2
f 1066/880/3 1075/5/3 1076/891/3
f 1075/5/3 1066/880/3 1065/5/3
f 1066/5/4 1056/870/4 1065/892/4
f 1056/870/4 1066/5/4 1055/5/4
f 1056/872/5 1075/5/5 1065/5/5
f 1075/5/5 1056/872/5 1050/5/5
f 1052/2/6 1066/3/6 1076/11/6
f 1066/3/6 1052/2/6 1055/1/6

usemtl color31

f 1078/3/1 1057/2/1 1077/1/1
f 1057/3/1 1078/2/1 1059/1/1
f 1079/3/2 1078/2/2 1077/1/2
f 1078/3/2 1079/2/2 1080/1/2
f 1062/5/3 1057/5/3 1059/893/3
f 1057/5/3 1062/5/3 1061/894/3
f 1062/877/4 1079/5/4 1061/5/4
f 1079/5/4 1062/877/4 1080/895/4
f 1079/5/5 1057/879/5 1061/5/5
f 1057/879/5 1079/5/5 1077/896/5
f 1078/2/6 1062/3/6 1059/11/6
f 1062/3/6 1078/2/6 1080/1/6
f 1054/3/1 1056/2/1 1053/1/1
f 1056/3/1 1054/2/1 1055/1/1
f 1081/3/2 1054/2/2 1053/1/2
f 1054/3/2 1081/2/2 1082/1/2
f 1068/5/3 1056/869/3 1055/5/3
f 1056/869/3 1068/5/3 1067/897/3
f 1068/883/4 1081/5/4 1067/5/4
f 1081/5/4 1068/883/4 1082/898/4
f 1081/5/5 1056/872/5 1067/5/5
f 1056/872/5 1081/5/5 1053/5/5
f 1054/2/6 1068/3/6 1055/11/6
f 1068/3/6 1054/2/6 1082/1/6

usemtl color15

f 1085/3/1 1084/2/1 1083/1/1
f 1084/3/1 1085/2/1 1086/1/1
f 1087/3/2 1085/2/2 1083/1/2
f 1085/3/2 1087/2/2 1088/1/2
f 1089/5/3 1084/5/3 1086/899/3
f 1084/5/3 1089/5/3 1090/900/3
f 1089/5/4 1087/5/4 1090/901/4
f 1087/5/4 1089/5/4 1088/902/4
f 1087/5/5 1084/5/5 1090/903/5
f 1084/5/5 1087/5/5 1083/904/5
f 1085/2/6 1089/3/6 1086/11/6
f 1089/3/6 1085/2/6 1088/1/6
f 1092/3/1 113/2/1 1091/1/1
f 113/3/1 1092/2/1 115/1/1
f 415/3/2 1092/2/2 1091/1/2
f 1092/3/2 415/2/2 416/1/2
f 118/327/3 113/5/3 115/905/3
f 113/5/3 118/327/3 117/5/3
f 118/93/4 415/5/4 117/5/4
f 415/5/4 118/93/4 416/906/4
f 415/330/5 113/95/5 117/5/5
f 113/95/5 415/330/5 1091/907/5
f 1092/2/6 118/3/6 115/11/6
f 118/3/6 1092/2/6 416/1/6
f 1095/3/1 1094/2/1 1093/1/1
f 1094/3/1 1095/2/1 1096/1/1
f 1097/3/2 1095/2/2 1093/1/2
f 1095/3/2 1097/2/2 1098/1/2
f 1099/5/3 1094/5/3 1096/908/3
f 1094/5/3 1099/5/3 1100/909/3
f 1099/5/4 1097/5/4 1100/910/4
f 1097/5/4 1099/5/4 1098/911/4
f 1097/5/5 1094/5/5 1100/912/5
f 1094/5/5 1097/5/5 1093/913/5
f 1095/2/6 1099/3/6 1096/11/6
f 1099/3/6 1095/2/6 1098/1/6
f 116/3/1 145/2/1 114/1/1
f 145/3/1 116/2/1 147/1/1
f 120/3/2 116/2/2 114/1/2
f 116/3/2 120/2/2 119/1/2
f 1101/5/3 145/5/3 147/914/3
f 145/5/3 1101/5/3 1102/915/3
f 1101/5/4 120/92/4 1102/916/4
f 120/92/4 1101/5/4 119/5/4
f 120/94/5 145/117/5 1102/917/5
f 145/117/5 120/94/5 114/5/5
f 116/2/6 1101/3/6 147/11/6
f 1101/3/6 116/2/6 119/1/6
f 1105/3/1 1104/2/1 1103/1/1
f 1104/3/1 1105/2/1 1106/1/1
f 1107/3/2 1105/2/2 1103/1/2
f 1105/3/2 1107/2/2 1108/1/2
f 1109/5/3 1104/5/3 1106/918/3
f 1104/5/3 1109/5/3 1110/919/3
f 1109/5/4 1107/5/4 1110/920/4
f 1107/5/4 1109/5/4 1108/921/4
f 1107/5/5 1104/5/5 1110/922/5
f 1104/5/5 1107/5/5 1103/923/5
f 1105/2/6 1109/3/6 1106/11/6
f 1109/3/6 1105/2/6 1108/1/6
f 1113/3/1 1112/2/1 1111/1/1
f 1112/3/1 1113/2/1 1114/1/1
f 1115/3/2 1113/2/2 1111/1/2
f 1113/3/2 1115/2/2 1116/1/2
f 1117/5/3 1112/5/3 1114/924/3
f 1112/5/3 1117/5/3 1118/925/3
f 1117/5/4 1115/5/4 1118/926/4
f 1115/5/4 1117/5/4 1116/927/4
f 1115/5/5 1112/5/5 1118/928/5
f 1112/5/5 1115/5/5 1111/929/5
f 1113/2/6 1117/3/6 1114/11/6
f 1117/3/6 1113/2/6 1116/1/6

usemtl color24

f 1120/3/1 857/2/1 1119/1/1
f 857/3/1 1120/2/1 859/1/1
f 849/3/2 1120/2/2 1119/1/2
f 1120/3/2 849/2/2 851/1/2
f 852/708/3 857/5/3 859/930/3
f 857/5/3 852/708/3 850/5/3
f 852/717/4 849/5/4 850/5/4
f 849/5/4 852/717/4 851/931/4
f 849/713/5 857/719/5 850/5/5
f 857/719/5 849/713/5 1119/932/5
f 1120/2/6 852/3/6 859/11/6
f 852/3/6 1120/2/6 851/1/6
f 815/3/1 869/2/1 816/1/1
f 869/3/1 815/2/1 871/1/1
f 1121/3/2 815/2/2 816/1/2
f 815/3/2 1121/2/2 1122/1/2
f 874/5/3 869/5/3 871/933/3
f 869/5/3 874/5/3 873/934/3
f 874/728/4 1121/5/4 873/5/4
f 1121/5/4 874/728/4 1122/935/4
f 1121/5/5 869/730/5 873/5/5
f 869/730/5 1121/5/5 816/680/5
f 815/2/6 874/3/6 871/11/6
f 874/3/6 815/2/6 1122/1/6
f 898/3/1 900/2/1 897/1/1
f 900/3/1 898/2/1 899/1/1
f 1123/3/2 898/2/2 897/1/2
f 898/3/2 1123/2/2 1124/1/2
f 1125/5/3 900/744/3 899/5/3
f 900/744/3 1125/5/3 1126/936/3
f 1125/5/4 1123/5/4 1126/937/4
f 1123/5/4 1125/5/4 1124/938/4
f 1123/5/5 900/747/5 1126/939/5
f 900/747/5 1123/5/5 897/5/5
f 898/2/6 1125/3/6 899/11/6
f 1125/3/6 898/2/6 1124/1/6

usemtl color12

f 1129/3/1 1128/2/1 1127/1/1
f 1128/3/1 1129/2/1 1130/1/1
f 1131/3/2 1129/2/2 1127/1/2
f 1129/3/2 1131/2/2 1132/1/2
f 1133/5/3 1128/5/3 1130/940/3
f 1128/5/3 1133/5/3 1134/941/3
f 1133/5/4 1131/5/4 1134/942/4
f 1131/5/4 1133/5/4 1132/943/4
f 1131/5/5 1128/5/5 1134/944/5
f 1128/5/5 1131/5/5 1127/945/5
f 1129/2/6 1133/3/6 1130/11/6
f 1133/3/6 1129/2/6 1132/1/6
f 1137/3/1 1136/2/1 1135/1/1
f 1136/3/1 1137/2/1 1138/1/1
f 65/3/2 1137/2/2 1135/1/2
f 1137/3/2 65/2/2 67/1/2
f 68/54/3 1136/5/3 1138/946/3
f 1136/5/3 68/54/3 66/5/3
f 68/5/4 65/5/4 66/947/4
f 65/5/4 68/5/4 67/948/4
f 65/59/5 1136/5/5 66/5/5
f 1136/5/5 65/59/5 1135/949/5
f 1137/2/6 68/3/6 1138/11/6
f 68/3/6 1137/2/6 67/1/6
f 78/3/1 80/2/1 77/1/1
f 80/3/1 78/2/1 79/1/1
f 1139/3/2 78/2/2 77/1/2
f 78/3/2 1139/2/2 1140/1/2
f 1141/5/3 80/61/3 79/5/3
f 80/61/3 1141/5/3 1142/950/3
f 1141/5/4 1139/5/4 1142/951/4
f 1139/5/4 1141/5/4 1140/952/4
f 1139/5/5 80/64/5 1142/953/5
f 80/64/5 1139/5/5 77/5/5
f 78/2/6 1141/3/6 79/11/6
f 1141/3/6 78/2/6 1140/1/6
f 1145/3/1 1144/2/1 1143/1/1
f 1144/3/1 1145/2/1 1146/1/1
f 833/3/2 1145/2/2 1143/1/2
f 1145/3/2 833/2/2 835/1/2
f 836/694/3 1144/5/3 1146/954/3
f 1144/5/3 836/694/3 834/5/3
f 836/5/4 833/5/4 834/955/4
f 833/5/4 836/5/4 835/956/4
f 833/699/5 1144/5/5 834/5/5
f 1144/5/5 833/699/5 1143/957/5
f 1145/2/6 836/3/6 1146/11/6
f 836/3/6 1145/2/6 835/1/6
f 480/3/1 482/2/1 479/1/1
f 482/3/1 480/2/1 481/1/1
f 1147/3/2 480/2/2 479/1/2
f 480/3/2 1147/2/2 1148/1/2
f 763/5/3 482/385/3 481/5/3
f 482/385/3 763/5/3 761/958/3
f 763/5/4 1147/5/4 761/959/4
f 1147/5/4 763/5/4 1148/960/4
f 1147/5/5 482/388/5 761/638/5
f 482/388/5 1147/5/5 479/5/5
f 480/2/6 763/3/6 481/11/6
f 763/3/6 480/2/6 1148/1/6
f 1151/3/1 1150/2/1 1149/1/1
f 1150/3/1 1151/2/1 1152/1/1
f 1153/3/2 1151/2/2 1149/1/2
f 1151/3/2 1153/2/2 1154/1/2
f 1155/5/3 1150/5/3 1152/961/3
f 1150/5/3 1155/5/3 1156/962/3
f 1155/5/4 1153/5/4 1156/963/4
f 1153/5/4 1155/5/4 1154/964/4
f 1153/5/5 1150/5/5 1156/965/5
f 1150/5/5 1153/5/5 1149/966/5
f 1151/2/6 1155/3/6 1152/11/6
f 1155/3/6 1151/2/6 1154/1/6
f 1159/3/1 1158/2/1 1157/1/1
f 1158/3/1 1159/2/1 1160/1/1
f 1094/3/2 1159/2/2 1157/1/2
f 1159/3/2 1094/2/2 1096/1/2
f 1161/5/3 1158/5/3 1160/967/3
f 1158/5/3 1161/5/3 1162/968/3
f 1161/5/4 1094/5/4 1162/969/4
f 1094/5/4 1161/5/4 1096/970/4
f 1094/5/5 1158/5/5 1162/971/5
f 1158/5/5 1094/5/5 1157/972/5
f 1159/2/6 1161/3/6 1160/11/6
f 1161/3/6 1159/2/6 1096/1/6
f 132/3/1 1163/2/1 130/1/1
f 1163/3/1 132/2/1 1164/1/1
f 136/3/2 132/2/2 130/1/2
f 132/3/2 136/2/2 135/1/2
f 1165/5/3 1163/5/3 1164/973/3
f 1163/5/3 1165/5/3 1166/974/3
f 1165/5/4 136/104/4 1166/975/4
f 136/104/4 1165/5/4 135/5/4
f 136/106/5 1163/5/5 1166/976/5
f 1163/5/5 136/106/5 130/5/5
f 132/2/6 1165/3/6 1164/11/6
f 1165/3/6 132/2/6 135/1/6
f 1169/3/1 1168/2/1 1167/1/1
f 1168/3/1 1169/2/1 1170/1/1
f 1171/3/2 1169/2/2 1167/1/2
f 1169/3/2 1171/2/2 1172/1/2
f 1173/5/3 1168/5/3 1170/977/3
f 1168/5/3 1173/5/3 1174/978/3
f 1173/5/4 1171/5/4 1174/979/4
f 1171/5/4 1173/5/4 1172/980/4
f 1171/5/5 1168/5/5 1174/981/5
f 1168/5/5 1171/5/5 1167/982/5
f 1169/2/6 1173/3/6 1170/11/6
f 1173/3/6 1169/2/6 1172/1/6
f 342/3/1 344/2/1 341/1/1
f 344/3/1 342/2/1 343/1/1
f 151/3/2 342/2/2 341/1/2
f 342/3/2 151/2/2 153/1/2
f 154/118/3 344/266/3 343/5/3
f 344/266/3 154/118/3 152/5/3
f 154/5/4 151/5/4 152/983/4
f 151/5/4 154/5/4 153/984/4
f 151/123/5 344/269/5 152/5/5
f 344/269/5 151/123/5 341/5/5
f 342/2/6 154/3/6 343/11/6
f 154/3/6 342/2/6 153/1/6
f 1177/3/1 1176/2/1 1175/1/1
f 1176/3/1 1177/2/1 1178/1/1
f 1103/3/2 1177/2/2 1175/1/2
f 1177/3/2 1103/2/2 1105/1/2
f 1106/918/3 1176/5/3 1178/985/3
f 1176/5/3 1106/918/3 1104/5/3
f 1106/5/4 1103/5/4 1104/986/4
f 1103/5/4 1106/5/4 1105/987/4
f 1103/923/5 1176/5/5 1104/5/5
f 1176/5/5 1103/923/5 1175/988/5
f 1177/2/6 1106/3/6 1178/11/6
f 1106/3/6 1177/2/6 1105/1/6
f 1181/3/1 1180/2/1 1179/1/1
f 1180/3/1 1181/2/1 1182/1/1
f 1183/3/2 1181/2/2 1179/1/2
f 1181/3/2 1183/2/2 1184/1/2
f 1185/5/3 1180/5/3 1182/989/3
f 1180/5/3 1185/5/3 1186/990/3
f 1185/5/4 1183/5/4 1186/991/4
f 1183/5/4 1185/5/4 1184/992/4
f 1183/5/5 1180/5/5 1186/993/5
f 1180/5/5 1183/5/5 1179/994/5
f 1181/2/6 1185/3/6 1182/11/6
f 1185/3/6 1181/2/6 1184/1/6
f 1189/3/1 1188/2/1 1187/1/1
f 1188/3/1 1189/2/1 1190/1/1
f 1111/3/2 1189/2/2 1187/1/2
f 1189/3/2 1111/2/2 1113/1/2
f 1114/924/3 1188/5/3 1190/995/3
f 1188/5/3 1114/924/3 1112/5/3
f 1114/5/4 1111/5/4 1112/996/4
f 1111/5/4 1114/5/4 1113/997/4
f 1111/929/5 1188/5/5 1112/5/5
f 1188/5/5 1111/929/5 1187/998/5
f 1189/2/6 1114/3/6 1190/11/6
f 1114/3/6 1189/2/6 1113/1/6
f 1116/3/1 1118/2/1 1115/1/1
f 1118/3/1 1116/2/1 1117/1/1
f 547/3/2 1116/2/2 1115/1/2
f 1116/3/2 547/2/2 549/1/2
f 550/450/3 1118/925/3 1117/5/3
f 1118/925/3 550/450/3 548/5/3
f 550/5/4 547/5/4 548/999/4
f 547/5/4 550/5/4 549/1000/4
f 547/455/5 1118/928/5 548/5/5
f 1118/928/5 547/455/5 1115/5/5
f 1116/2/6 550/3/6 1117/11/6
f 550/3/6 1116/2/6 549/1/6

usemtl color9

f 1193/3/1 1192/2/1 1191/1/1
f 1192/3/1 1193/2/1 1194/1/1
f 1195/3/2 1193/2/2 1191/1/2
f 1193/3/2 1195/2/2 1196/1/2
f 866/720/3 1192/5/3 1194/1001/3
f 1192/5/3 866/720/3 864/5/3
f 866/5/4 1195/5/4 864/1002/4
f 1195/5/4 866/5/4 1196/1003/4
f 1195/5/5 1192/5/5 864/5/5
f 1192/5/5 1195/5/5 1191/1004/5
f 1193/2/6 866/3/6 1194/11/6
f 866/3/6 1193/2/6 1196/1/6
f 852/3/1 862/2/1 850/1/1
f 862/3/1 852/2/1 861/1/1
f 1197/3/2 852/2/2 850/1/2
f 852/3/2 1197/2/2 1198/1/2
f 1199/5/3 862/715/3 861/5/3
f 862/715/3 1199/5/3 1200/1005/3
f 1199/5/4 1197/5/4 1200/1006/4
f 1197/5/4 1199/5/4 1198/1007/4
f 1197/5/5 862/718/5 1200/1008/5
f 862/718/5 1197/5/5 850/5/5
f 852/2/6 1199/3/6 861/11/6
f 1199/3/6 852/2/6 1198/1/6
f 1203/3/1 1202/2/1 1201/1/1
f 1202/3/1 1203/2/1 1204/1/1
f 1205/3/2 1203/2/2 1201/1/2
f 1203/3/2 1205/2/2 1206/1/2
f 1207/5/3 1202/5/3 1204/1009/3
f 1202/5/3 1207/5/3 1208/1010/3
f 1207/5/4 1205/5/4 1208/1011/4
f 1205/5/4 1207/5/4 1206/1012/4
f 1205/5/5 1202/5/5 1208/1013/5
f 1202/5/5 1205/5/5 1201/1014/5
f 1203/2/6 1207/3/6 1204/11/6
f 1207/3/6 1203/2/6 1206/1/6
f 1211/3/1 1210/2/1 1209/1/1
f 1210/3/1 1211/2/1 1212/1/1
f 1213/3/2 1211/2/2 1209/1/2
f 1211/3/2 1213/2/2 1214/1/2
f 1215/5/3 1210/5/3 1212/1015/3
f 1210/5/3 1215/5/3 1216/1016/3
f 1215/5/4 1213/5/4 1216/1017/4
f 1213/5/4 1215/5/4 1214/1018/4
f 1213/5/5 1210/5/5 1216/1019/5
f 1210/5/5 1213/5/5 1209/1020/5
f 1211/2/6 1215/3/6 1212/11/6
f 1215/3/6 1211/2/6 1214/1/6
f 1219/3/1 1218/2/1 1217/1/1
f 1218/3/1 1219/2/1 1220/1/1
f 1202/3/2 1219/2/2 1217/1/2
f 1219/3/2 1202/2/2 1204/1/2
f 1221/5/3 1218/5/3 1220/1021/3
f 1218/5/3 1221/5/3 1222/1022/3
f 1221/5/4 1202/5/4 1222/1023/4
f 1202/5/4 1221/5/4 1204/1024/4
f 1202/5/5 1218/5/5 1222/1025/5
f 1218/5/5 1202/5/5 1217/1026/5
f 1219/2/6 1221/3/6 1220/11/6
f 1221/3/6 1219/2/6 1204/1/6
f 1225/3/1 1224/2/1 1223/1/1
f 1224/3/1 1225/2/1 1226/1/1
f 1227/3/2 1225/2/2 1223/1/2
f 1225/3/2 1227/2/2 1228/1/2
f 1229/5/3 1224/5/3 1226/1027/3
f 1224/5/3 1229/5/3 1230/1028/3
f 1229/5/4 1227/5/4 1230/1029/4
f 1227/5/4 1229/5/4 1228/1030/4
f 1227/5/5 1224/5/5 1230/1031/5
f 1224/5/5 1227/5/5 1223/1032/5
f 1225/2/6 1229/3/6 1226/11/6
f 1229/3/6 1225/2/6 1228/1/6
f 1233/3/1 1232/2/1 1231/1/1
f 1232/3/1 1233/2/1 1234/1/1
f 1235/3/2 1233/2/2 1231/1/2
f 1233/3/2 1235/2/2 1236/1/2
f 1237/5/3 1232/5/3 1234/1033/3
f 1232/5/3 1237/5/3 1238/1034/3
f 1237/5/4 1235/5/4 1238/1035/4
f 1235/5/4 1237/5/4 1236/1036/4
f 1235/5/5 1232/5/5 1238/1037/5
f 1232/5/5 1235/5/5 1231/1038/5
f 1233/2/6 1237/3/6 1234/11/6
f 1237/3/6 1233/2/6 1236/1/6
f 1241/3/1 1240/2/1 1239/1/1
f 1240/3/1 1241/2/1 1242/1/1
f 1218/3/2 1241/2/2 1239/1/2
f 1241/3/2 1218/2/2 1220/1/2
f 1243/5/3 1240/5/3 1242/1039/3
f 1240/5/3 1243/5/3 1244/1040/3
f 1243/5/4 1218/5/4 1244/1041/4
f 1218/5/4 1243/5/4 1220/1042/4
f 1218/5/5 1240/5/5 1244/1043/5
f 1240/5/5 1218/5/5 1239/1044/5
f 1241/2/6 1243/3/6 1242/11/6
f 1243/3/6 1241/2/6 1220/1/6
f 1221/3/1 1245/2/1 1222/1/1
f 1245/3/1 1221/2/1 1246/1/1
f 1247/3/2 1221/2/2 1222/1/2
f 1221/3/2 1247/2/2 1248/1/2
f 1249/5/3 1245/5/3 1246/1045/3
f 1245/5/3 1249/5/3 1250/1046/3
f 1249/5/4 1247/5/4 1250/1047/4
f 1247/5/4 1249/5/4 1248/1048/4
f 1247/5/5 1245/5/5 1250/1049/5
f 1245/5/5 1247/5/5 1222/1025/5
f 1221/2/6 1249/3/6 1246/11/6
f 1249/3/6 1221/2/6 1248/1/6
f 1253/3/1 1252/2/1 1251/1/1
f 1252/3/1 1253/2/1 1254/1/1
f 1255/3/2 1253/2/2 1251/1/2
f 1253/3/2 1255/2/2 1256/1/2
f 1257/5/3 1252/5/3 1254/1050/3
f 1252/5/3 1257/5/3 1258/1051/3
f 1257/5/4 1255/5/4 1258/1052/4
f 1255/5/4 1257/5/4 1256/1053/4
f 1255/5/5 1252/5/5 1258/1054/5
f 1252/5/5 1255/5/5 1251/1055/5
f 1253/2/6 1257/3/6 1254/11/6
f 1257/3/6 1253/2/6 1256/1/6
f 1261/3/1 1260/2/1 1259/1/1
f 1260/3/1 1261/2/1 1262/1/1
f 1263/3/2 1261/2/2 1259/1/2
f 1261/3/2 1263/2/2 1264/1/2
f 1265/5/3 1260/5/3 1262/1056/3
f 1260/5/3 1265/5/3 1266/1057/3
f 1265/5/4 1263/5/4 1266/1058/4
f 1263/5/4 1265/5/4 1264/1059/4
f 1263/5/5 1260/5/5 1266/1060/5
f 1260/5/5 1263/5/5 1259/1061/5
f 1261/2/6 1265/3/6 1262/11/6
f 1265/3/6 1261/2/6 1264/1/6
f 296/3/1 298/2/1 295/1/1
f 298/3/1 296/2/1 297/1/1
f 1267/3/2 296/2/2 295/1/2
f 296/3/2 1267/2/2 1268/1/2
f 1269/5/3 298/230/3 297/5/3
f 298/230/3 1269/5/3 1270/1062/3
f 1269/5/4 1267/5/4 1270/1063/4
f 1267/5/4 1269/5/4 1268/1064/4
f 1267/5/5 298/233/5 1270/1065/5
f 298/233/5 1267/5/5 295/5/5
f 296/2/6 1269/3/6 297/11/6
f 1269/3/6 296/2/6 1268/1/6
f 958/3/1 1258/2/1 956/1/1
f 1258/3/1 958/2/1 1257/1/1
f 925/3/2 958/2/2 956/1/2
f 958/3/2 925/2/2 926/1/2
f 1271/5/3 1258/1051/3 1257/5/3
f 1258/1051/3 1271/5/3 1272/1066/3
f 1271/5/4 925/795/4 1272/1067/4
f 925/795/4 1271/5/4 926/5/4
f 925/5/5 1258/1054/5 1272/1068/5
f 1258/1054/5 925/5/5 956/5/5
f 958/2/6 1271/3/6 1257/11/6
f 1271/3/6 958/2/6 926/1/6
f 937/3/1 1273/2/1 938/1/1
f 1273/3/1 937/2/1 1274/1/1
f 914/3/2 937/2/2 938/1/2
f 937/3/2 914/2/2 916/1/2
f 1275/5/3 1273/5/3 1274/1069/3
f 1273/5/3 1275/5/3 1276/1070/3
f 1275/5/4 914/5/4 1276/1071/4
f 914/5/4 1275/5/4 916/1072/4
f 914/5/5 1273/5/5 1276/1073/5
f 1273/5/5 914/5/5 938/780/5
f 937/2/6 1275/3/6 1274/11/6
f 1275/3/6 937/2/6 916/1/6
f 1279/3/1 1278/2/1 1277/1/1
f 1278/3/1 1279/2/1 1280/1/1
f 1013/3/2 1279/2/2 1277/1/2
f 1279/3/2 1013/2/2 1015/1/2
f 1016/839/3 1278/5/3 1280/1074/3
f 1278/5/3 1016/839/3 1014/5/3
f 1016/5/4 1013/5/4 1014/1075/4
f 1013/5/4 1016/5/4 1015/1076/4
f 1013/844/5 1278/5/5 1014/5/5
f 1278/5/5 1013/844/5 1277/1077/5
f 1279/2/6 1016/3/6 1280/11/6
f 1016/3/6 1279/2/6 1015/1/6
f 1022/3/1 1024/2/1 1021/1/1
f 1024/3/1 1022/2/1 1023/1/1
f 1281/3/2 1022/2/2 1021/1/2
f 1022/3/2 1281/2/2 1282/1/2
f 1283/5/3 1024/846/3 1023/5/3
f 1024/846/3 1283/5/3 1284/1078/3
f 1283/5/4 1281/5/4 1284/1079/4
f 1281/5/4 1283/5/4 1282/1080/4
f 1281/5/5 1024/849/5 1284/1081/5
f 1024/849/5 1281/5/5 1021/5/5
f 1022/2/6 1283/3/6 1023/11/6
f 1283/3/6 1022/2/6 1282/1/6

usemtl color19

f 1196/3/1 863/2/1 1195/1/1
f 863/3/1 1196/2/1 865/1/1
f 817/3/2 1196/2/2 1195/1/2
f 1196/3/2 817/2/2 819/1/2
f 820/682/3 863/5/3 865/1082/3
f 863/5/3 820/682/3 818/5/3
f 820/5/4 817/5/4 818/1083/4
f 817/5/4 820/5/4 819/1084/4
f 817/687/5 863/724/5 818/5/5
f 863/724/5 817/687/5 1195/5/5
f 1196/2/6 820/3/6 865/11/6
f 820/3/6 1196/2/6 819/1/6
f 882/3/1 1285/2/1 881/1/1
f 1285/3/1 882/2/1 1286/1/1
f 885/3/2 882/2/2 881/1/2
f 882/3/2 885/2/2 887/1/2
f 888/737/3 1285/5/3 1286/1085/3
f 1285/5/3 888/737/3 886/5/3
f 888/5/4 885/5/4 886/1086/4
f 885/5/4 888/5/4 887/1087/4
f 885/742/5 1285/5/5 886/5/5
f 1285/5/5 885/742/5 881/5/5
f 882/2/6 888/3/6 1286/11/6
f 888/3/6 882/2/6 887/1/6
f 1124/3/1 1126/2/1 1123/1/1
f 1126/3/1 1124/2/1 1125/1/1
f 1287/3/2 1124/2/2 1123/1/2
f 1124/3/2 1287/2/2 1288/1/2
f 918/5/3 1126/936/3 1125/5/3
f 1126/936/3 918/5/3 917/1088/3
f 918/763/4 1287/5/4 917/5/4
f 1287/5/4 918/763/4 1288/1089/4
f 1287/5/5 1126/939/5 917/5/5
f 1126/939/5 1287/5/5 1123/5/5
f 1124/2/6 918/3/6 1125/11/6
f 918/3/6 1124/2/6 1288/1/6
f 632/3/1 841/2/1 630/1/1
f 841/3/1 632/2/1 843/1/1
f 636/3/2 632/2/2 630/1/2
f 632/3/2 636/2/2 635/1/2
f 846/5/3 841/5/3 843/1090/3
f 841/5/3 846/5/3 845/1091/3
f 846/703/4 636/528/4 845/5/4
f 636/528/4 846/703/4 635/5/4
f 636/530/5 841/705/5 845/5/5
f 841/705/5 636/530/5 630/5/5
f 632/2/6 846/3/6 843/11/6
f 846/3/6 632/2/6 635/1/6
f 1290/3/1 967/2/1 1289/1/1
f 967/3/1 1290/2/1 969/1/1
f 939/3/2 1290/2/2 1289/1/2
f 1290/3/2 939/2/2 941/1/2
f 972/5/3 967/5/3 969/1092/3
f 967/5/3 972/5/3 971/1093/3
f 972/806/4 939/5/4 971/5/4
f 939/5/4 972/806/4 941/1094/4
f 939/787/5 967/807/5 971/5/5
f 967/807/5 939/787/5 1289/1095/5
f 1290/2/6 972/3/6 969/11/6
f 972/3/6 1290/2/6 941/1/6
f 944/3/1 973/2/1 943/1/1
f 973/3/1 944/2/1 974/1/1
f 1291/3/2 944/2/2 943/1/2
f 944/3/2 1291/2/2 1292/1/2
f 976/5/3 973/5/3 974/1096/3
f 973/5/3 976/5/3 975/1097/3
f 976/810/4 1291/5/4 975/5/4
f 1291/5/4 976/810/4 1292/1098/4
f 1291/5/5 973/812/5 975/5/5
f 973/812/5 1291/5/5 943/5/5
f 944/2/6 976/3/6 974/11/6
f 976/3/6 944/2/6 1292/1/6
f 922/3/1 983/2/1 921/1/1
f 983/3/1 922/2/1 985/1/1
f 924/3/2 922/2/2 921/1/2
f 922/3/2 924/2/2 923/1/2
f 988/5/3 983/5/3 985/1099/3
f 983/5/3 988/5/3 987/1100/3
f 988/819/4 924/768/4 987/5/4
f 924/768/4 988/819/4 923/5/4
f 924/770/5 983/821/5 987/5/5
f 983/821/5 924/770/5 921/5/5
f 922/2/6 988/3/6 985/11/6
f 988/3/6 922/2/6 923/1/6
f 880/3/1 966/2/1 878/1/1
f 966/3/1 880/2/1 965/1/1
f 884/3/2 880/2/2 878/1/2
f 880/3/2 884/2/2 883/1/2
f 982/5/3 966/799/3 965/5/3
f 966/799/3 982/5/3 981/1101/3
f 982/815/4 884/733/4 981/5/4
f 884/733/4 982/815/4 883/5/4
f 884/735/5 966/802/5 981/5/5
f 966/802/5 884/735/5 878/5/5
f 880/2/6 982/3/6 965/11/6
f 982/3/6 880/2/6 883/1/6
f 844/3/1 997/2/1 842/1/1
f 997/3/1 844/2/1 999/1/1
f 848/3/2 844/2/2 842/1/2
f 844/3/2 848/2/2 847/1/2
f 1002/5/3 997/5/3 999/1102/3
f 997/5/3 1002/5/3 1001/1103/3
f 1002/830/4 848/702/4 1001/5/4
f 848/702/4 1002/830/4 847/5/4
f 848/704/5 997/832/5 1001/5/5
f 997/832/5 848/704/5 842/5/5
f 844/2/6 1002/3/6 999/11/6
f 1002/3/6 844/2/6 847/1/6
f 994/3/1 996/2/1 993/1/1
f 996/3/1 994/2/1 995/1/1
f 997/3/2 994/2/2 993/1/2
f 994/3/2 997/2/2 999/1/2
f 1293/5/3 996/823/3 995/5/3
f 996/823/3 1293/5/3 1294/1104/3
f 1293/5/4 997/5/4 1294/1105/4
f 997/5/4 1293/5/4 999/1106/4
f 997/832/5 996/826/5 1294/1107/5
f 996/826/5 997/832/5 993/5/5
f 994/2/6 1293/3/6 995/11/6
f 1293/3/6 994/2/6 999/1/6

usemtl color16

f 36/3/1 1295/2/1 34/1/1
f 1295/3/1 36/2/1 1296/1/1
f 40/3/2 36/2/2 34/1/2
f 36/3/2 40/2/2 39/1/2
f 1297/5/3 1295/5/3 1296/1108/3
f 1295/5/3 1297/5/3 1298/1109/3
f 1297/5/4 40/32/4 1298/1110/4
f 40/32/4 1297/5/4 39/5/4
f 40/34/5 1295/5/5 1298/1111/5
f 1295/5/5 40/34/5 34/5/5
f 36/2/6 1297/3/6 1296/11/6
f 1297/3/6 36/2/6 39/1/6
f 44/3/1 1299/2/1 42/1/1
f 1299/3/1 44/2/1 1300/1/1
f 48/3/2 44/2/2 42/1/2
f 44/3/2 48/2/2 47/1/2
f 1301/5/3 1299/5/3 1300/1112/3
f 1299/5/3 1301/5/3 1302/1113/3
f 1301/5/4 48/38/4 1302/1114/4
f 48/38/4 1301/5/4 47/5/4
f 48/40/5 1299/5/5 1302/1115/5
f 1299/5/5 48/40/5 42/5/5
f 44/2/6 1301/3/6 1300/11/6
f 1301/3/6 44/2/6 47/1/6
f 52/3/1 1303/2/1 50/1/1
f 1303/3/1 52/2/1 1304/1/1
f 56/3/2 52/2/2 50/1/2
f 52/3/2 56/2/2 55/1/2
f 1305/5/3 1303/5/3 1304/1116/3
f 1303/5/3 1305/5/3 1306/1117/3
f 1305/5/4 56/44/4 1306/1118/4
f 56/44/4 1305/5/4 55/5/4
f 56/46/5 1303/5/5 1306/1119/5
f 1303/5/5 56/46/5 50/5/5
f 52/2/6 1305/3/6 1304/11/6
f 1305/3/6 52/2/6 55/1/6
f 70/3/1 72/2/1 69/1/1
f 72/3/1 70/2/1 71/1/1
f 73/3/2 70/2/2 69/1/2
f 70/3/2 73/2/2 75/1/2
f 76/60/3 72/55/3 71/5/3
f 72/55/3 76/60/3 74/5/3
f 76/5/4 73/5/4 74/1120/4
f 73/5/4 76/5/4 75/1121/4
f 73/65/5 72/58/5 74/5/5
f 72/58/5 73/65/5 69/5/5
f 70/2/6 76/3/6 71/11/6
f 76/3/6 70/2/6 75/1/6
f 1308/3/1 1093/2/1 1307/1/1
f 1093/3/1 1308/2/1 1095/1/1
f 1309/3/2 1308/2/2 1307/1/2
f 1308/3/2 1309/2/2 1310/1/2
f 1098/5/3 1093/5/3 1095/1122/3
f 1093/5/3 1098/5/3 1097/1123/3
f 1098/911/4 1309/5/4 1097/5/4
f 1309/5/4 1098/911/4 1310/1124/4
f 1309/5/5 1093/913/5 1097/5/5
f 1093/913/5 1309/5/5 1307/1125/5
f 1308/2/6 1098/3/6 1095/11/6
f 1098/3/6 1308/2/6 1310/1/6
f 662/3/1 1167/2/1 660/1/1
f 1167/3/1 662/2/1 1169/1/1
f 666/3/2 662/2/2 660/1/2
f 662/3/2 666/2/2 665/1/2
f 1172/5/3 1167/5/3 1169/1126/3
f 1167/5/3 1172/5/3 1171/1127/3
f 1172/980/4 666/556/4 1171/5/4
f 666/556/4 1172/980/4 665/5/4
f 666/558/5 1167/982/5 1171/5/5
f 1167/982/5 666/558/5 660/5/5
f 662/2/6 1172/3/6 1169/11/6
f 1172/3/6 662/2/6 665/1/6
f 140/3/1 1311/2/1 138/1/1
f 1311/3/1 140/2/1 1312/1/1
f 144/3/2 140/2/2 138/1/2
f 140/3/2 144/2/2 143/1/2
f 1313/5/3 1311/5/3 1312/1128/3
f 1311/5/3 1313/5/3 1314/1129/3
f 1313/5/4 144/110/4 1314/1130/4
f 144/110/4 1313/5/4 143/5/4
f 144/112/5 1311/5/5 1314/1131/5
f 1311/5/5 144/112/5 138/5/5
f 140/2/6 1313/3/6 1312/11/6
f 1313/3/6 140/2/6 143/1/6
f 1316/3/1 341/2/1 1315/1/1
f 341/3/1 1316/2/1 342/1/1
f 427/3/2 1316/2/2 1315/1/2
f 1316/3/2 427/2/2 428/1/2
f 153/342/3 341/5/3 342/1132/3
f 341/5/3 153/342/3 151/5/3
f 153/984/4 427/5/4 151/5/4
f 427/5/4 153/984/4 428/1133/4
f 427/345/5 341/5/5 151/123/5
f 341/5/5 427/345/5 1315/1134/5
f 1316/2/6 153/3/6 342/11/6
f 153/3/6 1316/2/6 428/1/6
f 1108/3/1 1110/2/1 1107/1/1
f 1110/3/1 1108/2/1 1109/1/1
f 1179/3/2 1108/2/2 1107/1/2
f 1108/3/2 1179/2/2 1181/1/2
f 1182/989/3 1110/919/3 1109/5/3
f 1110/919/3 1182/989/3 1180/5/3
f 1182/5/4 1179/5/4 1180/1135/4
f 1179/5/4 1182/5/4 1181/1136/4
f 1179/994/5 1110/922/5 1180/5/5
f 1110/922/5 1179/994/5 1107/5/5
f 1108/2/6 1182/3/6 1109/11/6
f 1182/3/6 1108/2/6 1181/1/6

usemtl color28

f 1028/3/1 1317/2/1 1026/1/1
f 1317/3/1 1028/2/1 1318/1/1
f 1032/3/2 1028/2/2 1026/1/2
f 1028/3/2 1032/2/2 1031/1/2
f 1319/5/3 1317/5/3 1318/1137/3
f 1317/5/3 1319/5/3 1320/1138/3
f 1319/5/4 1032/852/4 1320/1139/4
f 1032/852/4 1319/5/4 1031/5/4
f 1032/854/5 1317/5/5 1320/1140/5
f 1317/5/5 1032/854/5 1026/5/5
f 1028/2/6 1319/3/6 1318/11/6
f 1319/3/6 1028/2/6 1031/1/6
f 1036/3/1 1321/2/1 1034/1/1
f 1321/3/1 1036/2/1 1322/1/1
f 1074/3/2 1036/2/2 1034/1/2
f 1036/3/2 1074/2/2 1073/1/2
f 1323/5/3 1321/5/3 1322/1141/3
f 1321/5/3 1323/5/3 1324/1142/3
f 1323/5/4 1074/886/4 1324/1143/4
f 1074/886/4 1323/5/4 1073/5/4
f 1074/888/5 1321/5/5 1324/1144/5
f 1321/5/5 1074/888/5 1034/5/5
f 1036/2/6 1323/3/6 1322/11/6
f 1323/3/6 1036/2/6 1073/1/6
f 1044/3/1 1325/2/1 1042/1/1
f 1325/3/1 1044/2/1 1326/1/1
f 1050/3/2 1044/2/2 1042/1/2
f 1044/3/2 1050/2/2 1052/1/2
f 1076/891/3 1325/5/3 1326/1145/3
f 1325/5/3 1076/891/3 1075/5/3
f 1076/5/4 1050/889/4 1075/1146/4
f 1050/889/4 1076/5/4 1052/5/4
f 1050/5/5 1325/5/5 1075/5/5
f 1325/5/5 1050/5/5 1042/5/5
f 1044/2/6 1076/3/6 1326/11/6
f 1076/3/6 1044/2/6 1052/1/6

usemtl color14

f 1086/3/1 1327/2/1 1084/1/1
f 1327/3/1 1086/2/1 1328/1/1
f 1090/3/2 1086/2/2 1084/1/2
f 1086/3/2 1090/2/2 1089/1/2
f 1329/5/3 1327/5/3 1328/1147/3
f 1327/5/3 1329/5/3 1330/1148/3
f 1329/5/4 1090/901/4 1330/1149/4
f 1090/901/4 1329/5/4 1089/5/4
f 1090/903/5 1327/5/5 1330/1150/5
f 1327/5/5 1090/903/5 1084/5/5
f 1086/2/6 1329/3/6 1328/11/6
f 1329/3/6 1086/2/6 1089/1/6
f 676/3/1 678/2/1 675/1/1
f 678/3/1 676/2/1 677/1/1
f 679/3/2 676/2/2 675/1/2
f 676/3/2 679/2/2 681/1/2
f 682/572/3 678/567/3 677/5/3
f 678/567/3 682/572/3 680/5/3
f 682/5/4 679/5/4 680/1151/4
f 679/5/4 682/5/4 681/1152/4
f 679/577/5 678/570/5 680/5/5
f 678/570/5 679/577/5 675/5/5
f 676/2/6 682/3/6 677/11/6
f 682/3/6 676/2/6 681/1/6
f 684/3/1 686/2/1 683/1/1
f 686/3/1 684/2/1 685/1/1
f 687/3/2 684/2/2 683/1/2
f 684/3/2 687/2/2 689/1/2
f 690/578/3 686/573/3 685/5/3
f 686/573/3 690/578/3 688/5/3
f 690/5/4 687/5/4 688/1153/4
f 687/5/4 690/5/4 689/1154/4
f 687/583/5 686/576/5 688/5/5
f 686/576/5 687/583/5 683/5/5
f 684/2/6 690/3/6 685/11/6
f 690/3/6 684/2/6 689/1/6
f 692/3/1 694/2/1 691/1/1
f 694/3/1 692/2/1 693/1/1
f 695/3/2 692/2/2 691/1/2
f 692/3/2 695/2/2 697/1/2
f 698/584/3 694/579/3 693/5/3
f 694/579/3 698/584/3 696/5/3
f 698/5/4 695/5/4 696/1155/4
f 695/5/4 698/5/4 697/1156/4
f 695/589/5 694/582/5 696/5/5
f 694/582/5 695/589/5 691/5/5
f 692/2/6 698/3/6 693/11/6
f 698/3/6 692/2/6 697/1/6
f 700/3/1 702/2/1 699/1/1
f 702/3/1 700/2/1 701/1/1
f 1331/3/2 700/2/2 699/1/2
f 700/3/2 1331/2/2 1332/1/2
f 1333/5/3 702/585/3 701/5/3
f 702/585/3 1333/5/3 1334/1157/3
f 1333/5/4 1331/5/4 1334/1158/4
f 1331/5/4 1333/5/4 1332/1159/4
f 1331/5/5 702/588/5 1334/1160/5
f 702/588/5 1331/5/5 699/5/5
f 700/2/6 1333/3/6 701/11/6
f 1333/3/6 700/2/6 1332/1/6
f 1337/3/1 1336/2/1 1335/1/1
f 1336/3/1 1337/2/1 1338/1/1
f 703/3/2 1337/2/2 1335/1/2
f 1337/3/2 703/2/2 705/1/2
f 706/590/3 1336/5/3 1338/1161/3
f 1336/5/3 706/590/3 704/5/3
f 706/5/4 703/5/4 704/1162/4
f 703/5/4 706/5/4 705/1163/4
f 703/595/5 1336/5/5 704/5/5
f 1336/5/5 703/595/5 1335/1164/5
f 1337/2/6 706/3/6 1338/11/6
f 706/3/6 1337/2/6 705/1/6
f 1341/3/1 1340/2/1 1339/1/1
f 1340/3/1 1341/2/1 1342/1/1
f 1135/3/2 1341/2/2 1339/1/2
f 1341/3/2 1135/2/2 1137/1/2
f 1138/946/3 1340/5/3 1342/1165/3
f 1340/5/3 1138/946/3 1136/5/3
f 1138/5/4 1135/5/4 1136/1166/4
f 1135/5/4 1138/5/4 1137/1167/4
f 1135/949/5 1340/5/5 1136/5/5
f 1340/5/5 1135/949/5 1339/1168/5
f 1341/2/6 1138/3/6 1342/11/6
f 1138/3/6 1341/2/6 1137/1/6
f 1140/3/1 1142/2/1 1139/1/1
f 1142/3/1 1140/2/1 1141/1/1
f 1343/3/2 1140/2/2 1139/1/2
f 1140/3/2 1343/2/2 1344/1/2
f 721/5/3 1142/950/3 1141/5/3
f 1142/950/3 721/5/3 719/1169/3
f 721/5/4 1343/5/4 719/1170/4
f 1343/5/4 721/5/4 1344/1171/4
f 1343/5/5 1142/953/5 719/607/5
f 1142/953/5 1343/5/5 1139/5/5
f 1140/2/6 721/3/6 1141/11/6
f 721/3/6 1140/2/6 1344/1/6
f 750/3/1 752/2/1 749/1/1
f 752/3/1 750/2/1 751/1/1
f 1345/3/2 750/2/2 749/1/2
f 750/3/2 1345/2/2 1346/1/2
f 1347/5/3 752/625/3 751/5/3
f 752/625/3 1347/5/3 1348/1172/3
f 1347/5/4 1345/5/4 1348/1173/4
f 1345/5/4 1347/5/4 1346/1174/4
f 1345/5/5 752/628/5 1348/1175/5
f 752/628/5 1345/5/5 749/5/5
f 750/2/6 1347/3/6 751/11/6
f 1347/3/6 750/2/6 1346/1/6
f 496/3/1 498/2/1 495/1/1
f 498/3/1 496/2/1 497/1/1
f 1349/3/2 496/2/2 495/1/2
f 496/3/2 1349/2/2 1350/1/2
f 1351/5/3 498/397/3 497/5/3
f 498/397/3 1351/5/3 1352/1176/3
f 1351/5/4 1349/5/4 1352/1177/4
f 1349/5/4 1351/5/4 1350/1178/4
f 1349/5/5 498/400/5 1352/1179/5
f 498/400/5 1349/5/5 495/5/5
f 496/2/6 1351/3/6 497/11/6
f 1351/3/6 496/2/6 1350/1/6
f 758/3/1 760/2/1 757/1/1
f 760/3/1 758/2/1 759/1/1
f 1353/3/2 758/2/2 757/1/2
f 758/3/2 1353/2/2 1354/1/2
f 1355/5/3 760/630/3 759/5/3
f 760/630/3 1355/5/3 1356/1180/3
f 1355/5/4 1353/5/4 1356/1181/4
f 1353/5/4 1355/5/4 1354/1182/4
f 1353/5/5 760/633/5 1356/1183/5
f 760/633/5 1353/5/5 757/5/5
f 758/2/6 1355/3/6 759/11/6
f 1355/3/6 758/2/6 1354/1/6
f 216/3/1 273/2/1 215/1/1
f 273/3/1 216/2/1 274/1/1
f 1357/3/2 216/2/2 215/1/2
f 216/3/2 1357/2/2 1358/1/2
f 778/5/3 273/415/3 274/5/3
f 273/415/3 778/5/3 777/1184/3
f 778/651/4 1357/5/4 777/5/4
f 1357/5/4 778/651/4 1358/1185/4
f 1357/5/5 273/5/5 777/5/5
f 273/5/5 1357/5/5 215/5/5
f 216/2/6 778/3/6 274/11/6
f 778/3/6 216/2/6 1358/1/6
f 1360/3/1 507/2/1 1359/1/1
f 507/3/1 1360/2/1 509/1/1
f 767/3/2 1360/2/2 1359/1/2
f 1360/3/2 767/2/2 768/1/2
f 257/639/3 507/5/3 509/1186/3
f 507/5/3 257/639/3 255/5/3
f 257/418/4 767/5/4 255/5/4
f 767/5/4 257/418/4 768/1187/4
f 767/644/5 507/419/5 255/204/5
f 507/419/5 767/644/5 1359/1188/5
f 1360/2/6 257/3/6 509/11/6
f 257/3/6 1360/2/6 768/1/6
f 1152/3/1 1361/2/1 1150/1/1
f 1361/3/1 1152/2/1 1362/1/1
f 1156/3/2 1152/2/2 1150/1/2
f 1152/3/2 1156/2/2 1155/1/2
f 1363/5/3 1361/5/3 1362/1189/3
f 1361/5/3 1363/5/3 1364/1190/3
f 1363/5/4 1156/963/4 1364/1191/4
f 1156/963/4 1363/5/4 1155/5/4
f 1156/965/5 1361/5/5 1364/1192/5
f 1361/5/5 1156/965/5 1150/5/5
f 1152/2/6 1363/3/6 1362/11/6
f 1363/3/6 1152/2/6 1155/1/6
f 1367/3/1 1366/2/1 1365/1/1
f 1366/3/1 1367/2/1 1368/1/1
f 1369/3/2 1367/2/2 1365/1/2
f 1367/3/2 1369/2/2 1370/1/2
f 1371/5/3 1366/5/3 1368/1193/3
f 1366/5/3 1371/5/3 1372/1194/3
f 1371/5/4 1369/5/4 1372/1195/4
f 1369/5/4 1371/5/4 1370/1196/4
f 1369/5/5 1366/5/5 1372/1197/5
f 1366/5/5 1369/5/5 1365/1198/5
f 1367/2/6 1371/3/6 1368/11/6
f 1371/3/6 1367/2/6 1370/1/6
f 1374/3/1 1157/2/1 1373/1/1
f 1157/3/1 1374/2/1 1159/1/1
f 1093/3/2 1374/2/2 1373/1/2
f 1374/3/2 1093/2/2 1095/1/2
f 1096/908/3 1157/5/3 1159/1199/3
f 1157/5/3 1096/908/3 1094/5/3
f 1096/970/4 1093/5/4 1094/5/4
f 1093/5/4 1096/970/4 1095/1200/4
f 1093/913/5 1157/972/5 1094/5/5
f 1157/972/5 1093/913/5 1373/1201/5
f 1374/2/6 1096/3/6 1159/11/6
f 1096/3/6 1374/2/6 1095/1/6
f 1377/3/1 1376/2/1 1375/1/1
f 1376/3/1 1377/2/1 1378/1/1
f 1379/3/2 1377/2/2 1375/1/2
f 1377/3/2 1379/2/2 1380/1/2
f 1368/1193/3 1376/5/3 1378/1202/3
f 1376/5/3 1368/1193/3 1366/5/3
f 1368/5/4 1379/5/4 1366/1203/4
f 1379/5/4 1368/5/4 1380/1204/4
f 1379/5/5 1376/5/5 1366/5/5
f 1376/5/5 1379/5/5 1375/1205/5
f 1377/2/6 1368/3/6 1378/11/6
f 1368/3/6 1377/2/6 1380/1/6
f 1382/3/1 1372/2/1 1381/1/1
f 1372/3/1 1382/2/1 1371/1/1
f 1157/3/2 1382/2/2 1381/1/2
f 1382/3/2 1157/2/2 1159/1/2
f 1160/967/3 1372/1194/3 1371/5/3
f 1372/1194/3 1160/967/3 1158/5/3
f 1160/5/4 1157/5/4 1158/1206/4
f 1157/5/4 1160/5/4 1159/1207/4
f 1157/972/5 1372/1197/5 1158/5/5
f 1372/1197/5 1157/972/5 1381/1208/5
f 1382/2/6 1160/3/6 1371/11/6
f 1160/3/6 1382/2/6 1159/1/6
f 1384/3/1 337/2/1 1383/1/1
f 337/3/1 1384/2/1 339/1/1
f 1315/3/2 1384/2/2 1383/1/2
f 1384/3/2 1315/2/2 1316/1/2
f 342/1132/3 337/5/3 339/1209/3
f 337/5/3 342/1132/3 341/5/3
f 342/268/4 1315/5/4 341/5/4
f 1315/5/4 342/268/4 1316/1210/4
f 1315/1134/5 337/270/5 341/5/5
f 337/270/5 1315/1134/5 1383/1211/5
f 1384/2/6 342/3/6 339/11/6
f 342/3/6 1384/2/6 1316/1/6
f 1387/3/1 1386/2/1 1385/1/1
f 1386/3/1 1387/2/1 1388/1/1
f 1389/3/2 1387/2/2 1385/1/2
f 1387/3/2 1389/2/2 1390/1/2
f 1391/5/3 1386/5/3 1388/1212/3
f 1386/5/3 1391/5/3 1392/1213/3
f 1391/5/4 1389/5/4 1392/1214/4
f 1389/5/4 1391/5/4 1390/1215/4
f 1389/5/5 1386/5/5 1392/1216/5
f 1386/5/5 1389/5/5 1385/1217/5
f 1387/2/6 1391/3/6 1388/11/6
f 1391/3/6 1387/2/6 1390/1/6
f 1395/3/1 1394/2/1 1393/1/1
f 1394/3/1 1395/2/1 1396/1/1
f 1397/3/2 1395/2/2 1393/1/2
f 1395/3/2 1397/2/2 1398/1/2
f 1399/5/3 1394/5/3 1396/1218/3
f 1394/5/3 1399/5/3 1400/1219/3
f 1399/5/4 1397/5/4 1400/1220/4
f 1397/5/4 1399/5/4 1398/1221/4
f 1397/5/5 1394/5/5 1400/1222/5
f 1394/5/5 1397/5/5 1393/1223/5
f 1395/2/6 1399/3/6 1396/11/6
f 1399/3/6 1395/2/6 1398/1/6
f 1403/3/1 1402/2/1 1401/1/1
f 1402/3/1 1403/2/1 1404/1/1
f 1405/3/2 1403/2/2 1401/1/2
f 1403/3/2 1405/2/2 1406/1/2
f 1407/5/3 1402/5/3 1404/1224/3
f 1402/5/3 1407/5/3 1408/1225/3
f 1407/5/4 1405/5/4 1408/1226/4
f 1405/5/4 1407/5/4 1406/1227/4
f 1405/5/5 1402/5/5 1408/1228/5
f 1402/5/5 1405/5/5 1401/1229/5
f 1403/2/6 1407/3/6 1404/11/6
f 1407/3/6 1403/2/6 1406/1/6
f 1410/3/1 789/2/1 1409/1/1
f 789/3/1 1410/2/1 791/1/1
f 531/3/2 1410/2/2 1409/1/2
f 1410/3/2 531/2/2 533/1/2
f 534/438/3 789/5/3 791/1230/3
f 789/5/3 534/438/3 532/5/3
f 534/662/4 531/5/4 532/5/4
f 531/5/4 534/662/4 533/1231/4
f 531/443/5 789/664/5 532/5/5
f 789/664/5 531/443/5 1409/1232/5
f 1410/2/6 534/3/6 791/11/6
f 534/3/6 1410/2/6 533/1/6
f 536/3/1 538/2/1 535/1/1
f 538/3/1 536/2/1 537/1/1
f 1175/3/2 536/2/2 535/1/2
f 536/3/2 1175/2/2 1177/1/2
f 1178/985/3 538/439/3 537/5/3
f 538/439/3 1178/985/3 1176/5/3
f 1178/5/4 1175/5/4 1176/1233/4
f 1175/5/4 1178/5/4 1177/1234/4
f 1175/988/5 538/442/5 1176/5/5
f 538/442/5 1175/988/5 535/5/5
f 536/2/6 1178/3/6 537/11/6
f 1178/3/6 536/2/6 1177/1/6
f 1184/3/1 1186/2/1 1183/1/1
f 1186/3/1 1184/2/1 1185/1/1
f 539/3/2 1184/2/2 1183/1/2
f 1184/3/2 539/2/2 541/1/2
f 542/444/3 1186/990/3 1185/5/3
f 1186/990/3 542/444/3 540/5/3
f 542/5/4 539/5/4 540/1235/4
f 539/5/4 542/5/4 541/1236/4
f 539/449/5 1186/993/5 540/5/5
f 1186/993/5 539/449/5 1183/5/5
f 1184/2/6 542/3/6 1185/11/6
f 542/3/6 1184/2/6 541/1/6
f 544/3/1 546/2/1 543/1/1
f 546/3/1 544/2/1 545/1/1
f 1187/3/2 544/2/2 543/1/2
f 544/3/2 1187/2/2 1189/1/2
f 1190/995/3 546/445/3 545/5/3
f 546/445/3 1190/995/3 1188/5/3
f 1190/5/4 1187/5/4 1188/1237/4
f 1187/5/4 1190/5/4 1189/1238/4
f 1187/998/5 546/448/5 1188/5/5
f 546/448/5 1187/998/5 543/5/5
f 544/2/6 1190/3/6 545/11/6
f 1190/3/6 544/2/6 1189/1/6

usemtl color17

f 1198/3/1 1200/2/1 1197/1/1
f 1200/3/1 1198/2/1 1199/1/1
f 1411/3/2 1198/2/2 1197/1/2
f 1198/3/2 1411/2/2 1412/1/2
f 1194/1001/3 1200/1005/3 1199/5/3
f 1200/1005/3 1194/1001/3 1192/5/3
f 1194/5/4 1411/5/4 1192/1239/4
f 1411/5/4 1194/5/4 1412/1240/4
f 1411/5/5 1200/1008/5 1192/5/5
f 1200/1008/5 1411/5/5 1197/5/5
f 1198/2/6 1194/3/6 1199/11/6
f 1194/3/6 1198/2/6 1412/1/6
f 1204/3/1 1222/2/1 1202/1/1
f 1222/3/1 1204/2/1 1221/1/1
f 1208/3/2 1204/2/2 1202/1/2
f 1204/3/2 1208/2/2 1207/1/2
f 1248/5/3 1222/1022/3 1221/5/3
f 1222/1022/3 1248/5/3 1247/1241/3
f 1248/1048/4 1208/1011/4 1247/5/4
f 1208/1011/4 1248/1048/4 1207/5/4
f 1208/1013/5 1222/1025/5 1247/5/5
f 1222/1025/5 1208/1013/5 1202/5/5
f 1204/2/6 1248/3/6 1221/11/6
f 1248/3/6 1204/2/6 1207/1/6
f 1415/3/1 1414/2/1 1413/1/1
f 1414/3/1 1415/2/1 1416/1/1
f 1417/3/2 1415/2/2 1413/1/2
f 1415/3/2 1417/2/2 1418/1/2
f 1419/5/3 1414/5/3 1416/1242/3
f 1414/5/3 1419/5/3 1420/1243/3
f 1419/5/4 1417/5/4 1420/1244/4
f 1417/5/4 1419/5/4 1418/1245/4
f 1417/5/5 1414/5/5 1420/1246/5
f 1414/5/5 1417/5/5 1413/1247/5
f 1415/2/6 1419/3/6 1416/11/6
f 1419/3/6 1415/2/6 1418/1/6
f 1268/3/1 1270/2/1 1267/1/1
f 1270/3/1 1268/2/1 1269/1/1
f 1421/3/2 1268/2/2 1267/1/2
f 1268/3/2 1421/2/2 1422/1/2
f 1254/1050/3 1270/1062/3 1269/5/3
f 1270/1062/3 1254/1050/3 1252/5/3
f 1254/5/4 1421/5/4 1252/1248/4
f 1421/5/4 1254/5/4 1422/1249/4
f 1421/5/5 1270/1065/5 1252/5/5
f 1270/1065/5 1421/5/5 1267/5/5
f 1268/2/6 1254/3/6 1269/11/6
f 1254/3/6 1268/2/6 1422/1/6
f 916/3/1 1276/2/1 914/1/1
f 1276/3/1 916/2/1 1275/1/1
f 920/3/2 916/2/2 914/1/2
f 916/3/2 920/2/2 919/1/2
f 986/816/3 1276/1070/3 1275/5/3
f 1276/1070/3 986/816/3 984/5/3
f 986/5/4 920/762/4 984/1250/4
f 920/762/4 986/5/4 919/5/4
f 920/764/5 1276/1073/5 984/5/5
f 1276/1073/5 920/764/5 914/5/5
f 916/2/6 986/3/6 1275/11/6
f 986/3/6 916/2/6 919/1/6

usemtl color27

f 1332/3/1 1334/2/1 1331/1/1
f 1334/3/1 1332/2/1 1333/1/1
f 1335/3/2 1332/2/2 1331/1/2
f 1332/3/2 1335/2/2 1337/1/2
f 1338/1161/3 1334/1157/3 1333/5/3
f 1334/1157/3 1338/1161/3 1336/5/3
f 1338/5/4 1335/5/4 1336/1251/4
f 1335/5/4 1338/5/4 1337/1252/4
f 1335/1164/5 1334/1160/5 1336/5/5
f 1334/1160/5 1335/1164/5 1331/5/5
f 1332/2/6 1338/3/6 1333/11/6
f 1338/3/6 1332/2/6 1337/1/6

usemtl color20

f 708/3/1 710/2/1 707/1/1
f 710/3/1 708/2/1 709/1/1
f 1339/3/2 708/2/2 707/1/2
f 708/3/2 1339/2/2 1341/1/2
f 1342/1165/3 710/591/3 709/5/3
f 710/591/3 1342/1165/3 1340/5/3
f 1342/5/4 1339/5/4 1340/1253/4
f 1339/5/4 1342/5/4 1341/1254/4
f 1339/1168/5 710/594/5 1340/5/5
f 710/594/5 1339/1168/5 707/5/5
f 708/2/6 1342/3/6 709/11/6
f 1342/3/6 708/2/6 1341/1/6
f 1146/3/1 1365/2/1 1144/1/1
f 1365/3/1 1146/2/1 1367/1/1
f 834/3/2 1146/2/2 1144/1/2
f 1146/3/2 834/2/2 836/1/2
f 1370/5/3 1365/5/3 1367/1255/3
f 1365/5/3 1370/5/3 1369/1256/3
f 1370/1196/4 834/955/4 1369/5/4
f 834/955/4 1370/1196/4 836/5/4
f 834/5/5 1365/1198/5 1369/5/5
f 1365/1198/5 834/5/5 1144/5/5
f 1146/2/6 1370/3/6 1367/11/6
f 1370/3/6 1146/2/6 836/1/6

usemtl color23

f 456/3/1 458/2/1 455/1/1
f 458/3/1 456/2/1 457/1/1
f 1423/3/2 456/2/2 455/1/2
f 456/3/2 1423/2/2 1424/1/2
f 1425/5/3 458/365/3 457/5/3
f 458/365/3 1425/5/3 1426/1257/3
f 1425/5/4 1423/5/4 1426/1258/4
f 1423/5/4 1425/5/4 1424/1259/4
f 1423/5/5 458/368/5 1426/1260/5
f 458/368/5 1423/5/5 455/5/5
f 456/2/6 1425/3/6 457/11/6
f 1425/3/6 456/2/6 1424/1/6

usemtl color2

f 1428/3/1 163/2/1 1427/1/1
f 163/3/1 1428/2/1 165/1/1
f 1429/3/2 1428/2/2 1427/1/2
f 1428/3/2 1429/2/2 1430/1/2
f 168/5/3 163/5/3 165/1261/3
f 163/5/3 168/5/3 167/1262/3
f 168/131/4 1429/5/4 167/5/4
f 1429/5/4 168/131/4 1430/1263/4
f 1429/5/5 163/133/5 167/5/5
f 163/133/5 1429/5/5 1427/1264/5
f 1428/2/6 168/3/6 165/11/6
f 168/3/6 1428/2/6 1430/1/6
f 584/3/1 586/2/1 583/1/1
f 586/3/1 584/2/1 585/1/1
f 1431/3/2 584/2/2 583/1/2
f 584/3/2 1431/2/2 1432/1/2
f 590/5/3 586/482/3 585/5/3
f 586/482/3 590/5/3 589/1265/3
f 590/490/4 1431/5/4 589/5/4
f 1431/5/4 590/490/4 1432/1266/4
f 1431/5/5 586/485/5 589/5/5
f 586/485/5 1431/5/5 583/5/5
f 584/2/6 590/3/6 585/11/6
f 590/3/6 584/2/6 1432/1/6
f 405/3/1 1433/2/1 406/1/1
f 1433/3/1 405/2/1 1434/1/1
f 1435/3/2 405/2/2 406/1/2
f 405/3/2 1435/2/2 1436/1/2
f 1437/5/3 1433/5/3 1434/1267/3
f 1433/5/3 1437/5/3 1438/1268/3
f 1437/5/4 1435/5/4 1438/1269/4
f 1435/5/4 1437/5/4 1436/1270/4
f 1435/5/5 1433/5/5 1438/1271/5
f 1433/5/5 1435/5/5 406/317/5
f 405/2/6 1437/3/6 1434/11/6
f 1437/3/6 405/2/6 1436/1/6

usemtl color25

f 1288/3/1 917/2/1 1287/1/1
f 917/3/1 1288/2/1 918/1/1
f 621/3/2 1288/2/2 1287/1/2
f 1288/3/2 621/2/2 623/1/2
f 624/520/3 917/1088/3 918/5/3
f 917/1088/3 624/520/3 622/5/3
f 624/769/4 621/5/4 622/5/4
f 621/5/4 624/769/4 623/1272/4
f 621/525/5 917/5/5 622/5/5
f 917/5/5 621/525/5 1287/5/5
f 1288/2/6 624/3/6 918/11/6
f 624/3/6 1288/2/6 623/1/6
f 626/3/1 628/2/1 625/1/1
f 628/3/1 626/2/1 627/1/1
f 629/3/2 626/2/2 625/1/2
f 626/3/2 629/2/2 631/1/2
f 632/526/3 628/521/3 627/5/3
f 628/521/3 632/526/3 630/5/3
f 632/5/4 629/5/4 630/1273/4
f 629/5/4 632/5/4 631/1274/4
f 629/531/5 628/524/5 630/5/5
f 628/524/5 629/531/5 625/5/5
f 626/2/6 632/3/6 627/11/6
f 632/3/6 626/2/6 631/1/6

usemtl color26

f 1440/3/1 1345/2/1 1439/1/1
f 1345/3/1 1440/2/1 1346/1/1
f 1441/3/2 1440/2/2 1439/1/2
f 1440/3/2 1441/2/2 1442/1/2
f 477/5/3 1345/5/3 1346/1275/3
f 1345/5/3 477/5/3 475/1276/3
f 477/5/4 1441/5/4 475/1277/4
f 1441/5/4 477/5/4 1442/1278/4
f 1441/5/5 1345/5/5 475/389/5
f 1345/5/5 1441/5/5 1439/1279/5
f 1440/2/6 477/3/6 1346/11/6
f 477/3/6 1440/2/6 1442/1/6

usemtl color5

f 184/3/1 186/2/1 183/1/1
f 186/3/1 184/2/1 185/1/1
f 1443/3/2 184/2/2 183/1/2
f 184/3/2 1443/2/2 1444/1/2
f 500/5/3 186/141/3 185/5/3
f 186/141/3 500/5/3 499/1280/3
f 500/406/4 1443/5/4 499/5/4
f 1443/5/4 500/406/4 1444/1281/4
f 1443/5/5 186/144/5 499/5/5
f 186/144/5 1443/5/5 183/5/5
f 184/2/6 500/3/6 185/11/6
f 500/3/6 184/2/6 1444/1/6
f 198/3/1 1445/2/1 196/1/1
f 1445/3/1 198/2/1 1446/1/1
f 202/3/2 198/2/2 196/1/2
f 198/3/2 202/2/2 201/1/2
f 1447/5/3 1445/5/3 1446/1282/3
f 1445/5/3 1447/5/3 1448/1283/3
f 1447/5/4 202/154/4 1448/1284/4
f 202/154/4 1447/5/4 201/5/4
f 202/156/5 1445/5/5 1448/1285/5
f 1445/5/5 202/156/5 196/5/5
f 198/2/6 1447/3/6 1446/11/6
f 1447/3/6 198/2/6 201/1/6
f 242/3/1 268/2/1 241/1/1
f 268/3/1 242/2/1 267/1/1
f 246/3/2 242/2/2 241/1/2
f 242/3/2 246/2/2 245/1/2
f 1449/5/3 268/206/3 267/5/3
f 268/206/3 1449/5/3 1450/1286/3
f 1449/5/4 246/190/4 1450/1287/4
f 246/190/4 1449/5/4 245/5/4
f 246/192/5 268/209/5 1450/1288/5
f 268/209/5 246/192/5 241/5/5
f 242/2/6 1449/3/6 267/11/6
f 1449/3/6 242/2/6 245/1/6
f 250/3/1 282/2/1 248/1/1
f 282/3/1 250/2/1 281/1/1
f 254/3/2 250/2/2 248/1/2
f 250/3/2 254/2/2 253/1/2
f 1451/5/3 282/218/3 281/5/3
f 282/218/3 1451/5/3 1452/1289/3
f 1451/5/4 254/195/4 1452/1290/4
f 254/195/4 1451/5/4 253/5/4
f 254/197/5 282/221/5 1452/1291/5
f 282/221/5 254/197/5 248/5/5
f 250/2/6 1451/3/6 281/11/6
f 1451/3/6 250/2/6 253/1/6
f 510/3/1 1453/2/1 508/1/1
f 1453/3/1 510/2/1 1454/1/1
f 262/3/2 510/2/2 508/1/2
f 510/3/2 262/2/2 261/1/2
f 774/645/3 1453/5/3 1454/1292/3
f 1453/5/3 774/645/3 773/5/3
f 774/5/4 262/201/4 773/1293/4
f 262/201/4 774/5/4 261/5/4
f 262/203/5 1453/5/5 773/5/5
f 1453/5/5 262/203/5 508/5/5
f 510/2/6 774/3/6 1454/11/6
f 774/3/6 510/2/6 261/1/6
f 289/3/1 1455/2/1 290/1/1
f 1455/3/1 289/2/1 1456/1/1
f 523/3/2 289/2/2 290/1/2
f 289/3/2 523/2/2 525/1/2
f 526/430/3 1455/5/3 1456/1294/3
f 1455/5/3 526/430/3 524/5/3
f 526/5/4 523/5/4 524/1295/4
f 523/5/4 526/5/4 525/1296/4
f 523/433/5 1455/5/5 524/5/5
f 1455/5/5 523/433/5 290/227/5
f 289/2/6 526/3/6 1456/11/6
f 526/3/6 289/2/6 525/1/6
f 1459/3/1 1458/2/1 1457/1/1
f 1458/3/1 1459/2/1 1460/1/1
f 1461/3/2 1459/2/2 1457/1/2
f 1459/3/2 1461/2/2 1462/1/2
f 1463/5/3 1458/5/3 1460/1297/3
f 1458/5/3 1463/5/3 1464/1298/3
f 1463/5/4 1461/5/4 1464/1299/4
f 1461/5/4 1463/5/4 1462/1300/4
f 1461/5/5 1458/5/5 1464/1301/5
f 1458/5/5 1461/5/5 1457/1302/5
f 1459/2/6 1463/3/6 1460/11/6
f 1463/3/6 1459/2/6 1462/1/6
f 1466/3/1 369/2/1 1465/1/1
f 369/3/1 1466/2/1 371/1/1
f 1467/3/2 1466/2/2 1465/1/2
f 1466/3/2 1467/2/2 1468/1/2
f 374/5/3 369/5/3 371/1303/3
f 369/5/3 374/5/3 373/1304/3
f 374/292/4 1467/5/4 373/5/4
f 1467/5/4 374/292/4 1468/1305/4
f 1467/5/5 369/294/5 373/5/5
f 369/294/5 1467/5/5 1465/1306/5
f 1466/2/6 374/3/6 371/11/6
f 374/3/6 1466/2/6 1468/1/6
f 1463/3/1 1469/2/1 1464/1/1
f 1469/3/1 1463/2/1 1470/1/1
f 563/3/2 1463/2/2 1464/1/2
f 1463/3/2 563/2/2 565/1/2
f 566/464/3 1469/5/3 1470/1307/3
f 1469/5/3 566/464/3 564/5/3
f 566/5/4 563/5/4 564/1308/4
f 563/5/4 566/5/4 565/1309/4
f 563/468/5 1469/5/5 564/5/5
f 1469/5/5 563/468/5 1464/1301/5
f 1463/2/6 566/3/6 1470/11/6
f 566/3/6 1463/2/6 565/1/6
f 1473/3/1 1472/2/1 1471/1/1
f 1472/3/1 1473/2/1 1474/1/1
f 1475/3/2 1473/2/2 1471/1/2
f 1473/3/2 1475/2/2 1476/1/2
f 1477/5/3 1472/5/3 1474/1310/3
f 1472/5/3 1477/5/3 1478/1311/3
f 1477/5/4 1475/5/4 1478/1312/4
f 1475/5/4 1477/5/4 1476/1313/4
f 1475/5/5 1472/5/5 1478/1314/5
f 1472/5/5 1475/5/5 1471/1315/5
f 1473/2/6 1477/3/6 1474/11/6
f 1477/3/6 1473/2/6 1476/1/6
f 1481/3/1 1480/2/1 1479/1/1
f 1480/3/1 1481/2/1 1482/1/1
f 369/3/2 1481/2/2 1479/1/2
f 1481/3/2 369/2/2 371/1/2
f 372/289/3 1480/5/3 1482/1316/3
f 1480/5/3 372/289/3 370/5/3
f 372/5/4 369/5/4 370/1317/4
f 369/5/4 372/5/4 371/1318/4
f 369/294/5 1480/5/5 370/5/5
f 1480/5/5 369/294/5 1479/1319/5
f 1481/2/6 372/3/6 1482/11/6
f 372/3/6 1481/2/6 371/1/6
f 574/3/1 576/2/1 573/1/1
f 576/3/1 574/2/1 575/1/1
f 1483/3/2 574/2/2 573/1/2
f 574/3/2 1483/2/2 1484/1/2
f 1485/5/3 576/474/3 575/5/3
f 576/474/3 1485/5/3 1486/1320/3
f 1485/5/4 1483/5/4 1486/1321/4
f 1483/5/4 1485/5/4 1484/1322/4
f 1483/5/5 576/477/5 1486/1323/5
f 576/477/5 1483/5/5 573/5/5
f 574/2/6 1485/3/6 575/11/6
f 1485/3/6 574/2/6 1484/1/6
f 372/3/1 1487/2/1 370/1/1
f 1487/3/1 372/2/1 1488/1/1
f 376/3/2 372/2/2 370/1/2
f 372/3/2 376/2/2 375/1/2
f 401/478/3 1487/5/3 1488/1324/3
f 1487/5/3 401/478/3 399/5/3
f 401/5/4 376/291/4 399/1325/4
f 376/291/4 401/5/4 375/5/4
f 376/293/5 1487/5/5 399/318/5
f 1487/5/5 376/293/5 370/5/5
f 372/2/6 401/3/6 1488/11/6
f 401/3/6 372/2/6 375/1/6

usemtl color6

f 230/3/1 232/2/1 229/1/1
f 232/3/1 230/2/1 231/1/1
f 233/3/2 230/2/2 229/1/2
f 230/3/2 233/2/2 235/1/2
f 236/182/3 232/177/3 231/5/3
f 232/177/3 236/182/3 234/5/3
f 236/5/4 233/5/4 234/1326/4
f 233/5/4 236/5/4 235/1327/4
f 233/187/5 232/180/5 234/5/5
f 232/180/5 233/187/5 229/5/5
f 230/2/6 236/3/6 231/11/6
f 236/3/6 230/2/6 235/1/6
f 1490/3/1 277/2/1 1489/1/1
f 277/3/1 1490/2/1 279/1/1
f 247/3/2 1490/2/2 1489/1/2
f 1490/3/2 247/2/2 249/1/2
f 250/193/3 277/5/3 279/1328/3
f 277/5/3 250/193/3 248/5/3
f 250/220/4 247/5/4 248/5/4
f 247/5/4 250/220/4 249/1329/4
f 247/198/5 277/222/5 248/5/5
f 277/222/5 247/198/5 1489/1330/5
f 1490/2/6 250/3/6 279/11/6
f 250/3/6 1490/2/6 249/1/6
f 304/3/1 306/2/1 303/1/1
f 306/3/1 304/2/1 305/1/1
f 307/3/2 304/2/2 303/1/2
f 304/3/2 307/2/2 309/1/2
f 310/241/3 306/236/3 305/5/3
f 306/236/3 310/241/3 308/5/3
f 310/5/4 307/5/4 308/1331/4
f 307/5/4 310/5/4 309/1332/4
f 307/246/5 306/239/5 308/5/5
f 306/239/5 307/246/5 303/5/5
f 304/2/6 310/3/6 305/11/6
f 310/3/6 304/2/6 309/1/6
f 1493/3/1 1492/2/1 1491/1/1
f 1492/3/1 1493/2/1 1494/1/1
f 1495/3/2 1493/2/2 1491/1/2
f 1493/3/2 1495/2/2 1496/1/2
f 1497/5/3 1492/5/3 1494/1333/3
f 1492/5/3 1497/5/3 1498/1334/3
f 1497/5/4 1495/5/4 1498/1335/4
f 1495/5/4 1497/5/4 1496/1336/4
f 1495/5/5 1492/5/5 1498/1337/5
f 1492/5/5 1495/5/5 1491/1338/5
f 1493/2/6 1497/3/6 1494/11/6
f 1497/3/6 1493/2/6 1496/1/6
f 1501/3/1 1500/2/1 1499/1/1
f 1500/3/1 1501/2/1 1502/1/1
f 1503/3/2 1501/2/2 1499/1/2
f 1501/3/2 1503/2/2 1504/1/2
f 1505/5/3 1500/5/3 1502/1339/3
f 1500/5/3 1505/5/3 1506/1340/3
f 1505/5/4 1503/5/4 1506/1341/4
f 1503/5/4 1505/5/4 1504/1342/4
f 1503/5/5 1500/5/5 1506/1343/5
f 1500/5/5 1503/5/5 1499/1344/5
f 1501/2/6 1505/3/6 1502/11/6
f 1505/3/6 1501/2/6 1504/1/6
f 1509/3/1 1508/2/1 1507/1/1
f 1508/3/1 1509/2/1 1510/1/1
f 1511/3/2 1509/2/2 1507/1/2
f 1509/3/2 1511/2/2 1512/1/2
f 1513/5/3 1508/5/3 1510/1345/3
f 1508/5/3 1513/5/3 1514/1346/3
f 1513/5/4 1511/5/4 1514/1347/4
f 1511/5/4 1513/5/4 1512/1348/4
f 1511/5/5 1508/5/5 1514/1349/5
f 1508/5/5 1511/5/5 1507/1350/5
f 1509/2/6 1513/3/6 1510/11/6
f 1513/3/6 1509/2/6 1512/1/6
f 1517/3/1 1516/2/1 1515/1/1
f 1516/3/1 1517/2/1 1518/1/1
f 781/3/2 1517/2/2 1515/1/2
f 1517/3/2 781/2/2 783/1/2
f 784/653/3 1516/5/3 1518/1351/3
f 1516/5/3 784/653/3 782/5/3
f 784/5/4 781/5/4 782/1352/4
f 781/5/4 784/5/4 783/1353/4
f 781/658/5 1516/5/5 782/5/5
f 1516/5/5 781/658/5 1515/1354/5
f 1517/2/6 784/3/6 1518/11/6
f 784/3/6 1517/2/6 783/1/6
f 1521/3/1 1520/2/1 1519/1/1
f 1520/3/1 1521/2/1 1522/1/1
f 1523/3/2 1521/2/2 1519/1/2
f 1521/3/2 1523/2/2 1524/1/2
f 1525/5/3 1520/5/3 1522/1355/3
f 1520/5/3 1525/5/3 1526/1356/3
f 1525/5/4 1523/5/4 1526/1357/4
f 1523/5/4 1525/5/4 1524/1358/4
f 1523/5/5 1520/5/5 1526/1359/5
f 1520/5/5 1523/5/5 1519/1360/5
f 1521/2/6 1525/3/6 1522/11/6
f 1525/3/6 1521/2/6 1524/1/6
f 1529/3/1 1528/2/1 1527/1/1
f 1528/3/1 1529/2/1 1530/1/1
f 515/3/2 1529/2/2 1527/1/2
f 1529/3/2 515/2/2 517/1/2
f 518/424/3 1528/5/3 1530/1361/3
f 1528/5/3 518/424/3 516/5/3
f 518/5/4 515/5/4 516/1362/4
f 515/5/4 518/5/4 517/1363/4
f 515/429/5 1528/5/5 516/5/5
f 1528/5/5 515/429/5 1527/1364/5
f 1529/2/6 518/3/6 1530/11/6
f 518/3/6 1529/2/6 517/1/6
f 1533/3/1 1532/2/1 1531/1/1
f 1532/3/1 1533/2/1 1534/1/1
f 1457/3/2 1533/2/2 1531/1/2
f 1533/3/2 1457/2/2 1459/1/2
f 1460/1297/3 1532/5/3 1534/1365/3
f 1532/5/3 1460/1297/3 1458/5/3
f 1460/5/4 1457/5/4 1458/1366/4
f 1457/5/4 1460/5/4 1459/1367/4
f 1457/1302/5 1532/5/5 1458/5/5
f 1532/5/5 1457/1302/5 1531/1368/5
f 1533/2/6 1460/3/6 1534/11/6
f 1460/3/6 1533/2/6 1459/1/6
f 390/3/1 392/2/1 389/1/1
f 392/3/1 390/2/1 391/1/1
f 362/3/2 390/2/2 389/1/2
f 390/3/2 362/2/2 364/1/2
f 1535/5/3 392/302/3 391/5/3
f 392/302/3 1535/5/3 1536/1369/3
f 1535/5/4 362/5/4 1536/1370/4
f 362/5/4 1535/5/4 364/1371/4
f 362/5/5 392/305/5 1536/1372/5
f 392/305/5 362/5/5 389/5/5
f 390/2/6 1535/3/6 391/11/6
f 1535/3/6 390/2/6 364/1/6

usemtl color11

f 1539/3/1 1538/2/1 1537/1/1
f 1538/3/1 1539/2/1 1540/1/1
f 1541/3/2 1539/2/2 1537/1/2
f 1539/3/2 1541/2/2 1542/1/2
f 1543/5/3 1538/5/3 1540/1373/3
f 1538/5/3 1543/5/3 1544/1374/3
f 1543/5/4 1541/5/4 1544/1375/4
f 1541/5/4 1543/5/4 1542/1376/4
f 1541/5/5 1538/5/5 1544/1377/5
f 1538/5/5 1541/5/5 1537/1378/5
f 1539/2/6 1543/3/6 1540/11/6
f 1543/3/6 1539/2/6 1542/1/6
f 312/3/1 314/2/1 311/1/1
f 314/3/1 312/2/1 313/1/1
f 1545/3/2 312/2/2 311/1/2
f 312/3/2 1545/2/2 1546/1/2
f 1533/5/3 314/242/3 313/5/3
f 314/242/3 1533/5/3 1531/1379/3
f 1533/5/4 1545/5/4 1531/1380/4
f 1545/5/4 1533/5/4 1546/1381/4
f 1545/5/5 314/245/5 1531/1368/5
f 314/245/5 1545/5/5 311/5/5
f 312/2/6 1533/3/6 313/11/6
f 1533/3/6 312/2/6 1546/1/6
f 1504/3/1 1506/2/1 1503/1/1
f 1506/3/1 1504/2/1 1505/1/1
f 1507/3/2 1504/2/2 1503/1/2
f 1504/3/2 1507/2/2 1509/1/2
f 1510/1345/3 1506/1340/3 1505/5/3
f 1506/1340/3 1510/1345/3 1508/5/3
f 1510/5/4 1507/5/4 1508/1382/4
f 1507/5/4 1510/5/4 1509/1383/4
f 1507/1350/5 1506/1343/5 1508/5/5
f 1506/1343/5 1507/1350/5 1503/5/5
f 1504/2/6 1510/3/6 1505/11/6
f 1510/3/6 1504/2/6 1509/1/6
f 1549/3/1 1548/2/1 1547/1/1
f 1548/3/1 1549/2/1 1550/1/1
f 1551/3/2 1549/2/2 1547/1/2
f 1549/3/2 1551/2/2 1552/1/2
f 1553/5/3 1548/5/3 1550/1384/3
f 1548/5/3 1553/5/3 1554/1385/3
f 1553/5/4 1551/5/4 1554/1386/4
f 1551/5/4 1553/5/4 1552/1387/4
f 1551/5/5 1548/5/5 1554/1388/5
f 1548/5/5 1551/5/5 1547/1389/5
f 1549/2/6 1553/3/6 1550/11/6
f 1553/3/6 1549/2/6 1552/1/6

usemtl color8

f 1557/3/1 1556/2/1 1555/1/1
f 1556/3/1 1557/2/1 1558/1/1
f 1559/3/2 1557/2/2 1555/1/2
f 1557/3/2 1559/2/2 1560/1/2
f 1561/5/3 1556/5/3 1558/1390/3
f 1556/5/3 1561/5/3 1562/1391/3
f 1561/5/4 1559/5/4 1562/1392/4
f 1559/5/4 1561/5/4 1560/1393/4
f 1559/5/5 1556/5/5 1562/1394/5
f 1556/5/5 1559/5/5 1555/1395/5
f 1557/2/6 1561/3/6 1558/11/6
f 1561/3/6 1557/2/6 1560/1/6
f 1565/3/1 1564/2/1 1563/1/1
f 1564/3/1 1565/2/1 1566/1/1
f 324/3/2 1565/2/2 1563/1/2
f 1565/3/2 324/2/2 326/1/2
f 1567/5/3 1564/5/3 1566/1396/3
f 1564/5/3 1567/5/3 1568/1397/3
f 1567/5/4 324/5/4 1568/1398/4
f 324/5/4 1567/5/4 326/1399/4
f 324/5/5 1564/5/5 1568/1400/5
f 1564/5/5 324/5/5 1563/1401/5
f 1565/2/6 1567/3/6 1566/11/6
f 1567/3/6 1565/2/6 326/1/6

