# Created by Kenney (www.kenney.nl)

mtllib Sniper 41J Unpossible.mtl

v 14 9 -1
v 14 8 -1
v 14 9 1
v 14 8 1
v 12 9 -1
v 12 9 1
v 12 8 1
v 12 8 -1
v 3 9 -1
v 3 8 -1
v 3 9 1
v 3 8 1
v 2 9 -1
v 2 9 1
v 2 8 1
v 2 8 -1
v 13 9 -1
v 13 9 1
v 13 8 1
v 13 8 -1
v 11 9 -1
v 11 9 1
v 11 8 1
v 11 8 -1
v 1 9 -1
v 1 9 1
v 1 8 1
v 1 8 -1
v -3 5 -1
v -3 4 -1
v -3 5 1
v -3 4 1
v -4 5 -1
v -4 5 1
v -4 4 1
v -4 4 -1
v -5 5 -1
v -5 4 -1
v -5 5 1
v -5 4 1
v -6 5 -1
v -6 5 1
v -6 4 1
v -6 4 -1
v 20 4 -1
v 20 3 -1
v 20 4 1
v 20 3 1
v 19 4 -1
v 19 4 1
v 19 3 1
v 19 3 -1
v 6 4 -1.5
v 6 3 -1.5
v 6 4 1.5
v 6 3 1.5
v 5 4 -1.5
v 5 4 1.5
v 5 3 1.5
v 5 3 -1.5
v -8 4 -2
v -8 3 -2
v -8 4 2
v -8 3 2
v -12 4 -2
v -12 4 2
v -12 3 2
v -12 3 -2
v -15 4 -2
v -15 3 -2
v -15 4 2
v -15 3 2
v -18 4 -2
v -18 4 2
v -18 3 2
v -18 3 -2
v -21 4 -2
v -21 3 -2
v -21 4 2
v -21 3 2
v -24 4 -2
v -24 4 2
v -24 3 2
v -24 3 -2
v 19 1 -0.5
v 19 0 -0.5
v 19 1 0.5
v 19 0 0.5
v 18 1 -0.5
v 18 1 0.5
v 18 0 0.5
v 18 0 -0.5
v 20 0 -0.5
v 20 -1 -0.5
v 20 0 0.5
v 20 -1 0.5
v 19 -1 0.5
v 19 -1 -0.5
v -2 0 -2
v -2 -1 -2
v -2 0 2
v -2 -1 2
v -3 0 -2
v -3 0 2
v -3 -1 2
v -3 -1 -2
v -7 -1 -1
v -7 -2 -1
v -7 -1 1
v -7 -2 1
v -8 -1 -1
v -8 -1 1
v -8 -2 1
v -8 -2 -1
v -9 -1 -1
v -9 -2 -1
v -9 -1 1
v -9 -2 1
v -10 -1 -1
v -10 -1 1
v -10 -2 1
v -10 -2 -1
v -11 -1 -1
v -11 -2 -1
v -11 -1 1
v -11 -2 1
v -12 -1 -1
v -12 -1 1
v -12 -2 1
v -12 -2 -1
v 10 9 -1
v 10 9 1
v 10 8 1
v 10 8 -1
v 0 2 -2
v 0 1 -2
v 0 2 2
v 0 1 2
v -1 2 -2
v -1 2 2
v -1 1 2
v -1 1 -2
v 3 1 -2
v 3 0 -2
v 3 1 2
v 3 0 2
v 2 1 -2
v 2 1 2
v 2 0 2
v 2 0 -2
v 0 0 -2
v 0 -1 -2
v 0 0 2
v 0 -1 2
v 4 -1 -2
v 4 -2 -2
v 4 -1 2
v 4 -2 2
v 2 -1 -2
v 2 -1 2
v 2 -2 2
v 2 -2 -2
v 6 -6 -1.5
v 6 -7 -1.5
v 6 -6 1.5
v 6 -7 1.5
v 5 -6 -1.5
v 5 -6 1.5
v 5 -7 1.5
v 5 -7 -1.5
v 5 -6 -1
v 5 -7 -1
v 5 -6 1
v 5 -7 1
v 4 -6 -1
v 4 -6 1
v 4 -7 1
v 4 -7 -1
v 4 -6 -1.5
v 4 -7 -1.5
v 4 -6 1.5
v 4 -7 1.5
v 1 -6 -1.5
v 1 -6 1.5
v 1 -7 1.5
v 1 -7 -1.5
v 10 9 -0.5
v 10 8 -0.5
v 10 9 0.5
v 10 8 0.5
v 9 9 -0.5
v 9 9 0.5
v 9 8 0.5
v 9 8 -0.5
v 8 9 -0.5
v 8 8 -0.5
v 8 9 0.5
v 8 8 0.5
v 7 9 -0.5
v 7 9 0.5
v 7 8 0.5
v 7 8 -0.5
v 0 7 -0.5
v 0 6 -0.5
v 0 7 0.5
v 0 6 0.5
v -1 7 -0.5
v -1 7 0.5
v -1 6 0.5
v -1 6 -0.5
v -6 7 -0.5
v -6 6 -0.5
v -6 7 0.5
v -6 6 0.5
v -7 7 -0.5
v -7 7 0.5
v -7 6 0.5
v -7 6 -0.5
v 1 6 -1
v 1 5 -1
v 1 6 1
v 1 5 1
v 0 6 -1
v 0 6 1
v 0 5 1
v 0 5 -1
v -24 6 -0.5
v -24 5 -0.5
v -24 6 0.5
v -24 5 0.5
v -25 6 -0.5
v -25 6 0.5
v -25 5 0.5
v -25 5 -0.5
v 24 5 -1
v 24 4 -1
v 24 5 1
v 24 4 1
v 23 5 -1
v 23 5 1
v 23 4 1
v 23 4 -1
v 2 5 -1
v 2 4 -1
v 2 5 1
v 2 4 1
v 1 4 1
v 1 4 -1
v 22 4 -1
v 22 0 -1
v 22 4 1
v 22 0 1
v 21 4 -1
v 21 4 1
v 21 0 1
v 21 0 -1
v 18 4 -1
v 18 3 -1
v 18 4 1
v 18 3 1
v 17 4 -1
v 17 4 1
v 17 3 1
v 17 3 -1
v 11 4 -1.5
v 11 3 -1.5
v 11 4 1.5
v 11 3 1.5
v 9 4 -1.5
v 9 4 1.5
v 9 3 1.5
v 9 3 -1.5
v -1 4 -1.5
v -1 2 -1.5
v -1 4 1.5
v -1 2 1.5
v -2 4 -1.5
v -2 4 1.5
v -2 2 1.5
v -2 2 -1.5
v -2 3 -1.5
v -2 3 1.5
v -4 4 -1.5
v -4 4 1.5
v -4 3 1.5
v -4 3 -1.5
v 21 3 -1
v 21 2 -1
v 21 3 1
v 21 2 1
v 20 2 1
v 20 2 -1
v 10 3 -1.5
v 10 2 -1.5
v 10 3 1.5
v 10 2 1.5
v 9 2 1.5
v 9 2 -1.5
v 4 2 -1.5
v 4 1 -1.5
v 4 2 1.5
v 4 1 1.5
v 3 2 -1.5
v 3 2 1.5
v 3 1 1.5
v 3 1 -1.5
v -8 0 -1
v -8 0 1
v -9 0 -1
v -9 0 1
v -10 0 -1
v -10 0 1
v -11 0 -1
v -11 0 1
v -12 0 -1
v -12 0 1
v -13 0 -1
v -13 0 1
v -13 -1 1
v -13 -1 -1
v 23 -1 -0.5
v 23 -2 -0.5
v 23 -1 0.5
v 23 -2 0.5
v 22 -1 -0.5
v 22 -1 0.5
v 22 -2 0.5
v 22 -2 -0.5
v 9 -1 -1
v 9 -2 -1
v 9 -1 1
v 9 -2 1
v 8 -1 -1
v 8 -1 1
v 8 -2 1
v 8 -2 -1
v -8 -1 -0.5
v -8 -2 -0.5
v -8 -1 0.5
v -8 -2 0.5
v -9 -1 -0.5
v -9 -1 0.5
v -9 -2 0.5
v -9 -2 -0.5
v -10 -1 -0.5
v -10 -2 -0.5
v -10 -1 0.5
v -10 -2 0.5
v -11 -1 -0.5
v -11 -1 0.5
v -11 -2 0.5
v -11 -2 -0.5
v 24 -2 -0.5
v 24 -3 -0.5
v 24 -2 0.5
v 24 -3 0.5
v 23 -3 0.5
v 23 -3 -0.5
v 4 -2 -1.5
v 4 -3 -1.5
v 4 -2 1.5
v 4 -3 1.5
v 3 -2 -1.5
v 3 -2 1.5
v 3 -3 1.5
v 3 -3 -1.5
v 6 -4 -1.5
v 6 -4 1.5
v 5 -4 -1.5
v 5 -4 1.5
v 4 -5 -1.5
v 4 -5 1.5
v 3 -5 -1.5
v 3 -5 1.5
v 3 -6 1.5
v 3 -6 -1.5
v 6 -8 -1.5
v 6 -8 1.5
v 5 -8 1.5
v 5 -8 -1.5
v 4 -8 -1.5
v 4 -8 1.5
v 3 -7 -1.5
v 3 -7 1.5
v 3 -8 1.5
v 3 -8 -1.5
v 9 9 -1
v 9 8 -1
v 9 9 1
v 9 8 1
v 8 9 -1
v 8 9 1
v 8 8 1
v 8 8 -1
v 1 7 -0.5
v 1 6 -0.5
v 1 7 0.5
v 1 6 0.5
v 2 6 -1
v 2 6 1
v 21 5 -1
v 21 5 1
v 17 5 -1
v 17 5 1
v 15 5 -1
v 15 5 1
v 15 4 1
v 15 4 -1
v 12 3 -2
v 12 2 -2
v 12 3 2
v 12 2 2
v 10 3 -2
v 10 3 2
v 10 2 2
v 10 2 -2
v 8 3 -1.5
v 8 2 -1.5
v 8 3 1.5
v 8 2 1.5
v 7 3 -1.5
v 7 3 1.5
v 7 2 1.5
v 7 2 -1.5
v 6 2 -1.5
v 6 2 1.5
v 5 2 1.5
v 5 2 -1.5
v 0 3 -1.5
v 0 2 -1.5
v 0 3 1.5
v 0 2 1.5
v -1 3 -1.5
v -1 3 1.5
v 16 2 -1
v 16 1 -1
v 16 2 1
v 16 1 1
v 13 2 -1
v 13 2 1
v 13 1 1
v 13 1 -1
v -5 2 -1.5
v -5 1 -1.5
v -5 2 1.5
v -5 1 1.5
v -6 2 -1.5
v -6 2 1.5
v -6 1 1.5
v -6 1 -1.5
v -7 0 -1.5
v -7 -1 -1.5
v -7 0 1.5
v -7 -1 1.5
v -8 0 -1.5
v -8 0 1.5
v -8 -1 1.5
v -8 -1 -1.5
v -9 0 -1.5
v -9 -1 -1.5
v -9 0 1.5
v -9 -1 1.5
v -10 0 -1.5
v -10 0 1.5
v -10 -1 1.5
v -10 -1 -1.5
v -11 0 -1.5
v -11 -1 -1.5
v -11 0 1.5
v -11 -1 1.5
v -12 0 -1.5
v -12 0 1.5
v -12 -1 1.5
v -12 -1 -1.5
v -2 -2 -0.5
v -2 -3 -0.5
v -2 -2 0.5
v -2 -3 0.5
v -3 -2 -0.5
v -3 -2 0.5
v -3 -3 0.5
v -3 -3 -0.5
v 1 -3 -1
v 1 -5 -1
v 1 -3 1
v 1 -5 1
v 0 -3 -1
v 0 -3 1
v 0 -5 1
v 0 -5 -1
v 1 -7 -1
v 1 -8 -1
v 1 -7 1
v 1 -8 1
v 0 -7 -1
v 0 -7 1
v 0 -8 1
v 0 -8 -1
v 5 9 -0.5
v 5 9 0.5
v 5 8 0.5
v 5 8 -0.5
v 4 9 -0.5
v 4 8 -0.5
v 4 9 0.5
v 4 8 0.5
v 3 9 -0.5
v 3 9 0.5
v 3 8 0.5
v 3 8 -0.5
v 9 7 -1
v 9 7 1
v 8 7 1
v 8 7 -1
v 5 8 -1
v 5 7 -1
v 5 8 1
v 5 7 1
v 4 8 -1
v 4 8 1
v 4 7 1
v 4 7 -1
v 14 5 -1
v 14 5 1
v 14 4 1
v 14 4 -1
v 13 5 -1
v 13 4 -1
v 13 5 1
v 13 4 1
v 12 5 -1
v 12 5 1
v 12 4 1
v 12 4 -1
v 11 5 -1
v 11 4 -1
v 11 5 1
v 11 4 1
v 10 5 -1
v 10 5 1
v 10 4 1
v 10 4 -1
v 6 5 -1
v 6 4 -1
v 6 5 1
v 6 4 1
v 5 5 -1
v 5 5 1
v 5 4 1
v 5 4 -1
v -7 5 -1.5
v -7 4 -1.5
v -7 5 1.5
v -7 4 1.5
v -8 5 -1.5
v -8 5 1.5
v -8 4 1.5
v -8 4 -1.5
v 23 3 -1
v 23 3 1
v 22 3 1
v 22 3 -1
v 15 3 1
v 15 3 -1
v 15 3 -2
v 15 2 -2
v 15 3 2
v 15 2 2
v 4 3 -1.5
v 4 3 1.5
v 10 2 -1
v 10 1 -1
v 10 2 1
v 10 1 1
v 8 2 -1
v 8 2 1
v 8 1 1
v 8 1 -1
v -4 0 -2
v -4 0 2
v -4 -1 2
v -4 -1 -2
v -6 -1 -0.5
v -6 -2 -0.5
v -6 -1 0.5
v -6 -2 0.5
v -7 -1 -0.5
v -7 -1 0.5
v -7 -2 0.5
v -7 -2 -0.5
v 2 -2 -1.5
v 2 -6 -1.5
v 2 -2 1.5
v 2 -6 1.5
v 1 -2 -1.5
v 1 -2 1.5
v 1 -2 -1
v 1 -2 1
v 0 -2 -1
v 0 -2 1
v 1 -6 -1
v 1 -6 1
v 0 -6 1
v 0 -6 -1
v 2 -7 -1.5
v 2 -8 -1.5
v 2 -7 1.5
v 2 -8 1.5
v 1 -8 1.5
v 1 -8 -1.5
v 5 9 -1
v 5 9 1
v 4 9 -1
v 4 9 1
v 13 7 -1
v 13 7 1
v 11 7 1
v 11 7 -1
v -12 5 -1.5
v -12 4 -1.5
v -12 5 1.5
v -12 4 1.5
v -13 5 -1.5
v -13 5 1.5
v -13 4 1.5
v -13 4 -1.5
v 7 4 -1.5
v 7 4 1.5
v 4 4 -1.5
v 4 4 1.5
v 0 4 -1.5
v 0 4 1.5
v 8 2 -2
v 8 1 -2
v 8 2 2
v 8 1 2
v 7 2 -2
v 7 2 2
v 7 1 2
v 7 1 -2
v 6 2 -2
v 6 1 -2
v 6 2 2
v 6 1 2
v 5 2 -2
v 5 2 2
v 5 1 2
v 5 1 -2
v 22 0 -0.5
v 22 0 0.5
v 21 0 -0.5
v 21 0 0.5
v 21 -1 0.5
v 21 -1 -0.5
v 8 0 -2
v 8 -1 -2
v 8 0 2
v 8 -1 2
v 7 0 -2
v 7 0 2
v 7 -1 2
v 7 -1 -2
v 6 0 -2
v 6 -1 -2
v 6 0 2
v 6 -1 2
v 5 0 -2
v 5 0 2
v 5 -1 2
v 5 -1 -2
v 14 8 -0.5
v 14 7 -0.5
v 14 8 0.5
v 14 7 0.5
v 13 8 -0.5
v 13 8 0.5
v 13 7 0.5
v 13 7 -0.5
v 8 4 -1.5
v 8 4 1.5
v -4 3 -2
v -4 2 -2
v -4 3 2
v -4 2 2
v -5 3 -2
v -5 3 2
v -5 2 2
v -5 2 -2
v 14 1 -0.5
v 14 -1 -0.5
v 14 1 0.5
v 14 -1 0.5
v 13 1 -0.5
v 13 1 0.5
v 13 -1 0.5
v 13 -1 -0.5
v -5 1 -2
v -5 0 -2
v -5 1 2
v -5 0 2
v -6 1 -2
v -6 1 2
v -6 0 2
v -6 0 -2
v -13 0 -0.5
v -13 -1 -0.5
v -13 0 0.5
v -13 -1 0.5
v -14 0 -0.5
v -14 0 0.5
v -14 -1 0.5
v -14 -1 -0.5
v 15 -1 -0.5
v 15 -3 -0.5
v 15 -1 0.5
v 15 -3 0.5
v 14 -3 0.5
v 14 -3 -0.5
v 14 -1 -1
v 14 -3 -1
v 14 -1 1
v 14 -3 1
v 13 -1 -1
v 13 -1 1
v 13 -3 1
v 13 -3 -1
v -4 -1 -0.5
v -4 -2 -0.5
v -4 -1 0.5
v -4 -2 0.5
v -5 -1 -0.5
v -5 -1 0.5
v -5 -2 0.5
v -5 -2 -0.5
v -12 -1 -0.5
v -12 -2 -0.5
v -12 -1 0.5
v -12 -2 0.5
v -13 -2 0.5
v -13 -2 -0.5
v 10 7 1
v 10 7 -1
v -2 2 -2
v -2 2 2
v -2 1 2
v -2 1 -2
v 4 1 -2
v 4 0 -2
v 4 1 2
v 4 0 2
v 7 -6 -1.5
v 7 -7 -1.5
v 7 -6 1.5
v 7 -7 1.5
v 3 7 1
v 3 7 -1
v 10 7 -0.5
v 10 6 -0.5
v 10 7 0.5
v 10 6 0.5
v 9 7 -0.5
v 9 7 0.5
v 9 6 0.5
v 9 6 -0.5
v 5 7 -0.5
v 5 6 -0.5
v 5 7 0.5
v 5 6 0.5
v 4 7 -0.5
v 4 7 0.5
v 4 6 0.5
v 4 6 -0.5
v -3 7 -0.5
v -3 7 0.5
v -3 6 0.5
v -3 6 -0.5
v -5 7 -0.5
v -5 6 -0.5
v -5 7 0.5
v -5 6 0.5
v -7 6 -1
v -7 5 -1
v -7 6 1
v -7 5 1
v -8 6 -1
v -8 6 1
v -8 5 1
v -8 5 -1
v 9 5 -1
v 9 4 -1
v 9 5 1
v 9 4 1
v 8 5 -1
v 8 5 1
v 8 4 1
v 8 4 -1
v 7 5 -1
v 7 4 -1
v 7 5 1
v 7 4 1
v -6 5 -1.5
v -6 4 -1.5
v -6 5 1.5
v -6 4 1.5
v -19 5 -1
v -19 4 -1
v -19 5 1
v -19 4 1
v -20 5 -1
v -20 5 1
v -20 4 1
v -20 4 -1
v -12 3 -1.5
v -12 3 1.5
v -13 3 1.5
v -13 3 -1.5
v 24 3 -1.5
v 24 2 -1.5
v 24 3 1.5
v 24 2 1.5
v 23 3 -1.5
v 23 3 1.5
v 23 2 1.5
v 23 2 -1.5
v 23 2 -1
v 23 2 1
v 22 2 1
v 22 2 -1
v 12 2 -1
v 12 1 -1
v 12 2 1
v 12 1 1
v 2 2 -1.5
v 2 2 1.5
v 2 1 1.5
v 2 1 -1.5
v -7 2 -1
v -7 1 -1
v -7 2 1
v -7 1 1
v -15 2 -1
v -15 2 1
v -15 1 1
v -15 1 -1
v -16 2 -1
v -16 1 -1
v -16 2 1
v -16 1 1
v -18 2 -1
v -18 2 1
v -18 1 1
v -18 1 -1
v -19 2 -1
v -19 1 -1
v -19 2 1
v -19 1 1
v -24 2 -1
v -24 2 1
v -24 1 1
v -24 1 -1
v 10 1 -0.5
v 10 0 -0.5
v 10 1 0.5
v 10 0 0.5
v 9 1 -0.5
v 9 1 0.5
v 9 0 0.5
v 9 0 -0.5
v 9 1 -1
v 9 1 1
v 0 1 -1.5
v 0 0 -1.5
v 0 1 1.5
v 0 0 1.5
v -1 1 -1.5
v -1 1 1.5
v -1 0 1.5
v -1 0 -1.5
v -8 1 -1.5
v -8 1 1.5
v -9 1 -1.5
v -9 1 1.5
v -10 1 -1.5
v -10 1 1.5
v -11 1 -1.5
v -11 1 1.5
v 23 0 -1
v 23 -1 -1
v 23 0 1
v 23 -1 1
v 22 -1 1
v 22 -1 -1
v 4 0 -1.5
v 4 -1 -1.5
v 4 0 1.5
v 4 -1 1.5
v 1 0 -1.5
v 1 0 1.5
v 1 -1 1.5
v 1 -1 -1.5
v 24 -1 -1
v 24 -2 -1
v 24 -1 1
v 24 -2 1
v 23 -2 1
v 23 -2 -1
v 8 -2 -2
v 8 -2 2
v 7 -2 2
v 7 -2 -2
v -2 -1 -1
v -2 -2 -1
v -2 -1 1
v -2 -2 1
v -3 -1 -1
v -3 -1 1
v -3 -2 1
v -3 -2 -1
v -5 -1 -1
v -5 -2 -1
v -5 -1 1
v -5 -2 1
v -6 -1 -1
v -6 -1 1
v -6 -2 1
v -6 -2 -1
v 26 -2 -1
v 26 -3 -1
v 26 -2 1
v 26 -3 1
v 24 -3 1
v 24 -3 -1
v 9 -2 -0.5
v 9 -3 -0.5
v 9 -2 0.5
v 9 -3 0.5
v 8 -2 -0.5
v 8 -2 0.5
v 8 -3 0.5
v 8 -3 -0.5
v 6 -2 -1.5
v 6 -2 1.5
v 5 -2 -1.5
v 5 -2 1.5
v 10 -3 -0.5
v 10 -4 -0.5
v 10 -3 0.5
v 10 -4 0.5
v 9 -4 0.5
v 9 -4 -0.5
v 2 -3 -1.5
v 2 -3 1.5
v 2 7 1
v 2 7 -1
v 17 1 -0.5
v 17 1 0.5
v 17 0 0.5
v 17 0 -0.5
v 2 8 -0.5
v 2 7 -0.5
v 2 8 0.5
v 2 7 0.5
v 1 8 -0.5
v 1 8 0.5
v -6 3 -2
v -6 3 2
v -6 2 2
v -6 2 -2
v 4 2 -2
v 4 2 2
v 11 6 -0.5
v 11 5 -0.5
v 11 6 0.5
v 11 5 0.5
v 10 5 0.5
v 10 5 -0.5
v -23 6 -0.5
v -23 5 -0.5
v -23 6 0.5
v -23 5 0.5
v 25 5 -1.5
v 25 4 -1.5
v 25 5 1.5
v 25 4 1.5
v 24 5 -1.5
v 24 5 1.5
v 24 4 1.5
v 24 4 -1.5
v 4 5 -1
v 4 5 1
v 4 4 1
v 4 4 -1
v 3 5 -1
v 3 4 -1
v 3 5 1
v 3 4 1
v 23 4 -1.5
v 23 4 1.5
v -6 3 1.5
v -6 3 -1.5
v -14 4 -1.5
v -14 4 1.5
v -14 3 1.5
v -14 3 -1.5
v 6 1 -2.5
v 6 0 -2.5
v 6 1 2.5
v 6 0 2.5
v 5 1 -2.5
v 5 1 2.5
v 5 0 2.5
v 5 0 -2.5
v 2 0 -1.5
v 2 0 1.5
v -2 1 -1.5
v -2 1 1.5
v -2 0 1.5
v -2 0 -1.5
v -12 1 -1.5
v -12 1 1.5
v -18 1 -0.5
v -18 0 -0.5
v -18 1 0.5
v -18 0 0.5
v -19 1 -0.5
v -19 1 0.5
v -19 0 0.5
v -19 0 -0.5
v -19 0 -1
v -19 0 1
v -21 1 -1
v -21 1 1
v -21 0 1
v -21 0 -1
v -6 0 -1.5
v -6 -1 -1.5
v -6 0 1.5
v -6 -1 1.5
v 1 -1 -1
v 1 -1 1
v 0 -1 -1
v 0 -1 1
v -1 -1 -1
v -1 -3 -1
v -1 -1 1
v -1 -3 1
v -2 -3 1
v -2 -3 -1
v 13 -4 -0.5
v 13 -5 -0.5
v 13 -4 0.5
v 13 -5 0.5
v 10 -5 0.5
v 10 -5 -0.5
v 5 5 -0.5
v 5 5 0.5
v 4 5 0.5
v 4 5 -0.5
v -1 6 -1
v -1 6 1
v -1 5 1
v -1 5 -1
v -6 6 -1
v -6 6 1
v 0 4 1
v 0 4 -1
v -2 5 -0.5
v -2 4 -0.5
v -2 5 0.5
v -2 4 0.5
v -3 5 -0.5
v -3 5 0.5
v -3 4 0.5
v -3 4 -0.5
v -4 5 -0.5
v -4 4 -0.5
v -4 5 0.5
v -4 4 0.5
v -5 5 -0.5
v -5 5 0.5
v -5 4 0.5
v -5 4 -0.5
v -18 4 -1.5
v -18 2 -1.5
v -18 4 1.5
v -18 2 1.5
v -19 4 -1.5
v -19 4 1.5
v -19 2 1.5
v -19 2 -1.5
v -19 3 -1.5
v -19 3 1.5
v -20 4 -1.5
v -20 4 1.5
v -20 3 1.5
v -20 3 -1.5
v -2 3 -1
v -2 2 -1
v -2 3 1
v -2 2 1
v -4 3 -1
v -4 3 1
v -4 2 1
v -4 2 -1
v -7 3 -1.5
v -7 3 1.5
v -7 2 1.5
v -7 2 -1.5
v -2 1 -1
v -2 0 -1
v -2 1 1
v -2 0 1
v -4 1 -1
v -4 1 1
v -4 0 1
v -4 0 -1
v -12 1 -1
v -12 1 1
v -13 1 -1
v -13 1 1
v -4 0 -1.5
v -4 -1 -1.5
v -4 0 1.5
v -4 -1 1.5
v 6 -1 -2.5
v 6 -2 -2.5
v 6 -1 2.5
v 6 -2 2.5
v 5 -1 -2.5
v 5 -1 2.5
v 5 -2 2.5
v 5 -2 -2.5
v 7 -2 -1.5
v 7 -2 1.5
v 5 -3 -1
v 5 -3 1
v 4 -3 -1
v 4 -3 1
v 7 -8 -1.5
v 7 -8 1.5
v 5 -8 -1
v 5 -8 1
v 4 -8 1
v 4 -8 -1
v 20 5 -1
v 20 5 1
v 19 5 -1
v 19 5 1
v 18 5 -1
v 18 5 1
v 18 5 -0.5
v 18 4 -0.5
v 18 5 0.5
v 18 4 0.5
v 17 5 -0.5
v 17 5 0.5
v 17 4 0.5
v 17 4 -0.5
v 14 5 -0.5
v 14 4 -0.5
v 14 5 0.5
v 14 4 0.5
v 13 5 -0.5
v 13 5 0.5
v 13 4 0.5
v 13 4 -0.5
v 12 5 -0.5
v 12 4 -0.5
v 12 5 0.5
v 12 4 0.5
v 11 4 0.5
v 11 4 -0.5
v 10 4 -0.5
v 10 4 0.5
v 9 5 -0.5
v 9 5 0.5
v 9 4 0.5
v 9 4 -0.5
v 8 5 -0.5
v 8 4 -0.5
v 8 5 0.5
v 8 4 0.5
v 7 5 -0.5
v 7 5 0.5
v 7 4 0.5
v 7 4 -0.5
v 4 3 -1
v 4 2 -1
v 4 3 1
v 4 2 1
v 0 3 -1
v 0 3 1
v 0 2 1
v 0 2 -1
v -15 3 -1.5
v -15 2 -1.5
v -15 3 1.5
v -15 2 1.5
v -16 3 -1.5
v -16 3 1.5
v -16 2 1.5
v -16 2 -1.5
v -6 2 -1
v -6 1 -1
v -6 2 1
v -6 1 1
v -21 1 -0.5
v -21 0 -0.5
v -21 1 0.5
v -21 0 0.5
v -22 1 -0.5
v -22 1 0.5
v -22 0 0.5
v -22 0 -0.5
v 13 -4 -1
v 13 -4 1
v 12 -3 -1
v 12 -3 1
v 12 -4 1
v 12 -4 -1
v -11 5 -1.5
v -11 5 1.5
v -11 4 1.5
v -11 4 -1.5
v -14 5 -1.5
v -14 5 1.5
v -19 5 -1.5
v -19 5 1.5
v -20 5 -1.5
v -20 5 1.5
v -25 5 -1.5
v -25 5 1.5
v -25 4 1.5
v -25 4 -1.5
v -6 4 -2
v -6 4 2
v -7 4 -2
v -7 4 2
v -7 3 2
v -7 3 -2
v -13 2 1.5
v -13 2 -1.5
v -11 5 -1
v -11 4 -1
v -11 5 1
v -11 4 1
v -12 5 -1
v -12 5 1
v -12 4 1
v -12 4 -1
v 15 4 -1.5
v 15 3 -1.5
v 15 4 1.5
v 15 3 1.5
v 16 3 -1.5
v 16 2 -1.5
v 16 3 1.5
v 16 2 1.5
v 15 2 1.5
v 15 2 -1.5
v 17 2 -1
v 17 1 -1
v 17 2 1
v 17 1 1
v 16 1 -0.5
v 16 1 0.5
v 16 0 0.5
v 16 0 -0.5
v -13 5 -1
v -13 4 -1
v -13 5 1
v -13 4 1
v -14 5 -1
v -14 5 1
v -14 4 1
v -14 4 -1
v -26 5 -1.5
v -26 5 1.5
v -26 4 1.5
v -26 4 -1.5
v -25 3 -1.5
v -25 2 -1.5
v -25 3 1.5
v -25 2 1.5
v -26 3 -1.5
v -26 3 1.5
v -26 2 1.5
v -26 2 -1.5
v -14 4 -2
v -14 3 -2
v -14 4 2
v -14 3 2
v -20 4 -2
v -20 3 -2
v -20 4 2
v -20 3 2
v -26 4 -2
v -26 4 2
v -26 3 2
v -26 3 -2
v -26 4 -1
v -26 3 -1
v -26 4 1
v -26 3 1
v -27 4 -1
v -27 4 1
v -27 3 1
v -27 3 -1
v -26 3 -0.5
v -26 2 -0.5
v -26 3 0.5
v -26 2 0.5
v -27 3 -0.5
v -27 3 0.5
v -27 2 0.5
v -27 2 -0.5
v -18 3 -1.5
v -18 3 1.5
v -24 2 -1.5
v -24 1 -1.5
v -24 2 1.5
v -24 1 1.5
v -25 1 1.5
v -25 1 -1.5
v 2 2 -2
v 2 2 2
v 1 0 -2
v 1 -1 -2
v 1 0 2
v 1 -1 2
v 1 -2 2
v 1 -2 -2
v -3 2 -2
v -3 2 2
v -3 1 2
v -3 1 -2
v 14 -4 -1
v 14 -4 1
v -4 1 2
v -4 1 -2
v -4 2 -2.5
v -4 1 -2.5
v -4 2 2.5
v -4 1 2.5
v -5 2 -2.5
v -5 2 2.5
v -5 1 2.5
v -5 1 -2.5
v 12 0 -1
v 12 0 1
v 11 1 -1
v 11 1 1
v 11 0 1
v 11 0 -1
v 7 1 -2.5
v 7 0 -2.5
v 7 1 2.5
v 7 0 2.5
v 4 1 -2.5
v 4 1 2.5
v 4 0 2.5
v 4 0 -2.5
v -13 1 -0.5
v -13 1 0.5
v -14 1 -0.5
v -14 1 0.5
v -17 1 -0.5
v -17 0 -0.5
v -17 1 0.5
v -17 0 0.5
v -23 1 -0.5
v -23 0 -0.5
v -23 1 0.5
v -23 0 0.5
v -24 1 -0.5
v -24 1 0.5
v -24 0 0.5
v -24 0 -0.5
v 12 -1 -1
v 12 -1 1
v 11 -1 1
v 11 -1 -1
v 7 -1 -2.5
v 7 -2 -2.5
v 7 -1 2.5
v 7 -2 2.5
v 4 -1 -2.5
v 4 -1 2.5
v 4 -2 2.5
v 4 -2 -2.5
v 15 -4 -0.5
v 15 -4 0.5
v 14 -4 0.5
v 14 -4 -0.5
v 4 -4 -1.5
v 4 -4 1.5
v 3 -4 -1.5
v 3 -4 1.5
v 5 -3 -1.5
v 5 -3 1.5

vn 1 0 0
vn 0 1 0
vn 0 -1 0
vn -1 0 0
vn 0 0 -1
vn 0 0 1

vt -19.68504 19.68504
vt 19.68504 19.68504
vt -19.68504 -19.68504
vt 0 NaN
vt 0 0
vt 0 NaN
vt 0 NaN
vt 0 NaN
vt 0 NaN
vt 0 NaN
vt 19.68504 -19.68504
vt 0 NaN
vt 0 NaN
vt 0 NaN
vt 0 NaN
vt 0 NaN
vt 0 NaN
vt 0 NaN
vt 0 NaN
vt 0 NaN
vt 0 NaN
vt 0 NaN
vt 0 NaN
vt 0 NaN
vt 0 NaN
vt 0 NaN
vt 0 NaN
vt 0 NaN
vt 0 NaN
vt 0 NaN
vt 0 NaN
vt 0 NaN
vt 0 NaN
vt 0 NaN
vt 0 NaN
vt 0 NaN
vt 0 NaN
vt 0 NaN
vt 0 NaN
vt 0 NaN
vt 0 NaN
vt 0 NaN
vt 0 NaN
vt 0 NaN
vt 0 NaN
vt 0 NaN
vt 0 NaN
vt 0 NaN
vt 0 NaN
vt 0 NaN
vt 0 NaN
vt 0 NaN
vt 0 NaN
vt 0 NaN
vt 0 NaN
vt 0 NaN
vt 0 NaN
vt 0 NaN
vt 0 NaN
vt 0 NaN
vt 0 NaN
vt 0 NaN
vt 0 NaN
vt 0 NaN
vt 0 NaN
vt 0 NaN
vt 0 NaN
vt 0 NaN
vt 0 NaN
vt 0 NaN
vt 0 NaN
vt 0 NaN
vt 0 NaN
vt 0 NaN
vt 0 NaN
vt 0 NaN
vt 0 NaN
vt 0 NaN
vt 0 NaN
vt 0 NaN
vt 0 NaN
vt 0 NaN
vt 0 NaN
vt 0 NaN
vt 0 NaN
vt 0 NaN
vt 0 NaN
vt 0 NaN
vt 0 NaN
vt 0 NaN
vt 0 NaN
vt 0 NaN
vt 0 NaN
vt 0 NaN
vt 0 NaN
vt 0 NaN
vt 0 NaN
vt 0 NaN
vt 0 NaN
vt 0 NaN
vt 0 NaN
vt 0 NaN
vt 0 NaN
vt 0 NaN
vt 0 NaN
vt 0 NaN
vt 0 NaN
vt 0 NaN
vt 0 NaN
vt 0 NaN
vt 0 NaN
vt 0 NaN
vt 0 NaN
vt 0 NaN
vt 0 NaN
vt 0 NaN
vt 0 NaN
vt 0 NaN
vt 0 NaN
vt 0 NaN
vt 0 NaN
vt 0 NaN
vt 0 NaN
vt 0 NaN
vt 0 NaN
vt 0 NaN
vt 0 NaN
vt 0 NaN
vt 0 NaN
vt 0 NaN
vt 0 NaN
vt 0 NaN
vt 0 NaN
vt 0 NaN
vt 0 NaN
vt 0 NaN
vt 0 NaN
vt 0 NaN
vt 0 NaN
vt 0 NaN
vt 0 NaN
vt 0 NaN
vt 0 NaN
vt 0 NaN
vt 0 NaN
vt 0 NaN
vt 0 NaN
vt 0 NaN
vt 0 NaN
vt 0 NaN
vt 0 NaN
vt 0 NaN
vt 0 NaN
vt 0 NaN
vt 0 NaN
vt 0 NaN
vt 0 NaN
vt 0 NaN
vt 0 NaN
vt 0 NaN
vt 0 NaN
vt 0 NaN
vt 0 NaN
vt 0 NaN
vt 0 NaN
vt 0 NaN
vt 0 NaN
vt 0 NaN
vt 0 NaN
vt 0 NaN
vt 0 NaN
vt 0 NaN
vt 0 NaN
vt 0 NaN
vt 0 NaN
vt 0 NaN
vt 0 NaN
vt 0 NaN
vt 0 NaN
vt 0 NaN
vt 0 NaN
vt 0 NaN
vt 0 NaN
vt 0 NaN
vt 0 NaN
vt 0 NaN
vt 0 NaN
vt 0 NaN
vt 0 NaN
vt 0 NaN
vt 0 NaN
vt 0 NaN
vt 0 NaN
vt 0 NaN
vt 0 NaN
vt 0 NaN
vt 0 NaN
vt 0 NaN
vt 0 NaN
vt 0 NaN
vt 0 NaN
vt 0 NaN
vt 0 NaN
vt 0 NaN
vt 0 NaN
vt 0 NaN
vt 0 NaN
vt 0 NaN
vt 0 NaN
vt 0 NaN
vt 0 NaN
vt 0 NaN
vt 0 NaN
vt 0 NaN
vt 0 NaN
vt 0 NaN
vt 0 NaN
vt 0 NaN
vt 0 NaN
vt 0 NaN
vt 0 NaN
vt 0 NaN
vt 0 NaN
vt 0 NaN
vt 0 NaN
vt 0 NaN
vt 0 NaN
vt 0 NaN
vt 0 NaN
vt 0 NaN
vt 0 NaN
vt 0 NaN
vt 0 NaN
vt 0 NaN
vt 0 NaN
vt 0 NaN
vt 0 NaN
vt 0 NaN
vt 0 NaN
vt 0 NaN
vt 0 NaN
vt 0 NaN
vt 0 NaN
vt 0 NaN
vt 0 NaN
vt 0 NaN
vt 0 NaN
vt 0 NaN
vt 0 NaN
vt 0 NaN
vt 0 NaN
vt 0 NaN
vt 0 NaN
vt 0 NaN
vt 0 NaN
vt 0 NaN
vt 0 NaN
vt 0 NaN
vt 0 NaN
vt 0 NaN
vt 0 NaN
vt 0 NaN
vt 0 NaN
vt 0 NaN
vt 0 NaN
vt 0 NaN
vt 0 NaN
vt 0 NaN
vt 0 NaN
vt 0 NaN
vt 0 NaN
vt 0 NaN
vt 0 NaN
vt 0 NaN
vt 0 NaN
vt 0 NaN
vt 0 NaN
vt 0 NaN
vt 0 NaN
vt 0 NaN
vt 0 NaN
vt 0 NaN
vt 0 NaN
vt 0 NaN
vt 0 NaN
vt 0 NaN
vt 0 NaN
vt 0 NaN
vt 0 NaN
vt 0 NaN
vt 0 NaN
vt 0 NaN
vt 0 NaN
vt 0 NaN
vt 0 NaN
vt 0 NaN
vt 0 NaN
vt 0 NaN
vt 0 NaN
vt 0 NaN
vt 0 NaN
vt 0 NaN
vt 0 NaN
vt 0 NaN
vt 0 NaN
vt 0 NaN
vt 0 NaN
vt 0 NaN
vt 0 NaN
vt 0 NaN
vt 0 NaN
vt 0 NaN
vt 0 NaN
vt 0 NaN
vt 0 NaN
vt 0 NaN
vt 0 NaN
vt 0 NaN
vt 0 NaN
vt 0 NaN
vt 0 NaN
vt 0 NaN
vt 0 NaN
vt 0 NaN
vt 0 NaN
vt 0 NaN
vt 0 NaN
vt 0 NaN
vt 0 NaN
vt 0 NaN
vt 0 NaN
vt 0 NaN
vt 0 NaN
vt 0 NaN
vt 0 NaN
vt 0 NaN
vt 0 NaN
vt 0 NaN
vt 0 NaN
vt 0 NaN
vt 0 NaN
vt 0 NaN
vt 0 NaN
vt 0 NaN
vt 0 NaN
vt 0 NaN
vt 0 NaN
vt 0 NaN
vt 0 NaN
vt 0 NaN
vt 0 NaN
vt 0 NaN
vt 0 NaN
vt 0 NaN
vt 0 NaN
vt 0 NaN
vt 0 NaN
vt 0 NaN
vt 0 NaN
vt 0 NaN
vt 0 NaN
vt 0 NaN
vt 0 NaN
vt 0 NaN
vt 0 NaN
vt 0 NaN
vt 0 NaN
vt 0 NaN
vt 0 NaN
vt 0 NaN
vt 0 NaN
vt 0 NaN
vt 0 NaN
vt 0 NaN
vt 0 NaN
vt 0 NaN
vt 0 NaN
vt 0 NaN
vt 0 NaN
vt 0 NaN
vt 0 NaN
vt 0 NaN
vt 0 NaN
vt 0 NaN
vt 0 NaN
vt 0 NaN
vt 0 NaN
vt 0 NaN
vt 0 NaN
vt 0 NaN
vt 0 NaN
vt 0 NaN
vt 0 NaN
vt 0 NaN
vt 0 NaN
vt 0 NaN
vt 0 NaN
vt 0 NaN
vt 0 NaN
vt 0 NaN
vt 0 NaN
vt 0 NaN
vt 0 NaN
vt 0 NaN
vt 0 NaN
vt 0 NaN
vt 0 NaN
vt 0 NaN
vt 0 NaN
vt 0 NaN
vt 0 NaN
vt 0 NaN
vt 0 NaN
vt 0 NaN
vt 0 NaN
vt 0 NaN
vt 0 NaN
vt 0 NaN
vt 0 NaN
vt 0 NaN
vt 0 NaN
vt 0 NaN
vt 0 NaN
vt 0 NaN
vt 0 NaN
vt 0 NaN
vt 0 NaN
vt 0 NaN
vt 0 NaN
vt 0 NaN
vt 0 NaN
vt 0 NaN
vt 0 NaN
vt 0 NaN
vt 0 NaN
vt 0 NaN
vt 0 NaN
vt 0 NaN
vt 0 NaN
vt 0 NaN
vt 0 NaN
vt 0 NaN
vt 0 NaN
vt 0 NaN
vt 0 NaN
vt 0 NaN
vt 0 NaN
vt 0 NaN
vt 0 NaN
vt 0 NaN
vt 0 NaN
vt 0 NaN
vt 0 NaN
vt 0 NaN
vt 0 NaN
vt 0 NaN
vt 0 NaN
vt 0 NaN
vt 0 NaN
vt 0 NaN
vt 0 NaN
vt 0 NaN
vt 0 NaN
vt 0 NaN
vt 0 NaN
vt 0 NaN
vt 0 NaN
vt 0 NaN
vt 0 NaN
vt 0 NaN
vt 0 NaN
vt 0 NaN
vt 0 NaN
vt 0 NaN
vt 0 NaN
vt 0 NaN
vt 0 NaN
vt 0 NaN
vt 0 NaN
vt 0 NaN
vt 0 NaN
vt 0 NaN
vt 0 NaN
vt 0 NaN
vt 0 NaN
vt 0 NaN
vt 0 NaN
vt 0 NaN
vt 0 NaN
vt 0 NaN
vt 0 NaN
vt 0 NaN
vt 0 NaN
vt 0 NaN
vt 0 NaN
vt 0 NaN
vt 0 NaN
vt 0 NaN
vt 0 NaN
vt 0 NaN
vt 0 NaN
vt 0 NaN
vt 0 NaN
vt 0 NaN
vt 0 NaN
vt 0 NaN
vt 0 NaN
vt 0 NaN
vt 0 NaN
vt 0 NaN
vt 0 NaN
vt 0 NaN
vt 0 NaN
vt 0 NaN
vt 0 NaN
vt 0 NaN
vt 0 NaN
vt 0 NaN
vt 0 NaN
vt 0 NaN
vt 0 NaN
vt 0 NaN
vt 0 NaN
vt 0 NaN
vt 0 NaN
vt 0 NaN
vt 0 NaN
vt 0 NaN
vt 0 NaN
vt 0 NaN
vt 0 NaN
vt 0 NaN
vt 0 NaN
vt 0 NaN
vt 0 NaN
vt 0 NaN
vt 0 NaN
vt 0 NaN
vt 0 NaN
vt 0 NaN
vt 0 NaN
vt 0 NaN
vt 0 NaN
vt 0 NaN
vt 0 NaN
vt 0 NaN
vt 0 NaN
vt 0 NaN
vt 0 NaN
vt 0 NaN
vt 0 NaN
vt 0 NaN
vt 0 NaN
vt 0 NaN
vt 0 NaN
vt 0 NaN
vt 0 NaN
vt 0 NaN
vt 0 NaN
vt 0 NaN
vt 0 NaN
vt 0 NaN
vt 0 NaN
vt 0 NaN
vt 0 NaN
vt 0 NaN
vt 0 NaN
vt 0 NaN
vt 0 NaN
vt 0 NaN
vt 0 NaN
vt 0 NaN
vt 0 NaN
vt 0 NaN
vt 0 NaN
vt 0 NaN
vt 0 NaN
vt 0 NaN
vt 0 NaN
vt 0 NaN
vt 0 NaN
vt 0 NaN
vt 0 NaN
vt 0 NaN
vt 0 NaN
vt 0 NaN
vt 0 NaN
vt 0 NaN
vt 0 NaN
vt 0 NaN
vt 0 NaN
vt 0 NaN
vt 0 NaN
vt 0 NaN
vt 0 NaN
vt 0 NaN
vt 0 NaN
vt 0 NaN
vt 0 NaN
vt 0 NaN
vt 0 NaN
vt 0 NaN
vt 0 NaN
vt 0 NaN
vt 0 NaN
vt 0 NaN
vt 0 NaN
vt 0 NaN
vt 0 NaN
vt 0 NaN
vt 0 NaN
vt 0 NaN
vt 0 NaN
vt 0 NaN
vt 0 NaN
vt 0 NaN
vt 0 NaN
vt 0 NaN
vt 0 NaN
vt 0 NaN
vt 0 NaN
vt 0 NaN
vt 0 NaN
vt 0 NaN
vt 0 NaN
vt 0 NaN
vt 0 NaN
vt 0 NaN
vt 0 NaN
vt 0 NaN
vt 0 NaN
vt 0 NaN
vt 0 NaN
vt 0 NaN
vt 0 NaN
vt 0 NaN
vt 0 NaN
vt 0 NaN
vt 0 NaN
vt 0 NaN
vt 0 NaN
vt 0 NaN
vt 0 NaN
vt 0 NaN
vt 0 NaN
vt 0 NaN
vt 0 NaN
vt 0 NaN
vt 0 NaN
vt 0 NaN
vt 0 NaN
vt 0 NaN
vt 0 NaN
vt 0 NaN
vt 0 NaN
vt 0 NaN
vt 0 NaN
vt 0 NaN
vt 0 NaN
vt 0 NaN
vt 0 NaN
vt 0 NaN
vt 0 NaN
vt 0 NaN
vt 0 NaN
vt 0 NaN
vt 0 NaN
vt 0 NaN
vt 0 NaN
vt 0 NaN
vt 0 NaN
vt 0 NaN
vt 0 NaN
vt 0 NaN
vt 0 NaN
vt 0 NaN
vt 0 NaN
vt 0 NaN
vt 0 NaN
vt 0 NaN
vt 0 NaN
vt 0 NaN
vt 0 NaN
vt 0 NaN
vt 0 NaN
vt 0 NaN
vt 0 NaN
vt 0 NaN
vt 0 NaN
vt 0 NaN
vt 0 NaN
vt 0 NaN
vt 0 NaN
vt 0 NaN
vt 0 NaN
vt 0 NaN
vt 0 NaN
vt 0 NaN
vt 0 NaN
vt 0 NaN
vt 0 NaN
vt 0 NaN
vt 0 NaN
vt 0 NaN
vt 0 NaN
vt 0 NaN
vt 0 NaN
vt 0 NaN
vt 0 NaN
vt 0 NaN
vt 0 NaN
vt 0 NaN
vt 0 NaN
vt 0 NaN
vt 0 NaN
vt 0 NaN
vt 0 NaN
vt 0 NaN
vt 0 NaN
vt 0 NaN
vt 0 NaN
vt 0 NaN
vt 0 NaN
vt 0 NaN
vt 0 NaN
vt 0 NaN
vt 0 NaN
vt 0 NaN
vt 0 NaN
vt 0 NaN
vt 0 NaN
vt 0 NaN
vt 0 NaN
vt 0 NaN
vt 0 NaN
vt 0 NaN
vt 0 NaN
vt 0 NaN
vt 0 NaN
vt 0 NaN
vt 0 NaN
vt 0 NaN
vt 0 NaN
vt 0 NaN
vt 0 NaN
vt 0 NaN
vt 0 NaN
vt 0 NaN
vt 0 NaN
vt 0 NaN
vt 0 NaN
vt 0 NaN
vt 0 NaN
vt 0 NaN
vt 0 NaN
vt 0 NaN
vt 0 NaN
vt 0 NaN
vt 0 NaN
vt 0 NaN
vt 0 NaN
vt 0 NaN
vt 0 NaN
vt 0 NaN
vt 0 NaN
vt 0 NaN
vt 0 NaN
vt 0 NaN
vt 0 NaN
vt 0 NaN
vt 0 NaN
vt 0 NaN
vt 0 NaN
vt 0 NaN
vt 0 NaN
vt 0 NaN
vt 0 NaN
vt 0 NaN
vt 0 NaN
vt 0 NaN
vt 0 NaN
vt 0 NaN
vt 0 NaN
vt 0 NaN
vt 0 NaN
vt 0 NaN
vt 0 NaN
vt 0 NaN
vt 0 NaN
vt 0 NaN
vt 0 NaN
vt 0 NaN
vt 0 NaN
vt 0 NaN
vt 0 NaN
vt 0 NaN
vt 0 NaN
vt 0 NaN
vt 0 NaN
vt 0 NaN
vt 0 NaN
vt 0 NaN
vt 0 NaN
vt 0 NaN
vt 0 NaN
vt 0 NaN
vt 0 NaN
vt 0 NaN
vt 0 NaN
vt 0 NaN
vt 0 NaN
vt 0 NaN
vt 0 NaN
vt 0 NaN
vt 0 NaN
vt 0 NaN
vt 0 NaN
vt 0 NaN
vt 0 NaN
vt 0 NaN
vt 0 NaN
vt 0 NaN
vt 0 NaN
vt 0 NaN
vt 0 NaN
vt 0 NaN
vt 0 NaN
vt 0 NaN
vt 0 NaN
vt 0 NaN
vt 0 NaN
vt 0 NaN
vt 0 NaN
vt 0 NaN
vt 0 NaN
vt 0 NaN
vt 0 NaN
vt 0 NaN
vt 0 NaN
vt 0 NaN
vt 0 NaN
vt 0 NaN
vt 0 NaN
vt 0 NaN
vt 0 NaN
vt 0 NaN
vt 0 NaN
vt 0 NaN
vt 0 NaN
vt 0 NaN
vt 0 NaN
vt 0 NaN
vt 0 NaN
vt 0 NaN
vt 0 NaN
vt 0 NaN
vt 0 NaN
vt 0 NaN
vt 0 NaN
vt 0 NaN
vt 0 NaN
vt 0 NaN
vt 0 NaN
vt 0 NaN
vt 0 NaN
vt 0 NaN
vt 0 NaN
vt 0 NaN
vt 0 NaN
vt 0 NaN
vt 0 NaN
vt 0 NaN
vt 0 NaN
vt 0 NaN
vt 0 NaN
vt 0 NaN
vt 0 NaN
vt 0 NaN
vt 0 NaN
vt 0 NaN
vt 0 NaN
vt 0 NaN
vt 0 NaN
vt 0 NaN
vt 0 NaN
vt 0 NaN
vt 0 NaN
vt 0 NaN
vt 0 NaN
vt 0 NaN
vt 0 NaN
vt 0 NaN
vt 0 NaN
vt 0 NaN
vt 0 NaN
vt 0 NaN
vt 0 NaN
vt 0 NaN
vt 0 NaN
vt 0 NaN
vt 0 NaN
vt 0 NaN
vt 0 NaN
vt 0 NaN
vt 0 NaN
vt 0 NaN
vt 0 NaN
vt 0 NaN
vt 0 NaN
vt 0 NaN
vt 0 NaN
vt 0 NaN
vt 0 NaN
vt 0 NaN
vt 0 NaN
vt 0 NaN
vt 0 NaN
vt 0 NaN
vt 0 NaN
vt 0 NaN
vt 0 NaN
vt 0 NaN
vt 0 NaN
vt 0 NaN
vt 0 NaN
vt 0 NaN
vt 0 NaN
vt 0 NaN
vt 0 NaN
vt 0 NaN
vt 0 NaN
vt 0 NaN
vt 0 NaN
vt 0 NaN
vt 0 NaN
vt 0 NaN
vt 0 NaN
vt 0 NaN
vt 0 NaN
vt 0 NaN
vt 0 NaN
vt 0 NaN
vt 0 NaN
vt 0 NaN
vt 0 NaN
vt 0 NaN
vt 0 NaN
vt 0 NaN
vt 0 NaN
vt 0 NaN
vt 0 NaN
vt 0 NaN
vt 0 NaN
vt 0 NaN
vt 0 NaN
vt 0 NaN
vt 0 NaN
vt 0 NaN
vt 0 NaN
vt 0 NaN
vt 0 NaN
vt 0 NaN
vt 0 NaN
vt 0 NaN
vt 0 NaN
vt 0 NaN
vt 0 NaN
vt 0 NaN
vt 0 NaN
vt 0 NaN
vt 0 NaN
vt 0 NaN
vt 0 NaN
vt 0 NaN
vt 0 NaN
vt 0 NaN
vt 0 NaN
vt 0 NaN
vt 0 NaN
vt 0 NaN
vt 0 NaN
vt 0 NaN
vt 0 NaN
vt 0 NaN
vt 0 NaN
vt 0 NaN
vt 0 NaN
vt 0 NaN
vt 0 NaN
vt 0 NaN
vt 0 NaN
vt 0 NaN
vt 0 NaN
vt 0 NaN
vt 0 NaN
vt 0 NaN
vt 0 NaN
vt 0 NaN
vt 0 NaN
vt 0 NaN
vt 0 NaN
vt 0 NaN
vt 0 NaN
vt 0 NaN
vt 0 NaN
vt 0 NaN
vt 0 NaN
vt 0 NaN
vt 0 NaN
vt 0 NaN
vt 0 NaN
vt 0 NaN
vt 0 NaN
vt 0 NaN
vt 0 NaN
vt 0 NaN
vt 0 NaN
vt 0 NaN
vt 0 NaN
vt 0 NaN
vt 0 NaN
vt 0 NaN
vt 0 NaN
vt 0 NaN
vt 0 NaN
vt 0 NaN
vt 0 NaN
vt 0 NaN
vt 0 NaN
vt 0 NaN
vt 0 NaN
vt 0 NaN
vt 0 NaN
vt 0 NaN
vt 0 NaN
vt 0 NaN
vt 0 NaN
vt 0 NaN
vt 0 NaN
vt 0 NaN
vt 0 NaN
vt 0 NaN
vt 0 NaN
vt 0 NaN
vt 0 NaN
vt 0 NaN
vt 0 NaN
vt 0 NaN
vt 0 NaN
vt 0 NaN
vt 0 NaN
vt 0 NaN
vt 0 NaN
vt 0 NaN
vt 0 NaN
vt 0 NaN
vt 0 NaN
vt 0 NaN
vt 0 NaN
vt 0 NaN
vt 0 NaN
vt 0 NaN
vt 0 NaN
vt 0 NaN
vt 0 NaN
vt 0 NaN
vt 0 NaN
vt 0 NaN
vt 0 NaN
vt 0 NaN
vt 0 NaN
vt 0 NaN
vt 0 NaN
vt 0 NaN
vt 0 NaN
vt 0 NaN
vt 0 NaN
vt 0 NaN
vt 0 NaN
vt 0 NaN
vt 0 NaN
vt 0 NaN
vt 0 NaN
vt 0 NaN
vt 0 NaN
vt 0 NaN
vt 0 NaN
vt 0 NaN
vt 0 NaN
vt 0 NaN
vt 0 NaN
vt 0 NaN
vt 0 NaN
vt 0 NaN
vt 0 NaN
vt 0 NaN
vt 0 NaN
vt 0 NaN
vt 0 NaN
vt 0 NaN
vt 0 NaN
vt 0 NaN
vt 0 NaN
vt 0 NaN
vt 0 NaN
vt 0 NaN
vt 0 NaN
vt 0 NaN
vt 0 NaN
vt 0 NaN
vt 0 NaN
vt 0 NaN
vt 0 NaN
vt 0 NaN
vt 0 NaN
vt 0 NaN
vt 0 NaN
vt 0 NaN
vt 0 NaN
vt 0 NaN
vt 0 NaN
vt 0 NaN
vt 0 NaN
vt 0 NaN
vt 0 NaN
vt 0 NaN
vt 0 NaN
vt 0 NaN
vt 0 NaN
vt 0 NaN
vt 0 NaN
vt 0 NaN
vt 0 NaN
vt 0 NaN
vt 0 NaN
vt 0 NaN
vt 0 NaN
vt 0 NaN
vt 0 NaN
vt 0 NaN
vt 0 NaN
vt 0 NaN
vt 0 NaN
vt 0 NaN
vt 0 NaN
vt 0 NaN
vt 0 NaN
vt 0 NaN
vt 0 NaN
vt 0 NaN
vt 0 NaN
vt 0 NaN
vt 0 NaN
vt 0 NaN
vt 0 NaN
vt 0 NaN
vt 0 NaN
vt 0 NaN
vt 0 NaN
vt 0 NaN
vt 0 NaN
vt 0 NaN
vt 0 NaN
vt 0 NaN
vt 0 NaN
vt 0 NaN
vt 0 NaN
vt 0 NaN
vt 0 NaN
vt 0 NaN
vt 0 NaN
vt 0 NaN
vt 0 NaN
vt 0 NaN
vt 0 NaN
vt 0 NaN
vt 0 NaN
vt 0 NaN
vt 0 NaN
vt 0 NaN
vt 0 NaN
vt 0 NaN
vt 0 NaN
vt 0 NaN
vt 0 NaN
vt 0 NaN
vt 0 NaN
vt 0 NaN
vt 0 NaN
vt 0 NaN
vt 0 NaN
vt 0 NaN
vt 0 NaN
vt 0 NaN
vt 0 NaN
vt 0 NaN
vt 0 NaN
vt 0 NaN
vt 0 NaN
vt 0 NaN
vt 0 NaN
vt 0 NaN
vt 0 NaN
vt 0 NaN
vt 0 NaN
vt 0 NaN
vt 0 NaN
vt 0 NaN
vt 0 NaN
vt 0 NaN
vt 0 NaN
vt 0 NaN
vt 0 NaN
vt 0 NaN
vt 0 NaN
vt 0 NaN
vt 0 NaN
vt 0 NaN
vt 0 NaN
vt 0 NaN
vt 0 NaN
vt 0 NaN
vt 0 NaN
vt 0 NaN
vt 0 NaN
vt 0 NaN
vt 0 NaN
vt 0 NaN
vt 0 NaN
vt 0 NaN
vt 0 NaN
vt 0 NaN
vt 0 NaN
vt 0 NaN
vt 0 NaN
vt 0 NaN
vt 0 NaN
vt 0 NaN
vt 0 NaN
vt 0 NaN
vt 0 NaN
vt 0 NaN
vt 0 NaN
vt 0 NaN
vt 0 NaN
vt 0 NaN
vt 0 NaN
vt 0 NaN
vt 0 NaN
vt 0 NaN
vt 0 NaN
vt 0 NaN
vt 0 NaN
vt 0 NaN
vt 0 NaN
vt 0 NaN
vt 0 NaN
vt 0 NaN
vt 0 NaN
vt 0 NaN
vt 0 NaN
vt 0 NaN
vt 0 NaN
vt 0 NaN
vt 0 NaN
vt 0 NaN
vt 0 NaN
vt 0 NaN
vt 0 NaN
vt 0 NaN
vt 0 NaN
vt 0 NaN
vt 0 NaN
vt 0 NaN

usemtl color21

f 3/3/1 2/2/1 1/1/1
f 2/3/1 3/2/1 4/1/1
f 5/3/2 3/2/2 1/1/2
f 3/3/2 5/2/2 6/1/2
f 7/5/3 2/5/3 4/4/3
f 2/5/3 7/5/3 8/6/3
f 7/5/4 5/5/4 8/7/4
f 5/5/4 7/5/4 6/8/4
f 5/5/5 2/5/5 8/9/5
f 2/5/5 5/5/5 1/10/5
f 3/2/6 7/3/6 4/11/6
f 7/3/6 3/2/6 6/1/6
f 11/3/1 10/2/1 9/1/1
f 10/3/1 11/2/1 12/1/1
f 13/3/2 11/2/2 9/1/2
f 11/3/2 13/2/2 14/1/2
f 15/5/3 10/5/3 12/12/3
f 10/5/3 15/5/3 16/13/3
f 15/5/4 13/5/4 16/14/4
f 13/5/4 15/5/4 14/15/4
f 13/5/5 10/5/5 16/16/5
f 10/5/5 13/5/5 9/17/5
f 11/2/6 15/3/6 12/11/6
f 15/3/6 11/2/6 14/1/6
f 3/3/1 2/2/1 1/1/1
f 2/3/1 3/2/1 4/1/1
f 17/3/2 3/2/2 1/1/2
f 3/3/2 17/2/2 18/1/2
f 19/5/3 2/5/3 4/4/3
f 2/5/3 19/5/3 20/18/3
f 19/5/4 17/5/4 20/19/4
f 17/5/4 19/5/4 18/20/4
f 17/5/5 2/5/5 20/21/5
f 2/5/5 17/5/5 1/10/5
f 3/2/6 19/3/6 4/11/6
f 19/3/6 3/2/6 18/1/6

usemtl color19

f 6/3/1 8/2/1 5/1/1
f 8/3/1 6/2/1 7/1/1
f 21/3/2 6/2/2 5/1/2
f 6/3/2 21/2/2 22/1/2
f 23/5/3 8/6/3 7/5/3
f 8/6/3 23/5/3 24/22/3
f 23/5/4 21/5/4 24/23/4
f 21/5/4 23/5/4 22/24/4
f 21/5/5 8/9/5 24/25/5
f 8/9/5 21/5/5 5/5/5
f 6/2/6 23/3/6 7/11/6
f 23/3/6 6/2/6 22/1/6
f 14/3/1 16/2/1 13/1/1
f 16/3/1 14/2/1 15/1/1
f 25/3/2 14/2/2 13/1/2
f 14/3/2 25/2/2 26/1/2
f 27/5/3 16/13/3 15/5/3
f 16/13/3 27/5/3 28/26/3
f 27/5/4 25/5/4 28/27/4
f 25/5/4 27/5/4 26/28/4
f 25/5/5 16/16/5 28/29/5
f 16/16/5 25/5/5 13/5/5
f 14/2/6 27/3/6 15/11/6
f 27/3/6 14/2/6 26/1/6
f 31/3/1 30/2/1 29/1/1
f 30/3/1 31/2/1 32/1/1
f 33/3/2 31/2/2 29/1/2
f 31/3/2 33/2/2 34/1/2
f 35/5/3 30/5/3 32/30/3
f 30/5/3 35/5/3 36/31/3
f 35/5/4 33/5/4 36/32/4
f 33/5/4 35/5/4 34/33/4
f 33/5/5 30/5/5 36/34/5
f 30/5/5 33/5/5 29/35/5
f 31/2/6 35/3/6 32/11/6
f 35/3/6 31/2/6 34/1/6
f 39/3/1 38/2/1 37/1/1
f 38/3/1 39/2/1 40/1/1
f 41/3/2 39/2/2 37/1/2
f 39/3/2 41/2/2 42/1/2
f 43/5/3 38/5/3 40/36/3
f 38/5/3 43/5/3 44/37/3
f 43/5/4 41/5/4 44/38/4
f 41/5/4 43/5/4 42/39/4
f 41/5/5 38/5/5 44/40/5
f 38/5/5 41/5/5 37/41/5
f 39/2/6 43/3/6 40/11/6
f 43/3/6 39/2/6 42/1/6
f 47/3/1 46/2/1 45/1/1
f 46/3/1 47/2/1 48/1/1
f 49/3/2 47/2/2 45/1/2
f 47/3/2 49/2/2 50/1/2
f 51/5/3 46/5/3 48/42/3
f 46/5/3 51/5/3 52/43/3
f 51/5/4 49/5/4 52/44/4
f 49/5/4 51/5/4 50/45/4
f 49/5/5 46/5/5 52/46/5
f 46/5/5 49/5/5 45/47/5
f 47/2/6 51/3/6 48/11/6
f 51/3/6 47/2/6 50/1/6
f 55/3/1 54/2/1 53/1/1
f 54/3/1 55/2/1 56/1/1
f 57/3/2 55/2/2 53/1/2
f 55/3/2 57/2/2 58/1/2
f 59/5/3 54/5/3 56/48/3
f 54/5/3 59/5/3 60/49/3
f 59/5/4 57/5/4 60/50/4
f 57/5/4 59/5/4 58/51/4
f 57/5/5 54/5/5 60/52/5
f 54/5/5 57/5/5 53/53/5
f 55/2/6 59/3/6 56/11/6
f 59/3/6 55/2/6 58/1/6
f 63/3/1 62/2/1 61/1/1
f 62/3/1 63/2/1 64/1/1
f 65/3/2 63/2/2 61/1/2
f 63/3/2 65/2/2 66/1/2
f 67/5/3 62/5/3 64/54/3
f 62/5/3 67/5/3 68/55/3
f 67/5/4 65/5/4 68/56/4
f 65/5/4 67/5/4 66/57/4
f 65/5/5 62/5/5 68/58/5
f 62/5/5 65/5/5 61/59/5
f 63/2/6 67/3/6 64/11/6
f 67/3/6 63/2/6 66/1/6
f 71/3/1 70/2/1 69/1/1
f 70/3/1 71/2/1 72/1/1
f 73/3/2 71/2/2 69/1/2
f 71/3/2 73/2/2 74/1/2
f 75/5/3 70/5/3 72/60/3
f 70/5/3 75/5/3 76/61/3
f 75/5/4 73/5/4 76/62/4
f 73/5/4 75/5/4 74/63/4
f 73/5/5 70/5/5 76/64/5
f 70/5/5 73/5/5 69/65/5
f 71/2/6 75/3/6 72/11/6
f 75/3/6 71/2/6 74/1/6
f 79/3/1 78/2/1 77/1/1
f 78/3/1 79/2/1 80/1/1
f 81/3/2 79/2/2 77/1/2
f 79/3/2 81/2/2 82/1/2
f 83/5/3 78/5/3 80/66/3
f 78/5/3 83/5/3 84/67/3
f 83/5/4 81/5/4 84/68/4
f 81/5/4 83/5/4 82/69/4
f 81/5/5 78/5/5 84/70/5
f 78/5/5 81/5/5 77/71/5
f 79/2/6 83/3/6 80/11/6
f 83/3/6 79/2/6 82/1/6
f 87/3/1 86/2/1 85/1/1
f 86/3/1 87/2/1 88/1/1
f 89/3/2 87/2/2 85/1/2
f 87/3/2 89/2/2 90/1/2
f 91/5/3 86/5/3 88/72/3
f 86/5/3 91/5/3 92/73/3
f 91/5/4 89/5/4 92/74/4
f 89/5/4 91/5/4 90/75/4
f 89/5/5 86/5/5 92/76/5
f 86/5/5 89/5/5 85/77/5
f 87/2/6 91/3/6 88/11/6
f 91/3/6 87/2/6 90/1/6
f 95/3/1 94/2/1 93/1/1
f 94/3/1 95/2/1 96/1/1
f 86/3/2 95/2/2 93/1/2
f 95/3/2 86/2/2 88/1/2
f 97/5/3 94/5/3 96/78/3
f 94/5/3 97/5/3 98/79/3
f 97/5/4 86/5/4 98/80/4
f 86/5/4 97/5/4 88/81/4
f 86/5/5 94/5/5 98/82/5
f 94/5/5 86/5/5 93/83/5
f 95/2/6 97/3/6 96/11/6
f 97/3/6 95/2/6 88/1/6
f 101/3/1 100/2/1 99/1/1
f 100/3/1 101/2/1 102/1/1
f 103/3/2 101/2/2 99/1/2
f 101/3/2 103/2/2 104/1/2
f 105/5/3 100/5/3 102/84/3
f 100/5/3 105/5/3 106/85/3
f 105/5/4 103/5/4 106/86/4
f 103/5/4 105/5/4 104/87/4
f 103/5/5 100/5/5 106/88/5
f 100/5/5 103/5/5 99/89/5
f 101/2/6 105/3/6 102/11/6
f 105/3/6 101/2/6 104/1/6
f 109/3/1 108/2/1 107/1/1
f 108/3/1 109/2/1 110/1/1
f 111/3/2 109/2/2 107/1/2
f 109/3/2 111/2/2 112/1/2
f 113/5/3 108/5/3 110/90/3
f 108/5/3 113/5/3 114/91/3
f 113/5/4 111/5/4 114/92/4
f 111/5/4 113/5/4 112/93/4
f 111/5/5 108/5/5 114/94/5
f 108/5/5 111/5/5 107/95/5
f 109/2/6 113/3/6 110/11/6
f 113/3/6 109/2/6 112/1/6
f 117/3/1 116/2/1 115/1/1
f 116/3/1 117/2/1 118/1/1
f 119/3/2 117/2/2 115/1/2
f 117/3/2 119/2/2 120/1/2
f 121/5/3 116/5/3 118/96/3
f 116/5/3 121/5/3 122/97/3
f 121/5/4 119/5/4 122/98/4
f 119/5/4 121/5/4 120/99/4
f 119/5/5 116/5/5 122/100/5
f 116/5/5 119/5/5 115/101/5
f 117/2/6 121/3/6 118/11/6
f 121/3/6 117/2/6 120/1/6
f 125/3/1 124/2/1 123/1/1
f 124/3/1 125/2/1 126/1/1
f 127/3/2 125/2/2 123/1/2
f 125/3/2 127/2/2 128/1/2
f 129/5/3 124/5/3 126/102/3
f 124/5/3 129/5/3 130/103/3
f 129/5/4 127/5/4 130/104/4
f 127/5/4 129/5/4 128/105/4
f 127/5/5 124/5/5 130/106/5
f 124/5/5 127/5/5 123/107/5
f 125/2/6 129/3/6 126/11/6
f 129/3/6 125/2/6 128/1/6

usemtl color8

f 22/3/1 24/2/1 21/1/1
f 24/3/1 22/2/1 23/1/1
f 131/3/2 22/2/2 21/1/2
f 22/3/2 131/2/2 132/1/2
f 133/5/3 24/22/3 23/5/3
f 24/22/3 133/5/3 134/108/3
f 133/5/4 131/5/4 134/109/4
f 131/5/4 133/5/4 132/110/4
f 131/5/5 24/25/5 134/111/5
f 24/25/5 131/5/5 21/5/5
f 22/2/6 133/3/6 23/11/6
f 133/3/6 22/2/6 132/1/6
f 137/3/1 136/2/1 135/1/1
f 136/3/1 137/2/1 138/1/1
f 139/3/2 137/2/2 135/1/2
f 137/3/2 139/2/2 140/1/2
f 141/5/3 136/5/3 138/112/3
f 136/5/3 141/5/3 142/113/3
f 141/5/4 139/5/4 142/114/4
f 139/5/4 141/5/4 140/115/4
f 139/5/5 136/5/5 142/116/5
f 136/5/5 139/5/5 135/117/5
f 137/2/6 141/3/6 138/11/6
f 141/3/6 137/2/6 140/1/6
f 145/3/1 144/2/1 143/1/1
f 144/3/1 145/2/1 146/1/1
f 147/3/2 145/2/2 143/1/2
f 145/3/2 147/2/2 148/1/2
f 149/5/3 144/5/3 146/118/3
f 144/5/3 149/5/3 150/119/3
f 149/5/4 147/5/4 150/120/4
f 147/5/4 149/5/4 148/121/4
f 147/5/5 144/5/5 150/122/5
f 144/5/5 147/5/5 143/123/5
f 145/2/6 149/3/6 146/11/6
f 149/3/6 145/2/6 148/1/6
f 153/3/1 152/2/1 151/1/1
f 152/3/1 153/2/1 154/1/1
f 99/3/2 153/2/2 151/1/2
f 153/3/2 99/2/2 101/1/2
f 102/84/3 152/5/3 154/124/3
f 152/5/3 102/84/3 100/5/3
f 102/5/4 99/5/4 100/125/4
f 99/5/4 102/5/4 101/126/4
f 99/89/5 152/5/5 100/5/5
f 152/5/5 99/89/5 151/127/5
f 153/2/6 102/3/6 154/11/6
f 102/3/6 153/2/6 101/1/6
f 157/3/1 156/2/1 155/1/1
f 156/3/1 157/2/1 158/1/1
f 159/3/2 157/2/2 155/1/2
f 157/3/2 159/2/2 160/1/2
f 161/5/3 156/5/3 158/128/3
f 156/5/3 161/5/3 162/129/3
f 161/5/4 159/5/4 162/130/4
f 159/5/4 161/5/4 160/131/4
f 159/5/5 156/5/5 162/132/5
f 156/5/5 159/5/5 155/133/5
f 157/2/6 161/3/6 158/11/6
f 161/3/6 157/2/6 160/1/6
f 165/3/1 164/2/1 163/1/1
f 164/3/1 165/2/1 166/1/1
f 167/3/2 165/2/2 163/1/2
f 165/3/2 167/2/2 168/1/2
f 169/5/3 164/5/3 166/134/3
f 164/5/3 169/5/3 170/135/3
f 169/5/4 167/5/4 170/136/4
f 167/5/4 169/5/4 168/137/4
f 167/5/5 164/5/5 170/138/5
f 164/5/5 167/5/5 163/139/5
f 165/2/6 169/3/6 166/11/6
f 169/3/6 165/2/6 168/1/6
f 173/3/1 172/2/1 171/1/1
f 172/3/1 173/2/1 174/1/1
f 175/3/2 173/2/2 171/1/2
f 173/3/2 175/2/2 176/1/2
f 177/5/3 172/5/3 174/140/3
f 172/5/3 177/5/3 178/141/3
f 177/5/4 175/5/4 178/142/4
f 175/5/4 177/5/4 176/143/4
f 175/5/5 172/5/5 178/144/5
f 172/5/5 175/5/5 171/145/5
f 173/2/6 177/3/6 174/11/6
f 177/3/6 173/2/6 176/1/6
f 181/3/1 180/2/1 179/1/1
f 180/3/1 181/2/1 182/1/1
f 183/3/2 181/2/2 179/1/2
f 181/3/2 183/2/2 184/1/2
f 185/5/3 180/5/3 182/146/3
f 180/5/3 185/5/3 186/147/3
f 185/5/4 183/5/4 186/148/4
f 183/5/4 185/5/4 184/149/4
f 183/5/5 180/5/5 186/150/5
f 180/5/5 183/5/5 179/151/5
f 181/2/6 185/3/6 182/11/6
f 185/3/6 181/2/6 184/1/6

usemtl color3

f 189/3/1 188/2/1 187/1/1
f 188/3/1 189/2/1 190/1/1
f 191/3/2 189/2/2 187/1/2
f 189/3/2 191/2/2 192/1/2
f 193/5/3 188/5/3 190/152/3
f 188/5/3 193/5/3 194/153/3
f 193/5/4 191/5/4 194/154/4
f 191/5/4 193/5/4 192/155/4
f 191/5/5 188/5/5 194/156/5
f 188/5/5 191/5/5 187/157/5
f 189/2/6 193/3/6 190/11/6
f 193/3/6 189/2/6 192/1/6
f 197/3/1 196/2/1 195/1/1
f 196/3/1 197/2/1 198/1/1
f 199/3/2 197/2/2 195/1/2
f 197/3/2 199/2/2 200/1/2
f 201/5/3 196/5/3 198/158/3
f 196/5/3 201/5/3 202/159/3
f 201/5/4 199/5/4 202/160/4
f 199/5/4 201/5/4 200/161/4
f 199/5/5 196/5/5 202/162/5
f 196/5/5 199/5/5 195/163/5
f 197/2/6 201/3/6 198/11/6
f 201/3/6 197/2/6 200/1/6
f 205/3/1 204/2/1 203/1/1
f 204/3/1 205/2/1 206/1/1
f 207/3/2 205/2/2 203/1/2
f 205/3/2 207/2/2 208/1/2
f 209/5/3 204/5/3 206/164/3
f 204/5/3 209/5/3 210/165/3
f 209/5/4 207/5/4 210/166/4
f 207/5/4 209/5/4 208/167/4
f 207/5/5 204/5/5 210/168/5
f 204/5/5 207/5/5 203/169/5
f 205/2/6 209/3/6 206/11/6
f 209/3/6 205/2/6 208/1/6
f 213/3/1 212/2/1 211/1/1
f 212/3/1 213/2/1 214/1/1
f 215/3/2 213/2/2 211/1/2
f 213/3/2 215/2/2 216/1/2
f 217/5/3 212/5/3 214/170/3
f 212/5/3 217/5/3 218/171/3
f 217/5/4 215/5/4 218/172/4
f 215/5/4 217/5/4 216/173/4
f 215/5/5 212/5/5 218/174/5
f 212/5/5 215/5/5 211/175/5
f 213/2/6 217/3/6 214/11/6
f 217/3/6 213/2/6 216/1/6
f 221/3/1 220/2/1 219/1/1
f 220/3/1 221/2/1 222/1/1
f 223/3/2 221/2/2 219/1/2
f 221/3/2 223/2/2 224/1/2
f 225/5/3 220/5/3 222/176/3
f 220/5/3 225/5/3 226/177/3
f 225/5/4 223/5/4 226/178/4
f 223/5/4 225/5/4 224/179/4
f 223/5/5 220/5/5 226/180/5
f 220/5/5 223/5/5 219/181/5
f 221/2/6 225/3/6 222/11/6
f 225/3/6 221/2/6 224/1/6
f 229/3/1 228/2/1 227/1/1
f 228/3/1 229/2/1 230/1/1
f 231/3/2 229/2/2 227/1/2
f 229/3/2 231/2/2 232/1/2
f 233/5/3 228/5/3 230/182/3
f 228/5/3 233/5/3 234/183/3
f 233/5/4 231/5/4 234/184/4
f 231/5/4 233/5/4 232/185/4
f 231/5/5 228/5/5 234/186/5
f 228/5/5 231/5/5 227/187/5
f 229/2/6 233/3/6 230/11/6
f 233/3/6 229/2/6 232/1/6
f 237/3/1 236/2/1 235/1/1
f 236/3/1 237/2/1 238/1/1
f 239/3/2 237/2/2 235/1/2
f 237/3/2 239/2/2 240/1/2
f 241/5/3 236/5/3 238/188/3
f 236/5/3 241/5/3 242/189/3
f 241/5/4 239/5/4 242/190/4
f 239/5/4 241/5/4 240/191/4
f 239/5/5 236/5/5 242/192/5
f 236/5/5 239/5/5 235/193/5
f 237/2/6 241/3/6 238/11/6
f 241/3/6 237/2/6 240/1/6
f 245/3/1 244/2/1 243/1/1
f 244/3/1 245/2/1 246/1/1
f 220/3/2 245/2/2 243/1/2
f 245/3/2 220/2/2 222/1/2
f 247/5/3 244/5/3 246/194/3
f 244/5/3 247/5/3 248/195/3
f 247/5/4 220/5/4 248/196/4
f 220/5/4 247/5/4 222/197/4
f 220/5/5 244/5/5 248/198/5
f 244/5/5 220/5/5 243/199/5
f 245/2/6 247/3/6 246/11/6
f 247/3/6 245/2/6 222/1/6
f 251/3/1 250/2/1 249/1/1
f 250/3/1 251/2/1 252/1/1
f 253/3/2 251/2/2 249/1/2
f 251/3/2 253/2/2 254/1/2
f 255/5/3 250/5/3 252/200/3
f 250/5/3 255/5/3 256/201/3
f 255/5/4 253/5/4 256/202/4
f 253/5/4 255/5/4 254/203/4
f 253/5/5 250/5/5 256/204/5
f 250/5/5 253/5/5 249/205/5
f 251/2/6 255/3/6 252/11/6
f 255/3/6 251/2/6 254/1/6
f 259/3/1 258/2/1 257/1/1
f 258/3/1 259/2/1 260/1/1
f 261/3/2 259/2/2 257/1/2
f 259/3/2 261/2/2 262/1/2
f 263/5/3 258/5/3 260/206/3
f 258/5/3 263/5/3 264/207/3
f 263/5/4 261/5/4 264/208/4
f 261/5/4 263/5/4 262/209/4
f 261/5/5 258/5/5 264/210/5
f 258/5/5 261/5/5 257/211/5
f 259/2/6 263/3/6 260/11/6
f 263/3/6 259/2/6 262/1/6
f 267/3/1 266/2/1 265/1/1
f 266/3/1 267/2/1 268/1/1
f 269/3/2 267/2/2 265/1/2
f 267/3/2 269/2/2 270/1/2
f 271/5/3 266/5/3 268/212/3
f 266/5/3 271/5/3 272/213/3
f 271/5/4 269/5/4 272/214/4
f 269/5/4 271/5/4 270/215/4
f 269/5/5 266/5/5 272/216/5
f 266/5/5 269/5/5 265/217/5
f 267/2/6 271/3/6 268/11/6
f 271/3/6 267/2/6 270/1/6
f 275/3/1 274/2/1 273/1/1
f 274/3/1 275/2/1 276/1/1
f 277/3/2 275/2/2 273/1/2
f 275/3/2 277/2/2 278/1/2
f 279/5/3 274/5/3 276/218/3
f 274/5/3 279/5/3 280/219/3
f 279/5/4 277/5/4 280/220/4
f 277/5/4 279/5/4 278/221/4
f 277/5/5 274/5/5 280/222/5
f 274/5/5 277/5/5 273/223/5
f 275/2/6 279/3/6 276/11/6
f 279/3/6 275/2/6 278/1/6
f 278/3/1 281/2/1 277/1/1
f 281/3/1 278/2/1 282/1/1
f 283/3/2 278/2/2 277/1/2
f 278/3/2 283/2/2 284/1/2
f 285/5/3 281/5/3 282/224/3
f 281/5/3 285/5/3 286/225/3
f 285/5/4 283/5/4 286/226/4
f 283/5/4 285/5/4 284/227/4
f 283/5/5 281/5/5 286/228/5
f 281/5/5 283/5/5 277/5/5
f 278/2/6 285/3/6 282/11/6
f 285/3/6 278/2/6 284/1/6
f 289/3/1 288/2/1 287/1/1
f 288/3/1 289/2/1 290/1/1
f 46/3/2 289/2/2 287/1/2
f 289/3/2 46/2/2 48/1/2
f 291/5/3 288/5/3 290/229/3
f 288/5/3 291/5/3 292/230/3
f 291/5/4 46/5/4 292/231/4
f 46/5/4 291/5/4 48/232/4
f 46/5/5 288/5/5 292/233/5
f 288/5/5 46/5/5 287/234/5
f 289/2/6 291/3/6 290/11/6
f 291/3/6 289/2/6 48/1/6
f 295/3/1 294/2/1 293/1/1
f 294/3/1 295/2/1 296/1/1
f 272/3/2 295/2/2 293/1/2
f 295/3/2 272/2/2 271/1/2
f 297/5/3 294/5/3 296/235/3
f 294/5/3 297/5/3 298/236/3
f 297/5/4 272/214/4 298/237/4
f 272/214/4 297/5/4 271/5/4
f 272/216/5 294/5/5 298/238/5
f 294/5/5 272/216/5 293/239/5
f 295/2/6 297/3/6 296/11/6
f 297/3/6 295/2/6 271/1/6
f 301/3/1 300/2/1 299/1/1
f 300/3/1 301/2/1 302/1/1
f 303/3/2 301/2/2 299/1/2
f 301/3/2 303/2/2 304/1/2
f 305/5/3 300/5/3 302/240/3
f 300/5/3 305/5/3 306/241/3
f 305/5/4 303/5/4 306/242/4
f 303/5/4 305/5/4 304/243/4
f 303/5/5 300/5/5 306/244/5
f 300/5/5 303/5/5 299/245/5
f 301/2/6 305/3/6 302/11/6
f 305/3/6 301/2/6 304/1/6
f 308/3/1 111/2/1 307/1/1
f 111/3/1 308/2/1 112/1/1
f 309/3/2 308/2/2 307/1/2
f 308/3/2 309/2/2 310/1/2
f 117/5/3 111/5/3 112/246/3
f 111/5/3 117/5/3 115/247/3
f 117/5/4 309/5/4 115/248/4
f 309/5/4 117/5/4 310/249/4
f 309/5/5 111/5/5 115/101/5
f 111/5/5 309/5/5 307/250/5
f 308/2/6 117/3/6 112/11/6
f 117/3/6 308/2/6 310/1/6
f 312/3/1 119/2/1 311/1/1
f 119/3/1 312/2/1 120/1/1
f 313/3/2 312/2/2 311/1/2
f 312/3/2 313/2/2 314/1/2
f 125/5/3 119/5/3 120/251/3
f 119/5/3 125/5/3 123/252/3
f 125/5/4 313/5/4 123/253/4
f 313/5/4 125/5/4 314/254/4
f 313/5/5 119/5/5 123/107/5
f 119/5/5 313/5/5 311/255/5
f 312/2/6 125/3/6 120/11/6
f 125/3/6 312/2/6 314/1/6
f 316/3/1 127/2/1 315/1/1
f 127/3/1 316/2/1 128/1/1
f 317/3/2 316/2/2 315/1/2
f 316/3/2 317/2/2 318/1/2
f 319/5/3 127/5/3 128/256/3
f 127/5/3 319/5/3 320/257/3
f 319/5/4 317/5/4 320/258/4
f 317/5/4 319/5/4 318/259/4
f 317/5/5 127/5/5 320/260/5
f 127/5/5 317/5/5 315/261/5
f 316/2/6 319/3/6 128/11/6
f 319/3/6 316/2/6 318/1/6
f 323/3/1 322/2/1 321/1/1
f 322/3/1 323/2/1 324/1/1
f 325/3/2 323/2/2 321/1/2
f 323/3/2 325/2/2 326/1/2
f 327/5/3 322/5/3 324/262/3
f 322/5/3 327/5/3 328/263/3
f 327/5/4 325/5/4 328/264/4
f 325/5/4 327/5/4 326/265/4
f 325/5/5 322/5/5 328/266/5
f 322/5/5 325/5/5 321/267/5
f 323/2/6 327/3/6 324/11/6
f 327/3/6 323/2/6 326/1/6
f 331/3/1 330/2/1 329/1/1
f 330/3/1 331/2/1 332/1/1
f 333/3/2 331/2/2 329/1/2
f 331/3/2 333/2/2 334/1/2
f 335/5/3 330/5/3 332/268/3
f 330/5/3 335/5/3 336/269/3
f 335/5/4 333/5/4 336/270/4
f 333/5/4 335/5/4 334/271/4
f 333/5/5 330/5/5 336/272/5
f 330/5/5 333/5/5 329/273/5
f 331/2/6 335/3/6 332/11/6
f 335/3/6 331/2/6 334/1/6
f 339/3/1 338/2/1 337/1/1
f 338/3/1 339/2/1 340/1/1
f 341/3/2 339/2/2 337/1/2
f 339/3/2 341/2/2 342/1/2
f 343/5/3 338/5/3 340/274/3
f 338/5/3 343/5/3 344/275/3
f 343/5/4 341/5/4 344/276/4
f 341/5/4 343/5/4 342/277/4
f 341/5/5 338/5/5 344/278/5
f 338/5/5 341/5/5 337/279/5
f 339/2/6 343/3/6 340/11/6
f 343/3/6 339/2/6 342/1/6
f 347/3/1 346/2/1 345/1/1
f 346/3/1 347/2/1 348/1/1
f 349/3/2 347/2/2 345/1/2
f 347/3/2 349/2/2 350/1/2
f 351/5/3 346/5/3 348/280/3
f 346/5/3 351/5/3 352/281/3
f 351/5/4 349/5/4 352/282/4
f 349/5/4 351/5/4 350/283/4
f 349/5/5 346/5/5 352/284/5
f 346/5/5 349/5/5 345/285/5
f 347/2/6 351/3/6 348/11/6
f 351/3/6 347/2/6 350/1/6
f 355/3/1 354/2/1 353/1/1
f 354/3/1 355/2/1 356/1/1
f 322/3/2 355/2/2 353/1/2
f 355/3/2 322/2/2 324/1/2
f 357/5/3 354/5/3 356/286/3
f 354/5/3 357/5/3 358/287/3
f 357/5/4 322/5/4 358/288/4
f 322/5/4 357/5/4 324/289/4
f 322/5/5 354/5/5 358/290/5
f 354/5/5 322/5/5 353/291/5
f 355/2/6 357/3/6 356/11/6
f 357/3/6 355/2/6 324/1/6
f 361/3/1 360/2/1 359/1/1
f 360/3/1 361/2/1 362/1/1
f 363/3/2 361/2/2 359/1/2
f 361/3/2 363/2/2 364/1/2
f 365/5/3 360/5/3 362/292/3
f 360/5/3 365/5/3 366/293/3
f 365/5/4 363/5/4 366/294/4
f 363/5/4 365/5/4 364/295/4
f 363/5/5 360/5/5 366/296/5
f 360/5/5 363/5/5 359/297/5
f 361/2/6 365/3/6 362/11/6
f 365/3/6 361/2/6 364/1/6
f 368/3/1 163/2/1 367/1/1
f 163/3/1 368/2/1 165/1/1
f 369/3/2 368/2/2 367/1/2
f 368/3/2 369/2/2 370/1/2
f 168/5/3 163/5/3 165/298/3
f 163/5/3 168/5/3 167/299/3
f 168/137/4 369/5/4 167/5/4
f 369/5/4 168/137/4 370/300/4
f 369/5/5 163/139/5 167/5/5
f 163/139/5 369/5/5 367/301/5
f 368/2/6 168/3/6 165/11/6
f 168/3/6 368/2/6 370/1/6
f 372/3/1 179/2/1 371/1/1
f 179/3/1 372/2/1 181/1/1
f 373/3/2 372/2/2 371/1/2
f 372/3/2 373/2/2 374/1/2
f 375/5/3 179/5/3 181/302/3
f 179/5/3 375/5/3 376/303/3
f 375/5/4 373/5/4 376/304/4
f 373/5/4 375/5/4 374/305/4
f 373/5/5 179/151/5 376/306/5
f 179/151/5 373/5/5 371/307/5
f 372/2/6 375/3/6 181/11/6
f 375/3/6 372/2/6 374/1/6
f 166/3/1 377/2/1 164/1/1
f 377/3/1 166/2/1 378/1/1
f 170/3/2 166/2/2 164/1/2
f 166/3/2 170/2/2 169/1/2
f 379/5/3 377/5/3 378/308/3
f 377/5/3 379/5/3 380/309/3
f 379/5/4 170/136/4 380/310/4
f 170/136/4 379/5/4 169/5/4
f 170/138/5 377/5/5 380/311/5
f 377/5/5 170/138/5 164/5/5
f 166/2/6 379/3/6 378/11/6
f 379/3/6 166/2/6 169/1/6
f 182/3/1 381/2/1 180/1/1
f 381/3/1 182/2/1 382/1/1
f 383/3/2 182/2/2 180/1/2
f 182/3/2 383/2/2 384/1/2
f 385/5/3 381/5/3 382/312/3
f 381/5/3 385/5/3 386/313/3
f 385/5/4 383/5/4 386/314/4
f 383/5/4 385/5/4 384/315/4
f 383/5/5 381/5/5 386/316/5
f 381/5/5 383/5/5 180/5/5
f 182/2/6 385/3/6 382/11/6
f 385/3/6 182/2/6 384/1/6
f 278/3/1 281/2/1 277/1/1
f 281/3/1 278/2/1 282/1/1
f 283/3/2 278/2/2 277/1/2
f 278/3/2 283/2/2 284/1/2
f 285/5/3 281/5/3 282/224/3
f 281/5/3 285/5/3 286/225/3
f 285/5/4 283/5/4 286/226/4
f 283/5/4 285/5/4 284/227/4
f 283/5/5 281/5/5 286/228/5
f 281/5/5 283/5/5 277/5/5
f 278/2/6 285/3/6 282/11/6
f 285/3/6 278/2/6 284/1/6

usemtl color6

f 389/3/1 388/2/1 387/1/1
f 388/3/1 389/2/1 390/1/1
f 391/3/2 389/2/2 387/1/2
f 389/3/2 391/2/2 392/1/2
f 393/5/3 388/5/3 390/317/3
f 388/5/3 393/5/3 394/318/3
f 393/5/4 391/5/4 394/319/4
f 391/5/4 393/5/4 392/320/4
f 391/5/5 388/5/5 394/321/5
f 388/5/5 391/5/5 387/322/5
f 389/2/6 393/3/6 390/11/6
f 393/3/6 389/2/6 392/1/6
f 397/3/1 396/2/1 395/1/1
f 396/3/1 397/2/1 398/1/1
f 203/3/2 397/2/2 395/1/2
f 397/3/2 203/2/2 205/1/2
f 206/164/3 396/5/3 398/323/3
f 396/5/3 206/164/3 204/5/3
f 206/5/4 203/5/4 204/324/4
f 203/5/4 206/5/4 205/325/4
f 203/169/5 396/5/5 204/5/5
f 396/5/5 203/169/5 395/326/5
f 397/2/6 206/3/6 398/11/6
f 206/3/6 397/2/6 205/1/6
f 400/3/1 243/2/1 399/1/1
f 243/3/1 400/2/1 245/1/1
f 219/3/2 400/2/2 399/1/2
f 400/3/2 219/2/2 221/1/2
f 222/176/3 243/5/3 245/327/3
f 243/5/3 222/176/3 220/5/3
f 222/197/4 219/5/4 220/5/4
f 219/5/4 222/197/4 221/328/4
f 219/181/5 243/199/5 220/5/5
f 243/199/5 219/181/5 399/329/5
f 400/2/6 222/3/6 245/11/6
f 222/3/6 400/2/6 221/1/6
f 240/3/1 242/2/1 239/1/1
f 242/3/1 240/2/1 241/1/1
f 401/3/2 240/2/2 239/1/2
f 240/3/2 401/2/2 402/1/2
f 254/5/3 242/189/3 241/5/3
f 242/189/3 254/5/3 253/330/3
f 254/203/4 401/5/4 253/5/4
f 401/5/4 254/203/4 402/331/4
f 401/5/5 242/192/5 253/5/5
f 242/192/5 401/5/5 239/5/5
f 240/2/6 254/3/6 241/11/6
f 254/3/6 240/2/6 402/1/6
f 404/3/1 261/2/1 403/1/1
f 261/3/1 404/2/1 262/1/1
f 405/3/2 404/2/2 403/1/2
f 404/3/2 405/2/2 406/1/2
f 407/5/3 261/5/3 262/332/3
f 261/5/3 407/5/3 408/333/3
f 407/5/4 405/5/4 408/334/4
f 405/5/4 407/5/4 406/335/4
f 405/5/5 261/5/5 408/336/5
f 261/5/5 405/5/5 403/337/5
f 404/2/6 407/3/6 262/11/6
f 407/3/6 404/2/6 406/1/6
f 411/3/1 410/2/1 409/1/1
f 410/3/1 411/2/1 412/1/1
f 413/3/2 411/2/2 409/1/2
f 411/3/2 413/2/2 414/1/2
f 415/5/3 410/5/3 412/338/3
f 410/5/3 415/5/3 416/339/3
f 415/5/4 413/5/4 416/340/4
f 413/5/4 415/5/4 414/341/4
f 413/5/5 410/5/5 416/342/5
f 410/5/5 413/5/5 409/343/5
f 411/2/6 415/3/6 412/11/6
f 415/3/6 411/2/6 414/1/6
f 419/3/1 418/2/1 417/1/1
f 418/3/1 419/2/1 420/1/1
f 421/3/2 419/2/2 417/1/2
f 419/3/2 421/2/2 422/1/2
f 423/5/3 418/5/3 420/344/3
f 418/5/3 423/5/3 424/345/3
f 423/5/4 421/5/4 424/346/4
f 421/5/4 423/5/4 422/347/4
f 421/5/5 418/5/5 424/348/5
f 418/5/5 421/5/5 417/349/5
f 419/2/6 423/3/6 420/11/6
f 423/3/6 419/2/6 422/1/6
f 56/3/1 425/2/1 54/1/1
f 425/3/1 56/2/1 426/1/1
f 60/3/2 56/2/2 54/1/2
f 56/3/2 60/2/2 59/1/2
f 427/5/3 425/5/3 426/350/3
f 425/5/3 427/5/3 428/351/3
f 427/5/4 60/50/4 428/352/4
f 60/50/4 427/5/4 59/5/4
f 60/52/5 425/5/5 428/353/5
f 425/5/5 60/52/5 54/5/5
f 56/2/6 427/3/6 426/11/6
f 427/3/6 56/2/6 59/1/6
f 431/3/1 430/2/1 429/1/1
f 430/3/1 431/2/1 432/1/1
f 433/3/2 431/2/2 429/1/2
f 431/3/2 433/2/2 434/1/2
f 276/218/3 430/5/3 432/354/3
f 430/5/3 276/218/3 274/5/3
f 276/5/4 433/5/4 274/355/4
f 433/5/4 276/5/4 434/356/4
f 433/5/5 430/5/5 274/5/5
f 430/5/5 433/5/5 429/357/5
f 431/2/6 276/3/6 432/11/6
f 276/3/6 431/2/6 434/1/6
f 437/3/1 436/2/1 435/1/1
f 436/3/1 437/2/1 438/1/1
f 439/3/2 437/2/2 435/1/2
f 437/3/2 439/2/2 440/1/2
f 441/5/3 436/5/3 438/358/3
f 436/5/3 441/5/3 442/359/3
f 441/5/4 439/5/4 442/360/4
f 439/5/4 441/5/4 440/361/4
f 439/5/5 436/5/5 442/362/5
f 436/5/5 439/5/5 435/363/5
f 437/2/6 441/3/6 438/11/6
f 441/3/6 437/2/6 440/1/6
f 445/3/1 444/2/1 443/1/1
f 444/3/1 445/2/1 446/1/1
f 447/3/2 445/2/2 443/1/2
f 445/3/2 447/2/2 448/1/2
f 449/5/3 444/5/3 446/364/3
f 444/5/3 449/5/3 450/365/3
f 449/5/4 447/5/4 450/366/4
f 447/5/4 449/5/4 448/367/4
f 447/5/5 444/5/5 450/368/5
f 444/5/5 447/5/5 443/369/5
f 445/2/6 449/3/6 446/11/6
f 449/3/6 445/2/6 448/1/6
f 453/3/1 452/2/1 451/1/1
f 452/3/1 453/2/1 454/1/1
f 455/3/2 453/2/2 451/1/2
f 453/3/2 455/2/2 456/1/2
f 457/5/3 452/5/3 454/370/3
f 452/5/3 457/5/3 458/371/3
f 457/5/4 455/5/4 458/372/4
f 455/5/4 457/5/4 456/373/4
f 455/5/5 452/5/5 458/374/5
f 452/5/5 455/5/5 451/375/5
f 453/2/6 457/3/6 454/11/6
f 457/3/6 453/2/6 456/1/6
f 461/3/1 460/2/1 459/1/1
f 460/3/1 461/2/1 462/1/1
f 463/3/2 461/2/2 459/1/2
f 461/3/2 463/2/2 464/1/2
f 465/5/3 460/5/3 462/376/3
f 460/5/3 465/5/3 466/377/3
f 465/5/4 463/5/4 466/378/4
f 463/5/4 465/5/4 464/379/4
f 463/5/5 460/5/5 466/380/5
f 460/5/5 463/5/5 459/381/5
f 461/2/6 465/3/6 462/11/6
f 465/3/6 461/2/6 464/1/6
f 469/3/1 468/2/1 467/1/1
f 468/3/1 469/2/1 470/1/1
f 471/3/2 469/2/2 467/1/2
f 469/3/2 471/2/2 472/1/2
f 473/5/3 468/5/3 470/382/3
f 468/5/3 473/5/3 474/383/3
f 473/5/4 471/5/4 474/384/4
f 471/5/4 473/5/4 472/385/4
f 471/5/5 468/5/5 474/386/5
f 468/5/5 471/5/5 467/387/5
f 469/2/6 473/3/6 470/11/6
f 473/3/6 469/2/6 472/1/6
f 477/3/1 476/2/1 475/1/1
f 476/3/1 477/2/1 478/1/1
f 479/3/2 477/2/2 475/1/2
f 477/3/2 479/2/2 480/1/2
f 481/5/3 476/5/3 478/388/3
f 476/5/3 481/5/3 482/389/3
f 481/5/4 479/5/4 482/390/4
f 479/5/4 481/5/4 480/391/4
f 479/5/5 476/5/5 482/392/5
f 476/5/5 479/5/5 475/393/5
f 477/2/6 481/3/6 478/11/6
f 481/3/6 477/2/6 480/1/6
f 485/3/1 484/2/1 483/1/1
f 484/3/1 485/2/1 486/1/1
f 487/3/2 485/2/2 483/1/2
f 485/3/2 487/2/2 488/1/2
f 489/5/3 484/5/3 486/394/3
f 484/5/3 489/5/3 490/395/3
f 489/5/4 487/5/4 490/396/4
f 487/5/4 489/5/4 488/397/4
f 487/5/5 484/5/5 490/398/5
f 484/5/5 487/5/5 483/399/5
f 485/2/6 489/3/6 486/11/6
f 489/3/6 485/2/6 488/1/6
f 493/3/1 492/2/1 491/1/1
f 492/3/1 493/2/1 494/1/1
f 495/3/2 493/2/2 491/1/2
f 493/3/2 495/2/2 496/1/2
f 497/5/3 492/5/3 494/400/3
f 492/5/3 497/5/3 498/401/3
f 497/5/4 495/5/4 498/402/4
f 495/5/4 497/5/4 496/403/4
f 495/5/5 492/5/5 498/404/5
f 492/5/5 495/5/5 491/405/5
f 493/2/6 497/3/6 494/11/6
f 497/3/6 493/2/6 496/1/6

usemtl color5

f 200/3/1 202/2/1 199/1/1
f 202/3/1 200/2/1 201/1/1
f 499/3/2 200/2/2 199/1/2
f 200/3/2 499/2/2 500/1/2
f 501/5/3 202/159/3 201/5/3
f 202/159/3 501/5/3 502/406/3
f 501/5/4 499/5/4 502/407/4
f 499/5/4 501/5/4 500/408/4
f 499/5/5 202/162/5 502/409/5
f 202/162/5 499/5/5 199/5/5
f 200/2/6 501/3/6 201/11/6
f 501/3/6 200/2/6 500/1/6
f 505/3/1 504/2/1 503/1/1
f 504/3/1 505/2/1 506/1/1
f 507/3/2 505/2/2 503/1/2
f 505/3/2 507/2/2 508/1/2
f 509/5/3 504/5/3 506/410/3
f 504/5/3 509/5/3 510/411/3
f 509/5/4 507/5/4 510/412/4
f 507/5/4 509/5/4 508/413/4
f 507/5/5 504/5/5 510/414/5
f 504/5/5 507/5/5 503/415/5
f 505/2/6 509/3/6 506/11/6
f 509/3/6 505/2/6 508/1/6
f 390/3/1 511/2/1 388/1/1
f 511/3/1 390/2/1 512/1/1
f 394/3/2 390/2/2 388/1/2
f 390/3/2 394/2/2 393/1/2
f 513/5/3 511/5/3 512/416/3
f 511/5/3 513/5/3 514/417/3
f 513/5/4 394/319/4 514/418/4
f 394/319/4 513/5/4 393/5/4
f 394/321/5 511/5/5 514/419/5
f 511/5/5 394/321/5 388/5/5
f 390/2/6 513/3/6 512/11/6
f 513/3/6 390/2/6 393/1/6
f 517/3/1 516/2/1 515/1/1
f 516/3/1 517/2/1 518/1/1
f 519/3/2 517/2/2 515/1/2
f 517/3/2 519/2/2 520/1/2
f 521/5/3 516/5/3 518/420/3
f 516/5/3 521/5/3 522/421/3
f 521/5/4 519/5/4 522/422/4
f 519/5/4 521/5/4 520/423/4
f 519/5/5 516/5/5 522/424/5
f 516/5/5 519/5/5 515/425/5
f 517/2/6 521/3/6 518/11/6
f 521/3/6 517/2/6 520/1/6
f 406/3/1 408/2/1 405/1/1
f 408/3/1 406/2/1 407/1/1
f 523/3/2 406/2/2 405/1/2
f 406/3/2 523/2/2 524/1/2
f 525/5/3 408/333/3 407/5/3
f 408/333/3 525/5/3 526/426/3
f 525/5/4 523/5/4 526/427/4
f 523/5/4 525/5/4 524/428/4
f 523/5/5 408/336/5 526/429/5
f 408/336/5 523/5/5 405/5/5
f 406/2/6 525/3/6 407/11/6
f 525/3/6 406/2/6 524/1/6
f 529/3/1 528/2/1 527/1/1
f 528/3/1 529/2/1 530/1/1
f 531/3/2 529/2/2 527/1/2
f 529/3/2 531/2/2 532/1/2
f 533/5/3 528/5/3 530/430/3
f 528/5/3 533/5/3 534/431/3
f 533/5/4 531/5/4 534/432/4
f 531/5/4 533/5/4 532/433/4
f 531/5/5 528/5/5 534/434/5
f 528/5/5 531/5/5 527/435/5
f 529/2/6 533/3/6 530/11/6
f 533/3/6 529/2/6 532/1/6
f 537/3/1 536/2/1 535/1/1
f 536/3/1 537/2/1 538/1/1
f 539/3/2 537/2/2 535/1/2
f 537/3/2 539/2/2 540/1/2
f 541/5/3 536/5/3 538/436/3
f 536/5/3 541/5/3 542/437/3
f 541/5/4 539/5/4 542/438/4
f 539/5/4 541/5/4 540/439/4
f 539/5/5 536/5/5 542/440/5
f 536/5/5 539/5/5 535/441/5
f 537/2/6 541/3/6 538/11/6
f 541/3/6 537/2/6 540/1/6
f 545/3/1 544/2/1 543/1/1
f 544/3/1 545/2/1 546/1/1
f 547/3/2 545/2/2 543/1/2
f 545/3/2 547/2/2 548/1/2
f 549/5/3 544/5/3 546/442/3
f 544/5/3 549/5/3 550/443/3
f 549/5/4 547/5/4 550/444/4
f 547/5/4 549/5/4 548/445/4
f 547/5/5 544/5/5 550/446/5
f 544/5/5 547/5/5 543/447/5
f 545/2/6 549/3/6 546/11/6
f 549/3/6 545/2/6 548/1/6
f 553/3/1 552/2/1 551/1/1
f 552/3/1 553/2/1 554/1/1
f 555/3/2 553/2/2 551/1/2
f 553/3/2 555/2/2 556/1/2
f 557/5/3 552/5/3 554/448/3
f 552/5/3 557/5/3 558/449/3
f 557/5/4 555/5/4 558/450/4
f 555/5/4 557/5/4 556/451/4
f 555/5/5 552/5/5 558/452/5
f 552/5/5 555/5/5 551/453/5
f 553/2/6 557/3/6 554/11/6
f 557/3/6 553/2/6 556/1/6
f 241/3/1 559/2/1 242/1/1
f 559/3/1 241/2/1 560/1/1
f 249/3/2 241/2/2 242/1/2
f 241/3/2 249/2/2 251/1/2
f 561/5/3 559/5/3 560/454/3
f 559/5/3 561/5/3 562/455/3
f 561/5/4 249/5/4 562/456/4
f 249/5/4 561/5/4 251/457/4
f 249/205/5 559/5/5 562/458/5
f 559/5/5 249/205/5 242/192/5
f 241/2/6 561/3/6 560/11/6
f 561/3/6 241/2/6 251/1/6
f 262/3/1 264/2/1 261/1/1
f 264/3/1 262/2/1 263/1/1
f 408/3/2 262/2/2 261/1/2
f 262/3/2 408/2/2 407/1/2
f 563/5/3 264/207/3 263/5/3
f 264/207/3 563/5/3 564/459/3
f 563/5/4 408/334/4 564/460/4
f 408/334/4 563/5/4 407/5/4
f 408/336/5 264/210/5 564/461/5
f 264/210/5 408/336/5 261/5/5
f 262/2/6 563/3/6 263/11/6
f 563/3/6 262/2/6 407/1/6
f 567/3/1 566/2/1 565/1/1
f 566/3/1 567/2/1 568/1/1
f 409/3/2 567/2/2 565/1/2
f 567/3/2 409/2/2 411/1/2
f 412/338/3 566/5/3 568/462/3
f 566/5/3 412/338/3 410/5/3
f 412/5/4 409/5/4 410/463/4
f 409/5/4 412/5/4 411/464/4
f 409/343/5 566/5/5 410/5/5
f 566/5/5 409/343/5 565/465/5
f 567/2/6 412/3/6 568/11/6
f 412/3/6 567/2/6 411/1/6
f 422/3/1 424/2/1 421/1/1
f 424/3/1 422/2/1 423/1/1
f 54/3/2 422/2/2 421/1/2
f 422/3/2 54/2/2 56/1/2
f 426/350/3 424/345/3 423/5/3
f 424/345/3 426/350/3 425/5/3
f 426/5/4 54/5/4 425/466/4
f 54/5/4 426/5/4 56/467/4
f 54/5/5 424/348/5 425/5/5
f 424/348/5 54/5/5 421/5/5
f 422/2/6 426/3/6 423/11/6
f 426/3/6 422/2/6 56/1/6
f 59/3/1 428/2/1 60/1/1
f 428/3/1 59/2/1 427/1/1
f 569/3/2 59/2/2 60/1/2
f 59/3/2 569/2/2 570/1/2
f 301/5/3 428/351/3 427/5/3
f 428/351/3 301/5/3 299/468/3
f 301/5/4 569/5/4 299/469/4
f 569/5/4 301/5/4 570/470/4
f 569/5/5 428/353/5 299/245/5
f 428/353/5 569/5/5 60/52/5
f 59/2/6 301/3/6 427/11/6
f 301/3/6 59/2/6 570/1/6
f 573/3/1 572/2/1 571/1/1
f 572/3/1 573/2/1 574/1/1
f 575/3/2 573/2/2 571/1/2
f 573/3/2 575/2/2 576/1/2
f 577/5/3 572/5/3 574/471/3
f 572/5/3 577/5/3 578/472/3
f 577/5/4 575/5/4 578/473/4
f 575/5/4 577/5/4 576/474/4
f 575/5/5 572/5/5 578/475/5
f 572/5/5 575/5/5 571/476/5
f 573/2/6 577/3/6 574/11/6
f 577/3/6 573/2/6 576/1/6
f 104/3/1 106/2/1 103/1/1
f 106/3/1 104/2/1 105/1/1
f 579/3/2 104/2/2 103/1/2
f 104/3/2 579/2/2 580/1/2
f 581/5/3 106/85/3 105/5/3
f 106/85/3 581/5/3 582/477/3
f 581/5/4 579/5/4 582/478/4
f 579/5/4 581/5/4 580/479/4
f 579/5/5 106/88/5 582/480/5
f 106/88/5 579/5/5 103/5/5
f 104/2/6 581/3/6 105/11/6
f 581/3/6 104/2/6 580/1/6
f 585/3/1 584/2/1 583/1/1
f 584/3/1 585/2/1 586/1/1
f 587/3/2 585/2/2 583/1/2
f 585/3/2 587/2/2 588/1/2
f 589/5/3 584/5/3 586/481/3
f 584/5/3 589/5/3 590/482/3
f 589/5/4 587/5/4 590/483/4
f 587/5/4 589/5/4 588/484/4
f 587/5/5 584/5/5 590/485/5
f 584/5/5 587/5/5 583/486/5
f 585/2/6 589/3/6 586/11/6
f 589/3/6 585/2/6 588/1/6
f 593/3/1 592/2/1 591/1/1
f 592/3/1 593/2/1 594/1/1
f 595/3/2 593/2/2 591/1/2
f 593/3/2 595/2/2 596/1/2
f 184/5/3 592/5/3 594/487/3
f 592/5/3 184/5/3 183/488/3
f 184/149/4 595/5/4 183/5/4
f 595/5/4 184/149/4 596/489/4
f 595/5/5 592/5/5 183/5/5
f 592/5/5 595/5/5 591/490/5
f 593/2/6 184/3/6 594/11/6
f 184/3/6 593/2/6 596/1/6
f 598/3/1 483/2/1 597/1/1
f 483/3/1 598/2/1 485/1/1
f 599/3/2 598/2/2 597/1/2
f 598/3/2 599/2/2 600/1/2
f 488/5/3 483/5/3 485/491/3
f 483/5/3 488/5/3 487/492/3
f 488/397/4 599/5/4 487/5/4
f 599/5/4 488/397/4 600/493/4
f 599/5/5 483/399/5 487/5/5
f 483/399/5 599/5/5 597/494/5
f 598/2/6 488/3/6 485/11/6
f 488/3/6 598/2/6 600/1/6
f 486/3/1 601/2/1 484/1/1
f 601/3/1 486/2/1 602/1/1
f 490/3/2 486/2/2 484/1/2
f 486/3/2 490/2/2 489/1/2
f 603/5/3 601/5/3 602/495/3
f 601/5/3 603/5/3 604/496/3
f 603/5/4 490/396/4 604/497/4
f 490/396/4 603/5/4 489/5/4
f 490/398/5 601/5/5 604/498/5
f 601/5/5 490/398/5 484/5/5
f 486/2/6 603/3/6 602/11/6
f 603/3/6 486/2/6 489/1/6
f 607/3/1 606/2/1 605/1/1
f 606/3/1 607/2/1 608/1/1
f 186/3/2 607/2/2 605/1/2
f 607/3/2 186/2/2 185/1/2
f 609/5/3 606/5/3 608/499/3
f 606/5/3 609/5/3 610/500/3
f 609/5/4 186/148/4 610/501/4
f 186/148/4 609/5/4 185/5/4
f 186/150/5 606/5/5 610/502/5
f 606/5/5 186/150/5 605/503/5
f 607/2/6 609/3/6 608/11/6
f 609/3/6 607/2/6 185/1/6

usemtl color18

f 612/3/1 515/2/1 611/1/1
f 515/3/1 612/2/1 517/1/1
f 613/3/2 612/2/2 611/1/2
f 612/3/2 613/2/2 614/1/2
f 520/5/3 515/5/3 517/504/3
f 515/5/3 520/5/3 519/505/3
f 520/423/4 613/5/4 519/5/4
f 613/5/4 520/423/4 614/506/4
f 613/5/5 515/425/5 519/5/5
f 515/425/5 613/5/5 611/507/5
f 612/2/6 520/3/6 517/11/6
f 520/3/6 612/2/6 614/1/6
f 19/3/1 615/2/1 20/1/1
f 615/3/1 19/2/1 616/1/1
f 24/3/2 19/2/2 20/1/2
f 19/3/2 24/2/2 23/1/2
f 617/5/3 615/5/3 616/508/3
f 615/5/3 617/5/3 618/509/3
f 617/5/4 24/23/4 618/510/4
f 24/23/4 617/5/4 23/5/4
f 24/25/5 615/5/5 618/511/5
f 615/5/5 24/25/5 20/21/5
f 19/2/6 617/3/6 616/11/6
f 617/3/6 19/2/6 23/1/6
f 621/3/1 620/2/1 619/1/1
f 620/3/1 621/2/1 622/1/1
f 623/3/2 621/2/2 619/1/2
f 621/3/2 623/2/2 624/1/2
f 625/5/3 620/5/3 622/512/3
f 620/5/3 625/5/3 626/513/3
f 625/5/4 623/5/4 626/514/4
f 623/5/4 625/5/4 624/515/4
f 623/5/5 620/5/5 626/516/5
f 620/5/5 623/5/5 619/517/5
f 621/2/6 625/3/6 622/11/6
f 625/3/6 621/2/6 624/1/6
f 628/3/1 421/2/1 627/1/1
f 421/3/1 628/2/1 422/1/1
f 53/3/2 628/2/2 627/1/2
f 628/3/2 53/2/2 55/1/2
f 56/48/3 421/5/3 422/518/3
f 421/5/3 56/48/3 54/5/3
f 56/467/4 53/5/4 54/5/4
f 53/5/4 56/467/4 55/519/4
f 53/53/5 421/5/5 54/5/5
f 421/5/5 53/53/5 627/520/5
f 628/2/6 56/3/6 422/11/6
f 56/3/6 628/2/6 55/1/6
f 58/3/1 60/2/1 57/1/1
f 60/3/1 58/2/1 59/1/1
f 629/3/2 58/2/2 57/1/2
f 58/3/2 629/2/2 630/1/2
f 570/5/3 60/49/3 59/5/3
f 60/49/3 570/5/3 569/521/3
f 570/470/4 629/5/4 569/5/4
f 629/5/4 570/470/4 630/522/4
f 629/5/5 60/52/5 569/5/5
f 60/52/5 629/5/5 57/5/5
f 58/2/6 570/3/6 59/11/6
f 570/3/6 58/2/6 630/1/6
f 632/3/1 429/2/1 631/1/1
f 429/3/1 632/2/1 431/1/1
f 273/3/2 632/2/2 631/1/2
f 632/3/2 273/2/2 275/1/2
f 434/5/3 429/5/3 431/523/3
f 429/5/3 434/5/3 433/524/3
f 434/356/4 273/5/4 433/5/4
f 273/5/4 434/356/4 275/525/4
f 273/223/5 429/357/5 433/5/5
f 429/357/5 273/223/5 631/526/5
f 632/2/6 434/3/6 431/11/6
f 434/3/6 632/2/6 275/1/6
f 635/3/1 634/2/1 633/1/1
f 634/3/1 635/2/1 636/1/1
f 637/3/2 635/2/2 633/1/2
f 635/3/2 637/2/2 638/1/2
f 639/5/3 634/5/3 636/527/3
f 634/5/3 639/5/3 640/528/3
f 639/5/4 637/5/4 640/529/4
f 637/5/4 639/5/4 638/530/4
f 637/5/5 634/5/5 640/531/5
f 634/5/5 637/5/5 633/532/5
f 635/2/6 639/3/6 636/11/6
f 639/3/6 635/2/6 638/1/6
f 643/3/1 642/2/1 641/1/1
f 642/3/1 643/2/1 644/1/1
f 645/3/2 643/2/2 641/1/2
f 643/3/2 645/2/2 646/1/2
f 647/5/3 642/5/3 644/533/3
f 642/5/3 647/5/3 648/534/3
f 647/5/4 645/5/4 648/535/4
f 645/5/4 647/5/4 646/536/4
f 645/5/5 642/5/5 648/537/5
f 642/5/5 645/5/5 641/538/5
f 643/2/6 647/3/6 644/11/6
f 647/3/6 643/2/6 646/1/6
f 650/3/1 325/2/1 649/1/1
f 325/3/1 650/2/1 326/1/1
f 651/3/2 650/2/2 649/1/2
f 650/3/2 651/2/2 652/1/2
f 653/5/3 325/5/3 326/539/3
f 325/5/3 653/5/3 654/540/3
f 653/5/4 651/5/4 654/541/4
f 651/5/4 653/5/4 652/542/4
f 651/5/5 325/5/5 654/543/5
f 325/5/5 651/5/5 649/544/5
f 650/2/6 653/3/6 326/11/6
f 653/3/6 650/2/6 652/1/6
f 657/3/1 656/2/1 655/1/1
f 656/3/1 657/2/1 658/1/1
f 659/3/2 657/2/2 655/1/2
f 657/3/2 659/2/2 660/1/2
f 661/5/3 656/5/3 658/545/3
f 656/5/3 661/5/3 662/546/3
f 661/5/4 659/5/4 662/547/4
f 659/5/4 661/5/4 660/548/4
f 659/5/5 656/5/5 662/549/5
f 656/5/5 659/5/5 655/550/5
f 657/2/6 661/3/6 658/11/6
f 661/3/6 657/2/6 660/1/6
f 665/3/1 664/2/1 663/1/1
f 664/3/1 665/2/1 666/1/1
f 667/3/2 665/2/2 663/1/2
f 665/3/2 667/2/2 668/1/2
f 669/5/3 664/5/3 666/551/3
f 664/5/3 669/5/3 670/552/3
f 669/5/4 667/5/4 670/553/4
f 667/5/4 669/5/4 668/554/4
f 667/5/5 664/5/5 670/555/5
f 664/5/5 667/5/5 663/556/5
f 665/2/6 669/3/6 666/11/6
f 669/3/6 665/2/6 668/1/6

usemtl color15

f 673/3/1 672/2/1 671/1/1
f 672/3/1 673/2/1 674/1/1
f 675/3/2 673/2/2 671/1/2
f 673/3/2 675/2/2 676/1/2
f 677/5/3 672/5/3 674/557/3
f 672/5/3 677/5/3 678/558/3
f 677/5/4 675/5/4 678/559/4
f 675/5/4 677/5/4 676/560/4
f 675/5/5 672/5/5 678/561/5
f 672/5/5 675/5/5 671/562/5
f 673/2/6 677/3/6 674/11/6
f 677/3/6 673/2/6 676/1/6
f 270/3/1 298/2/1 269/1/1
f 298/3/1 270/2/1 297/1/1
f 679/3/2 270/2/2 269/1/2
f 270/3/2 679/2/2 680/1/2
f 420/344/3 298/236/3 297/5/3
f 298/236/3 420/344/3 418/5/3
f 420/5/4 679/5/4 418/563/4
f 679/5/4 420/5/4 680/564/4
f 679/5/5 298/238/5 418/5/5
f 298/238/5 679/5/5 269/5/5
f 270/2/6 420/3/6 297/11/6
f 420/3/6 270/2/6 680/1/6
f 683/3/1 682/2/1 681/1/1
f 682/3/1 683/2/1 684/1/1
f 685/3/2 683/2/2 681/1/2
f 683/3/2 685/2/2 686/1/2
f 687/5/3 682/5/3 684/565/3
f 682/5/3 687/5/3 688/566/3
f 687/5/4 685/5/4 688/567/4
f 685/5/4 687/5/4 686/568/4
f 685/5/5 682/5/5 688/569/5
f 682/5/5 685/5/5 681/570/5
f 683/2/6 687/3/6 684/11/6
f 687/3/6 683/2/6 686/1/6
f 691/3/1 690/2/1 689/1/1
f 690/3/1 691/2/1 692/1/1
f 693/3/2 691/2/2 689/1/2
f 691/3/2 693/2/2 694/1/2
f 695/5/3 690/5/3 692/571/3
f 690/5/3 695/5/3 696/572/3
f 695/5/4 693/5/4 696/573/4
f 693/5/4 695/5/4 694/574/4
f 693/5/5 690/5/5 696/575/5
f 690/5/5 693/5/5 689/576/5
f 691/2/6 695/3/6 692/11/6
f 695/3/6 691/2/6 694/1/6
f 699/3/1 698/2/1 697/1/1
f 698/3/1 699/2/1 700/1/1
f 701/3/2 699/2/2 697/1/2
f 699/3/2 701/2/2 702/1/2
f 703/5/3 698/5/3 700/577/3
f 698/5/3 703/5/3 704/578/3
f 703/5/4 701/5/4 704/579/4
f 701/5/4 703/5/4 702/580/4
f 701/5/5 698/5/5 704/581/5
f 698/5/5 701/5/5 697/582/5
f 699/2/6 703/3/6 700/11/6
f 703/3/6 699/2/6 702/1/6
f 707/3/1 706/2/1 705/1/1
f 706/3/1 707/2/1 708/1/1
f 709/3/2 707/2/2 705/1/2
f 707/3/2 709/2/2 710/1/2
f 711/5/3 706/5/3 708/583/3
f 706/5/3 711/5/3 712/584/3
f 711/5/4 709/5/4 712/585/4
f 709/5/4 711/5/4 710/586/4
f 709/5/5 706/5/5 712/587/5
f 706/5/5 709/5/5 705/588/5
f 707/2/6 711/3/6 708/11/6
f 711/3/6 707/2/6 710/1/6
f 715/3/1 714/2/1 713/1/1
f 714/3/1 715/2/1 716/1/1
f 690/3/2 715/2/2 713/1/2
f 715/3/2 690/2/2 692/1/2
f 717/5/3 714/5/3 716/589/3
f 714/5/3 717/5/3 718/590/3
f 717/5/4 690/5/4 718/591/4
f 690/5/4 717/5/4 692/592/4
f 690/5/5 714/5/5 718/593/5
f 714/5/5 690/5/5 713/594/5
f 715/2/6 717/3/6 716/11/6
f 717/3/6 715/2/6 692/1/6
f 721/3/1 720/2/1 719/1/1
f 720/3/1 721/2/1 722/1/1
f 723/3/2 721/2/2 719/1/2
f 721/3/2 723/2/2 724/1/2
f 725/5/3 720/5/3 722/595/3
f 720/5/3 725/5/3 726/596/3
f 725/5/4 723/5/4 726/597/4
f 723/5/4 725/5/4 724/598/4
f 723/5/5 720/5/5 726/599/5
f 720/5/5 723/5/5 719/600/5
f 721/2/6 725/3/6 722/11/6
f 725/3/6 721/2/6 724/1/6
f 729/3/1 728/2/1 727/1/1
f 728/3/1 729/2/1 730/1/1
f 731/3/2 729/2/2 727/1/2
f 729/3/2 731/2/2 732/1/2
f 733/5/3 728/5/3 730/601/3
f 728/5/3 733/5/3 734/602/3
f 733/5/4 731/5/4 734/603/4
f 731/5/4 733/5/4 732/604/4
f 731/5/5 728/5/5 734/605/5
f 728/5/5 731/5/5 727/606/5
f 729/2/6 733/3/6 730/11/6
f 733/3/6 729/2/6 732/1/6
f 737/3/1 736/2/1 735/1/1
f 736/3/1 737/2/1 738/1/1
f 706/3/2 737/2/2 735/1/2
f 737/3/2 706/2/2 708/1/2
f 739/5/3 736/5/3 738/607/3
f 736/5/3 739/5/3 740/608/3
f 739/5/4 706/5/4 740/609/4
f 706/5/4 739/5/4 708/610/4
f 706/5/5 736/5/5 740/611/5
f 736/5/5 706/5/5 735/612/5
f 737/2/6 739/3/6 738/11/6
f 739/3/6 737/2/6 708/1/6

usemtl color7

f 23/3/1 618/2/1 24/1/1
f 618/3/1 23/2/1 617/1/1
f 134/3/2 23/2/2 24/1/2
f 23/3/2 134/2/2 133/1/2
f 741/5/3 618/509/3 617/5/3
f 618/509/3 741/5/3 742/613/3
f 741/5/4 134/109/4 742/614/4
f 134/109/4 741/5/4 133/5/4
f 134/111/5 618/511/5 742/615/5
f 618/511/5 134/111/5 24/25/5
f 23/2/6 741/3/6 617/11/6
f 741/3/6 23/2/6 133/1/6
f 140/3/1 142/2/1 139/1/1
f 142/3/1 140/2/1 141/1/1
f 743/3/2 140/2/2 139/1/2
f 140/3/2 743/2/2 744/1/2
f 745/5/3 142/113/3 141/5/3
f 142/113/3 745/5/3 746/616/3
f 745/5/4 743/5/4 746/617/4
f 743/5/4 745/5/4 744/618/4
f 743/5/5 142/116/5 746/619/5
f 142/116/5 743/5/5 139/5/5
f 140/2/6 745/3/6 141/11/6
f 745/3/6 140/2/6 744/1/6
f 749/3/1 748/2/1 747/1/1
f 748/3/1 749/2/1 750/1/1
f 143/3/2 749/2/2 747/1/2
f 749/3/2 143/2/2 145/1/2
f 146/118/3 748/5/3 750/620/3
f 748/5/3 146/118/3 144/5/3
f 146/5/4 143/5/4 144/621/4
f 143/5/4 146/5/4 145/622/4
f 143/123/5 748/5/5 144/5/5
f 748/5/5 143/123/5 747/623/5
f 749/2/6 146/3/6 750/11/6
f 146/3/6 749/2/6 145/1/6
f 753/3/1 752/2/1 751/1/1
f 752/3/1 753/2/1 754/1/1
f 163/3/2 753/2/2 751/1/2
f 753/3/2 163/2/2 165/1/2
f 166/134/3 752/5/3 754/624/3
f 752/5/3 166/134/3 164/5/3
f 166/5/4 163/5/4 164/625/4
f 163/5/4 166/5/4 165/626/4
f 163/139/5 752/5/5 164/5/5
f 752/5/5 163/139/5 751/627/5
f 753/2/6 166/3/6 754/11/6
f 166/3/6 753/2/6 165/1/6
f 602/3/1 491/2/1 601/1/1
f 491/3/1 602/2/1 493/1/1
f 604/3/2 602/2/2 601/1/2
f 602/3/2 604/2/2 603/1/2
f 496/5/3 491/5/3 493/628/3
f 491/5/3 496/5/3 495/629/3
f 496/403/4 604/497/4 495/5/4
f 604/497/4 496/403/4 603/5/4
f 604/498/5 491/405/5 495/5/5
f 491/405/5 604/498/5 601/5/5
f 602/2/6 496/3/6 493/11/6
f 496/3/6 602/2/6 603/1/6

usemtl color4

f 133/3/1 742/2/1 134/1/1
f 742/3/1 133/2/1 741/1/1
f 388/3/2 133/2/2 134/1/2
f 133/3/2 388/2/2 390/1/2
f 512/416/3 742/613/3 741/5/3
f 742/613/3 512/416/3 511/5/3
f 512/5/4 388/5/4 511/630/4
f 388/5/4 512/5/4 390/631/4
f 388/5/5 742/615/5 511/5/5
f 742/615/5 388/5/5 134/111/5
f 133/2/6 512/3/6 741/11/6
f 512/3/6 133/2/6 390/1/6
f 393/3/1 514/2/1 394/1/1
f 514/3/1 393/2/1 513/1/1
f 515/3/2 393/2/2 394/1/2
f 393/3/2 515/2/2 517/1/2
f 518/420/3 514/417/3 513/5/3
f 514/417/3 518/420/3 516/5/3
f 518/5/4 515/5/4 516/632/4
f 515/5/4 518/5/4 517/633/4
f 515/425/5 514/419/5 516/5/5
f 514/419/5 515/425/5 394/321/5
f 393/2/6 518/3/6 513/11/6
f 518/3/6 393/2/6 517/1/6
f 520/3/1 522/2/1 519/1/1
f 522/3/1 520/2/1 521/1/1
f 10/3/2 520/2/2 519/1/2
f 520/3/2 10/2/2 12/1/2
f 755/5/3 522/421/3 521/5/3
f 522/421/3 755/5/3 756/634/3
f 755/5/4 10/5/4 756/635/4
f 10/5/4 755/5/4 12/636/4
f 10/5/5 522/424/5 756/637/5
f 522/424/5 10/5/5 519/5/5
f 520/2/6 755/3/6 521/11/6
f 755/3/6 520/2/6 12/1/6
f 759/3/1 758/2/1 757/1/1
f 758/3/1 759/2/1 760/1/1
f 761/3/2 759/2/2 757/1/2
f 759/3/2 761/2/2 762/1/2
f 763/5/3 758/5/3 760/638/3
f 758/5/3 763/5/3 764/639/3
f 763/5/4 761/5/4 764/640/4
f 761/5/4 763/5/4 762/641/4
f 761/5/5 758/5/5 764/642/5
f 758/5/5 761/5/5 757/643/5
f 759/2/6 763/3/6 760/11/6
f 763/3/6 759/2/6 762/1/6
f 767/3/1 766/2/1 765/1/1
f 766/3/1 767/2/1 768/1/1
f 769/3/2 767/2/2 765/1/2
f 767/3/2 769/2/2 770/1/2
f 771/5/3 766/5/3 768/644/3
f 766/5/3 771/5/3 772/645/3
f 771/5/4 769/5/4 772/646/4
f 769/5/4 771/5/4 770/647/4
f 769/5/5 766/5/5 772/648/5
f 766/5/5 769/5/5 765/649/5
f 767/2/6 771/3/6 768/11/6
f 771/3/6 767/2/6 770/1/6
f 208/3/1 210/2/1 207/1/1
f 210/3/1 208/2/1 209/1/1
f 773/3/2 208/2/2 207/1/2
f 208/3/2 773/2/2 774/1/2
f 775/5/3 210/165/3 209/5/3
f 210/165/3 775/5/3 776/650/3
f 775/5/4 773/5/4 776/651/4
f 773/5/4 775/5/4 774/652/4
f 773/5/5 210/168/5 776/653/5
f 210/168/5 773/5/5 207/5/5
f 208/2/6 775/3/6 209/11/6
f 775/3/6 208/2/6 774/1/6
f 779/3/1 778/2/1 777/1/1
f 778/3/1 779/2/1 780/1/1
f 211/3/2 779/2/2 777/1/2
f 779/3/2 211/2/2 213/1/2
f 214/170/3 778/5/3 780/654/3
f 778/5/3 214/170/3 212/5/3
f 214/5/4 211/5/4 212/655/4
f 211/5/4 214/5/4 213/656/4
f 211/175/5 778/5/5 212/5/5
f 778/5/5 211/175/5 777/657/5
f 779/2/6 214/3/6 780/11/6
f 214/3/6 779/2/6 213/1/6
f 783/3/1 782/2/1 781/1/1
f 782/3/1 783/2/1 784/1/1
f 785/3/2 783/2/2 781/1/2
f 783/3/2 785/2/2 786/1/2
f 787/5/3 782/5/3 784/658/3
f 782/5/3 787/5/3 788/659/3
f 787/5/4 785/5/4 788/660/4
f 785/5/4 787/5/4 786/661/4
f 785/5/5 782/5/5 788/662/5
f 782/5/5 785/5/5 781/663/5
f 783/2/6 787/3/6 784/11/6
f 787/3/6 783/2/6 786/1/6
f 791/3/1 790/2/1 789/1/1
f 790/3/1 791/2/1 792/1/1
f 793/3/2 791/2/2 789/1/2
f 791/3/2 793/2/2 794/1/2
f 795/5/3 790/5/3 792/664/3
f 790/5/3 795/5/3 796/665/3
f 795/5/4 793/5/4 796/666/4
f 793/5/4 795/5/4 794/667/4
f 793/5/5 790/5/5 796/668/5
f 790/5/5 793/5/5 789/669/5
f 791/2/6 795/3/6 792/11/6
f 795/3/6 791/2/6 794/1/6
f 799/3/1 798/2/1 797/1/1
f 798/3/1 799/2/1 800/1/1
f 543/3/2 799/2/2 797/1/2
f 799/3/2 543/2/2 545/1/2
f 546/442/3 798/5/3 800/670/3
f 798/5/3 546/442/3 544/5/3
f 546/5/4 543/5/4 544/671/4
f 543/5/4 546/5/4 545/672/4
f 543/447/5 798/5/5 544/5/5
f 798/5/5 543/447/5 797/673/5
f 799/2/6 546/3/6 800/11/6
f 546/3/6 799/2/6 545/1/6
f 803/3/1 802/2/1 801/1/1
f 802/3/1 803/2/1 804/1/1
f 551/3/2 803/2/2 801/1/2
f 803/3/2 551/2/2 553/1/2
f 554/448/3 802/5/3 804/674/3
f 802/5/3 554/448/3 552/5/3
f 554/5/4 551/5/4 552/675/4
f 551/5/4 554/5/4 553/676/4
f 551/453/5 802/5/5 552/5/5
f 802/5/5 551/453/5 801/677/5
f 803/2/6 554/3/6 804/11/6
f 554/3/6 803/2/6 553/1/6
f 807/3/1 806/2/1 805/1/1
f 806/3/1 807/2/1 808/1/1
f 809/3/2 807/2/2 805/1/2
f 807/3/2 809/2/2 810/1/2
f 811/5/3 806/5/3 808/678/3
f 806/5/3 811/5/3 812/679/3
f 811/5/4 809/5/4 812/680/4
f 809/5/4 811/5/4 810/681/4
f 809/5/5 806/5/5 812/682/5
f 806/5/5 809/5/5 805/683/5
f 807/2/6 811/3/6 808/11/6
f 811/3/6 807/2/6 810/1/6
f 622/3/1 813/2/1 620/1/1
f 813/3/1 622/2/1 814/1/1
f 626/3/2 622/2/2 620/1/2
f 622/3/2 626/2/2 625/1/2
f 815/5/3 813/5/3 814/684/3
f 813/5/3 815/5/3 816/685/3
f 815/5/4 626/514/4 816/686/4
f 626/514/4 815/5/4 625/5/4
f 626/516/5 813/5/5 816/687/5
f 813/5/5 626/516/5 620/5/5
f 622/2/6 815/3/6 814/11/6
f 815/3/6 622/2/6 625/1/6
f 819/3/1 818/2/1 817/1/1
f 818/3/1 819/2/1 820/1/1
f 821/3/2 819/2/2 817/1/2
f 819/3/2 821/2/2 822/1/2
f 823/5/3 818/5/3 820/688/3
f 818/5/3 823/5/3 824/689/3
f 823/5/4 821/5/4 824/690/4
f 821/5/4 823/5/4 822/691/4
f 821/5/5 818/5/5 824/692/5
f 818/5/5 821/5/5 817/693/5
f 819/2/6 823/3/6 820/11/6
f 823/3/6 819/2/6 822/1/6
f 560/3/1 825/2/1 559/1/1
f 825/3/1 560/2/1 826/1/1
f 562/3/2 560/2/2 559/1/2
f 560/3/2 562/2/2 561/1/2
f 827/5/3 825/5/3 826/694/3
f 825/5/3 827/5/3 828/695/3
f 827/5/4 562/456/4 828/696/4
f 562/456/4 827/5/4 561/5/4
f 562/458/5 825/5/5 828/697/5
f 825/5/5 562/458/5 559/5/5
f 560/2/6 827/3/6 826/11/6
f 827/3/6 560/2/6 561/1/6
f 831/3/1 830/2/1 829/1/1
f 830/3/1 831/2/1 832/1/1
f 571/3/2 831/2/2 829/1/2
f 831/3/2 571/2/2 573/1/2
f 574/471/3 830/5/3 832/698/3
f 830/5/3 574/471/3 572/5/3
f 574/5/4 571/5/4 572/699/4
f 571/5/4 574/5/4 573/700/4
f 571/476/5 830/5/5 572/5/5
f 830/5/5 571/476/5 829/701/5
f 831/2/6 574/3/6 832/11/6
f 574/3/6 831/2/6 573/1/6
f 304/3/1 306/2/1 303/1/1
f 306/3/1 304/2/1 305/1/1
f 833/3/2 304/2/2 303/1/2
f 304/3/2 833/2/2 834/1/2
f 835/5/3 306/241/3 305/5/3
f 306/241/3 835/5/3 836/702/3
f 835/5/4 833/5/4 836/703/4
f 833/5/4 835/5/4 834/704/4
f 833/5/5 306/244/5 836/705/5
f 306/244/5 833/5/5 303/5/5
f 304/2/6 835/3/6 305/11/6
f 835/3/6 304/2/6 834/1/6
f 839/3/1 838/2/1 837/1/1
f 838/3/1 839/2/1 840/1/1
f 841/3/2 839/2/2 837/1/2
f 839/3/2 841/2/2 842/1/2
f 843/5/3 838/5/3 840/706/3
f 838/5/3 843/5/3 844/707/3
f 843/5/4 841/5/4 844/708/4
f 841/5/4 843/5/4 842/709/4
f 841/5/5 838/5/5 844/710/5
f 838/5/5 841/5/5 837/711/5
f 839/2/6 843/3/6 840/11/6
f 843/3/6 839/2/6 842/1/6
f 847/3/1 846/2/1 845/1/1
f 846/3/1 847/2/1 848/1/1
f 849/3/2 847/2/2 845/1/2
f 847/3/2 849/2/2 850/1/2
f 851/5/3 846/5/3 848/712/3
f 846/5/3 851/5/3 852/713/3
f 851/5/4 849/5/4 852/714/4
f 849/5/4 851/5/4 850/715/4
f 849/5/5 846/5/5 852/716/5
f 846/5/5 849/5/5 845/717/5
f 847/2/6 851/3/6 848/11/6
f 851/3/6 847/2/6 850/1/6
f 855/3/1 854/2/1 853/1/1
f 854/3/1 855/2/1 856/1/1
f 857/3/2 855/2/2 853/1/2
f 855/3/2 857/2/2 858/1/2
f 859/5/3 854/5/3 856/718/3
f 854/5/3 859/5/3 860/719/3
f 859/5/4 857/5/4 860/720/4
f 857/5/4 859/5/4 858/721/4
f 857/5/5 854/5/5 860/722/5
f 854/5/5 857/5/5 853/723/5
f 855/2/6 859/3/6 856/11/6
f 859/3/6 855/2/6 858/1/6
f 863/3/1 862/2/1 861/1/1
f 862/3/1 863/2/1 864/1/1
f 865/3/2 863/2/2 861/1/2
f 863/3/2 865/2/2 866/1/2
f 867/5/3 862/5/3 864/724/3
f 862/5/3 867/5/3 868/725/3
f 867/5/4 865/5/4 868/726/4
f 865/5/4 867/5/4 866/727/4
f 865/5/5 862/5/5 868/728/5
f 862/5/5 865/5/5 861/729/5
f 863/2/6 867/3/6 864/11/6
f 867/3/6 863/2/6 866/1/6
f 870/3/1 329/2/1 869/1/1
f 329/3/1 870/2/1 331/1/1
f 578/3/2 870/2/2 869/1/2
f 870/3/2 578/2/2 577/1/2
f 334/5/3 329/5/3 331/730/3
f 329/5/3 334/5/3 333/731/3
f 334/271/4 578/473/4 333/5/4
f 578/473/4 334/271/4 577/5/4
f 578/475/5 329/273/5 333/5/5
f 329/273/5 578/475/5 869/732/5
f 870/2/6 334/3/6 331/11/6
f 334/3/6 870/2/6 577/1/6
f 873/3/1 872/2/1 871/1/1
f 872/3/1 873/2/1 874/1/1
f 875/3/2 873/2/2 871/1/2
f 873/3/2 875/2/2 876/1/2
f 877/5/3 872/5/3 874/733/3
f 872/5/3 877/5/3 878/734/3
f 877/5/4 875/5/4 878/735/4
f 875/5/4 877/5/4 876/736/4
f 875/5/5 872/5/5 878/737/5
f 872/5/5 875/5/5 871/738/5
f 873/2/6 877/3/6 874/11/6
f 877/3/6 873/2/6 876/1/6
f 880/3/1 455/2/1 879/1/1
f 455/3/1 880/2/1 456/1/1
f 881/3/2 880/2/2 879/1/2
f 880/3/2 881/2/2 882/1/2
f 461/5/3 455/5/3 456/739/3
f 455/5/3 461/5/3 459/740/3
f 461/5/4 881/5/4 459/741/4
f 881/5/4 461/5/4 882/742/4
f 881/5/5 455/5/5 459/381/5
f 455/5/5 881/5/5 879/743/5
f 880/2/6 461/3/6 456/11/6
f 461/3/6 880/2/6 882/1/6
f 884/3/1 463/2/1 883/1/1
f 463/3/1 884/2/1 464/1/1
f 885/3/2 884/2/2 883/1/2
f 884/3/2 885/2/2 886/1/2
f 469/5/3 463/5/3 464/744/3
f 463/5/3 469/5/3 467/745/3
f 469/5/4 885/5/4 467/746/4
f 885/5/4 469/5/4 886/747/4
f 885/5/5 463/5/5 467/387/5
f 463/5/5 885/5/5 883/748/5
f 884/2/6 469/3/6 464/11/6
f 469/3/6 884/2/6 886/1/6
f 889/3/1 888/2/1 887/1/1
f 888/3/1 889/2/1 890/1/1
f 250/3/2 889/2/2 887/1/2
f 889/3/2 250/2/2 252/1/2
f 891/5/3 888/5/3 890/749/3
f 888/5/3 891/5/3 892/750/3
f 891/5/4 250/5/4 892/751/4
f 250/5/4 891/5/4 252/752/4
f 250/5/5 888/5/5 892/753/5
f 888/5/5 250/5/5 887/754/5
f 889/2/6 891/3/6 890/11/6
f 891/3/6 889/2/6 252/1/6
f 895/3/1 894/2/1 893/1/1
f 894/3/1 895/2/1 896/1/1
f 897/3/2 895/2/2 893/1/2
f 895/3/2 897/2/2 898/1/2
f 899/5/3 894/5/3 896/755/3
f 894/5/3 899/5/3 900/756/3
f 899/5/4 897/5/4 900/757/4
f 897/5/4 899/5/4 898/758/4
f 897/5/5 894/5/5 900/759/5
f 894/5/5 897/5/5 893/760/5
f 895/2/6 899/3/6 896/11/6
f 899/3/6 895/2/6 898/1/6
f 903/3/1 902/2/1 901/1/1
f 902/3/1 903/2/1 904/1/1
f 888/3/2 903/2/2 901/1/2
f 903/3/2 888/2/2 890/1/2
f 905/5/3 902/5/3 904/761/3
f 902/5/3 905/5/3 906/762/3
f 905/5/4 888/5/4 906/763/4
f 888/5/4 905/5/4 890/764/4
f 888/5/5 902/5/5 906/765/5
f 902/5/5 888/5/5 901/766/5
f 903/2/6 905/3/6 904/11/6
f 905/3/6 903/2/6 890/1/6
f 658/3/1 907/2/1 656/1/1
f 907/3/1 658/2/1 908/1/1
f 662/3/2 658/2/2 656/1/2
f 658/3/2 662/2/2 661/1/2
f 909/5/3 907/5/3 908/767/3
f 907/5/3 909/5/3 910/768/3
f 909/5/4 662/547/4 910/769/4
f 662/547/4 909/5/4 661/5/4
f 662/549/5 907/5/5 910/770/5
f 907/5/5 662/549/5 656/5/5
f 658/2/6 909/3/6 908/11/6
f 909/3/6 658/2/6 661/1/6
f 913/3/1 912/2/1 911/1/1
f 912/3/1 913/2/1 914/1/1
f 915/3/2 913/2/2 911/1/2
f 913/3/2 915/2/2 916/1/2
f 917/5/3 912/5/3 914/771/3
f 912/5/3 917/5/3 918/772/3
f 917/5/4 915/5/4 918/773/4
f 915/5/4 917/5/4 916/774/4
f 915/5/5 912/5/5 918/775/5
f 912/5/5 915/5/5 911/776/5
f 913/2/6 917/3/6 914/11/6
f 917/3/6 913/2/6 916/1/6
f 921/3/1 920/2/1 919/1/1
f 920/3/1 921/2/1 922/1/1
f 923/3/2 921/2/2 919/1/2
f 921/3/2 923/2/2 924/1/2
f 925/5/3 920/5/3 922/777/3
f 920/5/3 925/5/3 926/778/3
f 925/5/4 923/5/4 926/779/4
f 923/5/4 925/5/4 924/780/4
f 923/5/5 920/5/5 926/781/5
f 920/5/5 923/5/5 919/782/5
f 921/2/6 925/3/6 922/11/6
f 925/3/6 921/2/6 924/1/6
f 929/3/1 928/2/1 927/1/1
f 928/3/1 929/2/1 930/1/1
f 902/3/2 929/2/2 927/1/2
f 929/3/2 902/2/2 904/1/2
f 931/5/3 928/5/3 930/783/3
f 928/5/3 931/5/3 932/784/3
f 931/5/4 902/5/4 932/785/4
f 902/5/4 931/5/4 904/786/4
f 902/5/5 928/5/5 932/787/5
f 928/5/5 902/5/5 927/788/5
f 929/2/6 931/3/6 930/11/6
f 931/3/6 929/2/6 904/1/6
f 935/3/1 934/2/1 933/1/1
f 934/3/1 935/2/1 936/1/1
f 937/3/2 935/2/2 933/1/2
f 935/3/2 937/2/2 938/1/2
f 939/5/3 934/5/3 936/789/3
f 934/5/3 939/5/3 940/790/3
f 939/5/4 937/5/4 940/791/4
f 937/5/4 939/5/4 938/792/4
f 937/5/5 934/5/5 940/793/5
f 934/5/5 937/5/5 933/794/5
f 935/2/6 939/3/6 936/11/6
f 939/3/6 935/2/6 938/1/6
f 942/3/1 367/2/1 941/1/1
f 367/3/1 942/2/1 368/1/1
f 943/3/2 942/2/2 941/1/2
f 942/3/2 943/2/2 944/1/2
f 370/5/3 367/5/3 368/795/3
f 367/5/3 370/5/3 369/796/3
f 370/300/4 943/5/4 369/5/4
f 943/5/4 370/300/4 944/797/4
f 943/5/5 367/301/5 369/5/5
f 367/301/5 943/5/5 941/798/5
f 942/2/6 370/3/6 368/11/6
f 370/3/6 942/2/6 944/1/6
f 947/3/1 946/2/1 945/1/1
f 946/3/1 947/2/1 948/1/1
f 934/3/2 947/2/2 945/1/2
f 947/3/2 934/2/2 936/1/2
f 949/5/3 946/5/3 948/799/3
f 946/5/3 949/5/3 950/800/3
f 949/5/4 934/5/4 950/801/4
f 934/5/4 949/5/4 936/802/4
f 934/5/5 946/5/5 950/803/5
f 946/5/5 934/5/5 945/804/5
f 947/2/6 949/3/6 948/11/6
f 949/3/6 947/2/6 936/1/6
f 365/3/1 376/2/1 366/1/1
f 376/3/1 365/2/1 375/1/1
f 951/3/2 365/2/2 366/1/2
f 365/3/2 951/2/2 952/1/2
f 594/487/3 376/303/3 375/5/3
f 376/303/3 594/487/3 592/5/3
f 594/5/4 951/5/4 592/805/4
f 951/5/4 594/5/4 952/806/4
f 951/5/5 376/306/5 592/5/5
f 376/306/5 951/5/5 366/296/5
f 365/2/6 594/3/6 375/11/6
f 594/3/6 365/2/6 952/1/6
f 384/3/1 386/2/1 383/1/1
f 386/3/1 384/2/1 385/1/1
f 605/3/2 384/2/2 383/1/2
f 384/3/2 605/2/2 607/1/2
f 608/499/3 386/313/3 385/5/3
f 386/313/3 608/499/3 606/5/3
f 608/5/4 605/5/4 606/807/4
f 605/5/4 608/5/4 607/808/4
f 605/503/5 386/316/5 606/5/5
f 386/316/5 605/503/5 383/5/5
f 384/2/6 608/3/6 385/11/6
f 608/3/6 384/2/6 607/1/6

usemtl color17

f 12/3/1 756/2/1 10/1/1
f 756/3/1 12/2/1 755/1/1
f 16/3/2 12/2/2 10/1/2
f 12/3/2 16/2/2 15/1/2
f 953/5/3 756/634/3 755/5/3
f 756/634/3 953/5/3 954/809/3
f 953/5/4 16/14/4 954/810/4
f 16/14/4 953/5/4 15/5/4
f 16/16/5 756/637/5 954/811/5
f 756/637/5 16/16/5 10/5/5
f 12/2/6 953/3/6 755/11/6
f 953/3/6 12/2/6 15/1/6
f 680/3/1 417/2/1 679/1/1
f 417/3/1 680/2/1 419/1/1
f 627/3/2 680/2/2 679/1/2
f 680/3/2 627/2/2 628/1/2
f 422/518/3 417/5/3 419/812/3
f 417/5/3 422/518/3 421/5/3
f 422/347/4 627/5/4 421/5/4
f 627/5/4 422/347/4 628/813/4
f 627/520/5 417/349/5 421/5/5
f 417/349/5 627/520/5 679/5/5
f 680/2/6 422/3/6 419/11/6
f 422/3/6 680/2/6 628/1/6
f 630/3/1 569/2/1 629/1/1
f 569/3/1 630/2/1 570/1/1
f 631/3/2 630/2/2 629/1/2
f 630/3/2 631/2/2 632/1/2
f 431/523/3 569/521/3 570/5/3
f 569/521/3 431/523/3 429/5/3
f 431/5/4 631/5/4 429/814/4
f 631/5/4 431/5/4 632/815/4
f 631/526/5 569/5/5 429/357/5
f 569/5/5 631/526/5 629/5/5
f 630/2/6 431/3/6 570/11/6
f 431/3/6 630/2/6 632/1/6
f 90/3/1 92/2/1 89/1/1
f 92/3/1 90/2/1 91/1/1
f 955/3/2 90/2/2 89/1/2
f 90/3/2 955/2/2 956/1/2
f 957/5/3 92/73/3 91/5/3
f 92/73/3 957/5/3 958/816/3
f 957/5/4 955/5/4 958/817/4
f 955/5/4 957/5/4 956/818/4
f 955/5/5 92/76/5 958/819/5
f 92/76/5 955/5/5 89/5/5
f 90/2/6 957/3/6 91/11/6
f 957/3/6 90/2/6 956/1/6
f 652/3/1 654/2/1 651/1/1
f 654/3/1 652/2/1 653/1/1
f 93/3/2 652/2/2 651/1/2
f 652/3/2 93/2/2 95/1/2
f 96/78/3 654/540/3 653/5/3
f 654/540/3 96/78/3 94/5/3
f 96/5/4 93/5/4 94/820/4
f 93/5/4 96/5/4 95/821/4
f 93/83/5 654/543/5 94/5/5
f 654/543/5 93/83/5 651/5/5
f 652/2/6 96/3/6 653/11/6
f 96/3/6 652/2/6 95/1/6

usemtl color20

f 961/3/1 960/2/1 959/1/1
f 960/3/1 961/2/1 962/1/1
f 963/3/2 961/2/2 959/1/2
f 961/3/2 963/2/2 964/1/2
f 397/5/3 960/5/3 962/822/3
f 960/5/3 397/5/3 395/823/3
f 397/5/4 963/5/4 395/824/4
f 963/5/4 397/5/4 964/825/4
f 963/5/5 960/5/5 395/326/5
f 960/5/5 963/5/5 959/826/5
f 961/2/6 397/3/6 962/11/6
f 397/3/6 961/2/6 964/1/6
f 686/3/1 688/2/1 685/1/1
f 688/3/1 686/2/1 687/1/1
f 965/3/2 686/2/2 685/1/2
f 686/3/2 965/2/2 966/1/2
f 967/5/3 688/566/3 687/5/3
f 688/566/3 967/5/3 968/827/3
f 967/5/4 965/5/4 968/828/4
f 965/5/4 967/5/4 966/829/4
f 965/5/5 688/569/5 968/830/5
f 688/569/5 965/5/5 685/5/5
f 686/2/6 967/3/6 687/11/6
f 967/3/6 686/2/6 966/1/6
f 638/3/1 640/2/1 637/1/1
f 640/3/1 638/2/1 639/1/1
f 641/3/2 638/2/2 637/1/2
f 638/3/2 641/2/2 643/1/2
f 644/533/3 640/528/3 639/5/3
f 640/528/3 644/533/3 642/5/3
f 644/5/4 641/5/4 642/831/4
f 641/5/4 644/5/4 643/832/4
f 641/538/5 640/531/5 642/5/5
f 640/531/5 641/538/5 637/5/5
f 638/2/6 644/3/6 639/11/6
f 644/3/6 638/2/6 643/1/6
f 646/3/1 648/2/1 645/1/1
f 648/3/1 646/2/1 647/1/1
f 969/3/2 646/2/2 645/1/2
f 646/3/2 969/2/2 970/1/2
f 749/5/3 648/534/3 647/5/3
f 648/534/3 749/5/3 747/833/3
f 749/5/4 969/5/4 747/834/4
f 969/5/4 749/5/4 970/835/4
f 969/5/5 648/537/5 747/623/5
f 648/537/5 969/5/5 645/5/5
f 646/2/6 749/3/6 647/11/6
f 749/3/6 646/2/6 970/1/6
f 660/3/1 662/2/1 659/1/1
f 662/3/1 660/2/1 661/1/1
f 663/3/2 660/2/2 659/1/2
f 660/3/2 663/2/2 665/1/2
f 666/551/3 662/546/3 661/5/3
f 662/546/3 666/551/3 664/5/3
f 666/5/4 663/5/4 664/836/4
f 663/5/4 666/5/4 665/837/4
f 663/556/5 662/549/5 664/5/5
f 662/549/5 663/556/5 659/5/5
f 660/2/6 666/3/6 661/11/6
f 666/3/6 660/2/6 665/1/6
f 668/3/1 670/2/1 667/1/1
f 670/3/1 668/2/1 669/1/1
f 748/3/2 668/2/2 667/1/2
f 668/3/2 748/2/2 750/1/2
f 157/5/3 670/552/3 669/5/3
f 670/552/3 157/5/3 155/838/3
f 157/5/4 748/5/4 155/839/4
f 748/5/4 157/5/4 750/840/4
f 748/5/5 670/555/5 155/133/5
f 670/555/5 748/5/5 667/5/5
f 668/2/6 157/3/6 669/11/6
f 157/3/6 668/2/6 750/1/6

usemtl color9

f 774/3/1 776/2/1 773/1/1
f 776/3/1 774/2/1 775/1/1
f 777/3/2 774/2/2 773/1/2
f 774/3/2 777/2/2 779/1/2
f 780/654/3 776/650/3 775/5/3
f 776/650/3 780/654/3 778/5/3
f 780/5/4 777/5/4 778/841/4
f 777/5/4 780/5/4 779/842/4
f 777/657/5 776/653/5 778/5/5
f 776/653/5 777/657/5 773/5/5
f 774/2/6 780/3/6 775/11/6
f 780/3/6 774/2/6 779/1/6
f 973/3/1 972/2/1 971/1/1
f 972/3/1 973/2/1 974/1/1
f 758/3/2 973/2/2 971/1/2
f 973/3/2 758/2/2 760/1/2
f 975/5/3 972/5/3 974/843/3
f 972/5/3 975/5/3 976/844/3
f 975/5/4 758/5/4 976/845/4
f 758/5/4 975/5/4 760/846/4
f 758/5/5 972/5/5 976/847/5
f 972/5/5 758/5/5 971/848/5
f 973/2/6 975/3/6 974/11/6
f 975/3/6 973/2/6 760/1/6
f 979/3/1 978/2/1 977/1/1
f 978/3/1 979/2/1 980/1/1
f 227/3/2 979/2/2 977/1/2
f 979/3/2 227/2/2 229/1/2
f 230/182/3 978/5/3 980/849/3
f 978/5/3 230/182/3 228/5/3
f 230/5/4 227/5/4 228/850/4
f 227/5/4 230/5/4 229/851/4
f 227/187/5 978/5/5 228/5/5
f 978/5/5 227/187/5 977/852/5
f 979/2/6 230/3/6 980/11/6
f 230/3/6 979/2/6 229/1/6
f 983/3/1 982/2/1 981/1/1
f 982/3/1 983/2/1 984/1/1
f 985/3/2 983/2/2 981/1/2
f 983/3/2 985/2/2 986/1/2
f 987/5/3 982/5/3 984/853/3
f 982/5/3 987/5/3 988/854/3
f 987/5/4 985/5/4 988/855/4
f 985/5/4 987/5/4 986/856/4
f 985/5/5 982/5/5 988/857/5
f 982/5/5 985/5/5 981/858/5
f 983/2/6 987/3/6 984/11/6
f 987/3/6 983/2/6 986/1/6
f 548/3/1 550/2/1 547/1/1
f 550/3/1 548/2/1 549/1/1
f 989/3/2 548/2/2 547/1/2
f 548/3/2 989/2/2 990/1/2
f 991/5/3 550/443/3 549/5/3
f 550/443/3 991/5/3 992/859/3
f 991/5/4 989/5/4 992/860/4
f 989/5/4 991/5/4 990/861/4
f 989/5/5 550/446/5 992/862/5
f 550/446/5 989/5/5 547/5/5
f 548/2/6 991/3/6 549/11/6
f 991/3/6 548/2/6 990/1/6
f 995/3/1 994/2/1 993/1/1
f 994/3/1 995/2/1 996/1/1
f 243/3/2 995/2/2 993/1/2
f 995/3/2 243/2/2 245/1/2
f 246/194/3 994/5/3 996/863/3
f 994/5/3 246/194/3 244/5/3
f 246/5/4 243/5/4 244/864/4
f 243/5/4 246/5/4 245/865/4
f 243/199/5 994/5/5 244/5/5
f 994/5/5 243/199/5 993/866/5
f 995/2/6 246/3/6 996/11/6
f 246/3/6 995/2/6 245/1/6
f 987/3/1 817/2/1 988/1/1
f 817/3/1 987/2/1 819/1/1
f 997/3/2 987/2/2 988/1/2
f 987/3/2 997/2/2 998/1/2
f 822/5/3 817/5/3 819/867/3
f 817/5/3 822/5/3 821/868/3
f 822/691/4 997/5/4 821/5/4
f 997/5/4 822/691/4 998/869/4
f 997/5/5 817/693/5 821/5/5
f 817/693/5 997/5/5 988/857/5
f 987/2/6 822/3/6 819/11/6
f 822/3/6 987/2/6 998/1/6
f 284/3/1 286/2/1 283/1/1
f 286/3/1 284/2/1 285/1/1
f 802/3/2 284/2/2 283/1/2
f 284/3/2 802/2/2 804/1/2
f 999/5/3 286/225/3 285/5/3
f 286/225/3 999/5/3 1000/870/3
f 999/5/4 802/5/4 1000/871/4
f 802/5/4 999/5/4 804/872/4
f 802/5/5 286/228/5 1000/873/5
f 286/228/5 802/5/5 283/5/5
f 284/2/6 999/3/6 285/11/6
f 999/3/6 284/2/6 804/1/6
f 625/3/1 816/2/1 626/1/1
f 816/3/1 625/2/1 815/1/1
f 1001/3/2 625/2/2 626/1/2
f 625/3/2 1001/2/2 1002/1/2
f 1003/5/3 816/685/3 815/5/3
f 816/685/3 1003/5/3 1004/874/3
f 1003/5/4 1001/5/4 1004/875/4
f 1001/5/4 1003/5/4 1002/876/4
f 1001/5/5 816/687/5 1004/877/5
f 816/687/5 1001/5/5 626/516/5
f 625/2/6 1003/3/6 815/11/6
f 1003/3/6 625/2/6 1002/1/6
f 826/3/1 887/2/1 825/1/1
f 887/3/1 826/2/1 889/1/1
f 828/3/2 826/2/2 825/1/2
f 826/3/2 828/2/2 827/1/2
f 252/200/3 887/5/3 889/878/3
f 887/5/3 252/200/3 250/5/3
f 252/752/4 828/696/4 250/5/4
f 828/696/4 252/752/4 827/5/4
f 828/697/5 887/754/5 250/5/5
f 887/754/5 828/697/5 825/5/5
f 826/2/6 252/3/6 889/11/6
f 252/3/6 826/2/6 827/1/6
f 636/3/1 655/2/1 634/1/1
f 655/3/1 636/2/1 657/1/1
f 640/3/2 636/2/2 634/1/2
f 636/3/2 640/2/2 639/1/2
f 660/5/3 655/5/3 657/879/3
f 655/5/3 660/5/3 659/880/3
f 660/548/4 640/529/4 659/5/4
f 640/529/4 660/548/4 639/5/4
f 640/531/5 655/550/5 659/5/5
f 655/550/5 640/531/5 634/5/5
f 636/2/6 660/3/6 657/11/6
f 660/3/6 636/2/6 639/1/6
f 1007/3/1 1006/2/1 1005/1/1
f 1006/3/1 1007/2/1 1008/1/1
f 1009/3/2 1007/2/2 1005/1/2
f 1007/3/2 1009/2/2 1010/1/2
f 1011/5/3 1006/5/3 1008/881/3
f 1006/5/3 1011/5/3 1012/882/3
f 1011/5/4 1009/5/4 1012/883/4
f 1009/5/4 1011/5/4 1010/884/4
f 1009/5/5 1006/5/5 1012/885/5
f 1006/5/5 1009/5/5 1005/886/5
f 1007/2/6 1011/3/6 1008/11/6
f 1011/3/6 1007/2/6 1010/1/6
f 835/3/1 1013/2/1 836/1/1
f 1013/3/1 835/2/1 1014/1/1
f 871/3/2 835/2/2 836/1/2
f 835/3/2 871/2/2 873/1/2
f 874/733/3 1013/5/3 1014/887/3
f 1013/5/3 874/733/3 872/5/3
f 874/5/4 871/5/4 872/888/4
f 871/5/4 874/5/4 873/889/4
f 871/738/5 1013/5/5 872/5/5
f 1013/5/5 871/738/5 836/705/5
f 835/2/6 874/3/6 1014/11/6
f 874/3/6 835/2/6 873/1/6
f 876/3/1 878/2/1 875/1/1
f 878/3/1 876/2/1 877/1/1
f 1015/3/2 876/2/2 875/1/2
f 876/3/2 1015/2/2 1016/1/2
f 1017/5/3 878/734/3 877/5/3
f 878/734/3 1017/5/3 1018/890/3
f 1017/5/4 1015/5/4 1018/891/4
f 1015/5/4 1017/5/4 1016/892/4
f 1015/5/5 878/737/5 1018/893/5
f 878/737/5 1015/5/5 875/5/5
f 876/2/6 1017/3/6 877/11/6
f 1017/3/6 876/2/6 1016/1/6
f 882/3/1 459/2/1 881/1/1
f 459/3/1 882/2/1 461/1/1
f 883/3/2 882/2/2 881/1/2
f 882/3/2 883/2/2 884/1/2
f 464/744/3 459/740/3 461/5/3
f 459/740/3 464/744/3 463/5/3
f 464/379/4 883/5/4 463/5/4
f 883/5/4 464/379/4 884/894/4
f 883/748/5 459/381/5 463/5/5
f 459/381/5 883/748/5 881/5/5
f 882/2/6 464/3/6 461/11/6
f 464/3/6 882/2/6 884/1/6
f 886/3/1 467/2/1 885/1/1
f 467/3/1 886/2/1 469/1/1
f 1019/3/2 886/2/2 885/1/2
f 886/3/2 1019/2/2 1020/1/2
f 472/5/3 467/745/3 469/5/3
f 467/745/3 472/5/3 471/895/3
f 472/385/4 1019/5/4 471/5/4
f 1019/5/4 472/385/4 1020/896/4
f 1019/5/5 467/387/5 471/5/5
f 467/387/5 1019/5/5 885/5/5
f 886/2/6 472/3/6 469/11/6
f 472/3/6 886/2/6 1020/1/6
f 1023/3/1 1022/2/1 1021/1/1
f 1022/3/1 1023/2/1 1024/1/1
f 1025/3/2 1023/2/2 1021/1/2
f 1023/3/2 1025/2/2 1026/1/2
f 1027/5/3 1022/5/3 1024/897/3
f 1022/5/3 1027/5/3 1028/898/3
f 1027/5/4 1025/5/4 1028/899/4
f 1025/5/4 1027/5/4 1026/900/4
f 1025/5/5 1022/5/5 1028/901/5
f 1022/5/5 1025/5/5 1021/902/5
f 1023/2/6 1027/3/6 1024/11/6
f 1027/3/6 1023/2/6 1026/1/6
f 856/3/1 1029/2/1 854/1/1
f 1029/3/1 856/2/1 1030/1/1
f 1031/3/2 856/2/2 854/1/2
f 856/3/2 1031/2/2 1032/1/2
f 1033/5/3 1029/5/3 1030/903/3
f 1029/5/3 1033/5/3 1034/904/3
f 1033/5/4 1031/5/4 1034/905/4
f 1031/5/4 1033/5/4 1032/906/4
f 1031/5/5 1029/5/5 1034/907/5
f 1029/5/5 1031/5/5 854/5/5
f 856/2/6 1033/3/6 1030/11/6
f 1033/3/6 856/2/6 1032/1/6
f 1037/3/1 1036/2/1 1035/1/1
f 1036/3/1 1037/2/1 1038/1/1
f 451/3/2 1037/2/2 1035/1/2
f 1037/3/2 451/2/2 453/1/2
f 454/370/3 1036/5/3 1038/908/3
f 1036/5/3 454/370/3 452/5/3
f 454/5/4 451/5/4 452/909/4
f 451/5/4 454/5/4 453/910/4
f 451/375/5 1036/5/5 452/5/5
f 1036/5/5 451/375/5 1035/911/5
f 1037/2/6 454/3/6 1038/11/6
f 454/3/6 1037/2/6 453/1/6
f 1040/3/1 597/2/1 1039/1/1
f 597/3/1 1040/2/1 598/1/1
f 1041/3/2 1040/2/2 1039/1/2
f 1040/3/2 1041/2/2 1042/1/2
f 600/5/3 597/5/3 598/912/3
f 597/5/3 600/5/3 599/913/3
f 600/493/4 1041/5/4 599/5/4
f 1041/5/4 600/493/4 1042/914/4
f 1041/5/5 597/494/5 599/5/5
f 597/494/5 1041/5/5 1039/915/5
f 1040/2/6 600/3/6 598/11/6
f 600/3/6 1040/2/6 1042/1/6
f 1045/3/1 1044/2/1 1043/1/1
f 1044/3/1 1045/2/1 1046/1/1
f 911/3/2 1045/2/2 1043/1/2
f 1045/3/2 911/2/2 913/1/2
f 1047/5/3 1044/5/3 1046/916/3
f 1044/5/3 1047/5/3 1048/917/3
f 1047/5/4 911/5/4 1048/918/4
f 911/5/4 1047/5/4 913/919/4
f 911/776/5 1044/5/5 1048/920/5
f 1044/5/5 911/776/5 1043/921/5
f 1045/2/6 1047/3/6 1046/11/6
f 1047/3/6 1045/2/6 913/1/6
f 1051/3/1 1050/2/1 1049/1/1
f 1050/3/1 1051/2/1 1052/1/1
f 946/3/2 1051/2/2 1049/1/2
f 1051/3/2 946/2/2 948/1/2
f 1053/5/3 1050/5/3 1052/922/3
f 1050/5/3 1053/5/3 1054/923/3
f 1053/5/4 946/5/4 1054/924/4
f 946/5/4 1053/5/4 948/925/4
f 946/5/5 1050/5/5 1054/926/5
f 1050/5/5 946/5/5 1049/927/5
f 1051/2/6 1053/3/6 1052/11/6
f 1053/3/6 1051/2/6 948/1/6

usemtl color2

f 768/3/1 1055/2/1 766/1/1
f 1055/3/1 768/2/1 1056/1/1
f 772/3/2 768/2/2 766/1/2
f 768/3/2 772/2/2 771/1/2
f 1057/5/3 1055/5/3 1056/928/3
f 1055/5/3 1057/5/3 1058/929/3
f 1057/5/4 772/646/4 1058/930/4
f 772/646/4 1057/5/4 771/5/4
f 772/648/5 1055/5/5 1058/931/5
f 1055/5/5 772/648/5 766/5/5
f 768/2/6 1057/3/6 1056/11/6
f 1057/3/6 768/2/6 771/1/6
f 224/3/1 226/2/1 223/1/1
f 226/3/1 224/2/1 225/1/1
f 1059/3/2 224/2/2 223/1/2
f 224/3/2 1059/2/2 1060/1/2
f 1061/5/3 226/177/3 225/5/3
f 226/177/3 1061/5/3 1062/932/3
f 1061/5/4 1059/5/4 1062/933/4
f 1059/5/4 1061/5/4 1060/934/4
f 1059/5/5 226/180/5 1062/935/5
f 226/180/5 1059/5/5 223/5/5
f 224/2/6 1061/3/6 225/11/6
f 1061/3/6 224/2/6 1060/1/6
f 1064/3/1 41/2/1 1063/1/1
f 41/3/1 1064/2/1 42/1/1
f 781/3/2 1064/2/2 1063/1/2
f 1064/3/2 781/2/2 783/1/2
f 784/658/3 41/5/3 42/936/3
f 41/5/3 784/658/3 782/5/3
f 784/5/4 781/5/4 782/937/4
f 781/5/4 784/5/4 783/938/4
f 781/663/5 41/5/5 782/5/5
f 41/5/5 781/663/5 1063/939/5
f 1064/2/6 784/3/6 42/11/6
f 784/3/6 1064/2/6 783/1/6
f 990/3/1 992/2/1 989/1/1
f 992/3/1 990/2/1 991/1/1
f 993/3/2 990/2/2 989/1/2
f 990/3/2 993/2/2 995/1/2
f 996/863/3 992/859/3 991/5/3
f 992/859/3 996/863/3 994/5/3
f 996/5/4 993/5/4 994/940/4
f 993/5/4 996/5/4 995/941/4
f 993/866/5 992/862/5 994/5/5
f 992/862/5 993/866/5 989/5/5
f 990/2/6 996/3/6 991/11/6
f 996/3/6 990/2/6 995/1/6
f 222/3/1 248/2/1 220/1/1
f 248/3/1 222/2/1 247/1/1
f 226/3/2 222/2/2 220/1/2
f 222/3/2 226/2/2 225/1/2
f 1065/5/3 248/195/3 247/5/3
f 248/195/3 1065/5/3 1066/942/3
f 1065/5/4 226/178/4 1066/943/4
f 226/178/4 1065/5/4 225/5/4
f 226/180/5 248/198/5 1066/944/5
f 248/198/5 226/180/5 220/5/5
f 222/2/6 1065/3/6 247/11/6
f 1065/3/6 222/2/6 225/1/6
f 1069/3/1 1068/2/1 1067/1/1
f 1068/3/1 1069/2/1 1070/1/1
f 1071/3/2 1069/2/2 1067/1/2
f 1069/3/2 1071/2/2 1072/1/2
f 1073/5/3 1068/5/3 1070/945/3
f 1068/5/3 1073/5/3 1074/946/3
f 1073/5/4 1071/5/4 1074/947/4
f 1071/5/4 1073/5/4 1072/948/4
f 1071/5/5 1068/5/5 1074/949/5
f 1068/5/5 1071/5/5 1067/950/5
f 1069/2/6 1073/3/6 1070/11/6
f 1073/3/6 1069/2/6 1072/1/6
f 1077/3/1 1076/2/1 1075/1/1
f 1076/3/1 1077/2/1 1078/1/1
f 1079/3/2 1077/2/2 1075/1/2
f 1077/3/2 1079/2/2 1080/1/2
f 1081/5/3 1076/5/3 1078/951/3
f 1076/5/3 1081/5/3 1082/952/3
f 1081/5/4 1079/5/4 1082/953/4
f 1079/5/4 1081/5/4 1080/954/4
f 1079/5/5 1076/5/5 1082/955/5
f 1076/5/5 1079/5/5 1075/956/5
f 1077/2/6 1081/3/6 1078/11/6
f 1081/3/6 1077/2/6 1080/1/6
f 1085/3/1 1084/2/1 1083/1/1
f 1084/3/1 1085/2/1 1086/1/1
f 1087/3/2 1085/2/2 1083/1/2
f 1085/3/2 1087/2/2 1088/1/2
f 1089/5/3 1084/5/3 1086/957/3
f 1084/5/3 1089/5/3 1090/958/3
f 1089/5/4 1087/5/4 1090/959/4
f 1087/5/4 1089/5/4 1088/960/4
f 1087/5/5 1084/5/5 1090/961/5
f 1084/5/5 1087/5/5 1083/962/5
f 1085/2/6 1089/3/6 1086/11/6
f 1089/3/6 1085/2/6 1088/1/6
f 1088/3/1 1091/2/1 1087/1/1
f 1091/3/1 1088/2/1 1092/1/1
f 1093/3/2 1088/2/2 1087/1/2
f 1088/3/2 1093/2/2 1094/1/2
f 1095/5/3 1091/5/3 1092/963/3
f 1091/5/3 1095/5/3 1096/964/3
f 1095/5/4 1093/5/4 1096/965/4
f 1093/5/4 1095/5/4 1094/966/4
f 1093/5/5 1091/5/5 1096/967/5
f 1091/5/5 1093/5/5 1087/5/5
f 1088/2/6 1095/3/6 1092/11/6
f 1095/3/6 1088/2/6 1094/1/6
f 1099/3/1 1098/2/1 1097/1/1
f 1098/3/1 1099/2/1 1100/1/1
f 1101/3/2 1099/2/2 1097/1/2
f 1099/3/2 1101/2/2 1102/1/2
f 1103/5/3 1098/5/3 1100/968/3
f 1098/5/3 1103/5/3 1104/969/3
f 1103/5/4 1101/5/4 1104/970/4
f 1101/5/4 1103/5/4 1102/971/4
f 1101/5/5 1098/5/5 1104/972/5
f 1098/5/5 1101/5/5 1097/973/5
f 1099/2/6 1103/3/6 1100/11/6
f 1103/3/6 1099/2/6 1102/1/6
f 999/3/1 447/2/1 1000/1/1
f 447/3/1 999/2/1 448/1/1
f 1105/3/2 999/2/2 1000/1/2
f 999/3/2 1105/2/2 1106/1/2
f 1107/5/3 447/5/3 448/974/3
f 447/5/3 1107/5/3 1108/975/3
f 1107/5/4 1105/5/4 1108/976/4
f 1105/5/4 1107/5/4 1106/977/4
f 1105/5/5 447/5/5 1108/978/5
f 447/5/5 1105/5/5 1000/873/5
f 999/2/6 1107/3/6 448/11/6
f 1107/3/6 999/2/6 1106/1/6
f 1111/3/1 1110/2/1 1109/1/1
f 1110/3/1 1111/2/1 1112/1/1
f 1113/3/2 1111/2/2 1109/1/2
f 1111/3/2 1113/2/2 1114/1/2
f 1115/5/3 1110/5/3 1112/979/3
f 1110/5/3 1115/5/3 1116/980/3
f 1115/5/4 1113/5/4 1116/981/4
f 1113/5/4 1115/5/4 1114/982/4
f 1113/5/5 1110/5/5 1116/983/5
f 1110/5/5 1113/5/5 1109/984/5
f 1111/2/6 1115/3/6 1112/11/6
f 1115/3/6 1111/2/6 1114/1/6
f 449/3/1 1035/2/1 450/1/1
f 1035/3/1 449/2/1 1037/1/1
f 879/3/2 449/2/2 450/1/2
f 449/3/2 879/2/2 880/1/2
f 456/739/3 1035/5/3 1037/985/3
f 1035/5/3 456/739/3 455/5/3
f 456/373/4 879/5/4 455/5/4
f 879/5/4 456/373/4 880/986/4
f 879/743/5 1035/911/5 455/5/5
f 1035/911/5 879/743/5 450/368/5
f 449/2/6 456/3/6 1037/11/6
f 456/3/6 449/2/6 880/1/6
f 1118/3/1 315/2/1 1117/1/1
f 315/3/1 1118/2/1 316/1/1
f 1119/3/2 1118/2/2 1117/1/2
f 1118/3/2 1119/2/2 1120/1/2
f 318/5/3 315/5/3 316/987/3
f 315/5/3 318/5/3 317/988/3
f 318/259/4 1119/5/4 317/5/4
f 1119/5/4 318/259/4 1120/989/4
f 1119/5/5 315/261/5 317/5/5
f 315/261/5 1119/5/5 1117/990/5
f 1118/2/6 318/3/6 316/11/6
f 318/3/6 1118/2/6 1120/1/6
f 1123/3/1 1122/2/1 1121/1/1
f 1122/3/1 1123/2/1 1124/1/1
f 1035/3/2 1123/2/2 1121/1/2
f 1123/3/2 1035/2/2 1037/1/2
f 1038/908/3 1122/5/3 1124/991/3
f 1122/5/3 1038/908/3 1036/5/3
f 1038/5/4 1035/5/4 1036/992/4
f 1035/5/4 1038/5/4 1037/993/4
f 1035/911/5 1122/5/5 1036/5/5
f 1122/5/5 1035/911/5 1121/994/5
f 1123/2/6 1038/3/6 1124/11/6
f 1038/3/6 1123/2/6 1037/1/6
f 1127/3/1 1126/2/1 1125/1/1
f 1126/3/1 1127/2/1 1128/1/1
f 1129/3/2 1127/2/2 1125/1/2
f 1127/3/2 1129/2/2 1130/1/2
f 1131/5/3 1126/5/3 1128/995/3
f 1126/5/3 1131/5/3 1132/996/3
f 1131/5/4 1129/5/4 1132/997/4
f 1129/5/4 1131/5/4 1130/998/4
f 1129/5/5 1126/5/5 1132/999/5
f 1126/5/5 1129/5/5 1125/1000/5
f 1127/2/6 1131/3/6 1128/11/6
f 1131/3/6 1127/2/6 1130/1/6
f 1134/3/1 751/2/1 1133/1/1
f 751/3/1 1134/2/1 753/1/1
f 941/3/2 1134/2/2 1133/1/2
f 1134/3/2 941/2/2 942/1/2
f 165/298/3 751/5/3 753/1001/3
f 751/5/3 165/298/3 163/5/3
f 165/626/4 941/5/4 163/5/4
f 941/5/4 165/626/4 942/1002/4
f 941/798/5 751/627/5 163/139/5
f 751/627/5 941/798/5 1133/1003/5
f 1134/2/6 165/3/6 753/11/6
f 165/3/6 1134/2/6 942/1/6
f 1136/3/1 171/2/1 1135/1/1
f 171/3/1 1136/2/1 173/1/1
f 1137/3/2 1136/2/2 1135/1/2
f 1136/3/2 1137/2/2 1138/1/2
f 176/5/3 171/5/3 173/1004/3
f 171/5/3 176/5/3 175/1005/3
f 176/143/4 1137/5/4 175/5/4
f 1137/5/4 176/143/4 1138/1006/4
f 1137/5/5 171/145/5 175/5/5
f 171/145/5 1137/5/5 1135/1007/5
f 1136/2/6 176/3/6 173/11/6
f 176/3/6 1136/2/6 1138/1/6
f 754/3/1 1139/2/1 752/1/1
f 1139/3/1 754/2/1 1140/1/1
f 164/3/2 754/2/2 752/1/2
f 754/3/2 164/2/2 166/1/2
f 378/308/3 1139/5/3 1140/1008/3
f 1139/5/3 378/308/3 377/5/3
f 378/5/4 164/625/4 377/1009/4
f 164/625/4 378/5/4 166/5/4
f 164/5/5 1139/5/5 377/5/5
f 1139/5/5 164/5/5 752/5/5
f 754/2/6 378/3/6 1140/11/6
f 378/3/6 754/2/6 166/1/6
f 174/3/1 1141/2/1 172/1/1
f 1141/3/1 174/2/1 1142/1/1
f 178/3/2 174/2/2 172/1/2
f 174/3/2 178/2/2 177/1/2
f 1143/5/3 1141/5/3 1142/1010/3
f 1141/5/3 1143/5/3 1144/1011/3
f 1143/5/4 178/142/4 1144/1012/4
f 178/142/4 1143/5/4 177/5/4
f 178/144/5 1141/5/5 1144/1013/5
f 1141/5/5 178/144/5 172/5/5
f 174/2/6 1143/3/6 1142/11/6
f 1143/3/6 174/2/6 177/1/6
f 1088/3/1 1091/2/1 1087/1/1
f 1091/3/1 1088/2/1 1092/1/1
f 1093/3/2 1088/2/2 1087/1/2
f 1088/3/2 1093/2/2 1094/1/2
f 1095/5/3 1091/5/3 1092/963/3
f 1091/5/3 1095/5/3 1096/964/3
f 1095/5/4 1093/5/4 1096/965/4
f 1093/5/4 1095/5/4 1094/966/4
f 1093/5/5 1091/5/5 1096/967/5
f 1091/5/5 1093/5/5 1087/5/5
f 1088/2/6 1095/3/6 1092/11/6
f 1095/3/6 1088/2/6 1094/1/6

usemtl color29

f 402/3/1 253/2/1 401/1/1
f 253/3/1 402/2/1 254/1/1
f 1145/3/2 402/2/2 401/1/2
f 402/3/2 1145/2/2 1146/1/2
f 47/5/3 253/330/3 254/5/3
f 253/330/3 47/5/3 45/1014/3
f 47/5/4 1145/5/4 45/1015/4
f 1145/5/4 47/5/4 1146/1016/4
f 1145/5/5 253/5/5 45/47/5
f 253/5/5 1145/5/5 401/5/5
f 402/2/6 47/3/6 254/11/6
f 47/3/6 402/2/6 1146/1/6
f 1148/3/1 49/2/1 1147/1/1
f 49/3/1 1148/2/1 50/1/1
f 1149/3/2 1148/2/2 1147/1/2
f 1148/3/2 1149/2/2 1150/1/2
f 259/5/3 49/5/3 50/1017/3
f 49/5/3 259/5/3 257/1018/3
f 259/5/4 1149/5/4 257/1019/4
f 1149/5/4 259/5/4 1150/1020/4
f 1149/5/5 49/5/5 257/211/5
f 49/5/5 1149/5/5 1147/1021/5
f 1148/2/6 259/3/6 50/11/6
f 259/3/6 1148/2/6 1150/1/6

usemtl color27

f 1146/3/1 45/2/1 1145/1/1
f 45/3/1 1146/2/1 47/1/1
f 1147/3/2 1146/2/2 1145/1/2
f 1146/3/2 1147/2/2 1148/1/2
f 50/1017/3 45/1014/3 47/5/3
f 45/1014/3 50/1017/3 49/5/3
f 50/45/4 1147/5/4 49/5/4
f 1147/5/4 50/45/4 1148/1022/4
f 1147/1021/5 45/47/5 49/5/5
f 45/47/5 1147/1021/5 1145/5/5
f 1146/2/6 50/3/6 47/11/6
f 50/3/6 1146/2/6 1148/1/6
f 254/3/1 287/2/1 253/1/1
f 287/3/1 254/2/1 289/1/1
f 45/3/2 254/2/2 253/1/2
f 254/3/2 45/2/2 47/1/2
f 48/42/3 287/5/3 289/1023/3
f 287/5/3 48/42/3 46/5/3
f 48/232/4 45/1015/4 46/5/4
f 45/1015/4 48/232/4 47/5/4
f 45/47/5 287/234/5 46/5/5
f 287/234/5 45/47/5 253/5/5
f 254/2/6 48/3/6 289/11/6
f 48/3/6 254/2/6 47/1/6
f 50/3/1 52/2/1 49/1/1
f 52/3/1 50/2/1 51/1/1
f 257/3/2 50/2/2 49/1/2
f 50/3/2 257/2/2 259/1/2
f 260/206/3 52/43/3 51/5/3
f 52/43/3 260/206/3 258/5/3
f 260/5/4 257/1019/4 258/1024/4
f 257/1019/4 260/5/4 259/5/4
f 257/211/5 52/46/5 258/5/5
f 52/46/5 257/211/5 49/5/5
f 50/2/6 260/3/6 51/11/6
f 260/3/6 50/2/6 259/1/6

usemtl color13

f 1153/3/1 1152/2/1 1151/1/1
f 1152/3/1 1153/2/1 1154/1/1
f 1155/3/2 1153/2/2 1151/1/2
f 1153/3/2 1155/2/2 1156/1/2
f 1157/5/3 1152/5/3 1154/1025/3
f 1152/5/3 1157/5/3 1158/1026/3
f 1157/5/4 1155/5/4 1158/1027/4
f 1155/5/4 1157/5/4 1156/1028/4
f 1155/5/5 1152/5/5 1158/1029/5
f 1152/5/5 1155/5/5 1151/1030/5
f 1153/2/6 1157/3/6 1154/11/6
f 1157/3/6 1153/2/6 1156/1/6
f 1161/3/1 1160/2/1 1159/1/1
f 1160/3/1 1161/2/1 1162/1/1
f 1163/3/2 1161/2/2 1159/1/2
f 1161/3/2 1163/2/2 1164/1/2
f 1165/5/3 1160/5/3 1162/1031/3
f 1160/5/3 1165/5/3 1166/1032/3
f 1165/5/4 1163/5/4 1166/1033/4
f 1163/5/4 1165/5/4 1164/1034/4
f 1163/5/5 1160/5/5 1166/1035/5
f 1160/5/5 1163/5/5 1159/1036/5
f 1161/2/6 1165/3/6 1162/11/6
f 1165/3/6 1161/2/6 1164/1/6
f 1169/3/1 1168/2/1 1167/1/1
f 1168/3/1 1169/2/1 1170/1/1
f 972/3/2 1169/2/2 1167/1/2
f 1169/3/2 972/2/2 974/1/2
f 1171/5/3 1168/5/3 1170/1037/3
f 1168/5/3 1171/5/3 1172/1038/3
f 1171/5/4 972/5/4 1172/1039/4
f 972/5/4 1171/5/4 974/1040/4
f 972/5/5 1168/5/5 1172/1041/5
f 1168/5/5 972/5/5 1167/1042/5
f 1169/2/6 1171/3/6 1170/11/6
f 1171/3/6 1169/2/6 974/1/6
f 975/3/1 1173/2/1 976/1/1
f 1173/3/1 975/2/1 1174/1/1
f 1175/3/2 975/2/2 976/1/2
f 975/3/2 1175/2/2 1176/1/2
f 1177/5/3 1173/5/3 1174/1043/3
f 1173/5/3 1177/5/3 1178/1044/3
f 1177/5/4 1175/5/4 1178/1045/4
f 1175/5/4 1177/5/4 1176/1046/4
f 1175/5/5 1173/5/5 1178/1047/5
f 1173/5/5 1175/5/5 976/847/5
f 975/2/6 1177/3/6 1174/11/6
f 1177/3/6 975/2/6 1176/1/6
f 1181/3/1 1180/2/1 1179/1/1
f 1180/3/1 1181/2/1 1182/1/1
f 1183/3/2 1181/2/2 1179/1/2
f 1181/3/2 1183/2/2 1184/1/2
f 1185/5/3 1180/5/3 1182/1048/3
f 1180/5/3 1185/5/3 1186/1049/3
f 1185/5/4 1183/5/4 1186/1050/4
f 1183/5/4 1185/5/4 1184/1051/4
f 1183/5/5 1180/5/5 1186/1052/5
f 1180/5/5 1183/5/5 1179/1053/5
f 1181/2/6 1185/3/6 1182/11/6
f 1185/3/6 1181/2/6 1184/1/6
f 1189/3/1 1188/2/1 1187/1/1
f 1188/3/1 1189/2/1 1190/1/1
f 1191/3/2 1189/2/2 1187/1/2
f 1189/3/2 1191/2/2 1192/1/2
f 1193/5/3 1188/5/3 1190/1054/3
f 1188/5/3 1193/5/3 1194/1055/3
f 1193/5/4 1191/5/4 1194/1056/4
f 1191/5/4 1193/5/4 1192/1057/4
f 1191/5/5 1188/5/5 1194/1058/5
f 1188/5/5 1191/5/5 1187/1059/5
f 1189/2/6 1193/3/6 1190/11/6
f 1193/3/6 1189/2/6 1192/1/6
f 1197/3/1 1196/2/1 1195/1/1
f 1196/3/1 1197/2/1 1198/1/1
f 1199/3/2 1197/2/2 1195/1/2
f 1197/3/2 1199/2/2 1200/1/2
f 1201/5/3 1196/5/3 1198/1060/3
f 1196/5/3 1201/5/3 1202/1061/3
f 1201/5/4 1199/5/4 1202/1062/4
f 1199/5/4 1201/5/4 1200/1063/4
f 1199/5/5 1196/5/5 1202/1064/5
f 1196/5/5 1199/5/5 1195/1065/5
f 1197/2/6 1201/3/6 1198/11/6
f 1201/3/6 1197/2/6 1200/1/6
f 1205/3/1 1204/2/1 1203/1/1
f 1204/3/1 1205/2/1 1206/1/1
f 837/3/2 1205/2/2 1203/1/2
f 1205/3/2 837/2/2 839/1/2
f 840/706/3 1204/5/3 1206/1066/3
f 1204/5/3 840/706/3 838/5/3
f 840/5/4 837/5/4 838/1067/4
f 837/5/4 840/5/4 839/1068/4
f 837/711/5 1204/5/5 838/5/5
f 1204/5/5 837/711/5 1203/1069/5
f 1205/2/6 840/3/6 1206/11/6
f 840/3/6 1205/2/6 839/1/6
f 842/3/1 844/2/1 841/1/1
f 844/3/1 842/2/1 843/1/1
f 845/3/2 842/2/2 841/1/2
f 842/3/2 845/2/2 847/1/2
f 848/712/3 844/707/3 843/5/3
f 844/707/3 848/712/3 846/5/3
f 848/5/4 845/5/4 846/1070/4
f 845/5/4 848/5/4 847/1071/4
f 845/717/5 844/710/5 846/5/5
f 844/710/5 845/717/5 841/5/5
f 842/2/6 848/3/6 843/11/6
f 848/3/6 842/2/6 847/1/6
f 850/3/1 852/2/1 849/1/1
f 852/3/1 850/2/1 851/1/1
f 853/3/2 850/2/2 849/1/2
f 850/3/2 853/2/2 855/1/2
f 856/718/3 852/713/3 851/5/3
f 852/713/3 856/718/3 854/5/3
f 856/5/4 853/5/4 854/1072/4
f 853/5/4 856/5/4 855/1073/4
f 853/723/5 852/716/5 854/5/5
f 852/716/5 853/723/5 849/5/5
f 850/2/6 856/3/6 851/11/6
f 856/3/6 850/2/6 855/1/6
f 1209/3/1 1208/2/1 1207/1/1
f 1208/3/1 1209/2/1 1210/1/1
f 1211/3/2 1209/2/2 1207/1/2
f 1209/3/2 1211/2/2 1212/1/2
f 1213/5/3 1208/5/3 1210/1074/3
f 1208/5/3 1213/5/3 1214/1075/3
f 1213/5/4 1211/5/4 1214/1076/4
f 1211/5/4 1213/5/4 1212/1077/4
f 1211/5/5 1208/5/5 1214/1078/5
f 1208/5/5 1211/5/5 1207/1079/5
f 1209/2/6 1213/3/6 1210/11/6
f 1213/3/6 1209/2/6 1212/1/6
f 725/3/1 1215/2/1 726/1/1
f 1215/3/1 725/2/1 1216/1/1
f 1217/3/2 725/2/2 726/1/2
f 725/3/2 1217/2/2 1218/1/2
f 1219/5/3 1215/5/3 1216/1080/3
f 1215/5/3 1219/5/3 1220/1081/3
f 1219/5/4 1217/5/4 1220/1082/4
f 1217/5/4 1219/5/4 1218/1083/4
f 1217/5/5 1215/5/5 1220/1084/5
f 1215/5/5 1217/5/5 726/599/5
f 725/2/6 1219/3/6 1216/11/6
f 1219/3/6 725/2/6 1218/1/6

usemtl color24

f 556/3/1 558/2/1 555/1/1
f 558/3/1 556/2/1 557/1/1
f 1221/3/2 556/2/2 555/1/2
f 556/3/2 1221/2/2 1222/1/2
f 1223/5/3 558/449/3 557/5/3
f 558/449/3 1223/5/3 1224/1085/3
f 1223/5/4 1221/5/4 1224/1086/4
f 1221/5/4 1223/5/4 1222/1087/4
f 1221/5/5 558/452/5 1224/1088/5
f 558/452/5 1221/5/5 555/5/5
f 556/2/6 1223/3/6 557/11/6
f 1223/3/6 556/2/6 1222/1/6
f 1226/3/1 1001/2/1 1225/1/1
f 1001/3/1 1226/2/1 1002/1/1
f 1227/3/2 1226/2/2 1225/1/2
f 1226/3/2 1227/2/2 1228/1/2
f 1088/5/3 1001/5/3 1002/1089/3
f 1001/5/3 1088/5/3 1087/1090/3
f 1088/960/4 1227/5/4 1087/5/4
f 1227/5/4 1088/960/4 1228/1091/4
f 1227/5/5 1001/5/5 1087/5/5
f 1001/5/5 1227/5/5 1225/1092/5
f 1226/2/6 1088/3/6 1002/11/6
f 1088/3/6 1226/2/6 1228/1/6
f 1230/3/1 1093/2/1 1229/1/1
f 1093/3/1 1230/2/1 1094/1/1
f 1231/3/2 1230/2/2 1229/1/2
f 1230/3/2 1231/2/2 1232/1/2
f 1233/5/3 1093/5/3 1094/1093/3
f 1093/5/3 1233/5/3 1234/1094/3
f 1233/5/4 1231/5/4 1234/1095/4
f 1231/5/4 1233/5/4 1232/1096/4
f 1231/5/5 1093/5/5 1234/1097/5
f 1093/5/5 1231/5/5 1229/1098/5
f 1230/2/6 1233/3/6 1094/11/6
f 1233/3/6 1230/2/6 1232/1/6
f 1236/3/1 965/2/1 1235/1/1
f 965/3/1 1236/2/1 966/1/1
f 1237/3/2 1236/2/2 1235/1/2
f 1236/3/2 1237/2/2 1238/1/2
f 1239/5/3 965/5/3 966/1099/3
f 965/5/3 1239/5/3 1240/1100/3
f 1239/5/4 1237/5/4 1240/1101/4
f 1237/5/4 1239/5/4 1238/1102/4
f 1237/5/5 965/5/5 1240/1103/5
f 965/5/5 1237/5/5 1235/1104/5
f 1236/2/6 1239/3/6 966/11/6
f 1239/3/6 1236/2/6 1238/1/6
f 1106/3/1 1108/2/1 1105/1/1
f 1108/3/1 1106/2/1 1107/1/1
f 816/3/2 1106/2/2 1105/1/2
f 1106/3/2 816/2/2 815/1/2
f 1241/5/3 1108/975/3 1107/5/3
f 1108/975/3 1241/5/3 1242/1105/3
f 1241/5/4 816/686/4 1242/1106/4
f 816/686/4 1241/5/4 815/5/4
f 816/687/5 1108/978/5 1242/1107/5
f 1108/978/5 816/687/5 1105/5/5
f 1106/2/6 1241/3/6 1107/11/6
f 1241/3/6 1106/2/6 815/1/6

usemtl color22

f 1245/3/1 1244/2/1 1243/1/1
f 1244/3/1 1245/2/1 1246/1/1
f 1247/3/2 1245/2/2 1243/1/2
f 1245/3/2 1247/2/2 1248/1/2
f 1249/5/3 1244/5/3 1246/1108/3
f 1244/5/3 1249/5/3 1250/1109/3
f 1249/5/4 1247/5/4 1250/1110/4
f 1247/5/4 1249/5/4 1248/1111/4
f 1247/5/5 1244/5/5 1250/1112/5
f 1244/5/5 1247/5/5 1243/1113/5
f 1245/2/6 1249/3/6 1246/11/6
f 1249/3/6 1245/2/6 1248/1/6
f 1253/3/1 1252/2/1 1251/1/1
f 1252/3/1 1253/2/1 1254/1/1
f 265/3/2 1253/2/2 1251/1/2
f 1253/3/2 265/2/2 267/1/2
f 268/212/3 1252/5/3 1254/1114/3
f 1252/5/3 268/212/3 266/5/3
f 268/5/4 265/5/4 266/1115/4
f 265/5/4 268/5/4 267/1116/4
f 265/217/5 1252/5/5 266/5/5
f 1252/5/5 265/217/5 1251/1117/5
f 1253/2/6 268/3/6 1254/11/6
f 268/3/6 1253/2/6 267/1/6
f 1257/3/1 1256/2/1 1255/1/1
f 1256/3/1 1257/2/1 1258/1/1
f 1252/3/2 1257/2/2 1255/1/2
f 1257/3/2 1252/2/2 1254/1/2
f 1259/5/3 1256/5/3 1258/1118/3
f 1256/5/3 1259/5/3 1260/1119/3
f 1259/5/4 1252/5/4 1260/1120/4
f 1252/5/4 1259/5/4 1254/1121/4
f 1252/5/5 1256/5/5 1260/1122/5
f 1256/5/5 1252/5/5 1255/1123/5
f 1257/2/6 1259/3/6 1258/11/6
f 1259/3/6 1257/2/6 1254/1/6
f 1263/3/1 1262/2/1 1261/1/1
f 1262/3/1 1263/2/1 1264/1/1
f 435/3/2 1263/2/2 1261/1/2
f 1263/3/2 435/2/2 437/1/2
f 438/358/3 1262/5/3 1264/1124/3
f 1262/5/3 438/358/3 436/5/3
f 438/5/4 435/5/4 436/1125/4
f 435/5/4 438/5/4 437/1126/4
f 435/363/5 1262/5/5 436/5/5
f 1262/5/5 435/363/5 1261/1127/5
f 1263/2/6 438/3/6 1264/11/6
f 438/3/6 1263/2/6 437/1/6
f 440/3/1 442/2/1 439/1/1
f 442/3/1 440/2/1 441/1/1
f 829/3/2 440/2/2 439/1/2
f 440/3/2 829/2/2 831/1/2
f 832/698/3 442/359/3 441/5/3
f 442/359/3 832/698/3 830/5/3
f 832/5/4 829/5/4 830/1128/4
f 829/5/4 832/5/4 831/1129/4
f 829/701/5 442/362/5 830/5/5
f 442/362/5 829/701/5 439/5/5
f 440/2/6 832/3/6 441/11/6
f 832/3/6 440/2/6 831/1/6
f 956/3/1 958/2/1 955/1/1
f 958/3/1 956/2/1 957/1/1
f 1265/3/2 956/2/2 955/1/2
f 956/3/2 1265/2/2 1266/1/2
f 1267/5/3 958/816/3 957/5/3
f 958/816/3 1267/5/3 1268/1130/3
f 1267/5/4 1265/5/4 1268/1131/4
f 1265/5/4 1267/5/4 1266/1132/4
f 1265/5/5 958/819/5 1268/1133/5
f 958/819/5 1265/5/5 955/5/5
f 956/2/6 1267/3/6 957/11/6
f 1267/3/6 956/2/6 1266/1/6

usemtl color30

f 1271/3/1 1270/2/1 1269/1/1
f 1270/3/1 1271/2/1 1272/1/1
f 1273/3/2 1271/2/2 1269/1/2
f 1271/3/2 1273/2/2 1274/1/2
f 1275/5/3 1270/5/3 1272/1134/3
f 1270/5/3 1275/5/3 1276/1135/3
f 1275/5/4 1273/5/4 1276/1136/4
f 1273/5/4 1275/5/4 1274/1137/4
f 1273/5/5 1270/5/5 1276/1138/5
f 1270/5/5 1273/5/5 1269/1139/5
f 1271/2/6 1275/3/6 1272/11/6
f 1275/3/6 1271/2/6 1274/1/6

usemtl color26

f 1232/3/1 1234/2/1 1231/1/1
f 1234/3/1 1232/2/1 1233/1/1
f 1277/3/2 1232/2/2 1231/1/2
f 1232/3/2 1277/2/2 1278/1/2
f 1279/5/3 1234/1094/3 1233/5/3
f 1234/1094/3 1279/5/3 1280/1140/3
f 1279/5/4 1277/5/4 1280/1141/4
f 1277/5/4 1279/5/4 1278/1142/4
f 1277/5/5 1234/1097/5 1280/1143/5
f 1234/1097/5 1277/5/5 1231/5/5
f 1232/2/6 1279/3/6 1233/11/6
f 1279/3/6 1232/2/6 1278/1/6
f 1283/3/1 1282/2/1 1281/1/1
f 1282/3/1 1283/2/1 1284/1/1
f 1285/3/2 1283/2/2 1281/1/2
f 1283/3/2 1285/2/2 1286/1/2
f 1287/5/3 1282/5/3 1284/1144/3
f 1282/5/3 1287/5/3 1288/1145/3
f 1287/5/4 1285/5/4 1288/1146/4
f 1285/5/4 1287/5/4 1286/1147/4
f 1285/5/5 1282/5/5 1288/1148/5
f 1282/5/5 1285/5/5 1281/1149/5
f 1283/2/6 1287/3/6 1284/11/6
f 1287/3/6 1283/2/6 1286/1/6

usemtl color28

f 1238/3/1 1240/2/1 1237/1/1
f 1240/3/1 1238/2/1 1239/1/1
f 61/3/2 1238/2/2 1237/1/2
f 1238/3/2 61/2/2 63/1/2
f 64/54/3 1240/1100/3 1239/5/3
f 1240/1100/3 64/54/3 62/5/3
f 64/5/4 61/5/4 62/1150/4
f 61/5/4 64/5/4 63/1151/4
f 61/59/5 1240/1103/5 62/5/5
f 1240/1103/5 61/59/5 1237/5/5
f 1238/2/6 64/3/6 1239/11/6
f 64/3/6 1238/2/6 63/1/6
f 1291/3/1 1290/2/1 1289/1/1
f 1290/3/1 1291/2/1 1292/1/1
f 69/3/2 1291/2/2 1289/1/2
f 1291/3/2 69/2/2 71/1/2
f 72/60/3 1290/5/3 1292/1152/3
f 1290/5/3 72/60/3 70/5/3
f 72/5/4 69/5/4 70/1153/4
f 69/5/4 72/5/4 71/1154/4
f 69/65/5 1290/5/5 70/5/5
f 1290/5/5 69/65/5 1289/1155/5
f 1291/2/6 72/3/6 1292/11/6
f 72/3/6 1291/2/6 71/1/6
f 1295/3/1 1294/2/1 1293/1/1
f 1294/3/1 1295/2/1 1296/1/1
f 77/3/2 1295/2/2 1293/1/2
f 1295/3/2 77/2/2 79/1/2
f 80/66/3 1294/5/3 1296/1156/3
f 1294/5/3 80/66/3 78/5/3
f 80/5/4 77/5/4 78/1157/4
f 77/5/4 80/5/4 79/1158/4
f 77/71/5 1294/5/5 78/5/5
f 1294/5/5 77/71/5 1293/1159/5
f 1295/2/6 80/3/6 1296/11/6
f 80/3/6 1295/2/6 79/1/6
f 82/3/1 84/2/1 81/1/1
f 84/3/1 82/2/1 83/1/1
f 1297/3/2 82/2/2 81/1/2
f 82/3/2 1297/2/2 1298/1/2
f 1299/5/3 84/67/3 83/5/3
f 84/67/3 1299/5/3 1300/1160/3
f 1299/5/4 1297/5/4 1300/1161/4
f 1297/5/4 1299/5/4 1298/1162/4
f 1297/5/5 84/70/5 1300/1163/5
f 84/70/5 1297/5/5 81/5/5
f 82/2/6 1299/3/6 83/11/6
f 1299/3/6 82/2/6 1298/1/6

usemtl color0

f 1303/3/1 1302/2/1 1301/1/1
f 1302/3/1 1303/2/1 1304/1/1
f 1305/3/2 1303/2/2 1301/1/2
f 1303/3/2 1305/2/2 1306/1/2
f 1307/5/3 1302/5/3 1304/1164/3
f 1302/5/3 1307/5/3 1308/1165/3
f 1307/5/4 1305/5/4 1308/1166/4
f 1305/5/4 1307/5/4 1306/1167/4
f 1305/5/5 1302/5/5 1308/1168/5
f 1302/5/5 1305/5/5 1301/1169/5
f 1303/2/6 1307/3/6 1304/11/6
f 1307/3/6 1303/2/6 1306/1/6
f 1311/3/1 1310/2/1 1309/1/1
f 1310/3/1 1311/2/1 1312/1/1
f 1313/3/2 1311/2/2 1309/1/2
f 1311/3/2 1313/2/2 1314/1/2
f 1315/5/3 1310/5/3 1312/1170/3
f 1310/5/3 1315/5/3 1316/1171/3
f 1315/5/4 1313/5/4 1316/1172/4
f 1313/5/4 1315/5/4 1314/1173/4
f 1313/5/5 1310/5/5 1316/1174/5
f 1310/5/5 1313/5/5 1309/1175/5
f 1311/2/6 1315/3/6 1312/11/6
f 1315/3/6 1311/2/6 1314/1/6

usemtl color25

f 815/3/1 1242/2/1 816/1/1
f 1242/3/1 815/2/1 1241/1/1
f 1195/3/2 815/2/2 816/1/2
f 815/3/2 1195/2/2 1197/1/2
f 1198/1060/3 1242/1105/3 1241/5/3
f 1242/1105/3 1198/1060/3 1196/5/3
f 1198/5/4 1195/5/4 1196/1176/4
f 1195/5/4 1198/5/4 1197/1177/4
f 1195/1065/5 1242/1107/5 1196/5/5
f 1242/1107/5 1195/1065/5 816/687/5
f 815/2/6 1198/3/6 1241/11/6
f 1198/3/6 815/2/6 1197/1/6

usemtl color23

f 1200/3/1 1202/2/1 1199/1/1
f 1202/3/1 1200/2/1 1201/1/1
f 1317/3/2 1200/2/2 1199/1/2
f 1200/3/2 1317/2/2 1318/1/2
f 1086/957/3 1202/1061/3 1201/5/3
f 1202/1061/3 1086/957/3 1084/5/3
f 1086/5/4 1317/5/4 1084/1178/4
f 1317/5/4 1086/5/4 1318/1179/4
f 1317/5/5 1202/1064/5 1084/5/5
f 1202/1064/5 1317/5/5 1199/5/5
f 1200/2/6 1086/3/6 1201/11/6
f 1086/3/6 1200/2/6 1318/1/6
f 1092/3/1 1090/2/1 1091/1/1
f 1090/3/1 1092/2/1 1089/1/1
f 1281/3/2 1092/2/2 1091/1/2
f 1092/3/2 1281/2/2 1283/1/2
f 1284/1144/3 1090/958/3 1089/5/3
f 1090/958/3 1284/1144/3 1282/5/3
f 1284/5/4 1281/5/4 1282/1180/4
f 1281/5/4 1284/5/4 1283/1181/4
f 1281/1149/5 1090/961/5 1282/5/5
f 1090/961/5 1281/1149/5 1091/5/5
f 1092/2/6 1284/3/6 1089/11/6
f 1284/3/6 1092/2/6 1283/1/6
f 1321/3/1 1320/2/1 1319/1/1
f 1320/3/1 1321/2/1 1322/1/1
f 1282/3/2 1321/2/2 1319/1/2
f 1321/3/2 1282/2/2 1284/1/2
f 1323/5/3 1320/5/3 1322/1182/3
f 1320/5/3 1323/5/3 1324/1183/3
f 1323/5/4 1282/1180/4 1324/1184/4
f 1282/1180/4 1323/5/4 1284/5/4
f 1282/5/5 1320/5/5 1324/1185/5
f 1320/5/5 1282/5/5 1319/1186/5
f 1321/2/6 1323/3/6 1322/11/6
f 1323/3/6 1321/2/6 1284/1/6

usemtl color16

f 1326/3/1 147/2/1 1325/1/1
f 147/3/1 1326/2/1 148/1/1
f 135/3/2 1326/2/2 1325/1/2
f 1326/3/2 135/2/2 137/1/2
f 138/112/3 147/5/3 148/1187/3
f 147/5/3 138/112/3 136/5/3
f 138/5/4 135/5/4 136/1188/4
f 135/5/4 138/5/4 137/1189/4
f 135/117/5 147/5/5 136/5/5
f 147/5/5 135/117/5 1325/1190/5
f 1326/2/6 138/3/6 148/11/6
f 138/3/6 1326/2/6 137/1/6
f 1329/3/1 1328/2/1 1327/1/1
f 1328/3/1 1329/2/1 1330/1/1
f 151/3/2 1329/2/2 1327/1/2
f 1329/3/2 151/2/2 153/1/2
f 154/124/3 1328/5/3 1330/1191/3
f 1328/5/3 154/124/3 152/5/3
f 154/5/4 151/5/4 152/1192/4
f 151/5/4 154/5/4 153/1193/4
f 151/127/5 1328/5/5 152/5/5
f 1328/5/5 151/127/5 1327/1194/5
f 1329/2/6 154/3/6 1330/11/6
f 154/3/6 1329/2/6 153/1/6
f 160/3/1 162/2/1 159/1/1
f 162/3/1 160/2/1 161/1/1
f 1328/3/2 160/2/2 159/1/2
f 160/3/2 1328/2/2 1330/1/2
f 1331/5/3 162/129/3 161/5/3
f 162/129/3 1331/5/3 1332/1195/3
f 1331/5/4 1328/5/4 1332/1196/4
f 1328/5/4 1331/5/4 1330/1197/4
f 1328/5/5 162/132/5 1332/1198/5
f 162/132/5 1328/5/5 159/5/5
f 160/2/6 1331/3/6 161/11/6
f 1331/3/6 160/2/6 1330/1/6

usemtl color12

f 744/3/1 746/2/1 743/1/1
f 746/3/1 744/2/1 745/1/1
f 1333/3/2 744/2/2 743/1/2
f 744/3/2 1333/2/2 1334/1/2
f 1335/5/3 746/616/3 745/5/3
f 746/616/3 1335/5/3 1336/1199/3
f 1335/5/4 1333/5/4 1336/1200/4
f 1333/5/4 1335/5/4 1334/1201/4
f 1333/5/5 746/619/5 1336/1202/5
f 746/619/5 1333/5/5 743/5/5
f 744/2/6 1335/3/6 745/11/6
f 1335/3/6 744/2/6 1334/1/6
f 722/3/1 1337/2/1 720/1/1
f 1337/3/1 722/2/1 1338/1/1
f 726/3/2 722/2/2 720/1/2
f 722/3/2 726/2/2 725/1/2
f 1216/1080/3 1337/5/3 1338/1203/3
f 1337/5/3 1216/1080/3 1215/5/3
f 1216/5/4 726/597/4 1215/1204/4
f 726/597/4 1216/5/4 725/5/4
f 726/599/5 1337/5/5 1215/5/5
f 1337/5/5 726/599/5 720/5/5
f 722/2/6 1216/3/6 1338/11/6
f 1216/3/6 722/2/6 725/1/6

usemtl color11

f 1334/3/1 1336/2/1 1333/1/1
f 1336/3/1 1334/2/1 1335/1/1
f 682/3/2 1334/2/2 1333/1/2
f 1334/3/2 682/2/2 684/1/2
f 1339/5/3 1336/1199/3 1335/5/3
f 1336/1199/3 1339/5/3 1340/1205/3
f 1339/5/4 682/5/4 1340/1206/4
f 682/5/4 1339/5/4 684/1207/4
f 682/5/5 1336/1202/5 1340/1208/5
f 1336/1202/5 682/5/5 1333/5/5
f 1334/2/6 1339/3/6 1335/11/6
f 1339/3/6 1334/2/6 684/1/6
f 1343/3/1 1342/2/1 1341/1/1
f 1342/3/1 1343/2/1 1344/1/1
f 1345/3/2 1343/2/2 1341/1/2
f 1343/3/2 1345/2/2 1346/1/2
f 1347/5/3 1342/5/3 1344/1209/3
f 1342/5/3 1347/5/3 1348/1210/3
f 1347/5/4 1345/5/4 1348/1211/4
f 1345/5/4 1347/5/4 1346/1212/4
f 1345/5/5 1342/5/5 1348/1213/5
f 1342/5/5 1345/5/5 1341/1214/5
f 1343/2/6 1347/3/6 1344/11/6
f 1347/3/6 1343/2/6 1346/1/6
f 441/3/1 726/2/1 442/1/1
f 726/3/1 441/2/1 725/1/1
f 830/3/2 441/2/2 442/1/2
f 441/3/2 830/2/2 832/1/2
f 1218/5/3 726/596/3 725/5/3
f 726/596/3 1218/5/3 1217/1215/3
f 1218/1083/4 830/1128/4 1217/5/4
f 830/1128/4 1218/1083/4 832/5/4
f 830/5/5 726/599/5 1217/5/5
f 726/599/5 830/5/5 442/362/5
f 441/2/6 1218/3/6 725/11/6
f 1218/3/6 441/2/6 832/1/6
f 832/3/1 1349/2/1 830/1/1
f 1349/3/1 832/2/1 1350/1/1
f 1351/3/2 832/2/2 830/1/2
f 832/3/2 1351/2/2 1352/1/2
f 1353/5/3 1349/5/3 1350/1216/3
f 1349/5/3 1353/5/3 1354/1217/3
f 1353/5/4 1351/5/4 1354/1218/4
f 1351/5/4 1353/5/4 1352/1219/4
f 1351/5/5 1349/5/5 1354/1220/5
f 1349/5/5 1351/5/5 830/5/5
f 832/2/6 1353/3/6 1350/11/6
f 1353/3/6 832/2/6 1352/1/6
f 1357/3/1 1356/2/1 1355/1/1
f 1356/3/1 1357/2/1 1358/1/1
f 1005/3/2 1357/2/2 1355/1/2
f 1357/3/2 1005/2/2 1007/1/2
f 1008/881/3 1356/5/3 1358/1221/3
f 1356/5/3 1008/881/3 1006/5/3
f 1008/5/4 1005/5/4 1006/1222/4
f 1005/5/4 1008/5/4 1007/1223/4
f 1005/886/5 1356/5/5 1006/5/5
f 1356/5/5 1005/886/5 1355/1224/5
f 1357/2/6 1008/3/6 1358/11/6
f 1008/3/6 1357/2/6 1007/1/6
f 1010/3/1 1012/2/1 1009/1/1
f 1012/3/1 1010/2/1 1011/1/1
f 1359/3/2 1010/2/2 1009/1/2
f 1010/3/2 1359/2/2 1360/1/2
f 1361/5/3 1012/882/3 1011/5/3
f 1012/882/3 1361/5/3 1362/1225/3
f 1361/5/4 1359/5/4 1362/1226/4
f 1359/5/4 1361/5/4 1360/1227/4
f 1359/5/5 1012/885/5 1362/1228/5
f 1012/885/5 1359/5/5 1009/5/5
f 1010/2/6 1361/3/6 1011/11/6
f 1361/3/6 1010/2/6 1360/1/6
f 1339/3/1 579/2/1 1340/1/1
f 579/3/1 1339/2/1 580/1/1
f 697/3/2 1339/2/2 1340/1/2
f 1339/3/2 697/2/2 699/1/2
f 700/577/3 579/5/3 580/1229/3
f 579/5/3 700/577/3 698/5/3
f 700/5/4 697/5/4 698/1230/4
f 697/5/4 700/5/4 699/1231/4
f 697/582/5 579/5/5 698/5/5
f 579/5/5 697/582/5 1340/1208/5
f 1339/2/6 700/3/6 580/11/6
f 700/3/6 1339/2/6 699/1/6
f 1364/3/1 705/2/1 1363/1/1
f 705/3/1 1364/2/1 707/1/1
f 1365/3/2 1364/2/2 1363/1/2
f 1364/3/2 1365/2/2 1366/1/2
f 710/5/3 705/5/3 707/1232/3
f 705/5/3 710/5/3 709/1233/3
f 710/586/4 1365/5/4 709/5/4
f 1365/5/4 710/586/4 1366/1234/4
f 1365/5/5 705/588/5 709/5/5
f 705/588/5 1365/5/5 1363/1235/5
f 1364/2/6 710/3/6 707/11/6
f 710/3/6 1364/2/6 1366/1/6
f 1369/3/1 1368/2/1 1367/1/1
f 1368/3/1 1369/2/1 1370/1/1
f 1021/3/2 1369/2/2 1367/1/2
f 1369/3/2 1021/2/2 1023/1/2
f 1024/897/3 1368/5/3 1370/1236/3
f 1368/5/3 1024/897/3 1022/5/3
f 1024/5/4 1021/5/4 1022/1237/4
f 1021/5/4 1024/5/4 1023/1238/4
f 1021/902/5 1368/5/5 1022/5/5
f 1368/5/5 1021/902/5 1367/1239/5
f 1369/2/6 1024/3/6 1370/11/6
f 1024/3/6 1369/2/6 1023/1/6
f 1373/3/1 1372/2/1 1371/1/1
f 1372/3/1 1373/2/1 1374/1/1
f 1375/3/2 1373/2/2 1371/1/2
f 1373/3/2 1375/2/2 1376/1/2
f 1377/5/3 1372/5/3 1374/1240/3
f 1372/5/3 1377/5/3 1378/1241/3
f 1377/5/4 1375/5/4 1378/1242/4
f 1375/5/4 1377/5/4 1376/1243/4
f 1375/5/5 1372/5/5 1378/1244/5
f 1372/5/5 1375/5/5 1371/1245/5
f 1373/2/6 1377/3/6 1374/11/6
f 1377/3/6 1373/2/6 1376/1/6
f 1350/3/1 1379/2/1 1349/1/1
f 1379/3/1 1350/2/1 1380/1/1
f 1354/3/2 1350/2/2 1349/1/2
f 1350/3/2 1354/2/2 1353/1/2
f 1381/5/3 1379/5/3 1380/1246/3
f 1379/5/3 1381/5/3 1382/1247/3
f 1381/5/4 1354/1218/4 1382/1248/4
f 1354/1218/4 1381/5/4 1353/5/4
f 1354/1220/5 1379/5/5 1382/1249/5
f 1379/5/5 1354/1220/5 1349/5/5
f 1350/2/6 1381/3/6 1380/11/6
f 1381/3/6 1350/2/6 1353/1/6
f 1385/3/1 1384/2/1 1383/1/1
f 1384/3/1 1385/2/1 1386/1/1
f 1125/3/2 1385/2/2 1383/1/2
f 1385/3/2 1125/2/2 1127/1/2
f 1128/995/3 1384/5/3 1386/1250/3
f 1384/5/3 1128/995/3 1126/5/3
f 1128/5/4 1125/5/4 1126/1251/4
f 1125/5/4 1128/5/4 1127/1252/4
f 1125/1000/5 1384/5/5 1126/5/5
f 1384/5/5 1125/1000/5 1383/1253/5
f 1385/2/6 1128/3/6 1386/11/6
f 1128/3/6 1385/2/6 1127/1/6
f 1130/3/1 1132/2/1 1129/1/1
f 1132/3/1 1130/2/1 1131/1/1
f 1387/3/2 1130/2/2 1129/1/2
f 1130/3/2 1387/2/2 1388/1/2
f 1389/5/3 1132/996/3 1131/5/3
f 1132/996/3 1389/5/3 1390/1254/3
f 1389/5/4 1387/5/4 1390/1255/4
f 1387/5/4 1389/5/4 1388/1256/4
f 1387/5/5 1132/999/5 1390/1257/5
f 1132/999/5 1387/5/5 1129/5/5
f 1130/2/6 1389/3/6 1131/11/6
f 1389/3/6 1130/2/6 1388/1/6
f 716/3/1 1391/2/1 714/1/1
f 1391/3/1 716/2/1 1392/1/1
f 718/3/2 716/2/2 714/1/2
f 716/3/2 718/2/2 717/1/2
f 1393/5/3 1391/5/3 1392/1258/3
f 1391/5/3 1393/5/3 1394/1259/3
f 1393/5/4 718/591/4 1394/1260/4
f 718/591/4 1393/5/4 717/5/4
f 718/593/5 1391/5/5 1394/1261/5
f 1391/5/5 718/593/5 714/5/5
f 716/2/6 1393/3/6 1392/11/6
f 1393/3/6 716/2/6 717/1/6
f 832/3/1 1349/2/1 830/1/1
f 1349/3/1 832/2/1 1350/1/1
f 1351/3/2 832/2/2 830/1/2
f 832/3/2 1351/2/2 1352/1/2
f 1353/5/3 1349/5/3 1350/1216/3
f 1349/5/3 1353/5/3 1354/1217/3
f 1353/5/4 1351/5/4 1354/1218/4
f 1351/5/4 1353/5/4 1352/1219/4
f 1351/5/5 1349/5/5 1354/1220/5
f 1349/5/5 1351/5/5 830/5/5
f 832/2/6 1353/3/6 1350/11/6
f 1353/3/6 832/2/6 1352/1/6

usemtl color10

f 1212/3/1 1214/2/1 1211/1/1
f 1214/3/1 1212/2/1 1213/1/1
f 1371/3/2 1212/2/2 1211/1/2
f 1212/3/2 1371/2/2 1373/1/2
f 1374/1240/3 1214/1075/3 1213/5/3
f 1214/1075/3 1374/1240/3 1372/5/3
f 1374/5/4 1371/5/4 1372/1262/4
f 1371/5/4 1374/5/4 1373/1263/4
f 1371/1245/5 1214/1078/5 1372/5/5
f 1214/1078/5 1371/1245/5 1211/5/5
f 1212/2/6 1374/3/6 1213/11/6
f 1374/3/6 1212/2/6 1373/1/6
f 1396/3/1 371/2/1 1395/1/1
f 371/3/1 1396/2/1 372/1/1
f 1397/3/2 1396/2/2 1395/1/2
f 1396/3/2 1397/2/2 1398/1/2
f 374/5/3 371/5/3 372/1264/3
f 371/5/3 374/5/3 373/1265/3
f 374/305/4 1397/5/4 373/5/4
f 1397/5/4 374/305/4 1398/1266/4
f 1397/5/5 371/307/5 373/5/5
f 371/307/5 1397/5/5 1395/1267/5
f 1396/2/6 374/3/6 372/11/6
f 374/3/6 1396/2/6 1398/1/6

usemtl color14

f 944/3/1 1399/2/1 943/1/1
f 1399/3/1 944/2/1 1400/1/1
f 359/3/2 944/2/2 943/1/2
f 944/3/2 359/2/2 361/1/2
f 362/292/3 1399/5/3 1400/1268/3
f 1399/5/3 362/292/3 360/5/3
f 362/5/4 359/5/4 360/1269/4
f 359/5/4 362/5/4 361/1270/4
f 359/297/5 1399/5/5 360/5/5
f 1399/5/5 359/297/5 943/5/5
f 944/2/6 362/3/6 1400/11/6
f 362/3/6 944/2/6 361/1/6
f 364/3/1 366/2/1 363/1/1
f 366/3/1 364/2/1 365/1/1
f 591/3/2 364/2/2 363/1/2
f 364/3/2 591/2/2 593/1/2
f 952/5/3 366/293/3 365/5/3
f 366/293/3 952/5/3 951/1271/3
f 952/806/4 591/5/4 951/5/4
f 591/5/4 952/806/4 593/1272/4
f 591/490/5 366/296/5 951/5/5
f 366/296/5 591/490/5 363/5/5
f 364/2/6 952/3/6 365/11/6
f 952/3/6 364/2/6 593/1/6
f 362/3/1 1395/2/1 360/1/1
f 1395/3/1 362/2/1 1396/1/1
f 366/3/2 362/2/2 360/1/2
f 362/3/2 366/2/2 365/1/2
f 1398/5/3 1395/5/3 1396/1273/3
f 1395/5/3 1398/5/3 1397/1274/3
f 1398/1266/4 366/294/4 1397/5/4
f 366/294/4 1398/1266/4 365/5/4
f 366/296/5 1395/1267/5 1397/5/5
f 1395/1267/5 366/296/5 360/5/5
f 362/2/6 1398/3/6 1396/11/6
f 1398/3/6 362/2/6 365/1/6

