# Created by Kenney (www.kenney.nl)

mtllib AR HFG Reiltas.mtl

v 9 9 -1
v 9 8 -1
v 9 9 1
v 9 8 1
v 8 9 -1
v 8 9 1
v 8 8 1
v 8 8 -1
v -1 9 -1
v -1 8 -1
v -1 9 1
v -1 8 1
v -2 9 -1
v -2 9 1
v -2 8 1
v -2 8 -1
v 7 9 -1
v 7 9 1
v 7 8 1
v 7 8 -1
v 6 9 -1
v 6 8 -1
v 6 9 1
v 6 8 1
v 5 9 -1
v 5 9 1
v 5 8 1
v 5 8 -1
v 9 8 -1.5
v 9 7 -1.5
v 9 8 1.5
v 9 7 1.5
v 8 8 -1.5
v 8 8 1.5
v 8 7 1.5
v 8 7 -1.5
v 18 7 -1.5
v 18 6 -1.5
v 18 7 1.5
v 18 6 1.5
v 17 7 -1.5
v 17 7 1.5
v 17 6 1.5
v 17 6 -1.5
v 16 7 -1.5
v 16 6 -1.5
v 16 7 1.5
v 16 6 1.5
v 14 7 -1.5
v 14 7 1.5
v 14 6 1.5
v 14 6 -1.5
v 10 7 -1
v 10 6 -1
v 10 7 1
v 10 6 1
v 9 7 -1
v 9 7 1
v 9 6 1
v 9 6 -1
v 1 5 -1.5
v 1 4 -1.5
v 1 5 1.5
v 1 4 1.5
v -4 5 -1.5
v -4 5 1.5
v -4 4 1.5
v -4 4 -1.5
v -5 5 -1.5
v -5 4 -1.5
v -5 5 1.5
v -5 4 1.5
v -9 5 -1.5
v -9 5 1.5
v -9 4 1.5
v -9 4 -1.5
v -10 5 -1.5
v -10 4 -1.5
v -10 5 1.5
v -10 4 1.5
v -13 5 -1.5
v -13 5 1.5
v -13 4 1.5
v -13 4 -1.5
v 1 2 -2.5
v 1 1 -2.5
v 1 2 2.5
v 1 1 2.5
v -1 2 -2.5
v -1 2 2.5
v -1 1 2.5
v -1 1 -2.5
v 9 -1 -0.5
v 9 -2 -0.5
v 9 -1 0.5
v 9 -2 0.5
v 8 -1 -0.5
v 8 -1 0.5
v 8 -2 0.5
v 8 -2 -0.5
v 4 9 -1
v 4 9 1
v 4 8 1
v 4 8 -1
v 7 7 -1
v 7 7 1
v 6 7 1
v 6 7 -1
v 5 8 -1.5
v 5 7 -1.5
v 5 8 1.5
v 5 7 1.5
v 4 8 -1.5
v 4 8 1.5
v 4 7 1.5
v 4 7 -1.5
v 21 7 -1.5
v 21 6 -1.5
v 21 7 1.5
v 21 6 1.5
v 20 7 -1.5
v 20 7 1.5
v 20 6 1.5
v 20 6 -1.5
v 21 6 -2
v 21 3 -2
v 21 6 2
v 21 3 2
v 20 6 -2
v 20 6 2
v 20 3 2
v 20 3 -2
v 13 6 -1.5
v 13 2 -1.5
v 13 6 1.5
v 13 2 1.5
v 12 6 -1.5
v 12 6 1.5
v 12 2 1.5
v 12 2 -1.5
v 8 6 -1
v 8 5 -1
v 8 6 1
v 8 5 1
v 7 6 -1
v 7 6 1
v 7 5 1
v 7 5 -1
v 7 6 -1.5
v 7 5 -1.5
v 7 6 1.5
v 7 5 1.5
v 6 6 -1.5
v 6 6 1.5
v 6 5 1.5
v 6 5 -1.5
v 5 6 -1.5
v 5 5 -1.5
v 5 6 1.5
v 5 5 1.5
v 4 6 -1.5
v 4 6 1.5
v 4 5 1.5
v 4 5 -1.5
v 4 6 -1
v 4 5 -1
v 4 6 1
v 4 5 1
v 3 6 -1
v 3 6 1
v 3 5 1
v 3 5 -1
v 2 6 -1
v 2 5 -1
v 2 6 1
v 2 5 1
v 1 6 -1
v 1 6 1
v 1 5 1
v 1 5 -1
v 0 6 -1
v 0 5 -1
v 0 6 1
v 0 5 1
v -1 6 -1
v -1 6 1
v -1 5 1
v -1 5 -1
v -2 6 -1
v -2 5 -1
v -2 6 1
v -2 5 1
v -3 6 -1
v -3 6 1
v -3 5 1
v -3 5 -1
v -4 6 -1
v -4 5 -1
v -4 6 1
v -4 5 1
v -5 6 -1
v -5 6 1
v -5 5 1
v -5 5 -1
v -6 6 -1
v -6 5 -1
v -6 6 1
v -6 5 1
v -7 6 -1
v -7 6 1
v -7 5 1
v -7 5 -1
v -8 6 -1
v -8 5 -1
v -8 6 1
v -8 5 1
v -9 6 -1
v -9 6 1
v -9 5 1
v -9 5 -1
v -10 6 -1
v -10 5 -1
v -10 6 1
v -10 5 1
v -11 6 -1
v -11 6 1
v -11 5 1
v -11 5 -1
v -12 6 -1
v -12 5 -1
v -12 6 1
v -12 5 1
v -13 6 -1
v -13 6 1
v -13 5 1
v -13 5 -1
v -14 6 -1
v -14 5 -1
v -14 6 1
v -14 5 1
v -15 6 -1
v -15 6 1
v -15 5 1
v -15 5 -1
v -16 6 -0.5
v -16 5 -0.5
v -16 6 0.5
v -16 5 0.5
v -18 6 -0.5
v -18 6 0.5
v -18 5 0.5
v -18 5 -0.5
v 4 3 -1.5
v 4 3 1.5
v 3 5 -1.5
v 3 5 1.5
v 3 3 1.5
v 3 3 -1.5
v 16 4 -1.5
v 16 2 -1.5
v 16 4 1.5
v 16 2 1.5
v 15 4 -1.5
v 15 4 1.5
v 15 2 1.5
v 15 2 -1.5
v 21 3 -1.5
v 21 2 -1.5
v 21 3 1.5
v 21 2 1.5
v 18 3 -1.5
v 18 3 1.5
v 18 2 1.5
v 18 2 -1.5
v 17 3 -1.5
v 17 2 -1.5
v 17 3 1.5
v 17 2 1.5
v 16 3 -1.5
v 16 3 1.5
v 15 3 -1.5
v 15 3 1.5
v 13 3 -1.5
v 13 3 1.5
v 21 2 -1
v 21 0 -1
v 21 2 1
v 21 0 1
v 20 2 -1
v 20 2 1
v 20 0 1
v 20 0 -1
v 12 2 -1
v 12 1 -1
v 12 2 1
v 12 1 1
v 11 2 -1
v 11 2 1
v 11 1 1
v 11 1 -1
v -19 2 -1
v -19 1 -1
v -19 2 1
v -19 1 1
v -21 2 -1
v -21 2 1
v -21 1 1
v -21 1 -1
v 20 1 -1
v 20 1 1
v 19 1 -1
v 19 1 1
v 19 0 1
v 19 0 -1
v 13 1 -1
v 13 0 -1
v 13 1 1
v 13 0 1
v 12 0 1
v 12 0 -1
v 9 1 -1
v 9 0 -1
v 9 1 1
v 9 0 1
v 8 1 -1
v 8 1 1
v 8 0 1
v 8 0 -1
v 8 1 -0.5
v 8 0 -0.5
v 8 1 0.5
v 8 0 0.5
v 6 1 -0.5
v 6 1 0.5
v 6 0 0.5
v 6 0 -0.5
v 6 1 -1
v 6 0 -1
v 6 1 1
v 6 0 1
v 5 1 -1
v 5 1 1
v 5 0 1
v 5 0 -1
v 0 1 -2
v 0 0 -2
v 0 1 2
v 0 0 2
v -1 1 -2
v -1 1 2
v -1 0 2
v -1 0 -2
v -4 1 -2
v -4 0 -2
v -4 1 2
v -4 0 2
v -5 1 -2
v -5 1 2
v -5 0 2
v -5 0 -2
v -9 1 -2
v -9 0 -2
v -9 1 2
v -9 0 2
v -10 1 -2
v -10 1 2
v -10 0 2
v -10 0 -2
v 19 -1 -1
v 19 -1 1
v 17 0 -1
v 17 0 1
v 17 -1 1
v 17 -1 -1
v 16 0 -1
v 16 -1 -1
v 16 0 1
v 16 -1 1
v 15 0 -1
v 15 0 1
v 15 -1 1
v 15 -1 -1
v 14 0 -1
v 14 -1 -1
v 14 0 1
v 14 -1 1
v 13 -1 1
v 13 -1 -1
v -2 0 -1.5
v -2 -1 -1.5
v -2 0 1.5
v -2 -1 1.5
v -18 0 -1.5
v -18 0 1.5
v -18 -1 1.5
v -18 -1 -1.5
v 4 -2 -2
v 4 -3 -2
v 4 -2 2
v 4 -3 2
v 2 -2 -2
v 2 -2 2
v 2 -3 2
v 2 -3 -2
v -4 -2 -1.5
v -4 -3 -1.5
v -4 -2 1.5
v -4 -3 1.5
v -5 -2 -1.5
v -5 -2 1.5
v -5 -3 1.5
v -5 -3 -1.5
v -6 -2 -1.5
v -6 -3 -1.5
v -6 -2 1.5
v -6 -3 1.5
v -7 -2 -1.5
v -7 -2 1.5
v -7 -3 1.5
v -7 -3 -1.5
v -8 -2 -1.5
v -8 -3 -1.5
v -8 -2 1.5
v -8 -3 1.5
v -9 -2 -1.5
v -9 -2 1.5
v -9 -3 1.5
v -9 -3 -1.5
v -10 -2 -1.5
v -10 -3 -1.5
v -10 -2 1.5
v -10 -3 1.5
v -11 -2 -1.5
v -11 -2 1.5
v -11 -3 1.5
v -11 -3 -1.5
v -12 -2 -1.5
v -12 -3 -1.5
v -12 -2 1.5
v -12 -3 1.5
v -13 -2 -1.5
v -13 -2 1.5
v -13 -3 1.5
v -13 -3 -1.5
v -14 -2 -1.5
v -14 -3 -1.5
v -14 -2 1.5
v -14 -3 1.5
v -15 -2 -1.5
v -15 -2 1.5
v -15 -3 1.5
v -15 -3 -1.5
v -16 -2 -1.5
v -16 -3 -1.5
v -16 -2 1.5
v -16 -3 1.5
v -17 -2 -1.5
v -17 -2 1.5
v -17 -3 1.5
v -17 -3 -1.5
v -4 -3 -1
v -4 -4 -1
v -4 -3 1
v -4 -4 1
v -6 -3 -1
v -6 -3 1
v -6 -4 1
v -6 -4 -1
v -7 -3 -1
v -7 -4 -1
v -7 -3 1
v -7 -4 1
v -8 -3 -1
v -8 -3 1
v -8 -4 1
v -8 -4 -1
v -9 -3 -1
v -9 -4 -1
v -9 -3 1
v -9 -4 1
v -10 -3 -1
v -10 -3 1
v -10 -4 1
v -10 -4 -1
v 6 -4 -1
v 6 -5 -1
v 6 -4 1
v 6 -5 1
v 5 -4 -1
v 5 -4 1
v 5 -5 1
v 5 -5 -1
v 5 -6 -1
v 5 -6 1
v 4 -5 -1
v 4 -5 1
v 4 -6 1
v 4 -6 -1
v 4 -7 -1
v 4 -7 1
v 3 -6 -1
v 3 -6 1
v 3 -7 1
v 3 -7 -1
v 3 9 -1
v 3 8 -1
v 3 9 1
v 3 8 1
v 1 9 -1
v 1 9 1
v 1 8 1
v 1 8 -1
v 0 9 -1
v 0 8 -1
v 0 9 1
v 0 8 1
v 6 8 -1.5
v 6 7 -1.5
v 6 8 1.5
v 6 7 1.5
v 3 8 -1.5
v 3 8 1.5
v 3 7 1.5
v 3 7 -1.5
v 19 7 -1.5
v 19 7 1.5
v 19 6 1.5
v 19 6 -1.5
v 18 6 -2
v 18 5 -2
v 18 6 2
v 18 5 2
v 17 6 -2
v 17 6 2
v 17 5 2
v 17 5 -2
v 16 6 -2
v 16 5 -2
v 16 6 2
v 16 5 2
v 13 6 -2
v 13 6 2
v 13 5 2
v 13 5 -2
v 12 5 -1.5
v 12 5 1.5
v 11 6 -1.5
v 11 6 1.5
v 11 5 1.5
v 11 5 -1.5
v 9 6 -1.5
v 9 5 -1.5
v 9 6 1.5
v 9 5 1.5
v 8 6 -1.5
v 8 6 1.5
v 8 5 1.5
v 8 5 -1.5
v 17 4 -2
v 17 4 2
v 16 4 2
v 16 4 -2
v 15 5 -2
v 15 4 -2
v 15 5 2
v 15 4 2
v 13 4 2
v 13 4 -2
v 10 5 -1.5
v 10 4 -1.5
v 10 5 1.5
v 10 4 1.5
v 9 4 1.5
v 9 4 -1.5
v 6 5 -2
v 6 4 -2
v 6 5 2
v 6 4 2
v 5 5 -2
v 5 5 2
v 5 4 2
v 5 4 -2
v 3 4 -1.5
v 3 4 1.5
v 11 4 -1.5
v 11 3 -1.5
v 11 4 1.5
v 11 3 1.5
v 10 3 1.5
v 10 3 -1.5
v 3 4 -2
v 3 3 -2
v 3 4 2
v 3 3 2
v 2 4 -2
v 2 4 2
v 2 3 2
v 2 3 -2
v -5 4 -2
v -5 4 2
v -9 4 -2
v -9 4 2
v -10 4 -2
v -10 4 2
v -13 4 -2
v -13 4 2
v -13 1 2
v -13 1 -2
v -14 4 -2
v -14 1 -2
v -14 4 2
v -14 1 2
v -15 4 -2
v -15 4 2
v -15 1 2
v -15 1 -2
v -17 4 -2
v -17 1 -2
v -17 4 2
v -17 1 2
v -18 4 -2
v -18 4 2
v -18 1 2
v -18 1 -2
v -18 3 -2
v -18 3 2
v -19 4 -2
v -19 4 2
v -19 3 2
v -19 3 -2
v 8 3 -2
v 8 2 -2
v 8 3 2
v 8 2 2
v 7 3 -2
v 7 3 2
v 7 2 2
v 7 2 -2
v 6 3 -2
v 6 2 -2
v 6 3 2
v 6 2 2
v 5 3 -2
v 5 3 2
v 5 2 2
v 5 2 -2
v -3 3 -2
v -3 2 -2
v -3 3 2
v -3 2 2
v -4 3 -2
v -4 3 2
v -4 2 2
v -4 2 -2
v 2 2 -2.5
v 2 1 -2.5
v 2 2 2.5
v 2 1 2.5
v 18 1 -1.5
v 18 0 -1.5
v 18 1 1.5
v 18 0 1.5
v 17 1 -1.5
v 17 1 1.5
v 17 0 1.5
v 17 0 -1.5
v 16 1 -1.5
v 16 0 -1.5
v 16 1 1.5
v 16 0 1.5
v 15 1 -1.5
v 15 1 1.5
v 15 0 1.5
v 15 0 -1.5
v 14 1 -1.5
v 14 0 -1.5
v 14 1 1.5
v 14 0 1.5
v 13 1 -1.5
v 13 1 1.5
v 13 0 1.5
v 13 0 -1.5
v 4 1 -2
v 4 0 -2
v 4 1 2
v 4 0 2
v 3 1 -2
v 3 1 2
v 3 0 2
v 3 0 -2
v -3 1 -2
v -3 0 -2
v -3 1 2
v -3 0 2
v 9 0 -0.5
v 9 0 0.5
v 9 -3 -0.5
v 9 -3 0.5
v 8 -3 0.5
v 8 -3 -0.5
v 2 -2 -1.5
v 2 -3 -1.5
v 2 -2 1.5
v 2 -3 1.5
v 1 -2 -1.5
v 1 -2 1.5
v 1 -3 1.5
v 1 -3 -1.5
v -5 -2 -1
v -5 -3 -1
v -5 -2 1
v -5 -3 1
v -6 -2 -1
v -6 -2 1
v -7 -2 -1
v -7 -2 1
v -8 -2 -1
v -8 -2 1
v -9 -2 -1
v -9 -2 1
v -10 -2 -1
v -10 -2 1
v -11 -2 -1
v -11 -3 -1
v -11 -2 1
v -11 -3 1
v -12 -2 -1
v -12 -2 1
v -12 -3 1
v -12 -3 -1
v -13 -2 -1
v -13 -3 -1
v -13 -2 1
v -13 -3 1
v -14 -2 -1
v -14 -2 1
v -14 -3 1
v -14 -3 -1
v -15 -2 -1
v -15 -3 -1
v -15 -2 1
v -15 -3 1
v -16 -2 -1
v -16 -2 1
v -16 -3 1
v -16 -3 -1
v -17 -2 -1
v -17 -3 -1
v -17 -2 1
v -17 -3 1
v -18 -2 -1
v -18 -2 1
v -18 -3 1
v -18 -3 -1
v 8 -4 -0.5
v 8 -4 0.5
v 6 -3 -0.5
v 6 -3 0.5
v 6 -4 0.5
v 6 -4 -0.5
v 3 -3 -1.5
v 3 -4 -1.5
v 3 -3 1.5
v 3 -4 1.5
v 2 -4 1.5
v 2 -4 -1.5
v -8 -3 -0.5
v -8 -4 -0.5
v -8 -3 0.5
v -8 -4 0.5
v -9 -3 -0.5
v -9 -3 0.5
v -9 -4 0.5
v -9 -4 -0.5
v 4 -4 -1.5
v 4 -5 -1.5
v 4 -4 1.5
v 4 -5 1.5
v 3 -5 1.5
v 3 -5 -1.5
v -6 -4 -0.5
v -6 -5 -0.5
v -6 -4 0.5
v -6 -5 0.5
v -7 -4 -0.5
v -7 -4 0.5
v -7 -5 0.5
v -7 -5 -0.5
v 5 -6 -0.5
v 5 -7 -0.5
v 5 -6 0.5
v 5 -7 0.5
v 4 -6 -0.5
v 4 -6 0.5
v 4 -7 0.5
v 4 -7 -0.5
v 4 -8 -0.5
v 4 -8 0.5
v 3 -7 -0.5
v 3 -7 0.5
v 3 -8 0.5
v 3 -8 -0.5
v 1 8 -1.5
v 1 7 -1.5
v 1 8 1.5
v 1 7 1.5
v 0 8 -1.5
v 0 8 1.5
v 0 7 1.5
v 0 7 -1.5
v 19 6 -2
v 19 4 -2
v 19 6 2
v 19 4 2
v 18 4 2
v 18 4 -2
v 10 -5 -1
v 10 -6 -1
v 10 -5 1
v 10 -6 1
v 9 -5 -1
v 9 -5 1
v 9 -6 1
v 9 -6 -1
v 8 -5 -1
v 8 -6 -1
v 8 -5 1
v 8 -6 1
v 7 -5 -1
v 7 -5 1
v 7 -6 1
v 7 -6 -1
v 10 8 -1
v 10 8 1
v -1 7 -1
v -1 7 1
v -2 7 1
v -2 7 -1
v 7 8 -1.5
v 7 8 1.5
v 7 7 1.5
v 7 7 -1.5
v -1 8 -1.5
v -1 8 1.5
v -1 7 1.5
v -1 7 -1.5
v 19 3 2
v 19 3 -2
v 10 6 -1.5
v 10 6 1.5
v 18 3 -2
v 18 3 2
v 17 3 2
v 17 3 -2
v 12 4 -1.5
v 12 4 1.5
v 8 5 -2
v 8 5 2
v 7 5 -2
v 7 5 2
v 4 5 -2
v 4 5 2
v 4 4 2
v 4 4 -2
v 16 3 2
v 16 3 -2
v 15 3 -2
v 15 3 2
v 14 4 -2
v 14 4 2
v 14 3 2
v 14 3 -2
v 14 4 -0.5
v 14 3 -0.5
v 14 4 0.5
v 14 3 0.5
v 13 4 -0.5
v 13 4 0.5
v 13 3 0.5
v 13 3 -0.5
v 9 4 -2
v 9 2 -2
v 9 4 2
v 9 2 2
v 8 4 -2
v 8 4 2
v -5 3 2
v -5 3 -2
v 10 3 -2
v 10 2 -2
v 10 3 2
v 10 2 2
v 9 3 -2
v 9 3 2
v 4 3 -2
v 4 3 2
v 4 2 2
v 4 2 -2
v -19 3 -1
v -19 3 1
v -21 3 -1
v -21 3 1
v 20 2 -1.5
v 20 1 -1.5
v 20 2 1.5
v 20 1 1.5
v 19 2 -1.5
v 19 2 1.5
v 19 1 1.5
v 19 1 -1.5
v 14 2 -1.5
v 14 2 1.5
v 3 2 -2
v 3 2 2
v 19 0 -1.5
v 19 0 1.5
v 10 1 -1
v 10 0 -1
v 10 1 1
v 10 0 1
v -13 0 2
v -13 0 -2
v -14 0 -2
v -14 0 2
v -15 0 2
v -15 0 -2
v -17 0 -2
v -17 0 2
v -18 0 2
v -18 0 -2
v 6 -1 -0.5
v 6 -1 0.5
v 5 0 -0.5
v 5 0 0.5
v 5 -1 0.5
v 5 -1 -0.5
v 10 -1 -1
v 10 -2 -1
v 10 -1 1
v 10 -2 1
v 9 -1 -1
v 9 -1 1
v 9 -2 1
v 9 -2 -1
v 4 -1 -1.5
v 4 -2 -1.5
v 4 -1 1.5
v 4 -2 1.5
v 1 -1 -1.5
v 1 -1 1.5
v -3 -1 -1.5
v -3 -2 -1.5
v -3 -1 1.5
v -3 -2 1.5
v -4 -1 -1.5
v -4 -1 1.5
v -5 -1 -1.5
v -5 -1 1.5
v -6 -1 -1.5
v -6 -1 1.5
v -7 -1 -1.5
v -7 -1 1.5
v -8 -1 -1.5
v -8 -1 1.5
v -9 -1 -1.5
v -9 -1 1.5
v -10 -1 -1.5
v -10 -1 1.5
v -11 -1 -1.5
v -11 -1 1.5
v -12 -1 -1.5
v -12 -1 1.5
v -13 -1 -1.5
v -13 -1 1.5
v -14 -1 -1.5
v -14 -1 1.5
v -15 -1 -1.5
v -15 -1 1.5
v -16 -1 -1.5
v -16 -1 1.5
v -17 -1 -1.5
v -17 -1 1.5
v -18 -2 1.5
v -18 -2 -1.5
v 0 -2 -2
v 0 -3 -2
v 0 -2 2
v 0 -3 2
v -1 -2 -2
v -1 -2 2
v -1 -3 2
v -1 -3 -2
v 10 -3 -1
v 10 -4 -1
v 10 -3 1
v 10 -4 1
v 9 -3 -1
v 9 -3 1
v 9 -4 1
v 9 -4 -1
v 5 -3 -0.5
v 5 -3 0.5
v 5 -4 0.5
v 5 -4 -0.5
v 4 -3 -1.5
v 4 -3 1.5
v 1 -3 -2
v 1 -4 -2
v 1 -3 2
v 1 -4 2
v 0 -4 2
v 0 -4 -2
v -1 -4 -2
v -1 -4 2
v -2 -3 -2
v -2 -3 2
v -2 -4 2
v -2 -4 -2
v 0 -5 -2
v 0 -5 2
v -1 -5 2
v -1 -5 -2
v -5 -4 -0.5
v -5 -5 -0.5
v -5 -4 0.5
v -5 -5 0.5
v 11 -5 -1
v 11 -6 -1
v 11 -5 1
v 11 -6 1
v 3 -5 -2
v 3 -6 -2
v 3 -5 2
v 3 -6 2
v 1 -5 -2
v 1 -5 2
v 1 -6 2
v 1 -6 -2
v -14 5 -1.5
v -14 5 1.5
v -14 4 1.5
v -14 4 -1.5
v -15 5 -1.5
v -15 4 -1.5
v -15 5 1.5
v -15 4 1.5
v -17 5 -1.5
v -17 5 1.5
v -17 4 1.5
v -17 4 -1.5
v 13 7 -1.5
v 13 7 1.5
v 2 3 -2.5
v 2 3 2.5
v -1 3 -2.5
v -1 3 2.5
v -2 -3 -1.5
v -2 -4 -1.5
v -2 -3 1.5
v -2 -4 1.5
v -3 -3 -1.5
v -3 -3 1.5
v -3 -4 1.5
v -3 -4 -1.5
v -1 -4 -1.5
v -1 -5 -1.5
v -1 -4 1.5
v -1 -5 1.5
v -2 -5 1.5
v -2 -5 -1.5
v 1 -6 -1.5
v 1 -7 -1.5
v 1 -6 1.5
v 1 -7 1.5
v 0 -6 -1.5
v 0 -6 1.5
v 0 -7 1.5
v 0 -7 -1.5
v 3 6 -1.5
v 3 6 1.5
v 1 6 1.5
v 1 6 -1.5
v 0 6 -1.5
v 0 6 1.5
v -1 6 1.5
v -1 6 -1.5
v 9 5 -1
v 9 4 -1
v 9 5 1
v 9 4 1
v 8 4 1
v 8 4 -1
v 10 4 -1
v 10 3 -1
v 10 4 1
v 10 3 1
v 9 3 1
v 9 3 -1
v 7 4 -1.5
v 7 3 -1.5
v 7 4 1.5
v 7 3 1.5
v 5 4 -1.5
v 5 4 1.5
v 5 3 1.5
v 5 3 -1.5
v 11 3 -1
v 11 3 1
v 10 2 1
v 10 2 -1
v 6 6 1
v 6 6 -1
v 5 7 -1
v 5 6 -1
v 5 7 1
v 5 6 1
v 4 7 -1
v 4 7 1
v 3 3 -2.5
v 3 1 -2.5
v 3 3 2.5
v 3 1 2.5
v -2 3 -2.5
v -2 1 -2.5
v -2 3 2.5
v -2 1 2.5
v -3 3 -2.5
v -3 3 2.5
v -3 1 2.5
v -3 1 -2.5
v -18 3 -1
v -18 1 -1
v -18 3 1
v -18 1 1
v 11 2 -1.5
v 11 1 -1.5
v 11 2 1.5
v 11 1 1.5
v 4 2 -1.5
v 4 2 1.5
v 4 1 1.5
v 4 1 -1.5
v 5 1 -1.5
v 5 0 -1.5
v 5 1 1.5
v 5 0 1.5
v 4 0 1.5
v 4 0 -1.5
v 4 0 -1
v 4 0 1
v 1 0 -1.5
v 1 0 1.5
v 1 0 -2
v 1 -1 -2
v 1 0 2
v 1 -1 2
v 0 -1 2
v 0 -1 -2
v 0 -1 -1.5
v 0 -1 1.5
v 0 -3 1.5
v 0 -3 -1.5
v -1 -1 -2
v -1 -1 2
v -2 -1 -2
v -2 -1 2
v -2 -2 2
v -2 -2 -2
v -3 -2 -2
v -3 -2 2
v -3 -3 2
v -3 -3 -2
v 8 -3 -1
v 8 -3 1
v 1 -4 1.5
v 1 -4 -1.5
v 11 -4 -1
v 11 -4 1
v 8 -4 -1
v 8 -4 1
v 2 -5 1.5
v 2 -5 -1.5
v 3 -6 -1.5
v 3 -7 -1.5
v 3 -6 1.5
v 3 -7 1.5
v 2 -6 -1.5
v 2 -6 1.5
v 2 -7 1.5
v 2 -7 -1.5
v 2 -7 -1
v 2 -8 -1
v 2 -7 1
v 2 -8 1
v 1 -7 -1
v 1 -7 1
v 1 -8 1
v 1 -8 -1
v 11 6 -1
v 11 4 -1
v 11 6 1
v 11 4 1
v 6 5 -1
v 6 5 1
v 5 5 1
v 5 5 -1
v 6 4 1.5
v 6 4 -1.5
v 12 4 -1
v 12 4 1
v 4 4 -1.5
v 4 4 1.5
v 7 2 -1.5
v 7 2 1.5
v 6 3 -1.5
v 6 3 1.5
v 6 2 1.5
v 6 2 -1.5
v 3 2 1.5
v 3 2 -1.5
v 12 1 1.5
v 12 1 -1.5
v -19 5 -1.5
v -19 5 1.5
v -19 4 1.5
v -19 4 -1.5
v 18 2 -2
v 18 2 2
v 17 2 2
v 17 2 -2
v -2 2 -2.5
v -2 2 2.5
v 0 0 -2.5
v 0 -1 -2.5
v 0 0 2.5
v 0 -1 2.5
v -1 0 -2.5
v -1 0 2.5
v -1 -1 2.5
v -1 -1 -2.5
v -22 3 -1
v -22 3 1
v -22 2 1
v -22 2 -1
v -21 2 -0.5
v -21 1 -0.5
v -21 2 0.5
v -21 1 0.5
v -22 2 -0.5
v -22 2 0.5
v -22 1 0.5
v -22 1 -0.5
v 19 2 -2
v 19 1 -2
v 19 2 2
v 19 1 2
v 18 1 2
v 18 1 -2
v 0 -5 -1.5
v 0 -5 1.5
v -1 -6 1.5
v -1 -6 -1.5
v -2 0 -2
v -2 0 2
v -2 -2 -1.5
v -2 -2 1.5
v 4 -6 -1.5
v 4 -6 1.5
v 0 -2 -1.5
v 0 -2 1.5
v -1 -1 -1.5
v -1 -1 1.5
v -1 -2 1.5
v -1 -2 -1.5
v 0 -7 -1
v 0 -7 1
v 0 -8 1
v 0 -8 -1
v 2 -4 -2
v 2 -5 -2
v 2 -4 2
v 2 -5 2
v 2 -6 -2
v 2 -7 -2
v 2 -6 2
v 2 -7 2
v 1 -7 2
v 1 -7 -2
v 0 -6 2
v 0 -6 -2

vn 1 0 0
vn 0 1 0
vn 0 -1 0
vn -1 0 0
vn 0 0 -1
vn 0 0 1

vt -19.68504 19.68504
vt 19.68504 19.68504
vt -19.68504 -19.68504
vt 0 NaN
vt 0 0
vt 0 NaN
vt 0 NaN
vt 0 NaN
vt 0 NaN
vt 0 NaN
vt 19.68504 -19.68504
vt 0 NaN
vt 0 NaN
vt 0 NaN
vt 0 NaN
vt 0 NaN
vt 0 NaN
vt 0 NaN
vt 0 NaN
vt 0 NaN
vt 0 NaN
vt 0 NaN
vt 0 NaN
vt 0 NaN
vt 0 NaN
vt 0 NaN
vt 0 NaN
vt 0 NaN
vt 0 NaN
vt 0 NaN
vt 0 NaN
vt 0 NaN
vt 0 NaN
vt 0 NaN
vt 0 NaN
vt 0 NaN
vt 0 NaN
vt 0 NaN
vt 0 NaN
vt 0 NaN
vt 0 NaN
vt 0 NaN
vt 0 NaN
vt 0 NaN
vt 0 NaN
vt 0 NaN
vt 0 NaN
vt 0 NaN
vt 0 NaN
vt 0 NaN
vt 0 NaN
vt 0 NaN
vt 0 NaN
vt 0 NaN
vt 0 NaN
vt 0 NaN
vt 0 NaN
vt 0 NaN
vt 0 NaN
vt 0 NaN
vt 0 NaN
vt 0 NaN
vt 0 NaN
vt 0 NaN
vt 0 NaN
vt 0 NaN
vt 0 NaN
vt 0 NaN
vt 0 NaN
vt 0 NaN
vt 0 NaN
vt 0 NaN
vt 0 NaN
vt 0 NaN
vt 0 NaN
vt 0 NaN
vt 0 NaN
vt 0 NaN
vt 0 NaN
vt 0 NaN
vt 0 NaN
vt 0 NaN
vt 0 NaN
vt 0 NaN
vt 0 NaN
vt 0 NaN
vt 0 NaN
vt 0 NaN
vt 0 NaN
vt 0 NaN
vt 0 NaN
vt 0 NaN
vt 0 NaN
vt 0 NaN
vt 0 NaN
vt 0 NaN
vt 0 NaN
vt 0 NaN
vt 0 NaN
vt 0 NaN
vt 0 NaN
vt 0 NaN
vt 0 NaN
vt 0 NaN
vt 0 NaN
vt 0 NaN
vt 0 NaN
vt 0 NaN
vt 0 NaN
vt 0 NaN
vt 0 NaN
vt 0 NaN
vt 0 NaN
vt 0 NaN
vt 0 NaN
vt 0 NaN
vt 0 NaN
vt 0 NaN
vt 0 NaN
vt 0 NaN
vt 0 NaN
vt 0 NaN
vt 0 NaN
vt 0 NaN
vt 0 NaN
vt 0 NaN
vt 0 NaN
vt 0 NaN
vt 0 NaN
vt 0 NaN
vt 0 NaN
vt 0 NaN
vt 0 NaN
vt 0 NaN
vt 0 NaN
vt 0 NaN
vt 0 NaN
vt 0 NaN
vt 0 NaN
vt 0 NaN
vt 0 NaN
vt 0 NaN
vt 0 NaN
vt 0 NaN
vt 0 NaN
vt 0 NaN
vt 0 NaN
vt 0 NaN
vt 0 NaN
vt 0 NaN
vt 0 NaN
vt 0 NaN
vt 0 NaN
vt 0 NaN
vt 0 NaN
vt 0 NaN
vt 0 NaN
vt 0 NaN
vt 0 NaN
vt 0 NaN
vt 0 NaN
vt 0 NaN
vt 0 NaN
vt 0 NaN
vt 0 NaN
vt 0 NaN
vt 0 NaN
vt 0 NaN
vt 0 NaN
vt 0 NaN
vt 0 NaN
vt 0 NaN
vt 0 NaN
vt 0 NaN
vt 0 NaN
vt 0 NaN
vt 0 NaN
vt 0 NaN
vt 0 NaN
vt 0 NaN
vt 0 NaN
vt 0 NaN
vt 0 NaN
vt 0 NaN
vt 0 NaN
vt 0 NaN
vt 0 NaN
vt 0 NaN
vt 0 NaN
vt 0 NaN
vt 0 NaN
vt 0 NaN
vt 0 NaN
vt 0 NaN
vt 0 NaN
vt 0 NaN
vt 0 NaN
vt 0 NaN
vt 0 NaN
vt 0 NaN
vt 0 NaN
vt 0 NaN
vt 0 NaN
vt 0 NaN
vt 0 NaN
vt 0 NaN
vt 0 NaN
vt 0 NaN
vt 0 NaN
vt 0 NaN
vt 0 NaN
vt 0 NaN
vt 0 NaN
vt 0 NaN
vt 0 NaN
vt 0 NaN
vt 0 NaN
vt 0 NaN
vt 0 NaN
vt 0 NaN
vt 0 NaN
vt 0 NaN
vt 0 NaN
vt 0 NaN
vt 0 NaN
vt 0 NaN
vt 0 NaN
vt 0 NaN
vt 0 NaN
vt 0 NaN
vt 0 NaN
vt 0 NaN
vt 0 NaN
vt 0 NaN
vt 0 NaN
vt 0 NaN
vt 0 NaN
vt 0 NaN
vt 0 NaN
vt 0 NaN
vt 0 NaN
vt 0 NaN
vt 0 NaN
vt 0 NaN
vt 0 NaN
vt 0 NaN
vt 0 NaN
vt 0 NaN
vt 0 NaN
vt 0 NaN
vt 0 NaN
vt 0 NaN
vt 0 NaN
vt 0 NaN
vt 0 NaN
vt 0 NaN
vt 0 NaN
vt 0 NaN
vt 0 NaN
vt 0 NaN
vt 0 NaN
vt 0 NaN
vt 0 NaN
vt 0 NaN
vt 0 NaN
vt 0 NaN
vt 0 NaN
vt 0 NaN
vt 0 NaN
vt 0 NaN
vt 0 NaN
vt 0 NaN
vt 0 NaN
vt 0 NaN
vt 0 NaN
vt 0 NaN
vt 0 NaN
vt 0 NaN
vt 0 NaN
vt 0 NaN
vt 0 NaN
vt 0 NaN
vt 0 NaN
vt 0 NaN
vt 0 NaN
vt 0 NaN
vt 0 NaN
vt 0 NaN
vt 0 NaN
vt 0 NaN
vt 0 NaN
vt 0 NaN
vt 0 NaN
vt 0 NaN
vt 0 NaN
vt 0 NaN
vt 0 NaN
vt 0 NaN
vt 0 NaN
vt 0 NaN
vt 0 NaN
vt 0 NaN
vt 0 NaN
vt 0 NaN
vt 0 NaN
vt 0 NaN
vt 0 NaN
vt 0 NaN
vt 0 NaN
vt 0 NaN
vt 0 NaN
vt 0 NaN
vt 0 NaN
vt 0 NaN
vt 0 NaN
vt 0 NaN
vt 0 NaN
vt 0 NaN
vt 0 NaN
vt 0 NaN
vt 0 NaN
vt 0 NaN
vt 0 NaN
vt 0 NaN
vt 0 NaN
vt 0 NaN
vt 0 NaN
vt 0 NaN
vt 0 NaN
vt 0 NaN
vt 0 NaN
vt 0 NaN
vt 0 NaN
vt 0 NaN
vt 0 NaN
vt 0 NaN
vt 0 NaN
vt 0 NaN
vt 0 NaN
vt 0 NaN
vt 0 NaN
vt 0 NaN
vt 0 NaN
vt 0 NaN
vt 0 NaN
vt 0 NaN
vt 0 NaN
vt 0 NaN
vt 0 NaN
vt 0 NaN
vt 0 NaN
vt 0 NaN
vt 0 NaN
vt 0 NaN
vt 0 NaN
vt 0 NaN
vt 0 NaN
vt 0 NaN
vt 0 NaN
vt 0 NaN
vt 0 NaN
vt 0 NaN
vt 0 NaN
vt 0 NaN
vt 0 NaN
vt 0 NaN
vt 0 NaN
vt 0 NaN
vt 0 NaN
vt 0 NaN
vt 0 NaN
vt 0 NaN
vt 0 NaN
vt 0 NaN
vt 0 NaN
vt 0 NaN
vt 0 NaN
vt 0 NaN
vt 0 NaN
vt 0 NaN
vt 0 NaN
vt 0 NaN
vt 0 NaN
vt 0 NaN
vt 0 NaN
vt 0 NaN
vt 0 NaN
vt 0 NaN
vt 0 NaN
vt 0 NaN
vt 0 NaN
vt 0 NaN
vt 0 NaN
vt 0 NaN
vt 0 NaN
vt 0 NaN
vt 0 NaN
vt 0 NaN
vt 0 NaN
vt 0 NaN
vt 0 NaN
vt 0 NaN
vt 0 NaN
vt 0 NaN
vt 0 NaN
vt 0 NaN
vt 0 NaN
vt 0 NaN
vt 0 NaN
vt 0 NaN
vt 0 NaN
vt 0 NaN
vt 0 NaN
vt 0 NaN
vt 0 NaN
vt 0 NaN
vt 0 NaN
vt 0 NaN
vt 0 NaN
vt 0 NaN
vt 0 NaN
vt 0 NaN
vt 0 NaN
vt 0 NaN
vt 0 NaN
vt 0 NaN
vt 0 NaN
vt 0 NaN
vt 0 NaN
vt 0 NaN
vt 0 NaN
vt 0 NaN
vt 0 NaN
vt 0 NaN
vt 0 NaN
vt 0 NaN
vt 0 NaN
vt 0 NaN
vt 0 NaN
vt 0 NaN
vt 0 NaN
vt 0 NaN
vt 0 NaN
vt 0 NaN
vt 0 NaN
vt 0 NaN
vt 0 NaN
vt 0 NaN
vt 0 NaN
vt 0 NaN
vt 0 NaN
vt 0 NaN
vt 0 NaN
vt 0 NaN
vt 0 NaN
vt 0 NaN
vt 0 NaN
vt 0 NaN
vt 0 NaN
vt 0 NaN
vt 0 NaN
vt 0 NaN
vt 0 NaN
vt 0 NaN
vt 0 NaN
vt 0 NaN
vt 0 NaN
vt 0 NaN
vt 0 NaN
vt 0 NaN
vt 0 NaN
vt 0 NaN
vt 0 NaN
vt 0 NaN
vt 0 NaN
vt 0 NaN
vt 0 NaN
vt 0 NaN
vt 0 NaN
vt 0 NaN
vt 0 NaN
vt 0 NaN
vt 0 NaN
vt 0 NaN
vt 0 NaN
vt 0 NaN
vt 0 NaN
vt 0 NaN
vt 0 NaN
vt 0 NaN
vt 0 NaN
vt 0 NaN
vt 0 NaN
vt 0 NaN
vt 0 NaN
vt 0 NaN
vt 0 NaN
vt 0 NaN
vt 0 NaN
vt 0 NaN
vt 0 NaN
vt 0 NaN
vt 0 NaN
vt 0 NaN
vt 0 NaN
vt 0 NaN
vt 0 NaN
vt 0 NaN
vt 0 NaN
vt 0 NaN
vt 0 NaN
vt 0 NaN
vt 0 NaN
vt 0 NaN
vt 0 NaN
vt 0 NaN
vt 0 NaN
vt 0 NaN
vt 0 NaN
vt 0 NaN
vt 0 NaN
vt 0 NaN
vt 0 NaN
vt 0 NaN
vt 0 NaN
vt 0 NaN
vt 0 NaN
vt 0 NaN
vt 0 NaN
vt 0 NaN
vt 0 NaN
vt 0 NaN
vt 0 NaN
vt 0 NaN
vt 0 NaN
vt 0 NaN
vt 0 NaN
vt 0 NaN
vt 0 NaN
vt 0 NaN
vt 0 NaN
vt 0 NaN
vt 0 NaN
vt 0 NaN
vt 0 NaN
vt 0 NaN
vt 0 NaN
vt 0 NaN
vt 0 NaN
vt 0 NaN
vt 0 NaN
vt 0 NaN
vt 0 NaN
vt 0 NaN
vt 0 NaN
vt 0 NaN
vt 0 NaN
vt 0 NaN
vt 0 NaN
vt 0 NaN
vt 0 NaN
vt 0 NaN
vt 0 NaN
vt 0 NaN
vt 0 NaN
vt 0 NaN
vt 0 NaN
vt 0 NaN
vt 0 NaN
vt 0 NaN
vt 0 NaN
vt 0 NaN
vt 0 NaN
vt 0 NaN
vt 0 NaN
vt 0 NaN
vt 0 NaN
vt 0 NaN
vt 0 NaN
vt 0 NaN
vt 0 NaN
vt 0 NaN
vt 0 NaN
vt 0 NaN
vt 0 NaN
vt 0 NaN
vt 0 NaN
vt 0 NaN
vt 0 NaN
vt 0 NaN
vt 0 NaN
vt 0 NaN
vt 0 NaN
vt 0 NaN
vt 0 NaN
vt 0 NaN
vt 0 NaN
vt 0 NaN
vt 0 NaN
vt 0 NaN
vt 0 NaN
vt 0 NaN
vt 0 NaN
vt 0 NaN
vt 0 NaN
vt 0 NaN
vt 0 NaN
vt 0 NaN
vt 0 NaN
vt 0 NaN
vt 0 NaN
vt 0 NaN
vt 0 NaN
vt 0 NaN
vt 0 NaN
vt 0 NaN
vt 0 NaN
vt 0 NaN
vt 0 NaN
vt 0 NaN
vt 0 NaN
vt 0 NaN
vt 0 NaN
vt 0 NaN
vt 0 NaN
vt 0 NaN
vt 0 NaN
vt 0 NaN
vt 0 NaN
vt 0 NaN
vt 0 NaN
vt 0 NaN
vt 0 NaN
vt 0 NaN
vt 0 NaN
vt 0 NaN
vt 0 NaN
vt 0 NaN
vt 0 NaN
vt 0 NaN
vt 0 NaN
vt 0 NaN
vt 0 NaN
vt 0 NaN
vt 0 NaN
vt 0 NaN
vt 0 NaN
vt 0 NaN
vt 0 NaN
vt 0 NaN
vt 0 NaN
vt 0 NaN
vt 0 NaN
vt 0 NaN
vt 0 NaN
vt 0 NaN
vt 0 NaN
vt 0 NaN
vt 0 NaN
vt 0 NaN
vt 0 NaN
vt 0 NaN
vt 0 NaN
vt 0 NaN
vt 0 NaN
vt 0 NaN
vt 0 NaN
vt 0 NaN
vt 0 NaN
vt 0 NaN
vt 0 NaN
vt 0 NaN
vt 0 NaN
vt 0 NaN
vt 0 NaN
vt 0 NaN
vt 0 NaN
vt 0 NaN
vt 0 NaN
vt 0 NaN
vt 0 NaN
vt 0 NaN
vt 0 NaN
vt 0 NaN
vt 0 NaN
vt 0 NaN
vt 0 NaN
vt 0 NaN
vt 0 NaN
vt 0 NaN
vt 0 NaN
vt 0 NaN
vt 0 NaN
vt 0 NaN
vt 0 NaN
vt 0 NaN
vt 0 NaN
vt 0 NaN
vt 0 NaN
vt 0 NaN
vt 0 NaN
vt 0 NaN
vt 0 NaN
vt 0 NaN
vt 0 NaN
vt 0 NaN
vt 0 NaN
vt 0 NaN
vt 0 NaN
vt 0 NaN
vt 0 NaN
vt 0 NaN
vt 0 NaN
vt 0 NaN
vt 0 NaN
vt 0 NaN
vt 0 NaN
vt 0 NaN
vt 0 NaN
vt 0 NaN
vt 0 NaN
vt 0 NaN
vt 0 NaN
vt 0 NaN
vt 0 NaN
vt 0 NaN
vt 0 NaN
vt 0 NaN
vt 0 NaN
vt 0 NaN
vt 0 NaN
vt 0 NaN
vt 0 NaN
vt 0 NaN
vt 0 NaN
vt 0 NaN
vt 0 NaN
vt 0 NaN
vt 0 NaN
vt 0 NaN
vt 0 NaN
vt 0 NaN
vt 0 NaN
vt 0 NaN
vt 0 NaN
vt 0 NaN
vt 0 NaN
vt 0 NaN
vt 0 NaN
vt 0 NaN
vt 0 NaN
vt 0 NaN
vt 0 NaN
vt 0 NaN
vt 0 NaN
vt 0 NaN
vt 0 NaN
vt 0 NaN
vt 0 NaN
vt 0 NaN
vt 0 NaN
vt 0 NaN
vt 0 NaN
vt 0 NaN
vt 0 NaN
vt 0 NaN
vt 0 NaN
vt 0 NaN
vt 0 NaN
vt 0 NaN
vt 0 NaN
vt 0 NaN
vt 0 NaN
vt 0 NaN
vt 0 NaN
vt 0 NaN
vt 0 NaN
vt 0 NaN
vt 0 NaN
vt 0 NaN
vt 0 NaN
vt 0 NaN
vt 0 NaN
vt 0 NaN
vt 0 NaN
vt 0 NaN
vt 0 NaN
vt 0 NaN
vt 0 NaN
vt 0 NaN
vt 0 NaN
vt 0 NaN
vt 0 NaN
vt 0 NaN
vt 0 NaN
vt 0 NaN
vt 0 NaN
vt 0 NaN
vt 0 NaN
vt 0 NaN
vt 0 NaN
vt 0 NaN
vt 0 NaN
vt 0 NaN
vt 0 NaN
vt 0 NaN
vt 0 NaN
vt 0 NaN
vt 0 NaN
vt 0 NaN
vt 0 NaN
vt 0 NaN
vt 0 NaN
vt 0 NaN
vt 0 NaN
vt 0 NaN
vt 0 NaN
vt 0 NaN
vt 0 NaN
vt 0 NaN
vt 0 NaN
vt 0 NaN
vt 0 NaN
vt 0 NaN
vt 0 NaN
vt 0 NaN
vt 0 NaN
vt 0 NaN
vt 0 NaN
vt 0 NaN
vt 0 NaN
vt 0 NaN
vt 0 NaN
vt 0 NaN
vt 0 NaN
vt 0 NaN
vt 0 NaN
vt 0 NaN
vt 0 NaN
vt 0 NaN
vt 0 NaN
vt 0 NaN
vt 0 NaN
vt 0 NaN
vt 0 NaN
vt 0 NaN
vt 0 NaN
vt 0 NaN
vt 0 NaN
vt 0 NaN
vt 0 NaN
vt 0 NaN
vt 0 NaN
vt 0 NaN
vt 0 NaN
vt 0 NaN
vt 0 NaN
vt 0 NaN
vt 0 NaN
vt 0 NaN
vt 0 NaN
vt 0 NaN
vt 0 NaN
vt 0 NaN
vt 0 NaN
vt 0 NaN
vt 0 NaN
vt 0 NaN
vt 0 NaN
vt 0 NaN
vt 0 NaN
vt 0 NaN
vt 0 NaN
vt 0 NaN
vt 0 NaN
vt 0 NaN
vt 0 NaN
vt 0 NaN
vt 0 NaN
vt 0 NaN
vt 0 NaN
vt 0 NaN
vt 0 NaN
vt 0 NaN
vt 0 NaN
vt 0 NaN
vt 0 NaN
vt 0 NaN
vt 0 NaN
vt 0 NaN
vt 0 NaN
vt 0 NaN
vt 0 NaN
vt 0 NaN
vt 0 NaN
vt 0 NaN
vt 0 NaN
vt 0 NaN
vt 0 NaN
vt 0 NaN
vt 0 NaN
vt 0 NaN
vt 0 NaN
vt 0 NaN
vt 0 NaN
vt 0 NaN
vt 0 NaN
vt 0 NaN
vt 0 NaN
vt 0 NaN
vt 0 NaN
vt 0 NaN
vt 0 NaN
vt 0 NaN
vt 0 NaN
vt 0 NaN
vt 0 NaN
vt 0 NaN
vt 0 NaN
vt 0 NaN
vt 0 NaN
vt 0 NaN
vt 0 NaN
vt 0 NaN
vt 0 NaN
vt 0 NaN
vt 0 NaN
vt 0 NaN
vt 0 NaN
vt 0 NaN
vt 0 NaN
vt 0 NaN
vt 0 NaN
vt 0 NaN
vt 0 NaN
vt 0 NaN
vt 0 NaN
vt 0 NaN
vt 0 NaN
vt 0 NaN
vt 0 NaN
vt 0 NaN
vt 0 NaN
vt 0 NaN
vt 0 NaN
vt 0 NaN
vt 0 NaN
vt 0 NaN
vt 0 NaN
vt 0 NaN
vt 0 NaN
vt 0 NaN
vt 0 NaN
vt 0 NaN
vt 0 NaN
vt 0 NaN
vt 0 NaN
vt 0 NaN
vt 0 NaN
vt 0 NaN
vt 0 NaN
vt 0 NaN
vt 0 NaN
vt 0 NaN
vt 0 NaN
vt 0 NaN
vt 0 NaN
vt 0 NaN
vt 0 NaN
vt 0 NaN
vt 0 NaN
vt 0 NaN
vt 0 NaN
vt 0 NaN
vt 0 NaN
vt 0 NaN
vt 0 NaN
vt 0 NaN
vt 0 NaN
vt 0 NaN
vt 0 NaN
vt 0 NaN
vt 0 NaN
vt 0 NaN
vt 0 NaN
vt 0 NaN
vt 0 NaN
vt 0 NaN
vt 0 NaN
vt 0 NaN
vt 0 NaN
vt 0 NaN
vt 0 NaN
vt 0 NaN
vt 0 NaN
vt 0 NaN
vt 0 NaN
vt 0 NaN
vt 0 NaN
vt 0 NaN
vt 0 NaN
vt 0 NaN
vt 0 NaN
vt 0 NaN
vt 0 NaN
vt 0 NaN
vt 0 NaN
vt 0 NaN
vt 0 NaN
vt 0 NaN
vt 0 NaN
vt 0 NaN
vt 0 NaN
vt 0 NaN
vt 0 NaN
vt 0 NaN
vt 0 NaN
vt 0 NaN
vt 0 NaN
vt 0 NaN
vt 0 NaN
vt 0 NaN
vt 0 NaN
vt 0 NaN
vt 0 NaN
vt 0 NaN
vt 0 NaN
vt 0 NaN
vt 0 NaN
vt 0 NaN
vt 0 NaN
vt 0 NaN
vt 0 NaN
vt 0 NaN
vt 0 NaN
vt 0 NaN
vt 0 NaN
vt 0 NaN
vt 0 NaN
vt 0 NaN
vt 0 NaN
vt 0 NaN
vt 0 NaN
vt 0 NaN
vt 0 NaN
vt 0 NaN
vt 0 NaN
vt 0 NaN
vt 0 NaN
vt 0 NaN
vt 0 NaN
vt 0 NaN
vt 0 NaN
vt 0 NaN
vt 0 NaN
vt 0 NaN
vt 0 NaN
vt 0 NaN
vt 0 NaN
vt 0 NaN
vt 0 NaN
vt 0 NaN
vt 0 NaN
vt 0 NaN
vt 0 NaN
vt 0 NaN
vt 0 NaN
vt 0 NaN
vt 0 NaN
vt 0 NaN
vt 0 NaN
vt 0 NaN
vt 0 NaN
vt 0 NaN
vt 0 NaN
vt 0 NaN
vt 0 NaN
vt 0 NaN
vt 0 NaN
vt 0 NaN
vt 0 NaN
vt 0 NaN
vt 0 NaN
vt 0 NaN
vt 0 NaN
vt 0 NaN
vt 0 NaN
vt 0 NaN
vt 0 NaN
vt 0 NaN
vt 0 NaN
vt 0 NaN
vt 0 NaN
vt 0 NaN
vt 0 NaN
vt 0 NaN
vt 0 NaN
vt 0 NaN
vt 0 NaN
vt 0 NaN
vt 0 NaN
vt 0 NaN
vt 0 NaN
vt 0 NaN
vt 0 NaN
vt 0 NaN
vt 0 NaN
vt 0 NaN
vt 0 NaN
vt 0 NaN
vt 0 NaN
vt 0 NaN
vt 0 NaN
vt 0 NaN
vt 0 NaN
vt 0 NaN
vt 0 NaN
vt 0 NaN
vt 0 NaN
vt 0 NaN
vt 0 NaN
vt 0 NaN
vt 0 NaN
vt 0 NaN
vt 0 NaN
vt 0 NaN
vt 0 NaN
vt 0 NaN
vt 0 NaN
vt 0 NaN
vt 0 NaN
vt 0 NaN
vt 0 NaN
vt 0 NaN
vt 0 NaN
vt 0 NaN
vt 0 NaN
vt 0 NaN
vt 0 NaN
vt 0 NaN
vt 0 NaN
vt 0 NaN
vt 0 NaN
vt 0 NaN
vt 0 NaN
vt 0 NaN
vt 0 NaN
vt 0 NaN
vt 0 NaN
vt 0 NaN
vt 0 NaN
vt 0 NaN
vt 0 NaN
vt 0 NaN
vt 0 NaN
vt 0 NaN
vt 0 NaN
vt 0 NaN
vt 0 NaN
vt 0 NaN
vt 0 NaN
vt 0 NaN
vt 0 NaN
vt 0 NaN
vt 0 NaN
vt 0 NaN
vt 0 NaN
vt 0 NaN
vt 0 NaN
vt 0 NaN
vt 0 NaN
vt 0 NaN
vt 0 NaN
vt 0 NaN
vt 0 NaN
vt 0 NaN
vt 0 NaN
vt 0 NaN
vt 0 NaN
vt 0 NaN
vt 0 NaN
vt 0 NaN
vt 0 NaN
vt 0 NaN
vt 0 NaN
vt 0 NaN
vt 0 NaN
vt 0 NaN
vt 0 NaN
vt 0 NaN
vt 0 NaN
vt 0 NaN
vt 0 NaN
vt 0 NaN
vt 0 NaN
vt 0 NaN
vt 0 NaN
vt 0 NaN
vt 0 NaN
vt 0 NaN
vt 0 NaN
vt 0 NaN
vt 0 NaN

usemtl color27

f 3/3/1 2/2/1 1/1/1
f 2/3/1 3/2/1 4/1/1
f 5/3/2 3/2/2 1/1/2
f 3/3/2 5/2/2 6/1/2
f 7/5/3 2/5/3 4/4/3
f 2/5/3 7/5/3 8/6/3
f 7/5/4 5/5/4 8/7/4
f 5/5/4 7/5/4 6/8/4
f 5/5/5 2/5/5 8/9/5
f 2/5/5 5/5/5 1/10/5
f 3/2/6 7/3/6 4/11/6
f 7/3/6 3/2/6 6/1/6
f 11/3/1 10/2/1 9/1/1
f 10/3/1 11/2/1 12/1/1
f 13/3/2 11/2/2 9/1/2
f 11/3/2 13/2/2 14/1/2
f 15/5/3 10/5/3 12/12/3
f 10/5/3 15/5/3 16/13/3
f 15/5/4 13/5/4 16/14/4
f 13/5/4 15/5/4 14/15/4
f 13/5/5 10/5/5 16/16/5
f 10/5/5 13/5/5 9/17/5
f 11/2/6 15/3/6 12/11/6
f 15/3/6 11/2/6 14/1/6
f 3/3/1 2/2/1 1/1/1
f 2/3/1 3/2/1 4/1/1
f 5/3/2 3/2/2 1/1/2
f 3/3/2 5/2/2 6/1/2
f 7/5/3 2/5/3 4/4/3
f 2/5/3 7/5/3 8/6/3
f 7/5/4 5/5/4 8/7/4
f 5/5/4 7/5/4 6/8/4
f 5/5/5 2/5/5 8/9/5
f 2/5/5 5/5/5 1/10/5
f 3/2/6 7/3/6 4/11/6
f 7/3/6 3/2/6 6/1/6

usemtl color16

f 6/3/1 8/2/1 5/1/1
f 8/3/1 6/2/1 7/1/1
f 17/3/2 6/2/2 5/1/2
f 6/3/2 17/2/2 18/1/2
f 19/5/3 8/6/3 7/5/3
f 8/6/3 19/5/3 20/18/3
f 19/5/4 17/5/4 20/19/4
f 17/5/4 19/5/4 18/20/4
f 17/5/5 8/9/5 20/21/5
f 8/9/5 17/5/5 5/5/5
f 6/2/6 19/3/6 7/11/6
f 19/3/6 6/2/6 18/1/6
f 23/3/1 22/2/1 21/1/1
f 22/3/1 23/2/1 24/1/1
f 25/3/2 23/2/2 21/1/2
f 23/3/2 25/2/2 26/1/2
f 27/5/3 22/5/3 24/22/3
f 22/5/3 27/5/3 28/23/3
f 27/5/4 25/5/4 28/24/4
f 25/5/4 27/5/4 26/25/4
f 25/5/5 22/5/5 28/26/5
f 22/5/5 25/5/5 21/27/5
f 23/2/6 27/3/6 24/11/6
f 27/3/6 23/2/6 26/1/6
f 31/3/1 30/2/1 29/1/1
f 30/3/1 31/2/1 32/1/1
f 33/3/2 31/2/2 29/1/2
f 31/3/2 33/2/2 34/1/2
f 35/5/3 30/5/3 32/28/3
f 30/5/3 35/5/3 36/29/3
f 35/5/4 33/5/4 36/30/4
f 33/5/4 35/5/4 34/31/4
f 33/5/5 30/5/5 36/32/5
f 30/5/5 33/5/5 29/33/5
f 31/2/6 35/3/6 32/11/6
f 35/3/6 31/2/6 34/1/6
f 39/3/1 38/2/1 37/1/1
f 38/3/1 39/2/1 40/1/1
f 41/3/2 39/2/2 37/1/2
f 39/3/2 41/2/2 42/1/2
f 43/5/3 38/5/3 40/34/3
f 38/5/3 43/5/3 44/35/3
f 43/5/4 41/5/4 44/36/4
f 41/5/4 43/5/4 42/37/4
f 41/5/5 38/5/5 44/38/5
f 38/5/5 41/5/5 37/39/5
f 39/2/6 43/3/6 40/11/6
f 43/3/6 39/2/6 42/1/6
f 47/3/1 46/2/1 45/1/1
f 46/3/1 47/2/1 48/1/1
f 49/3/2 47/2/2 45/1/2
f 47/3/2 49/2/2 50/1/2
f 51/5/3 46/5/3 48/40/3
f 46/5/3 51/5/3 52/41/3
f 51/5/4 49/5/4 52/42/4
f 49/5/4 51/5/4 50/43/4
f 49/5/5 46/5/5 52/44/5
f 46/5/5 49/5/5 45/45/5
f 47/2/6 51/3/6 48/11/6
f 51/3/6 47/2/6 50/1/6
f 55/3/1 54/2/1 53/1/1
f 54/3/1 55/2/1 56/1/1
f 57/3/2 55/2/2 53/1/2
f 55/3/2 57/2/2 58/1/2
f 59/5/3 54/5/3 56/46/3
f 54/5/3 59/5/3 60/47/3
f 59/5/4 57/5/4 60/48/4
f 57/5/4 59/5/4 58/49/4
f 57/5/5 54/5/5 60/50/5
f 54/5/5 57/5/5 53/51/5
f 55/2/6 59/3/6 56/11/6
f 59/3/6 55/2/6 58/1/6
f 63/3/1 62/2/1 61/1/1
f 62/3/1 63/2/1 64/1/1
f 65/3/2 63/2/2 61/1/2
f 63/3/2 65/2/2 66/1/2
f 67/5/3 62/5/3 64/52/3
f 62/5/3 67/5/3 68/53/3
f 67/5/4 65/5/4 68/54/4
f 65/5/4 67/5/4 66/55/4
f 65/5/5 62/5/5 68/56/5
f 62/5/5 65/5/5 61/57/5
f 63/2/6 67/3/6 64/11/6
f 67/3/6 63/2/6 66/1/6
f 71/3/1 70/2/1 69/1/1
f 70/3/1 71/2/1 72/1/1
f 73/3/2 71/2/2 69/1/2
f 71/3/2 73/2/2 74/1/2
f 75/5/3 70/5/3 72/58/3
f 70/5/3 75/5/3 76/59/3
f 75/5/4 73/5/4 76/60/4
f 73/5/4 75/5/4 74/61/4
f 73/5/5 70/5/5 76/62/5
f 70/5/5 73/5/5 69/63/5
f 71/2/6 75/3/6 72/11/6
f 75/3/6 71/2/6 74/1/6
f 79/3/1 78/2/1 77/1/1
f 78/3/1 79/2/1 80/1/1
f 81/3/2 79/2/2 77/1/2
f 79/3/2 81/2/2 82/1/2
f 83/5/3 78/5/3 80/64/3
f 78/5/3 83/5/3 84/65/3
f 83/5/4 81/5/4 84/66/4
f 81/5/4 83/5/4 82/67/4
f 81/5/5 78/5/5 84/68/5
f 78/5/5 81/5/5 77/69/5
f 79/2/6 83/3/6 80/11/6
f 83/3/6 79/2/6 82/1/6
f 87/3/1 86/2/1 85/1/1
f 86/3/1 87/2/1 88/1/1
f 89/3/2 87/2/2 85/1/2
f 87/3/2 89/2/2 90/1/2
f 91/5/3 86/5/3 88/70/3
f 86/5/3 91/5/3 92/71/3
f 91/5/4 89/5/4 92/72/4
f 89/5/4 91/5/4 90/73/4
f 89/5/5 86/5/5 92/74/5
f 86/5/5 89/5/5 85/75/5
f 87/2/6 91/3/6 88/11/6
f 91/3/6 87/2/6 90/1/6
f 95/3/1 94/2/1 93/1/1
f 94/3/1 95/2/1 96/1/1
f 97/3/2 95/2/2 93/1/2
f 95/3/2 97/2/2 98/1/2
f 99/5/3 94/5/3 96/76/3
f 94/5/3 99/5/3 100/77/3
f 99/5/4 97/5/4 100/78/4
f 97/5/4 99/5/4 98/79/4
f 97/5/5 94/5/5 100/80/5
f 94/5/5 97/5/5 93/81/5
f 95/2/6 99/3/6 96/11/6
f 99/3/6 95/2/6 98/1/6

usemtl color6

f 26/3/1 28/2/1 25/1/1
f 28/3/1 26/2/1 27/1/1
f 101/3/2 26/2/2 25/1/2
f 26/3/2 101/2/2 102/1/2
f 103/5/3 28/23/3 27/5/3
f 28/23/3 103/5/3 104/82/3
f 103/5/4 101/5/4 104/83/4
f 101/5/4 103/5/4 102/84/4
f 101/5/5 28/26/5 104/85/5
f 28/26/5 101/5/5 25/5/5
f 26/2/6 103/3/6 27/11/6
f 103/3/6 26/2/6 102/1/6
f 19/3/1 105/2/1 20/1/1
f 105/3/1 19/2/1 106/1/1
f 22/3/2 19/2/2 20/1/2
f 19/3/2 22/2/2 24/1/2
f 107/5/3 105/5/3 106/86/3
f 105/5/3 107/5/3 108/87/3
f 107/5/4 22/5/4 108/88/4
f 22/5/4 107/5/4 24/89/4
f 22/5/5 105/5/5 108/90/5
f 105/5/5 22/5/5 20/21/5
f 19/2/6 107/3/6 106/11/6
f 107/3/6 19/2/6 24/1/6
f 111/3/1 110/2/1 109/1/1
f 110/3/1 111/2/1 112/1/1
f 113/3/2 111/2/2 109/1/2
f 111/3/2 113/2/2 114/1/2
f 115/5/3 110/5/3 112/91/3
f 110/5/3 115/5/3 116/92/3
f 115/5/4 113/5/4 116/93/4
f 113/5/4 115/5/4 114/94/4
f 113/5/5 110/5/5 116/95/5
f 110/5/5 113/5/5 109/96/5
f 111/2/6 115/3/6 112/11/6
f 115/3/6 111/2/6 114/1/6
f 119/3/1 118/2/1 117/1/1
f 118/3/1 119/2/1 120/1/1
f 121/3/2 119/2/2 117/1/2
f 119/3/2 121/2/2 122/1/2
f 123/5/3 118/5/3 120/97/3
f 118/5/3 123/5/3 124/98/3
f 123/5/4 121/5/4 124/99/4
f 121/5/4 123/5/4 122/100/4
f 121/5/5 118/5/5 124/101/5
f 118/5/5 121/5/5 117/102/5
f 119/2/6 123/3/6 120/11/6
f 123/3/6 119/2/6 122/1/6
f 127/3/1 126/2/1 125/1/1
f 126/3/1 127/2/1 128/1/1
f 129/3/2 127/2/2 125/1/2
f 127/3/2 129/2/2 130/1/2
f 131/5/3 126/5/3 128/103/3
f 126/5/3 131/5/3 132/104/3
f 131/5/4 129/5/4 132/105/4
f 129/5/4 131/5/4 130/106/4
f 129/5/5 126/5/5 132/107/5
f 126/5/5 129/5/5 125/108/5
f 127/2/6 131/3/6 128/11/6
f 131/3/6 127/2/6 130/1/6
f 135/3/1 134/2/1 133/1/1
f 134/3/1 135/2/1 136/1/1
f 137/3/2 135/2/2 133/1/2
f 135/3/2 137/2/2 138/1/2
f 139/5/3 134/5/3 136/109/3
f 134/5/3 139/5/3 140/110/3
f 139/5/4 137/5/4 140/111/4
f 137/5/4 139/5/4 138/112/4
f 137/5/5 134/5/5 140/113/5
f 134/5/5 137/5/5 133/114/5
f 135/2/6 139/3/6 136/11/6
f 139/3/6 135/2/6 138/1/6
f 143/3/1 142/2/1 141/1/1
f 142/3/1 143/2/1 144/1/1
f 145/3/2 143/2/2 141/1/2
f 143/3/2 145/2/2 146/1/2
f 147/5/3 142/5/3 144/115/3
f 142/5/3 147/5/3 148/116/3
f 147/5/4 145/5/4 148/117/4
f 145/5/4 147/5/4 146/118/4
f 145/5/5 142/5/5 148/119/5
f 142/5/5 145/5/5 141/120/5
f 143/2/6 147/3/6 144/11/6
f 147/3/6 143/2/6 146/1/6
f 151/3/1 150/2/1 149/1/1
f 150/3/1 151/2/1 152/1/1
f 153/3/2 151/2/2 149/1/2
f 151/3/2 153/2/2 154/1/2
f 155/5/3 150/5/3 152/121/3
f 150/5/3 155/5/3 156/122/3
f 155/5/4 153/5/4 156/123/4
f 153/5/4 155/5/4 154/124/4
f 153/5/5 150/5/5 156/125/5
f 150/5/5 153/5/5 149/126/5
f 151/2/6 155/3/6 152/11/6
f 155/3/6 151/2/6 154/1/6
f 159/3/1 158/2/1 157/1/1
f 158/3/1 159/2/1 160/1/1
f 161/3/2 159/2/2 157/1/2
f 159/3/2 161/2/2 162/1/2
f 163/5/3 158/5/3 160/127/3
f 158/5/3 163/5/3 164/128/3
f 163/5/4 161/5/4 164/129/4
f 161/5/4 163/5/4 162/130/4
f 161/5/5 158/5/5 164/131/5
f 158/5/5 161/5/5 157/132/5
f 159/2/6 163/3/6 160/11/6
f 163/3/6 159/2/6 162/1/6
f 167/3/1 166/2/1 165/1/1
f 166/3/1 167/2/1 168/1/1
f 169/3/2 167/2/2 165/1/2
f 167/3/2 169/2/2 170/1/2
f 171/5/3 166/5/3 168/133/3
f 166/5/3 171/5/3 172/134/3
f 171/5/4 169/5/4 172/135/4
f 169/5/4 171/5/4 170/136/4
f 169/5/5 166/5/5 172/137/5
f 166/5/5 169/5/5 165/138/5
f 167/2/6 171/3/6 168/11/6
f 171/3/6 167/2/6 170/1/6
f 175/3/1 174/2/1 173/1/1
f 174/3/1 175/2/1 176/1/1
f 177/3/2 175/2/2 173/1/2
f 175/3/2 177/2/2 178/1/2
f 179/5/3 174/5/3 176/139/3
f 174/5/3 179/5/3 180/140/3
f 179/5/4 177/5/4 180/141/4
f 177/5/4 179/5/4 178/142/4
f 177/5/5 174/5/5 180/143/5
f 174/5/5 177/5/5 173/144/5
f 175/2/6 179/3/6 176/11/6
f 179/3/6 175/2/6 178/1/6
f 183/3/1 182/2/1 181/1/1
f 182/3/1 183/2/1 184/1/1
f 185/3/2 183/2/2 181/1/2
f 183/3/2 185/2/2 186/1/2
f 187/5/3 182/5/3 184/145/3
f 182/5/3 187/5/3 188/146/3
f 187/5/4 185/5/4 188/147/4
f 185/5/4 187/5/4 186/148/4
f 185/5/5 182/5/5 188/149/5
f 182/5/5 185/5/5 181/150/5
f 183/2/6 187/3/6 184/11/6
f 187/3/6 183/2/6 186/1/6
f 191/3/1 190/2/1 189/1/1
f 190/3/1 191/2/1 192/1/1
f 193/3/2 191/2/2 189/1/2
f 191/3/2 193/2/2 194/1/2
f 195/5/3 190/5/3 192/151/3
f 190/5/3 195/5/3 196/152/3
f 195/5/4 193/5/4 196/153/4
f 193/5/4 195/5/4 194/154/4
f 193/5/5 190/5/5 196/155/5
f 190/5/5 193/5/5 189/156/5
f 191/2/6 195/3/6 192/11/6
f 195/3/6 191/2/6 194/1/6
f 199/3/1 198/2/1 197/1/1
f 198/3/1 199/2/1 200/1/1
f 201/3/2 199/2/2 197/1/2
f 199/3/2 201/2/2 202/1/2
f 203/5/3 198/5/3 200/157/3
f 198/5/3 203/5/3 204/158/3
f 203/5/4 201/5/4 204/159/4
f 201/5/4 203/5/4 202/160/4
f 201/5/5 198/5/5 204/161/5
f 198/5/5 201/5/5 197/162/5
f 199/2/6 203/3/6 200/11/6
f 203/3/6 199/2/6 202/1/6
f 207/3/1 206/2/1 205/1/1
f 206/3/1 207/2/1 208/1/1
f 209/3/2 207/2/2 205/1/2
f 207/3/2 209/2/2 210/1/2
f 211/5/3 206/5/3 208/163/3
f 206/5/3 211/5/3 212/164/3
f 211/5/4 209/5/4 212/165/4
f 209/5/4 211/5/4 210/166/4
f 209/5/5 206/5/5 212/167/5
f 206/5/5 209/5/5 205/168/5
f 207/2/6 211/3/6 208/11/6
f 211/3/6 207/2/6 210/1/6
f 215/3/1 214/2/1 213/1/1
f 214/3/1 215/2/1 216/1/1
f 217/3/2 215/2/2 213/1/2
f 215/3/2 217/2/2 218/1/2
f 219/5/3 214/5/3 216/169/3
f 214/5/3 219/5/3 220/170/3
f 219/5/4 217/5/4 220/171/4
f 217/5/4 219/5/4 218/172/4
f 217/5/5 214/5/5 220/173/5
f 214/5/5 217/5/5 213/174/5
f 215/2/6 219/3/6 216/11/6
f 219/3/6 215/2/6 218/1/6
f 223/3/1 222/2/1 221/1/1
f 222/3/1 223/2/1 224/1/1
f 225/3/2 223/2/2 221/1/2
f 223/3/2 225/2/2 226/1/2
f 227/5/3 222/5/3 224/175/3
f 222/5/3 227/5/3 228/176/3
f 227/5/4 225/5/4 228/177/4
f 225/5/4 227/5/4 226/178/4
f 225/5/5 222/5/5 228/179/5
f 222/5/5 225/5/5 221/180/5
f 223/2/6 227/3/6 224/11/6
f 227/3/6 223/2/6 226/1/6
f 231/3/1 230/2/1 229/1/1
f 230/3/1 231/2/1 232/1/1
f 233/3/2 231/2/2 229/1/2
f 231/3/2 233/2/2 234/1/2
f 235/5/3 230/5/3 232/181/3
f 230/5/3 235/5/3 236/182/3
f 235/5/4 233/5/4 236/183/4
f 233/5/4 235/5/4 234/184/4
f 233/5/5 230/5/5 236/185/5
f 230/5/5 233/5/5 229/186/5
f 231/2/6 235/3/6 232/11/6
f 235/3/6 231/2/6 234/1/6
f 239/3/1 238/2/1 237/1/1
f 238/3/1 239/2/1 240/1/1
f 241/3/2 239/2/2 237/1/2
f 239/3/2 241/2/2 242/1/2
f 243/5/3 238/5/3 240/187/3
f 238/5/3 243/5/3 244/188/3
f 243/5/4 241/5/4 244/189/4
f 241/5/4 243/5/4 242/190/4
f 241/5/5 238/5/5 244/191/5
f 238/5/5 241/5/5 237/192/5
f 239/2/6 243/3/6 240/11/6
f 243/3/6 239/2/6 242/1/6
f 247/3/1 246/2/1 245/1/1
f 246/3/1 247/2/1 248/1/1
f 249/3/2 247/2/2 245/1/2
f 247/3/2 249/2/2 250/1/2
f 251/5/3 246/5/3 248/193/3
f 246/5/3 251/5/3 252/194/3
f 251/5/4 249/5/4 252/195/4
f 249/5/4 251/5/4 250/196/4
f 249/5/5 246/5/5 252/197/5
f 246/5/5 249/5/5 245/198/5
f 247/2/6 251/3/6 248/11/6
f 251/3/6 247/2/6 250/1/6
f 163/3/1 253/2/1 164/1/1
f 253/3/1 163/2/1 254/1/1
f 255/3/2 163/2/2 164/1/2
f 163/3/2 255/2/2 256/1/2
f 257/5/3 253/5/3 254/199/3
f 253/5/3 257/5/3 258/200/3
f 257/5/4 255/5/4 258/201/4
f 255/5/4 257/5/4 256/202/4
f 255/5/5 253/5/5 258/203/5
f 253/5/5 255/5/5 164/131/5
f 163/2/6 257/3/6 254/11/6
f 257/3/6 163/2/6 256/1/6
f 261/3/1 260/2/1 259/1/1
f 260/3/1 261/2/1 262/1/1
f 263/3/2 261/2/2 259/1/2
f 261/3/2 263/2/2 264/1/2
f 265/5/3 260/5/3 262/204/3
f 260/5/3 265/5/3 266/205/3
f 265/5/4 263/5/4 266/206/4
f 263/5/4 265/5/4 264/207/4
f 263/5/5 260/5/5 266/208/5
f 260/5/5 263/5/5 259/209/5
f 261/2/6 265/3/6 262/11/6
f 265/3/6 261/2/6 264/1/6
f 269/3/1 268/2/1 267/1/1
f 268/3/1 269/2/1 270/1/1
f 271/3/2 269/2/2 267/1/2
f 269/3/2 271/2/2 272/1/2
f 273/5/3 268/5/3 270/210/3
f 268/5/3 273/5/3 274/211/3
f 273/5/4 271/5/4 274/212/4
f 271/5/4 273/5/4 272/213/4
f 271/5/5 268/5/5 274/214/5
f 268/5/5 271/5/5 267/215/5
f 269/2/6 273/3/6 270/11/6
f 273/3/6 269/2/6 272/1/6
f 277/3/1 276/2/1 275/1/1
f 276/3/1 277/2/1 278/1/1
f 279/3/2 277/2/2 275/1/2
f 277/3/2 279/2/2 280/1/2
f 262/204/3 276/5/3 278/216/3
f 276/5/3 262/204/3 260/5/3
f 262/5/4 279/5/4 260/217/4
f 279/5/4 262/5/4 280/218/4
f 279/5/5 276/5/5 260/5/5
f 276/5/5 279/5/5 275/219/5
f 277/2/6 262/3/6 278/11/6
f 262/3/6 277/2/6 280/1/6
f 282/3/1 266/2/1 281/1/1
f 266/3/1 282/2/1 265/1/1
f 283/3/2 282/2/2 281/1/2
f 282/3/2 283/2/2 284/1/2
f 136/109/3 266/205/3 265/5/3
f 266/205/3 136/109/3 134/5/3
f 136/5/4 283/5/4 134/220/4
f 283/5/4 136/5/4 284/221/4
f 283/5/5 266/208/5 134/5/5
f 266/208/5 283/5/5 281/222/5
f 282/2/6 136/3/6 265/11/6
f 136/3/6 282/2/6 284/1/6
f 287/3/1 286/2/1 285/1/1
f 286/3/1 287/2/1 288/1/1
f 289/3/2 287/2/2 285/1/2
f 287/3/2 289/2/2 290/1/2
f 291/5/3 286/5/3 288/223/3
f 286/5/3 291/5/3 292/224/3
f 291/5/4 289/5/4 292/225/4
f 289/5/4 291/5/4 290/226/4
f 289/5/5 286/5/5 292/227/5
f 286/5/5 289/5/5 285/228/5
f 287/2/6 291/3/6 288/11/6
f 291/3/6 287/2/6 290/1/6
f 295/3/1 294/2/1 293/1/1
f 294/3/1 295/2/1 296/1/1
f 297/3/2 295/2/2 293/1/2
f 295/3/2 297/2/2 298/1/2
f 299/5/3 294/5/3 296/229/3
f 294/5/3 299/5/3 300/230/3
f 299/5/4 297/5/4 300/231/4
f 297/5/4 299/5/4 298/232/4
f 297/5/5 294/5/5 300/233/5
f 294/5/5 297/5/5 293/234/5
f 295/2/6 299/3/6 296/11/6
f 299/3/6 295/2/6 298/1/6
f 303/3/1 302/2/1 301/1/1
f 302/3/1 303/2/1 304/1/1
f 305/3/2 303/2/2 301/1/2
f 303/3/2 305/2/2 306/1/2
f 307/5/3 302/5/3 304/235/3
f 302/5/3 307/5/3 308/236/3
f 307/5/4 305/5/4 308/237/4
f 305/5/4 307/5/4 306/238/4
f 305/5/5 302/5/5 308/239/5
f 302/5/5 305/5/5 301/240/5
f 303/2/6 307/3/6 304/11/6
f 307/3/6 303/2/6 306/1/6
f 310/3/1 292/2/1 309/1/1
f 292/3/1 310/2/1 291/1/1
f 311/3/2 310/2/2 309/1/2
f 310/3/2 311/2/2 312/1/2
f 313/5/3 292/224/3 291/5/3
f 292/224/3 313/5/3 314/241/3
f 313/5/4 311/5/4 314/242/4
f 311/5/4 313/5/4 312/243/4
f 311/5/5 292/227/5 314/244/5
f 292/227/5 311/5/5 309/245/5
f 310/2/6 313/3/6 291/11/6
f 313/3/6 310/2/6 312/1/6
f 317/3/1 316/2/1 315/1/1
f 316/3/1 317/2/1 318/1/1
f 294/3/2 317/2/2 315/1/2
f 317/3/2 294/2/2 296/1/2
f 319/5/3 316/5/3 318/246/3
f 316/5/3 319/5/3 320/247/3
f 319/5/4 294/5/4 320/248/4
f 294/5/4 319/5/4 296/249/4
f 294/5/5 316/5/5 320/250/5
f 316/5/5 294/5/5 315/251/5
f 317/2/6 319/3/6 318/11/6
f 319/3/6 317/2/6 296/1/6
f 323/3/1 322/2/1 321/1/1
f 322/3/1 323/2/1 324/1/1
f 325/3/2 323/2/2 321/1/2
f 323/3/2 325/2/2 326/1/2
f 327/5/3 322/5/3 324/252/3
f 322/5/3 327/5/3 328/253/3
f 327/5/4 325/5/4 328/254/4
f 325/5/4 327/5/4 326/255/4
f 325/5/5 322/5/5 328/256/5
f 322/5/5 325/5/5 321/257/5
f 323/2/6 327/3/6 324/11/6
f 327/3/6 323/2/6 326/1/6
f 331/3/1 330/2/1 329/1/1
f 330/3/1 331/2/1 332/1/1
f 333/3/2 331/2/2 329/1/2
f 331/3/2 333/2/2 334/1/2
f 335/5/3 330/5/3 332/258/3
f 330/5/3 335/5/3 336/259/3
f 335/5/4 333/5/4 336/260/4
f 333/5/4 335/5/4 334/261/4
f 333/5/5 330/5/5 336/262/5
f 330/5/5 333/5/5 329/263/5
f 331/2/6 335/3/6 332/11/6
f 335/3/6 331/2/6 334/1/6
f 339/3/1 338/2/1 337/1/1
f 338/3/1 339/2/1 340/1/1
f 341/3/2 339/2/2 337/1/2
f 339/3/2 341/2/2 342/1/2
f 343/5/3 338/5/3 340/264/3
f 338/5/3 343/5/3 344/265/3
f 343/5/4 341/5/4 344/266/4
f 341/5/4 343/5/4 342/267/4
f 341/5/5 338/5/5 344/268/5
f 338/5/5 341/5/5 337/269/5
f 339/2/6 343/3/6 340/11/6
f 343/3/6 339/2/6 342/1/6
f 347/3/1 346/2/1 345/1/1
f 346/3/1 347/2/1 348/1/1
f 349/3/2 347/2/2 345/1/2
f 347/3/2 349/2/2 350/1/2
f 351/5/3 346/5/3 348/270/3
f 346/5/3 351/5/3 352/271/3
f 351/5/4 349/5/4 352/272/4
f 349/5/4 351/5/4 350/273/4
f 349/5/5 346/5/5 352/274/5
f 346/5/5 349/5/5 345/275/5
f 347/2/6 351/3/6 348/11/6
f 351/3/6 347/2/6 350/1/6
f 355/3/1 354/2/1 353/1/1
f 354/3/1 355/2/1 356/1/1
f 357/3/2 355/2/2 353/1/2
f 355/3/2 357/2/2 358/1/2
f 359/5/3 354/5/3 356/276/3
f 354/5/3 359/5/3 360/277/3
f 359/5/4 357/5/4 360/278/4
f 357/5/4 359/5/4 358/279/4
f 357/5/5 354/5/5 360/280/5
f 354/5/5 357/5/5 353/281/5
f 355/2/6 359/3/6 356/11/6
f 359/3/6 355/2/6 358/1/6
f 363/3/1 362/2/1 361/1/1
f 362/3/1 363/2/1 364/1/1
f 365/3/2 363/2/2 361/1/2
f 363/3/2 365/2/2 366/1/2
f 367/5/3 362/5/3 364/282/3
f 362/5/3 367/5/3 368/283/3
f 367/5/4 365/5/4 368/284/4
f 365/5/4 367/5/4 366/285/4
f 365/5/5 362/5/5 368/286/5
f 362/5/5 365/5/5 361/287/5
f 363/2/6 367/3/6 364/11/6
f 367/3/6 363/2/6 366/1/6
f 313/3/1 369/2/1 314/1/1
f 369/3/1 313/2/1 370/1/1
f 371/3/2 313/2/2 314/1/2
f 313/3/2 371/2/2 372/1/2
f 373/5/3 369/5/3 370/288/3
f 369/5/3 373/5/3 374/289/3
f 373/5/4 371/5/4 374/290/4
f 371/5/4 373/5/4 372/291/4
f 371/5/5 369/5/5 374/292/5
f 369/5/5 371/5/5 314/244/5
f 313/2/6 373/3/6 370/11/6
f 373/3/6 313/2/6 372/1/6
f 377/3/1 376/2/1 375/1/1
f 376/3/1 377/2/1 378/1/1
f 379/3/2 377/2/2 375/1/2
f 377/3/2 379/2/2 380/1/2
f 381/5/3 376/5/3 378/293/3
f 376/5/3 381/5/3 382/294/3
f 381/5/4 379/5/4 382/295/4
f 379/5/4 381/5/4 380/296/4
f 379/5/5 376/5/5 382/297/5
f 376/5/5 379/5/5 375/298/5
f 377/2/6 381/3/6 378/11/6
f 381/3/6 377/2/6 380/1/6
f 385/3/1 384/2/1 383/1/1
f 384/3/1 385/2/1 386/1/1
f 316/3/2 385/2/2 383/1/2
f 385/3/2 316/2/2 318/1/2
f 387/5/3 384/5/3 386/299/3
f 384/5/3 387/5/3 388/300/3
f 387/5/4 316/5/4 388/301/4
f 316/5/4 387/5/4 318/302/4
f 316/5/5 384/5/5 388/303/5
f 384/5/5 316/5/5 383/304/5
f 385/2/6 387/3/6 386/11/6
f 387/3/6 385/2/6 318/1/6
f 391/3/1 390/2/1 389/1/1
f 390/3/1 391/2/1 392/1/1
f 393/3/2 391/2/2 389/1/2
f 391/3/2 393/2/2 394/1/2
f 395/5/3 390/5/3 392/305/3
f 390/5/3 395/5/3 396/306/3
f 395/5/4 393/5/4 396/307/4
f 393/5/4 395/5/4 394/308/4
f 393/5/5 390/5/5 396/309/5
f 390/5/5 393/5/5 389/310/5
f 391/2/6 395/3/6 392/11/6
f 395/3/6 391/2/6 394/1/6
f 399/3/1 398/2/1 397/1/1
f 398/3/1 399/2/1 400/1/1
f 401/3/2 399/2/2 397/1/2
f 399/3/2 401/2/2 402/1/2
f 403/5/3 398/5/3 400/311/3
f 398/5/3 403/5/3 404/312/3
f 403/5/4 401/5/4 404/313/4
f 401/5/4 403/5/4 402/314/4
f 401/5/5 398/5/5 404/315/5
f 398/5/5 401/5/5 397/316/5
f 399/2/6 403/3/6 400/11/6
f 403/3/6 399/2/6 402/1/6
f 407/3/1 406/2/1 405/1/1
f 406/3/1 407/2/1 408/1/1
f 409/3/2 407/2/2 405/1/2
f 407/3/2 409/2/2 410/1/2
f 411/5/3 406/5/3 408/317/3
f 406/5/3 411/5/3 412/318/3
f 411/5/4 409/5/4 412/319/4
f 409/5/4 411/5/4 410/320/4
f 409/5/5 406/5/5 412/321/5
f 406/5/5 409/5/5 405/322/5
f 407/2/6 411/3/6 408/11/6
f 411/3/6 407/2/6 410/1/6
f 415/3/1 414/2/1 413/1/1
f 414/3/1 415/2/1 416/1/1
f 417/3/2 415/2/2 413/1/2
f 415/3/2 417/2/2 418/1/2
f 419/5/3 414/5/3 416/323/3
f 414/5/3 419/5/3 420/324/3
f 419/5/4 417/5/4 420/325/4
f 417/5/4 419/5/4 418/326/4
f 417/5/5 414/5/5 420/327/5
f 414/5/5 417/5/5 413/328/5
f 415/2/6 419/3/6 416/11/6
f 419/3/6 415/2/6 418/1/6
f 423/3/1 422/2/1 421/1/1
f 422/3/1 423/2/1 424/1/1
f 425/3/2 423/2/2 421/1/2
f 423/3/2 425/2/2 426/1/2
f 427/5/3 422/5/3 424/329/3
f 422/5/3 427/5/3 428/330/3
f 427/5/4 425/5/4 428/331/4
f 425/5/4 427/5/4 426/332/4
f 425/5/5 422/5/5 428/333/5
f 422/5/5 425/5/5 421/334/5
f 423/2/6 427/3/6 424/11/6
f 427/3/6 423/2/6 426/1/6
f 431/3/1 430/2/1 429/1/1
f 430/3/1 431/2/1 432/1/1
f 433/3/2 431/2/2 429/1/2
f 431/3/2 433/2/2 434/1/2
f 435/5/3 430/5/3 432/335/3
f 430/5/3 435/5/3 436/336/3
f 435/5/4 433/5/4 436/337/4
f 433/5/4 435/5/4 434/338/4
f 433/5/5 430/5/5 436/339/5
f 430/5/5 433/5/5 429/340/5
f 431/2/6 435/3/6 432/11/6
f 435/3/6 431/2/6 434/1/6
f 439/3/1 438/2/1 437/1/1
f 438/3/1 439/2/1 440/1/1
f 441/3/2 439/2/2 437/1/2
f 439/3/2 441/2/2 442/1/2
f 443/5/3 438/5/3 440/341/3
f 438/5/3 443/5/3 444/342/3
f 443/5/4 441/5/4 444/343/4
f 441/5/4 443/5/4 442/344/4
f 441/5/5 438/5/5 444/345/5
f 438/5/5 441/5/5 437/346/5
f 439/2/6 443/3/6 440/11/6
f 443/3/6 439/2/6 442/1/6
f 447/3/1 446/2/1 445/1/1
f 446/3/1 447/2/1 448/1/1
f 449/3/2 447/2/2 445/1/2
f 447/3/2 449/2/2 450/1/2
f 451/5/3 446/5/3 448/347/3
f 446/5/3 451/5/3 452/348/3
f 451/5/4 449/5/4 452/349/4
f 449/5/4 451/5/4 450/350/4
f 449/5/5 446/5/5 452/351/5
f 446/5/5 449/5/5 445/352/5
f 447/2/6 451/3/6 448/11/6
f 451/3/6 447/2/6 450/1/6
f 455/3/1 454/2/1 453/1/1
f 454/3/1 455/2/1 456/1/1
f 457/3/2 455/2/2 453/1/2
f 455/3/2 457/2/2 458/1/2
f 459/5/3 454/5/3 456/353/3
f 454/5/3 459/5/3 460/354/3
f 459/5/4 457/5/4 460/355/4
f 457/5/4 459/5/4 458/356/4
f 457/5/5 454/5/5 460/357/5
f 454/5/5 457/5/5 453/358/5
f 455/2/6 459/3/6 456/11/6
f 459/3/6 455/2/6 458/1/6
f 463/3/1 462/2/1 461/1/1
f 462/3/1 463/2/1 464/1/1
f 465/3/2 463/2/2 461/1/2
f 463/3/2 465/2/2 466/1/2
f 467/5/3 462/5/3 464/359/3
f 462/5/3 467/5/3 468/360/3
f 467/5/4 465/5/4 468/361/4
f 465/5/4 467/5/4 466/362/4
f 465/5/5 462/5/5 468/363/5
f 462/5/5 465/5/5 461/364/5
f 463/2/6 467/3/6 464/11/6
f 467/3/6 463/2/6 466/1/6
f 471/3/1 470/2/1 469/1/1
f 470/3/1 471/2/1 472/1/1
f 473/3/2 471/2/2 469/1/2
f 471/3/2 473/2/2 474/1/2
f 475/5/3 470/5/3 472/365/3
f 470/5/3 475/5/3 476/366/3
f 475/5/4 473/5/4 476/367/4
f 473/5/4 475/5/4 474/368/4
f 473/5/5 470/5/5 476/369/5
f 470/5/5 473/5/5 469/370/5
f 471/2/6 475/3/6 472/11/6
f 475/3/6 471/2/6 474/1/6
f 479/3/1 478/2/1 477/1/1
f 478/3/1 479/2/1 480/1/1
f 481/3/2 479/2/2 477/1/2
f 479/3/2 481/2/2 482/1/2
f 483/5/3 478/5/3 480/371/3
f 478/5/3 483/5/3 484/372/3
f 483/5/4 481/5/4 484/373/4
f 481/5/4 483/5/4 482/374/4
f 481/5/5 478/5/5 484/375/5
f 478/5/5 481/5/5 477/376/5
f 479/2/6 483/3/6 480/11/6
f 483/3/6 479/2/6 482/1/6
f 487/3/1 486/2/1 485/1/1
f 486/3/1 487/2/1 488/1/1
f 489/3/2 487/2/2 485/1/2
f 487/3/2 489/2/2 490/1/2
f 491/5/3 486/5/3 488/377/3
f 486/5/3 491/5/3 492/378/3
f 491/5/4 489/5/4 492/379/4
f 489/5/4 491/5/4 490/380/4
f 489/5/5 486/5/5 492/381/5
f 486/5/5 489/5/5 485/382/5
f 487/2/6 491/3/6 488/11/6
f 491/3/6 487/2/6 490/1/6
f 491/3/1 493/2/1 492/1/1
f 493/3/1 491/2/1 494/1/1
f 495/3/2 491/2/2 492/1/2
f 491/3/2 495/2/2 496/1/2
f 497/5/3 493/5/3 494/383/3
f 493/5/3 497/5/3 498/384/3
f 497/5/4 495/5/4 498/385/4
f 495/5/4 497/5/4 496/386/4
f 495/5/5 493/5/5 498/387/5
f 493/5/5 495/5/5 492/381/5
f 491/2/6 497/3/6 494/11/6
f 497/3/6 491/2/6 496/1/6
f 497/3/1 499/2/1 498/1/1
f 499/3/1 497/2/1 500/1/1
f 501/3/2 497/2/2 498/1/2
f 497/3/2 501/2/2 502/1/2
f 503/5/3 499/5/3 500/388/3
f 499/5/3 503/5/3 504/389/3
f 503/5/4 501/5/4 504/390/4
f 501/5/4 503/5/4 502/391/4
f 501/5/5 499/5/5 504/392/5
f 499/5/5 501/5/5 498/387/5
f 497/2/6 503/3/6 500/11/6
f 503/3/6 497/2/6 502/1/6

usemtl color2

f 507/3/1 506/2/1 505/1/1
f 506/3/1 507/2/1 508/1/1
f 509/3/2 507/2/2 505/1/2
f 507/3/2 509/2/2 510/1/2
f 511/5/3 506/5/3 508/393/3
f 506/5/3 511/5/3 512/394/3
f 511/5/4 509/5/4 512/395/4
f 509/5/4 511/5/4 510/396/4
f 509/5/5 506/5/5 512/397/5
f 506/5/5 509/5/5 505/398/5
f 507/2/6 511/3/6 508/11/6
f 511/3/6 507/2/6 510/1/6
f 515/3/1 514/2/1 513/1/1
f 514/3/1 515/2/1 516/1/1
f 9/3/2 515/2/2 513/1/2
f 515/3/2 9/2/2 11/1/2
f 12/12/3 514/5/3 516/399/3
f 514/5/3 12/12/3 10/5/3
f 12/5/4 9/5/4 10/400/4
f 9/5/4 12/5/4 11/401/4
f 9/17/5 514/5/5 10/5/5
f 514/5/5 9/17/5 513/402/5
f 515/2/6 12/3/6 516/11/6
f 12/3/6 515/2/6 11/1/6
f 519/3/1 518/2/1 517/1/1
f 518/3/1 519/2/1 520/1/1
f 109/3/2 519/2/2 517/1/2
f 519/3/2 109/2/2 111/1/2
f 112/91/3 518/5/3 520/403/3
f 518/5/3 112/91/3 110/5/3
f 112/5/4 109/5/4 110/404/4
f 109/5/4 112/5/4 111/405/4
f 109/96/5 518/5/5 110/5/5
f 518/5/5 109/96/5 517/406/5
f 519/2/6 112/3/6 520/11/6
f 112/3/6 519/2/6 111/1/6
f 114/3/1 116/2/1 113/1/1
f 116/3/1 114/2/1 115/1/1
f 521/3/2 114/2/2 113/1/2
f 114/3/2 521/2/2 522/1/2
f 523/5/3 116/92/3 115/5/3
f 116/92/3 523/5/3 524/407/3
f 523/5/4 521/5/4 524/408/4
f 521/5/4 523/5/4 522/409/4
f 521/5/5 116/95/5 524/410/5
f 116/95/5 521/5/5 113/5/5
f 114/2/6 523/3/6 115/11/6
f 523/3/6 114/2/6 522/1/6
f 122/3/1 124/2/1 121/1/1
f 124/3/1 122/2/1 123/1/1
f 525/3/2 122/2/2 121/1/2
f 122/3/2 525/2/2 526/1/2
f 527/5/3 124/98/3 123/5/3
f 124/98/3 527/5/3 528/411/3
f 527/5/4 525/5/4 528/412/4
f 525/5/4 527/5/4 526/413/4
f 525/5/5 124/101/5 528/414/5
f 124/101/5 525/5/5 121/5/5
f 122/2/6 527/3/6 123/11/6
f 527/3/6 122/2/6 526/1/6
f 531/3/1 530/2/1 529/1/1
f 530/3/1 531/2/1 532/1/1
f 533/3/2 531/2/2 529/1/2
f 531/3/2 533/2/2 534/1/2
f 535/5/3 530/5/3 532/415/3
f 530/5/3 535/5/3 536/416/3
f 535/5/4 533/5/4 536/417/4
f 533/5/4 535/5/4 534/418/4
f 533/5/5 530/5/5 536/419/5
f 530/5/5 533/5/5 529/420/5
f 531/2/6 535/3/6 532/11/6
f 535/3/6 531/2/6 534/1/6
f 539/3/1 538/2/1 537/1/1
f 538/3/1 539/2/1 540/1/1
f 541/3/2 539/2/2 537/1/2
f 539/3/2 541/2/2 542/1/2
f 543/5/3 538/5/3 540/421/3
f 538/5/3 543/5/3 544/422/3
f 543/5/4 541/5/4 544/423/4
f 541/5/4 543/5/4 542/424/4
f 541/5/5 538/5/5 544/425/5
f 538/5/5 541/5/5 537/426/5
f 539/2/6 543/3/6 540/11/6
f 543/3/6 539/2/6 542/1/6
f 138/3/1 545/2/1 137/1/1
f 545/3/1 138/2/1 546/1/1
f 547/3/2 138/2/2 137/1/2
f 138/3/2 547/2/2 548/1/2
f 549/5/3 545/5/3 546/427/3
f 545/5/3 549/5/3 550/428/3
f 549/5/4 547/5/4 550/429/4
f 547/5/4 549/5/4 548/430/4
f 547/5/5 545/5/5 550/431/5
f 545/5/5 547/5/5 137/5/5
f 138/2/6 549/3/6 546/11/6
f 549/3/6 138/2/6 548/1/6
f 553/3/1 552/2/1 551/1/1
f 552/3/1 553/2/1 554/1/1
f 555/3/2 553/2/2 551/1/2
f 553/3/2 555/2/2 556/1/2
f 557/5/3 552/5/3 554/432/3
f 552/5/3 557/5/3 558/433/3
f 557/5/4 555/5/4 558/434/4
f 555/5/4 557/5/4 556/435/4
f 555/5/5 552/5/5 558/436/5
f 552/5/5 555/5/5 551/437/5
f 553/2/6 557/3/6 554/11/6
f 557/3/6 553/2/6 556/1/6
f 535/3/1 559/2/1 536/1/1
f 559/3/1 535/2/1 560/1/1
f 538/3/2 535/2/2 536/1/2
f 535/3/2 538/2/2 540/1/2
f 561/5/3 559/5/3 560/438/3
f 559/5/3 561/5/3 562/439/3
f 561/5/4 538/5/4 562/440/4
f 538/5/4 561/5/4 540/441/4
f 538/5/5 559/5/5 562/442/5
f 559/5/5 538/5/5 536/419/5
f 535/2/6 561/3/6 560/11/6
f 561/3/6 535/2/6 540/1/6
f 565/3/1 564/2/1 563/1/1
f 564/3/1 565/2/1 566/1/1
f 544/3/2 565/2/2 563/1/2
f 565/3/2 544/2/2 543/1/2
f 567/5/3 564/5/3 566/443/3
f 564/5/3 567/5/3 568/444/3
f 567/5/4 544/423/4 568/445/4
f 544/423/4 567/5/4 543/5/4
f 544/425/5 564/5/5 568/446/5
f 564/5/5 544/425/5 563/447/5
f 565/2/6 567/3/6 566/11/6
f 567/3/6 565/2/6 543/1/6
f 571/3/1 570/2/1 569/1/1
f 570/3/1 571/2/1 572/1/1
f 552/3/2 571/2/2 569/1/2
f 571/3/2 552/2/2 554/1/2
f 573/5/3 570/5/3 572/448/3
f 570/5/3 573/5/3 574/449/3
f 573/5/4 552/5/4 574/450/4
f 552/5/4 573/5/4 554/451/4
f 552/5/5 570/5/5 574/452/5
f 570/5/5 552/5/5 569/453/5
f 571/2/6 573/3/6 572/11/6
f 573/3/6 571/2/6 554/1/6
f 577/3/1 576/2/1 575/1/1
f 576/3/1 577/2/1 578/1/1
f 579/3/2 577/2/2 575/1/2
f 577/3/2 579/2/2 580/1/2
f 581/5/3 576/5/3 578/454/3
f 576/5/3 581/5/3 582/455/3
f 581/5/4 579/5/4 582/456/4
f 579/5/4 581/5/4 580/457/4
f 579/5/5 576/5/5 582/458/5
f 576/5/5 579/5/5 575/459/5
f 577/2/6 581/3/6 578/11/6
f 581/3/6 577/2/6 580/1/6
f 256/3/1 583/2/1 255/1/1
f 583/3/1 256/2/1 584/1/1
f 61/3/2 256/2/2 255/1/2
f 256/3/2 61/2/2 63/1/2
f 64/52/3 583/5/3 584/460/3
f 583/5/3 64/52/3 62/5/3
f 64/5/4 61/5/4 62/461/4
f 61/5/4 64/5/4 63/462/4
f 61/57/5 583/5/5 62/5/5
f 583/5/5 61/57/5 255/5/5
f 256/2/6 64/3/6 584/11/6
f 64/3/6 256/2/6 63/1/6
f 66/3/1 68/2/1 65/1/1
f 68/3/1 66/2/1 67/1/1
f 69/3/2 66/2/2 65/1/2
f 66/3/2 69/2/2 71/1/2
f 72/58/3 68/53/3 67/5/3
f 68/53/3 72/58/3 70/5/3
f 72/5/4 69/5/4 70/463/4
f 69/5/4 72/5/4 71/464/4
f 69/63/5 68/56/5 70/5/5
f 68/56/5 69/63/5 65/5/5
f 66/2/6 72/3/6 67/11/6
f 72/3/6 66/2/6 71/1/6
f 74/3/1 76/2/1 73/1/1
f 76/3/1 74/2/1 75/1/1
f 77/3/2 74/2/2 73/1/2
f 74/3/2 77/2/2 79/1/2
f 80/64/3 76/59/3 75/5/3
f 76/59/3 80/64/3 78/5/3
f 80/5/4 77/5/4 78/465/4
f 77/5/4 80/5/4 79/466/4
f 77/69/5 76/62/5 78/5/5
f 76/62/5 77/69/5 73/5/5
f 74/2/6 80/3/6 75/11/6
f 80/3/6 74/2/6 79/1/6
f 587/3/1 586/2/1 585/1/1
f 586/3/1 587/2/1 588/1/1
f 570/3/2 587/2/2 585/1/2
f 587/3/2 570/2/2 572/1/2
f 589/5/3 586/5/3 588/467/3
f 586/5/3 589/5/3 590/468/3
f 589/5/4 570/5/4 590/469/4
f 570/5/4 589/5/4 572/470/4
f 570/5/5 586/5/5 590/471/5
f 586/5/5 570/5/5 585/472/5
f 587/2/6 589/3/6 588/11/6
f 589/3/6 587/2/6 572/1/6
f 593/3/1 592/2/1 591/1/1
f 592/3/1 593/2/1 594/1/1
f 595/3/2 593/2/2 591/1/2
f 593/3/2 595/2/2 596/1/2
f 597/5/3 592/5/3 594/473/3
f 592/5/3 597/5/3 598/474/3
f 597/5/4 595/5/4 598/475/4
f 595/5/4 597/5/4 596/476/4
f 595/5/5 592/5/5 598/477/5
f 592/5/5 595/5/5 591/478/5
f 593/2/6 597/3/6 594/11/6
f 597/3/6 593/2/6 596/1/6
f 600/3/1 357/2/1 599/1/1
f 357/3/1 600/2/1 358/1/1
f 601/3/2 600/2/2 599/1/2
f 600/3/2 601/2/2 602/1/2
f 363/5/3 357/5/3 358/479/3
f 357/5/3 363/5/3 361/480/3
f 363/5/4 601/5/4 361/481/4
f 601/5/4 363/5/4 602/482/4
f 601/5/5 357/5/5 361/287/5
f 357/5/5 601/5/5 599/483/5
f 600/2/6 363/3/6 358/11/6
f 363/3/6 600/2/6 602/1/6
f 604/3/1 365/2/1 603/1/1
f 365/3/1 604/2/1 366/1/1
f 605/3/2 604/2/2 603/1/2
f 604/3/2 605/2/2 606/1/2
f 607/5/3 365/5/3 366/484/3
f 365/5/3 607/5/3 608/485/3
f 607/5/4 605/5/4 608/486/4
f 605/5/4 607/5/4 606/487/4
f 605/5/5 365/5/5 608/488/5
f 365/5/5 605/5/5 603/489/5
f 604/2/6 607/3/6 366/11/6
f 607/3/6 604/2/6 606/1/6
f 611/3/1 610/2/1 609/1/1
f 610/3/1 611/2/1 612/1/1
f 613/3/2 611/2/2 609/1/2
f 611/3/2 613/2/2 614/1/2
f 615/5/3 610/5/3 612/490/3
f 610/5/3 615/5/3 616/491/3
f 615/5/4 613/5/4 616/492/4
f 613/5/4 615/5/4 614/493/4
f 613/5/5 610/5/5 616/494/5
f 610/5/5 613/5/5 609/495/5
f 611/2/6 615/3/6 612/11/6
f 615/3/6 611/2/6 614/1/6
f 619/3/1 618/2/1 617/1/1
f 618/3/1 619/2/1 620/1/1
f 621/3/2 619/2/2 617/1/2
f 619/3/2 621/2/2 622/1/2
f 623/5/3 618/5/3 620/496/3
f 618/5/3 623/5/3 624/497/3
f 623/5/4 621/5/4 624/498/4
f 621/5/4 623/5/4 622/499/4
f 621/5/5 618/5/5 624/500/5
f 618/5/5 621/5/5 617/501/5
f 619/2/6 623/3/6 620/11/6
f 623/3/6 619/2/6 622/1/6
f 622/3/1 625/2/1 621/1/1
f 625/3/1 622/2/1 626/1/1
f 627/3/2 622/2/2 621/1/2
f 622/3/2 627/2/2 628/1/2
f 629/5/3 625/5/3 626/502/3
f 625/5/3 629/5/3 630/503/3
f 629/5/4 627/5/4 630/504/4
f 627/5/4 629/5/4 628/505/4
f 627/5/5 625/5/5 630/506/5
f 625/5/5 627/5/5 621/5/5
f 622/2/6 629/3/6 626/11/6
f 629/3/6 622/2/6 628/1/6
f 633/3/1 632/2/1 631/1/1
f 632/3/1 633/2/1 634/1/1
f 635/3/2 633/2/2 631/1/2
f 633/3/2 635/2/2 636/1/2
f 637/5/3 632/5/3 634/507/3
f 632/5/3 637/5/3 638/508/3
f 637/5/4 635/5/4 638/509/4
f 635/5/4 637/5/4 636/510/4
f 635/5/5 632/5/5 638/511/5
f 632/5/5 635/5/5 631/512/5
f 633/2/6 637/3/6 634/11/6
f 637/3/6 633/2/6 636/1/6
f 641/3/1 640/2/1 639/1/1
f 640/3/1 641/2/1 642/1/1
f 643/3/2 641/2/2 639/1/2
f 641/3/2 643/2/2 644/1/2
f 645/5/3 640/5/3 642/513/3
f 640/5/3 645/5/3 646/514/3
f 645/5/4 643/5/4 646/515/4
f 643/5/4 645/5/4 644/516/4
f 643/5/5 640/5/5 646/517/5
f 640/5/5 643/5/5 639/518/5
f 641/2/6 645/3/6 642/11/6
f 645/3/6 641/2/6 644/1/6
f 649/3/1 648/2/1 647/1/1
f 648/3/1 649/2/1 650/1/1
f 651/3/2 649/2/2 647/1/2
f 649/3/2 651/2/2 652/1/2
f 653/5/3 648/5/3 650/519/3
f 648/5/3 653/5/3 654/520/3
f 653/5/4 651/5/4 654/521/4
f 651/5/4 653/5/4 652/522/4
f 651/5/5 648/5/5 654/523/5
f 648/5/5 651/5/5 647/524/5
f 649/2/6 653/3/6 650/11/6
f 653/3/6 649/2/6 652/1/6
f 657/3/1 656/2/1 655/1/1
f 656/3/1 657/2/1 658/1/1
f 85/3/2 657/2/2 655/1/2
f 657/3/2 85/2/2 87/1/2
f 88/70/3 656/5/3 658/525/3
f 656/5/3 88/70/3 86/5/3
f 88/5/4 85/5/4 86/526/4
f 85/5/4 88/5/4 87/527/4
f 85/75/5 656/5/5 86/5/5
f 656/5/5 85/75/5 655/528/5
f 657/2/6 88/3/6 658/11/6
f 88/3/6 657/2/6 87/1/6
f 661/3/1 660/2/1 659/1/1
f 660/3/1 661/2/1 662/1/1
f 663/3/2 661/2/2 659/1/2
f 661/3/2 663/2/2 664/1/2
f 665/5/3 660/5/3 662/529/3
f 660/5/3 665/5/3 666/530/3
f 665/5/4 663/5/4 666/531/4
f 663/5/4 665/5/4 664/532/4
f 663/5/5 660/5/5 666/533/5
f 660/5/5 663/5/5 659/534/5
f 661/2/6 665/3/6 662/11/6
f 665/3/6 661/2/6 664/1/6
f 669/3/1 668/2/1 667/1/1
f 668/3/1 669/2/1 670/1/1
f 671/3/2 669/2/2 667/1/2
f 669/3/2 671/2/2 672/1/2
f 673/5/3 668/5/3 670/535/3
f 668/5/3 673/5/3 674/536/3
f 673/5/4 671/5/4 674/537/4
f 671/5/4 673/5/4 672/538/4
f 671/5/5 668/5/5 674/539/5
f 668/5/5 671/5/5 667/540/5
f 669/2/6 673/3/6 670/11/6
f 673/3/6 669/2/6 672/1/6
f 677/3/1 676/2/1 675/1/1
f 676/3/1 677/2/1 678/1/1
f 679/3/2 677/2/2 675/1/2
f 677/3/2 679/2/2 680/1/2
f 681/5/3 676/5/3 678/541/3
f 676/5/3 681/5/3 682/542/3
f 681/5/4 679/5/4 682/543/4
f 679/5/4 681/5/4 680/544/4
f 679/5/5 676/5/5 682/545/5
f 676/5/5 679/5/5 675/546/5
f 677/2/6 681/3/6 678/11/6
f 681/3/6 677/2/6 680/1/6
f 685/3/1 684/2/1 683/1/1
f 684/3/1 685/2/1 686/1/1
f 687/3/2 685/2/2 683/1/2
f 685/3/2 687/2/2 688/1/2
f 689/5/3 684/5/3 686/547/3
f 684/5/3 689/5/3 690/548/3
f 689/5/4 687/5/4 690/549/4
f 687/5/4 689/5/4 688/550/4
f 687/5/5 684/5/5 690/551/5
f 684/5/5 687/5/5 683/552/5
f 685/2/6 689/3/6 686/11/6
f 689/3/6 685/2/6 688/1/6
f 693/3/1 692/2/1 691/1/1
f 692/3/1 693/2/1 694/1/1
f 353/3/2 693/2/2 691/1/2
f 693/3/2 353/2/2 355/1/2
f 356/276/3 692/5/3 694/553/3
f 692/5/3 356/276/3 354/5/3
f 356/5/4 353/5/4 354/554/4
f 353/5/4 356/5/4 355/555/4
f 353/281/5 692/5/5 354/5/5
f 692/5/5 353/281/5 691/556/5
f 693/2/6 356/3/6 694/11/6
f 356/3/6 693/2/6 355/1/6
f 696/3/1 93/2/1 695/1/1
f 93/3/1 696/2/1 95/1/1
f 330/3/2 696/2/2 695/1/2
f 696/3/2 330/2/2 332/1/2
f 98/5/3 93/5/3 95/557/3
f 93/5/3 98/5/3 97/558/3
f 98/79/4 330/5/4 97/5/4
f 330/5/4 98/79/4 332/559/4
f 330/5/5 93/81/5 97/5/5
f 93/81/5 330/5/5 695/560/5
f 696/2/6 98/3/6 95/11/6
f 98/3/6 696/2/6 332/1/6
f 96/3/1 697/2/1 94/1/1
f 697/3/1 96/2/1 698/1/1
f 100/3/2 96/2/2 94/1/2
f 96/3/2 100/2/2 99/1/2
f 699/5/3 697/5/3 698/561/3
f 697/5/3 699/5/3 700/562/3
f 699/5/4 100/78/4 700/563/4
f 100/78/4 699/5/4 99/5/4
f 100/80/5 697/5/5 700/564/5
f 697/5/5 100/80/5 94/5/5
f 96/2/6 699/3/6 698/11/6
f 699/3/6 96/2/6 99/1/6
f 703/3/1 702/2/1 701/1/1
f 702/3/1 703/2/1 704/1/1
f 705/3/2 703/2/2 701/1/2
f 703/3/2 705/2/2 706/1/2
f 707/5/3 702/5/3 704/565/3
f 702/5/3 707/5/3 708/566/3
f 707/5/4 705/5/4 708/567/4
f 705/5/4 707/5/4 706/568/4
f 705/5/5 702/5/5 708/569/5
f 702/5/5 705/5/5 701/570/5
f 703/2/6 707/3/6 704/11/6
f 707/3/6 703/2/6 706/1/6
f 711/3/1 710/2/1 709/1/1
f 710/3/1 711/2/1 712/1/1
f 713/3/2 711/2/2 709/1/2
f 711/3/2 713/2/2 714/1/2
f 466/5/3 710/5/3 712/571/3
f 710/5/3 466/5/3 465/572/3
f 466/362/4 713/5/4 465/5/4
f 713/5/4 466/362/4 714/573/4
f 713/5/5 710/5/5 465/5/5
f 710/5/5 713/5/5 709/574/5
f 711/2/6 466/3/6 712/11/6
f 466/3/6 711/2/6 714/1/6
f 716/3/1 469/2/1 715/1/1
f 469/3/1 716/2/1 471/1/1
f 717/3/2 716/2/2 715/1/2
f 716/3/2 717/2/2 718/1/2
f 474/5/3 469/5/3 471/575/3
f 469/5/3 474/5/3 473/576/3
f 474/368/4 717/5/4 473/5/4
f 717/5/4 474/368/4 718/577/4
f 717/5/5 469/370/5 473/5/5
f 469/370/5 717/5/5 715/578/5
f 716/2/6 474/3/6 471/11/6
f 474/3/6 716/2/6 718/1/6
f 720/3/1 477/2/1 719/1/1
f 477/3/1 720/2/1 479/1/1
f 721/3/2 720/2/2 719/1/2
f 720/3/2 721/2/2 722/1/2
f 482/5/3 477/5/3 479/579/3
f 477/5/3 482/5/3 481/580/3
f 482/374/4 721/5/4 481/5/4
f 721/5/4 482/374/4 722/581/4
f 721/5/5 477/376/5 481/5/5
f 477/376/5 721/5/5 719/582/5
f 720/2/6 482/3/6 479/11/6
f 482/3/6 720/2/6 722/1/6
f 725/3/1 724/2/1 723/1/1
f 724/3/1 725/2/1 726/1/1
f 727/3/2 725/2/2 723/1/2
f 725/3/2 727/2/2 728/1/2
f 729/5/3 724/5/3 726/583/3
f 724/5/3 729/5/3 730/584/3
f 729/5/4 727/5/4 730/585/4
f 727/5/4 729/5/4 728/586/4
f 727/5/5 724/5/5 730/587/5
f 724/5/5 727/5/5 723/588/5
f 725/2/6 729/3/6 726/11/6
f 729/3/6 725/2/6 728/1/6
f 733/3/1 732/2/1 731/1/1
f 732/3/1 733/2/1 734/1/1
f 735/3/2 733/2/2 731/1/2
f 733/3/2 735/2/2 736/1/2
f 737/5/3 732/5/3 734/589/3
f 732/5/3 737/5/3 738/590/3
f 737/5/4 735/5/4 738/591/4
f 735/5/4 737/5/4 736/592/4
f 735/5/5 732/5/5 738/593/5
f 732/5/5 735/5/5 731/594/5
f 733/2/6 737/3/6 734/11/6
f 737/3/6 733/2/6 736/1/6
f 741/3/1 740/2/1 739/1/1
f 740/3/1 741/2/1 742/1/1
f 743/3/2 741/2/2 739/1/2
f 741/3/2 743/2/2 744/1/2
f 745/5/3 740/5/3 742/595/3
f 740/5/3 745/5/3 746/596/3
f 745/5/4 743/5/4 746/597/4
f 743/5/4 745/5/4 744/598/4
f 743/5/5 740/5/5 746/599/5
f 740/5/5 743/5/5 739/600/5
f 741/2/6 745/3/6 742/11/6
f 745/3/6 741/2/6 744/1/6
f 749/3/1 748/2/1 747/1/1
f 748/3/1 749/2/1 750/1/1
f 751/3/2 749/2/2 747/1/2
f 749/3/2 751/2/2 752/1/2
f 753/5/3 748/5/3 750/601/3
f 748/5/3 753/5/3 754/602/3
f 753/5/4 751/5/4 754/603/4
f 751/5/4 753/5/4 752/604/4
f 751/5/5 748/5/5 754/605/5
f 748/5/5 751/5/5 747/606/5
f 749/2/6 753/3/6 750/11/6
f 753/3/6 749/2/6 752/1/6
f 699/3/1 755/2/1 700/1/1
f 755/3/1 699/2/1 756/1/1
f 757/3/2 699/2/2 700/1/2
f 699/3/2 757/2/2 758/1/2
f 759/5/3 755/5/3 756/607/3
f 755/5/3 759/5/3 760/608/3
f 759/5/4 757/5/4 760/609/4
f 757/5/4 759/5/4 758/610/4
f 757/5/5 755/5/5 760/611/5
f 755/5/5 757/5/5 700/564/5
f 699/2/6 759/3/6 756/11/6
f 759/3/6 699/2/6 758/1/6
f 763/3/1 762/2/1 761/1/1
f 762/3/1 763/2/1 764/1/1
f 702/3/2 763/2/2 761/1/2
f 763/3/2 702/2/2 704/1/2
f 765/5/3 762/5/3 764/612/3
f 762/5/3 765/5/3 766/613/3
f 765/5/4 702/5/4 766/614/4
f 702/5/4 765/5/4 704/615/4
f 702/5/5 762/5/5 766/616/5
f 762/5/5 702/5/5 761/617/5
f 763/2/6 765/3/6 764/11/6
f 765/3/6 763/2/6 704/1/6
f 769/3/1 768/2/1 767/1/1
f 768/3/1 769/2/1 770/1/1
f 771/3/2 769/2/2 767/1/2
f 769/3/2 771/2/2 772/1/2
f 773/5/3 768/5/3 770/618/3
f 768/5/3 773/5/3 774/619/3
f 773/5/4 771/5/4 774/620/4
f 771/5/4 773/5/4 772/621/4
f 771/5/5 768/5/5 774/622/5
f 768/5/5 771/5/5 767/623/5
f 769/2/6 773/3/6 770/11/6
f 773/3/6 769/2/6 772/1/6
f 777/3/1 776/2/1 775/1/1
f 776/3/1 777/2/1 778/1/1
f 762/3/2 777/2/2 775/1/2
f 777/3/2 762/2/2 764/1/2
f 779/5/3 776/5/3 778/624/3
f 776/5/3 779/5/3 780/625/3
f 779/5/4 762/5/4 780/626/4
f 762/5/4 779/5/4 764/627/4
f 762/5/5 776/5/5 780/628/5
f 776/5/5 762/5/5 775/629/5
f 777/2/6 779/3/6 778/11/6
f 779/3/6 777/2/6 764/1/6
f 783/3/1 782/2/1 781/1/1
f 782/3/1 783/2/1 784/1/1
f 785/3/2 783/2/2 781/1/2
f 783/3/2 785/2/2 786/1/2
f 787/5/3 782/5/3 784/630/3
f 782/5/3 787/5/3 788/631/3
f 787/5/4 785/5/4 788/632/4
f 785/5/4 787/5/4 786/633/4
f 785/5/5 782/5/5 788/634/5
f 782/5/5 785/5/5 781/635/5
f 783/2/6 787/3/6 784/11/6
f 787/3/6 783/2/6 786/1/6
f 791/3/1 790/2/1 789/1/1
f 790/3/1 791/2/1 792/1/1
f 793/3/2 791/2/2 789/1/2
f 791/3/2 793/2/2 794/1/2
f 795/5/3 790/5/3 792/636/3
f 790/5/3 795/5/3 796/637/3
f 795/5/4 793/5/4 796/638/4
f 793/5/4 795/5/4 794/639/4
f 793/5/5 790/5/5 796/640/5
f 790/5/5 793/5/5 789/641/5
f 791/2/6 795/3/6 792/11/6
f 795/3/6 791/2/6 794/1/6
f 795/3/1 797/2/1 796/1/1
f 797/3/1 795/2/1 798/1/1
f 799/3/2 795/2/2 796/1/2
f 795/3/2 799/2/2 800/1/2
f 801/5/3 797/5/3 798/642/3
f 797/5/3 801/5/3 802/643/3
f 801/5/4 799/5/4 802/644/4
f 799/5/4 801/5/4 800/645/4
f 799/5/5 797/5/5 802/646/5
f 797/5/5 799/5/5 796/640/5
f 795/2/6 801/3/6 798/11/6
f 801/3/6 795/2/6 800/1/6
f 622/3/1 625/2/1 621/1/1
f 625/3/1 622/2/1 626/1/1
f 627/3/2 622/2/2 621/1/2
f 622/3/2 627/2/2 628/1/2
f 629/5/3 625/5/3 626/502/3
f 625/5/3 629/5/3 630/503/3
f 629/5/4 627/5/4 630/504/4
f 627/5/4 629/5/4 628/505/4
f 627/5/5 625/5/5 630/506/5
f 625/5/5 627/5/5 621/5/5
f 622/2/6 629/3/6 626/11/6
f 629/3/6 622/2/6 628/1/6

usemtl color10

f 510/3/1 512/2/1 509/1/1
f 512/3/1 510/2/1 511/1/1
f 513/3/2 510/2/2 509/1/2
f 510/3/2 513/2/2 515/1/2
f 516/399/3 512/394/3 511/5/3
f 512/394/3 516/399/3 514/5/3
f 516/5/4 513/5/4 514/647/4
f 513/5/4 516/5/4 515/648/4
f 513/402/5 512/397/5 514/5/5
f 512/397/5 513/402/5 509/5/5
f 510/2/6 516/3/6 511/11/6
f 516/3/6 510/2/6 515/1/6
f 805/3/1 804/2/1 803/1/1
f 804/3/1 805/2/1 806/1/1
f 807/3/2 805/2/2 803/1/2
f 805/3/2 807/2/2 808/1/2
f 809/5/3 804/5/3 806/649/3
f 804/5/3 809/5/3 810/650/3
f 809/5/4 807/5/4 810/651/4
f 807/5/4 809/5/4 808/652/4
f 807/5/5 804/5/5 810/653/5
f 804/5/5 807/5/5 803/654/5
f 805/2/6 809/3/6 806/11/6
f 809/3/6 805/2/6 808/1/6
f 813/3/1 812/2/1 811/1/1
f 812/3/1 813/2/1 814/1/1
f 529/3/2 813/2/2 811/1/2
f 813/3/2 529/2/2 531/1/2
f 815/5/3 812/5/3 814/655/3
f 812/5/3 815/5/3 816/656/3
f 815/5/4 529/5/4 816/657/4
f 529/5/4 815/5/4 531/658/4
f 529/420/5 812/5/5 816/659/5
f 812/5/5 529/420/5 811/660/5
f 813/2/6 815/3/6 814/11/6
f 815/3/6 813/2/6 531/1/6
f 534/3/1 536/2/1 533/1/1
f 536/3/1 534/2/1 535/1/1
f 537/3/2 534/2/2 533/1/2
f 534/3/2 537/2/2 539/1/2
f 540/421/3 536/416/3 535/5/3
f 536/416/3 540/421/3 538/5/3
f 540/441/4 537/5/4 538/5/4
f 537/5/4 540/441/4 539/661/4
f 537/426/5 536/419/5 538/5/5
f 536/419/5 537/426/5 533/5/5
f 534/2/6 540/3/6 535/11/6
f 540/3/6 534/2/6 539/1/6
f 606/3/1 608/2/1 605/1/1
f 608/3/1 606/2/1 607/1/1
f 609/3/2 606/2/2 605/1/2
f 606/3/2 609/2/2 611/1/2
f 612/490/3 608/485/3 607/5/3
f 608/485/3 612/490/3 610/5/3
f 612/5/4 609/5/4 610/662/4
f 609/5/4 612/5/4 611/663/4
f 609/495/5 608/488/5 610/5/5
f 608/488/5 609/495/5 605/5/5
f 606/2/6 612/3/6 607/11/6
f 612/3/6 606/2/6 611/1/6
f 614/3/1 616/2/1 613/1/1
f 616/3/1 614/2/1 615/1/1
f 617/3/2 614/2/2 613/1/2
f 614/3/2 617/2/2 619/1/2
f 620/496/3 616/491/3 615/5/3
f 616/491/3 620/496/3 618/5/3
f 620/5/4 617/5/4 618/664/4
f 617/5/4 620/5/4 619/665/4
f 617/501/5 616/494/5 618/5/5
f 616/494/5 617/501/5 613/5/5
f 614/2/6 620/3/6 615/11/6
f 620/3/6 614/2/6 619/1/6
f 819/3/1 818/2/1 817/1/1
f 818/3/1 819/2/1 820/1/1
f 821/3/2 819/2/2 817/1/2
f 819/3/2 821/2/2 822/1/2
f 823/5/3 818/5/3 820/666/3
f 818/5/3 823/5/3 824/667/3
f 823/5/4 821/5/4 824/668/4
f 821/5/4 823/5/4 822/669/4
f 821/5/5 818/5/5 824/670/5
f 818/5/5 821/5/5 817/671/5
f 819/2/6 823/3/6 820/11/6
f 823/3/6 819/2/6 822/1/6
f 827/3/1 826/2/1 825/1/1
f 826/3/1 827/2/1 828/1/1
f 829/3/2 827/2/2 825/1/2
f 827/3/2 829/2/2 830/1/2
f 831/5/3 826/5/3 828/672/3
f 826/5/3 831/5/3 832/673/3
f 831/5/4 829/5/4 832/674/4
f 829/5/4 831/5/4 830/675/4
f 829/5/5 826/5/5 832/676/5
f 826/5/5 829/5/5 825/677/5
f 827/2/6 831/3/6 828/11/6
f 831/3/6 827/2/6 830/1/6

usemtl color26

f 834/3/1 53/2/1 833/1/1
f 53/3/1 834/2/1 55/1/1
f 2/3/2 834/2/2 833/1/2
f 834/3/2 2/2/2 4/1/2
f 58/5/3 53/5/3 55/678/3
f 53/5/3 58/5/3 57/679/3
f 58/49/4 2/5/4 57/5/4
f 2/5/4 58/49/4 4/680/4
f 2/5/5 53/51/5 57/5/5
f 53/51/5 2/5/5 833/681/5
f 834/2/6 58/3/6 55/11/6
f 58/3/6 834/2/6 4/1/6
f 12/3/1 835/2/1 10/1/1
f 835/3/1 12/2/1 836/1/1
f 16/3/2 12/2/2 10/1/2
f 12/3/2 16/2/2 15/1/2
f 837/5/3 835/5/3 836/682/3
f 835/5/3 837/5/3 838/683/3
f 837/5/4 16/14/4 838/684/4
f 16/14/4 837/5/4 15/5/4
f 16/16/5 835/5/5 838/685/5
f 835/5/5 16/16/5 10/5/5
f 12/2/6 837/3/6 836/11/6
f 837/3/6 12/2/6 15/1/6

usemtl color9

f 34/3/1 36/2/1 33/1/1
f 36/3/1 34/2/1 35/1/1
f 839/3/2 34/2/2 33/1/2
f 34/3/2 839/2/2 840/1/2
f 841/5/3 36/29/3 35/5/3
f 36/29/3 841/5/3 842/686/3
f 841/5/4 839/5/4 842/687/4
f 839/5/4 841/5/4 840/688/4
f 839/5/5 36/32/5 842/689/5
f 36/32/5 839/5/5 33/5/5
f 34/2/6 841/3/6 35/11/6
f 841/3/6 34/2/6 840/1/6
f 522/3/1 524/2/1 521/1/1
f 524/3/1 522/2/1 523/1/1
f 803/3/2 522/2/2 521/1/2
f 522/3/2 803/2/2 805/1/2
f 806/649/3 524/407/3 523/5/3
f 524/407/3 806/649/3 804/5/3
f 806/5/4 803/5/4 804/690/4
f 803/5/4 806/5/4 805/691/4
f 803/654/5 524/410/5 804/5/5
f 524/410/5 803/654/5 521/5/5
f 522/2/6 806/3/6 523/11/6
f 806/3/6 522/2/6 805/1/6
f 808/3/1 810/2/1 807/1/1
f 810/3/1 808/2/1 809/1/1
f 843/3/2 808/2/2 807/1/2
f 808/3/2 843/2/2 844/1/2
f 845/5/3 810/650/3 809/5/3
f 810/650/3 845/5/3 846/692/3
f 845/5/4 843/5/4 846/693/4
f 843/5/4 845/5/4 844/694/4
f 843/5/5 810/653/5 846/695/5
f 810/653/5 843/5/5 807/5/5
f 808/2/6 845/3/6 809/11/6
f 845/3/6 808/2/6 844/1/6
f 130/3/1 132/2/1 129/1/1
f 132/3/1 130/2/1 131/1/1
f 811/3/2 130/2/2 129/1/2
f 130/3/2 811/2/2 813/1/2
f 847/5/3 132/104/3 131/5/3
f 132/104/3 847/5/3 848/696/3
f 847/5/4 811/5/4 848/697/4
f 811/5/4 847/5/4 813/698/4
f 811/660/5 132/107/5 848/699/5
f 132/107/5 811/660/5 129/5/5
f 130/2/6 847/3/6 131/11/6
f 847/3/6 130/2/6 813/1/6
f 850/3/1 569/2/1 849/1/1
f 569/3/1 850/2/1 571/1/1
f 551/3/2 850/2/2 849/1/2
f 850/3/2 551/2/2 553/1/2
f 554/432/3 569/5/3 571/700/3
f 569/5/3 554/432/3 552/5/3
f 554/451/4 551/5/4 552/5/4
f 551/5/4 554/451/4 553/701/4
f 551/437/5 569/453/5 552/5/5
f 569/453/5 551/437/5 849/702/5
f 850/2/6 554/3/6 571/11/6
f 554/3/6 850/2/6 553/1/6
f 170/3/1 172/2/1 169/1/1
f 172/3/1 170/2/1 171/1/1
f 173/3/2 170/2/2 169/1/2
f 170/3/2 173/2/2 175/1/2
f 176/139/3 172/134/3 171/5/3
f 172/134/3 176/139/3 174/5/3
f 176/5/4 173/5/4 174/703/4
f 173/5/4 176/5/4 175/704/4
f 173/144/5 172/137/5 174/5/5
f 172/137/5 173/144/5 169/5/5
f 170/2/6 176/3/6 171/11/6
f 176/3/6 170/2/6 175/1/6
f 532/3/1 851/2/1 530/1/1
f 851/3/1 532/2/1 852/1/1
f 536/3/2 532/2/2 530/1/2
f 532/3/2 536/2/2 535/1/2
f 853/5/3 851/5/3 852/705/3
f 851/5/3 853/5/3 854/706/3
f 853/5/4 536/417/4 854/707/4
f 536/417/4 853/5/4 535/5/4
f 536/419/5 851/5/5 854/708/5
f 851/5/5 536/419/5 530/5/5
f 532/2/6 853/3/6 852/11/6
f 853/3/6 532/2/6 535/1/6
f 540/3/1 562/2/1 538/1/1
f 562/3/1 540/2/1 561/1/1
f 563/3/2 540/2/2 538/1/2
f 540/3/2 563/2/2 565/1/2
f 566/443/3 562/439/3 561/5/3
f 562/439/3 566/443/3 564/5/3
f 566/5/4 563/5/4 564/709/4
f 563/5/4 566/5/4 565/710/4
f 563/447/5 562/442/5 564/5/5
f 562/442/5 563/447/5 538/5/5
f 540/2/6 566/3/6 561/11/6
f 566/3/6 540/2/6 565/1/6
f 546/3/1 855/2/1 545/1/1
f 855/3/1 546/2/1 856/1/1
f 550/3/2 546/2/2 545/1/2
f 546/3/2 550/2/2 549/1/2
f 587/5/3 855/5/3 856/711/3
f 855/5/3 587/5/3 585/712/3
f 587/5/4 550/429/4 585/713/4
f 550/429/4 587/5/4 549/5/4
f 550/431/5 855/5/5 585/472/5
f 855/5/5 550/431/5 545/5/5
f 546/2/6 587/3/6 856/11/6
f 587/3/6 546/2/6 549/1/6
f 858/3/1 631/2/1 857/1/1
f 631/3/1 858/2/1 633/1/1
f 859/3/2 858/2/2 857/1/2
f 858/3/2 859/2/2 860/1/2
f 636/5/3 631/5/3 633/714/3
f 631/5/3 636/5/3 635/715/3
f 636/510/4 859/5/4 635/5/4
f 859/5/4 636/510/4 860/716/4
f 859/5/5 631/512/5 635/5/5
f 631/512/5 859/5/5 857/717/5
f 858/2/6 636/3/6 633/11/6
f 636/3/6 858/2/6 860/1/6
f 580/3/1 582/2/1 579/1/1
f 582/3/1 580/2/1 581/1/1
f 861/3/2 580/2/2 579/1/2
f 580/3/2 861/2/2 862/1/2
f 863/5/3 582/455/3 581/5/3
f 582/455/3 863/5/3 864/718/3
f 863/5/4 861/5/4 864/719/4
f 861/5/4 863/5/4 862/720/4
f 861/5/5 582/458/5 864/721/5
f 582/458/5 861/5/5 579/5/5
f 580/2/6 863/3/6 581/11/6
f 863/3/6 580/2/6 862/1/6
f 814/3/1 848/2/1 812/1/1
f 848/3/1 814/2/1 847/1/1
f 816/3/2 814/2/2 812/1/2
f 814/3/2 816/2/2 815/1/2
f 852/705/3 848/696/3 847/5/3
f 848/696/3 852/705/3 851/5/3
f 852/5/4 816/657/4 851/722/4
f 816/657/4 852/5/4 815/5/4
f 816/659/5 848/699/5 851/5/5
f 848/699/5 816/659/5 812/5/5
f 814/2/6 852/3/6 847/11/6
f 852/3/6 814/2/6 815/1/6
f 560/3/1 854/2/1 559/1/1
f 854/3/1 560/2/1 853/1/1
f 562/3/2 560/2/2 559/1/2
f 560/3/2 562/2/2 561/1/2
f 865/5/3 854/706/3 853/5/3
f 854/706/3 865/5/3 866/723/3
f 865/5/4 562/440/4 866/724/4
f 562/440/4 865/5/4 561/5/4
f 562/442/5 854/708/5 866/725/5
f 854/708/5 562/442/5 559/5/5
f 560/2/6 865/3/6 853/11/6
f 865/3/6 560/2/6 561/1/6
f 566/3/1 867/2/1 564/1/1
f 867/3/1 566/2/1 868/1/1
f 869/3/2 566/2/2 564/1/2
f 566/3/2 869/2/2 870/1/2
f 871/5/3 867/5/3 868/726/3
f 867/5/3 871/5/3 872/727/3
f 871/5/4 869/5/4 872/728/4
f 869/5/4 871/5/4 870/729/4
f 869/5/5 867/5/5 872/730/5
f 867/5/5 869/5/5 564/5/5
f 566/2/6 871/3/6 868/11/6
f 871/3/6 566/2/6 870/1/6
f 875/3/1 874/2/1 873/1/1
f 874/3/1 875/2/1 876/1/1
f 877/3/2 875/2/2 873/1/2
f 875/3/2 877/2/2 878/1/2
f 879/5/3 874/5/3 876/731/3
f 874/5/3 879/5/3 880/732/3
f 879/5/4 877/5/4 880/733/4
f 877/5/4 879/5/4 878/734/4
f 877/5/5 874/5/5 880/735/5
f 874/5/5 877/5/5 873/736/5
f 875/2/6 879/3/6 876/11/6
f 879/3/6 875/2/6 878/1/6
f 883/3/1 882/2/1 881/1/1
f 882/3/1 883/2/1 884/1/1
f 885/3/2 883/2/2 881/1/2
f 883/3/2 885/2/2 886/1/2
f 634/507/3 882/5/3 884/737/3
f 882/5/3 634/507/3 632/5/3
f 634/5/4 885/5/4 632/738/4
f 885/5/4 634/5/4 886/739/4
f 885/5/5 882/5/5 632/5/5
f 882/5/5 885/5/5 881/740/5
f 883/2/6 634/3/6 884/11/6
f 634/3/6 883/2/6 886/1/6
f 596/3/1 598/2/1 595/1/1
f 598/3/1 596/2/1 597/1/1
f 599/3/2 596/2/2 595/1/2
f 596/3/2 599/2/2 600/1/2
f 887/5/3 598/474/3 597/5/3
f 598/474/3 887/5/3 888/741/3
f 887/5/4 599/5/4 888/742/4
f 599/5/4 887/5/4 600/743/4
f 599/483/5 598/477/5 888/744/5
f 598/477/5 599/483/5 595/5/5
f 596/2/6 887/3/6 597/11/6
f 887/3/6 596/2/6 600/1/6
f 602/3/1 361/2/1 601/1/1
f 361/3/1 602/2/1 363/1/1
f 603/3/2 602/2/2 601/1/2
f 602/3/2 603/2/2 604/1/2
f 366/484/3 361/480/3 363/5/3
f 361/480/3 366/484/3 365/5/3
f 366/285/4 603/5/4 365/5/4
f 603/5/4 366/285/4 604/745/4
f 603/489/5 361/287/5 365/5/5
f 361/287/5 603/489/5 601/5/5
f 602/2/6 366/3/6 363/11/6
f 366/3/6 602/2/6 604/1/6
f 891/3/1 890/2/1 889/1/1
f 890/3/1 891/2/1 892/1/1
f 893/3/2 891/2/2 889/1/2
f 891/3/2 893/2/2 894/1/2
f 884/737/3 890/5/3 892/746/3
f 890/5/3 884/737/3 882/5/3
f 884/5/4 893/5/4 882/747/4
f 893/5/4 884/5/4 894/748/4
f 893/5/5 890/5/5 882/5/5
f 890/5/5 893/5/5 889/749/5
f 891/2/6 884/3/6 892/11/6
f 884/3/6 891/2/6 894/1/6
f 644/3/1 646/2/1 643/1/1
f 646/3/1 644/2/1 645/1/1
f 895/3/2 644/2/2 643/1/2
f 644/3/2 895/2/2 896/1/2
f 897/5/3 646/514/3 645/5/3
f 646/514/3 897/5/3 898/750/3
f 897/5/4 895/5/4 898/751/4
f 895/5/4 897/5/4 896/752/4
f 895/5/5 646/517/5 898/753/5
f 646/517/5 895/5/5 643/5/5
f 644/2/6 897/3/6 645/11/6
f 897/3/6 644/2/6 896/1/6
f 652/3/1 353/2/1 651/1/1
f 353/3/1 652/2/1 355/1/1
f 888/3/2 652/2/2 651/1/2
f 652/3/2 888/2/2 887/1/2
f 358/479/3 353/5/3 355/754/3
f 353/5/3 358/479/3 357/5/3
f 358/279/4 888/742/4 357/5/4
f 888/742/4 358/279/4 887/5/4
f 888/744/5 353/281/5 357/5/5
f 353/281/5 888/744/5 651/5/5
f 652/2/6 358/3/6 355/11/6
f 358/3/6 652/2/6 887/1/6
f 900/3/1 301/2/1 899/1/1
f 301/3/1 900/2/1 303/1/1
f 901/3/2 900/2/2 899/1/2
f 900/3/2 901/2/2 902/1/2
f 306/5/3 301/5/3 303/755/3
f 301/5/3 306/5/3 305/756/3
f 306/238/4 901/5/4 305/5/4
f 901/5/4 306/238/4 902/757/4
f 901/5/5 301/240/5 305/5/5
f 301/240/5 901/5/5 899/758/5
f 900/2/6 306/3/6 303/11/6
f 306/3/6 900/2/6 902/1/6
f 905/3/1 904/2/1 903/1/1
f 904/3/1 905/2/1 906/1/1
f 907/3/2 905/2/2 903/1/2
f 905/3/2 907/2/2 908/1/2
f 909/5/3 904/5/3 906/759/3
f 904/5/3 909/5/3 910/760/3
f 909/5/4 907/5/4 910/761/4
f 907/5/4 909/5/4 908/762/4
f 907/5/5 904/5/5 910/763/5
f 904/5/5 907/5/5 903/764/5
f 905/2/6 909/3/6 906/11/6
f 909/3/6 905/2/6 908/1/6
f 273/3/1 659/2/1 274/1/1
f 659/3/1 273/2/1 661/1/1
f 276/3/2 273/2/2 274/1/2
f 273/3/2 276/2/2 278/1/2
f 664/5/3 659/5/3 661/765/3
f 659/5/3 664/5/3 663/766/3
f 664/532/4 276/5/4 663/5/4
f 276/5/4 664/532/4 278/767/4
f 276/5/5 659/534/5 663/5/5
f 659/534/5 276/5/5 274/214/5
f 273/2/6 664/3/6 661/11/6
f 664/3/6 273/2/6 278/1/6
f 262/3/1 667/2/1 260/1/1
f 667/3/1 262/2/1 669/1/1
f 266/3/2 262/2/2 260/1/2
f 262/3/2 266/2/2 265/1/2
f 672/5/3 667/5/3 669/768/3
f 667/5/3 672/5/3 671/769/3
f 672/538/4 266/206/4 671/5/4
f 266/206/4 672/538/4 265/5/4
f 266/208/5 667/540/5 671/5/5
f 667/540/5 266/208/5 260/5/5
f 262/2/6 672/3/6 669/11/6
f 672/3/6 262/2/6 265/1/6
f 912/3/1 675/2/1 911/1/1
f 675/3/1 912/2/1 677/1/1
f 134/3/2 912/2/2 911/1/2
f 912/3/2 134/2/2 136/1/2
f 680/5/3 675/5/3 677/770/3
f 675/5/3 680/5/3 679/771/3
f 680/544/4 134/220/4 679/5/4
f 134/220/4 680/544/4 136/5/4
f 134/5/5 675/546/5 679/5/5
f 675/546/5 134/5/5 911/772/5
f 912/2/6 680/3/6 677/11/6
f 680/3/6 912/2/6 136/1/6
f 897/3/1 683/2/1 898/1/1
f 683/3/1 897/2/1 685/1/1
f 913/3/2 897/2/2 898/1/2
f 897/3/2 913/2/2 914/1/2
f 688/5/3 683/5/3 685/773/3
f 683/5/3 688/5/3 687/774/3
f 688/550/4 913/5/4 687/5/4
f 913/5/4 688/550/4 914/775/4
f 913/5/5 683/552/5 687/5/5
f 683/552/5 913/5/5 898/753/5
f 897/2/6 688/3/6 685/11/6
f 688/3/6 897/2/6 914/1/6
f 650/3/1 691/2/1 648/1/1
f 691/3/1 650/2/1 693/1/1
f 654/3/2 650/2/2 648/1/2
f 650/3/2 654/2/2 653/1/2
f 355/754/3 691/5/3 693/776/3
f 691/5/3 355/754/3 353/5/3
f 355/555/4 654/521/4 353/5/4
f 654/521/4 355/555/4 653/5/4
f 654/523/5 691/556/5 353/281/5
f 691/556/5 654/523/5 648/5/5
f 650/2/6 355/3/6 693/11/6
f 355/3/6 650/2/6 653/1/6
f 909/3/1 915/2/1 910/1/1
f 915/3/1 909/2/1 916/1/1
f 659/3/2 909/2/2 910/1/2
f 909/3/2 659/2/2 661/1/2
f 662/529/3 915/5/3 916/777/3
f 915/5/3 662/529/3 660/5/3
f 662/5/4 659/5/4 660/778/4
f 659/5/4 662/5/4 661/779/4
f 659/534/5 915/5/5 660/5/5
f 915/5/5 659/534/5 910/763/5
f 909/2/6 662/3/6 916/11/6
f 662/3/6 909/2/6 661/1/6
f 919/3/1 918/2/1 917/1/1
f 918/3/1 919/2/1 920/1/1
f 321/3/2 919/2/2 917/1/2
f 919/3/2 321/2/2 323/1/2
f 324/252/3 918/5/3 920/780/3
f 918/5/3 324/252/3 322/5/3
f 324/5/4 321/5/4 322/781/4
f 321/5/4 324/5/4 323/782/4
f 321/257/5 918/5/5 322/5/5
f 918/5/5 321/257/5 917/783/5
f 919/2/6 324/3/6 920/11/6
f 324/3/6 919/2/6 323/1/6
f 688/3/1 690/2/1 687/1/1
f 690/3/1 688/2/1 689/1/1
f 345/3/2 688/2/2 687/1/2
f 688/3/2 345/2/2 347/1/2
f 348/270/3 690/548/3 689/5/3
f 690/548/3 348/270/3 346/5/3
f 348/5/4 345/5/4 346/784/4
f 345/5/4 348/5/4 347/785/4
f 345/275/5 690/551/5 346/5/5
f 690/551/5 345/275/5 687/5/5
f 688/2/6 348/3/6 689/11/6
f 348/3/6 688/2/6 347/1/6
f 350/3/1 352/2/1 349/1/1
f 352/3/1 350/2/1 351/1/1
f 691/3/2 350/2/2 349/1/2
f 350/3/2 691/2/2 693/1/2
f 694/553/3 352/271/3 351/5/3
f 352/271/3 694/553/3 692/5/3
f 694/5/4 691/5/4 692/786/4
f 691/5/4 694/5/4 693/787/4
f 691/556/5 352/274/5 692/5/5
f 352/274/5 691/556/5 349/5/5
f 350/2/6 694/3/6 351/11/6
f 694/3/6 350/2/6 693/1/6
f 358/3/1 360/2/1 357/1/1
f 360/3/1 358/2/1 359/1/1
f 361/3/2 358/2/2 357/1/2
f 358/3/2 361/2/2 363/1/2
f 364/282/3 360/277/3 359/5/3
f 360/277/3 364/282/3 362/5/3
f 364/5/4 361/481/4 362/788/4
f 361/481/4 364/5/4 363/5/4
f 361/287/5 360/280/5 362/5/5
f 360/280/5 361/287/5 357/5/5
f 358/2/6 364/3/6 359/11/6
f 364/3/6 358/2/6 363/1/6
f 366/3/1 368/2/1 365/1/1
f 368/3/1 366/2/1 367/1/1
f 608/3/2 366/2/2 365/1/2
f 366/3/2 608/2/2 607/1/2
f 921/5/3 368/283/3 367/5/3
f 368/283/3 921/5/3 922/789/3
f 921/5/4 608/486/4 922/790/4
f 608/486/4 921/5/4 607/5/4
f 608/488/5 368/286/5 922/791/5
f 368/286/5 608/488/5 365/5/5
f 366/2/6 921/3/6 367/11/6
f 921/3/6 366/2/6 607/1/6
f 612/3/1 923/2/1 610/1/1
f 923/3/1 612/2/1 924/1/1
f 616/3/2 612/2/2 610/1/2
f 612/3/2 616/2/2 615/1/2
f 925/5/3 923/5/3 924/792/3
f 923/5/3 925/5/3 926/793/3
f 925/5/4 616/492/4 926/794/4
f 616/492/4 925/5/4 615/5/4
f 616/494/5 923/5/5 926/795/5
f 923/5/5 616/494/5 610/5/5
f 612/2/6 925/3/6 924/11/6
f 925/3/6 612/2/6 615/1/6
f 620/3/1 927/2/1 618/1/1
f 927/3/1 620/2/1 928/1/1
f 624/3/2 620/2/2 618/1/2
f 620/3/2 624/2/2 623/1/2
f 929/5/3 927/5/3 928/796/3
f 927/5/3 929/5/3 930/797/3
f 929/5/4 624/498/4 930/798/4
f 624/498/4 929/5/4 623/5/4
f 624/500/5 927/5/5 930/799/5
f 927/5/5 624/500/5 618/5/5
f 620/2/6 929/3/6 928/11/6
f 929/3/6 620/2/6 623/1/6
f 335/3/1 931/2/1 336/1/1
f 931/3/1 335/2/1 932/1/1
f 933/3/2 335/2/2 336/1/2
f 335/3/2 933/2/2 934/1/2
f 935/5/3 931/5/3 932/800/3
f 931/5/3 935/5/3 936/801/3
f 935/5/4 933/5/4 936/802/4
f 933/5/4 935/5/4 934/803/4
f 933/5/5 931/5/5 936/804/5
f 931/5/5 933/5/5 336/262/5
f 335/2/6 935/3/6 932/11/6
f 935/3/6 335/2/6 934/1/6
f 939/3/1 938/2/1 937/1/1
f 938/3/1 939/2/1 940/1/1
f 941/3/2 939/2/2 937/1/2
f 939/3/2 941/2/2 942/1/2
f 943/5/3 938/5/3 940/805/3
f 938/5/3 943/5/3 944/806/3
f 943/5/4 941/5/4 944/807/4
f 941/5/4 943/5/4 942/808/4
f 941/5/5 938/5/5 944/809/5
f 938/5/5 941/5/5 937/810/5
f 939/2/6 943/3/6 940/11/6
f 943/3/6 939/2/6 942/1/6
f 947/3/1 946/2/1 945/1/1
f 946/3/1 947/2/1 948/1/1
f 949/3/2 947/2/2 945/1/2
f 947/3/2 949/2/2 950/1/2
f 706/5/3 946/5/3 948/811/3
f 946/5/3 706/5/3 705/812/3
f 706/568/4 949/5/4 705/5/4
f 949/5/4 706/568/4 950/813/4
f 949/5/5 946/5/5 705/5/5
f 946/5/5 949/5/5 945/814/5
f 947/2/6 706/3/6 948/11/6
f 706/3/6 947/2/6 950/1/6
f 953/3/1 952/2/1 951/1/1
f 952/3/1 953/2/1 954/1/1
f 955/3/2 953/2/2 951/1/2
f 953/3/2 955/2/2 956/1/2
f 407/5/3 952/5/3 954/815/3
f 952/5/3 407/5/3 405/816/3
f 407/5/4 955/5/4 405/817/4
f 955/5/4 407/5/4 956/818/4
f 955/5/5 952/5/5 405/322/5
f 952/5/5 955/5/5 951/819/5
f 953/2/6 407/3/6 954/11/6
f 407/3/6 953/2/6 956/1/6
f 958/3/1 409/2/1 957/1/1
f 409/3/1 958/2/1 410/1/1
f 959/3/2 958/2/2 957/1/2
f 958/3/2 959/2/2 960/1/2
f 415/5/3 409/5/3 410/820/3
f 409/5/3 415/5/3 413/821/3
f 415/5/4 959/5/4 413/822/4
f 959/5/4 415/5/4 960/823/4
f 959/5/5 409/5/5 413/328/5
f 409/5/5 959/5/5 957/824/5
f 958/2/6 415/3/6 410/11/6
f 415/3/6 958/2/6 960/1/6
f 962/3/1 417/2/1 961/1/1
f 417/3/1 962/2/1 418/1/1
f 963/3/2 962/2/2 961/1/2
f 962/3/2 963/2/2 964/1/2
f 423/5/3 417/5/3 418/825/3
f 417/5/3 423/5/3 421/826/3
f 423/5/4 963/5/4 421/827/4
f 963/5/4 423/5/4 964/828/4
f 963/5/5 417/5/5 421/334/5
f 417/5/5 963/5/5 961/829/5
f 962/2/6 423/3/6 418/11/6
f 423/3/6 962/2/6 964/1/6
f 966/3/1 425/2/1 965/1/1
f 425/3/1 966/2/1 426/1/1
f 967/3/2 966/2/2 965/1/2
f 966/3/2 967/2/2 968/1/2
f 431/5/3 425/5/3 426/830/3
f 425/5/3 431/5/3 429/831/3
f 431/5/4 967/5/4 429/832/4
f 967/5/4 431/5/4 968/833/4
f 967/5/5 425/5/5 429/340/5
f 425/5/5 967/5/5 965/834/5
f 966/2/6 431/3/6 426/11/6
f 431/3/6 966/2/6 968/1/6
f 970/3/1 433/2/1 969/1/1
f 433/3/1 970/2/1 434/1/1
f 971/3/2 970/2/2 969/1/2
f 970/3/2 971/2/2 972/1/2
f 439/5/3 433/5/3 434/835/3
f 433/5/3 439/5/3 437/836/3
f 439/5/4 971/5/4 437/837/4
f 971/5/4 439/5/4 972/838/4
f 971/5/5 433/5/5 437/346/5
f 433/5/5 971/5/5 969/839/5
f 970/2/6 439/3/6 434/11/6
f 439/3/6 970/2/6 972/1/6
f 974/3/1 441/2/1 973/1/1
f 441/3/1 974/2/1 442/1/1
f 975/3/2 974/2/2 973/1/2
f 974/3/2 975/2/2 976/1/2
f 447/5/3 441/5/3 442/840/3
f 441/5/3 447/5/3 445/841/3
f 447/5/4 975/5/4 445/842/4
f 975/5/4 447/5/4 976/843/4
f 975/5/5 441/5/5 445/352/5
f 441/5/5 975/5/5 973/844/5
f 974/2/6 447/3/6 442/11/6
f 447/3/6 974/2/6 976/1/6
f 978/3/1 449/2/1 977/1/1
f 449/3/1 978/2/1 450/1/1
f 979/3/2 978/2/2 977/1/2
f 978/3/2 979/2/2 980/1/2
f 455/5/3 449/5/3 450/845/3
f 449/5/3 455/5/3 453/846/3
f 455/5/4 979/5/4 453/847/4
f 979/5/4 455/5/4 980/848/4
f 979/5/5 449/5/5 453/358/5
f 449/5/5 979/5/5 977/849/5
f 978/2/6 455/3/6 450/11/6
f 455/3/6 978/2/6 980/1/6
f 982/3/1 457/2/1 981/1/1
f 457/3/1 982/2/1 458/1/1
f 396/3/2 982/2/2 981/1/2
f 982/3/2 396/2/2 395/1/2
f 983/5/3 457/5/3 458/850/3
f 457/5/3 983/5/3 984/851/3
f 983/5/4 396/307/4 984/852/4
f 396/307/4 983/5/4 395/5/4
f 396/309/5 457/5/5 984/853/5
f 457/5/5 396/309/5 981/854/5
f 982/2/6 983/3/6 458/11/6
f 983/3/6 982/2/6 395/1/6
f 987/3/1 986/2/1 985/1/1
f 986/3/1 987/2/1 988/1/1
f 989/3/2 987/2/2 985/1/2
f 987/3/2 989/2/2 990/1/2
f 991/5/3 986/5/3 988/855/3
f 986/5/3 991/5/3 992/856/3
f 991/5/4 989/5/4 992/857/4
f 989/5/4 991/5/4 990/858/4
f 989/5/5 986/5/5 992/859/5
f 986/5/5 989/5/5 985/860/5
f 987/2/6 991/3/6 988/11/6
f 991/3/6 987/2/6 990/1/6
f 995/3/1 994/2/1 993/1/1
f 994/3/1 995/2/1 996/1/1
f 997/3/2 995/2/2 993/1/2
f 995/3/2 997/2/2 998/1/2
f 999/5/3 994/5/3 996/861/3
f 994/5/3 999/5/3 1000/862/3
f 999/5/4 997/5/4 1000/863/4
f 997/5/4 999/5/4 998/864/4
f 997/5/5 994/5/5 1000/865/5
f 994/5/5 997/5/5 993/866/5
f 995/2/6 999/3/6 996/11/6
f 999/3/6 995/2/6 998/1/6
f 758/3/1 760/2/1 757/1/1
f 760/3/1 758/2/1 759/1/1
f 1001/3/2 758/2/2 757/1/2
f 758/3/2 1001/2/2 1002/1/2
f 1003/5/3 760/608/3 759/5/3
f 760/608/3 1003/5/3 1004/867/3
f 1003/5/4 1001/5/4 1004/868/4
f 1001/5/4 1003/5/4 1002/869/4
f 1001/5/5 760/611/5 1004/870/5
f 760/611/5 1001/5/5 757/5/5
f 758/2/6 1003/3/6 759/11/6
f 1003/3/6 758/2/6 1002/1/6
f 1006/3/1 775/2/1 1005/1/1
f 775/3/1 1006/2/1 777/1/1
f 761/3/2 1006/2/2 1005/1/2
f 1006/3/2 761/2/2 763/1/2
f 764/612/3 775/5/3 777/871/3
f 775/5/3 764/612/3 762/5/3
f 764/627/4 761/5/4 762/5/4
f 761/5/4 764/627/4 763/872/4
f 761/617/5 775/629/5 762/5/5
f 775/629/5 761/617/5 1005/873/5
f 1006/2/6 764/3/6 777/11/6
f 764/3/6 1006/2/6 763/1/6
f 1009/3/1 1008/2/1 1007/1/1
f 1008/3/1 1009/2/1 1010/1/1
f 986/3/2 1009/2/2 1007/1/2
f 1009/3/2 986/2/2 988/1/2
f 1011/5/3 1008/5/3 1010/874/3
f 1008/5/3 1011/5/3 1012/875/3
f 1011/5/4 986/5/4 1012/876/4
f 986/5/4 1011/5/4 988/877/4
f 986/5/5 1008/5/5 1012/878/5
f 1008/5/5 986/5/5 1007/879/5
f 1009/2/6 1011/3/6 1010/11/6
f 1011/3/6 1009/2/6 988/1/6
f 991/3/1 1013/2/1 992/1/1
f 1013/3/1 991/2/1 1014/1/1
f 1015/3/2 991/2/2 992/1/2
f 991/3/2 1015/2/2 1016/1/2
f 1017/5/3 1013/5/3 1014/880/3
f 1013/5/3 1017/5/3 1018/881/3
f 1017/5/4 1015/5/4 1018/882/4
f 1015/5/4 1017/5/4 1016/883/4
f 1015/5/5 1013/5/5 1018/884/5
f 1013/5/5 1015/5/5 992/859/5
f 991/2/6 1017/3/6 1014/11/6
f 1017/3/6 991/2/6 1016/1/6
f 466/3/1 468/2/1 465/1/1
f 468/3/1 466/2/1 467/1/1
f 469/3/2 466/2/2 465/1/2
f 466/3/2 469/2/2 471/1/2
f 472/365/3 468/360/3 467/5/3
f 468/360/3 472/365/3 470/5/3
f 472/5/4 469/5/4 470/885/4
f 469/5/4 472/5/4 471/886/4
f 469/370/5 468/363/5 470/5/5
f 468/363/5 469/370/5 465/5/5
f 466/2/6 472/3/6 467/11/6
f 472/3/6 466/2/6 471/1/6
f 1011/3/1 1019/2/1 1012/1/1
f 1019/3/1 1011/2/1 1020/1/1
f 1013/3/2 1011/2/2 1012/1/2
f 1011/3/2 1013/2/2 1014/1/2
f 1021/5/3 1019/5/3 1020/887/3
f 1019/5/3 1021/5/3 1022/888/3
f 1021/5/4 1013/5/4 1022/889/4
f 1013/5/4 1021/5/4 1014/890/4
f 1013/5/5 1019/5/5 1022/891/5
f 1019/5/5 1013/5/5 1012/878/5
f 1011/2/6 1021/3/6 1020/11/6
f 1021/3/6 1011/2/6 1014/1/6
f 1025/3/1 1024/2/1 1023/1/1
f 1024/3/1 1025/2/1 1026/1/1
f 781/3/2 1025/2/2 1023/1/2
f 1025/3/2 781/2/2 783/1/2
f 784/630/3 1024/5/3 1026/892/3
f 1024/5/3 784/630/3 782/5/3
f 784/5/4 781/5/4 782/893/4
f 781/5/4 784/5/4 783/894/4
f 781/635/5 1024/5/5 782/5/5
f 1024/5/5 781/635/5 1023/895/5
f 1025/2/6 784/3/6 1026/11/6
f 784/3/6 1025/2/6 783/1/6
f 1029/3/1 1028/2/1 1027/1/1
f 1028/3/1 1029/2/1 1030/1/1
f 817/3/2 1029/2/2 1027/1/2
f 1029/3/2 817/2/2 819/1/2
f 820/666/3 1028/5/3 1030/896/3
f 1028/5/3 820/666/3 818/5/3
f 820/5/4 817/5/4 818/897/4
f 817/5/4 820/5/4 819/898/4
f 817/671/5 1028/5/5 818/5/5
f 1028/5/5 817/671/5 1027/899/5
f 1029/2/6 820/3/6 1030/11/6
f 820/3/6 1029/2/6 819/1/6
f 822/3/1 824/2/1 821/1/1
f 824/3/1 822/2/1 823/1/1
f 825/3/2 822/2/2 821/1/2
f 822/3/2 825/2/2 827/1/2
f 828/672/3 824/667/3 823/5/3
f 824/667/3 828/672/3 826/5/3
f 828/5/4 825/5/4 826/900/4
f 825/5/4 828/5/4 827/901/4
f 825/677/5 824/670/5 826/5/5
f 824/670/5 825/677/5 821/5/5
f 822/2/6 828/3/6 823/11/6
f 828/3/6 822/2/6 827/1/6
f 830/3/1 832/2/1 829/1/1
f 832/3/1 830/2/1 831/1/1
f 492/3/2 830/2/2 829/1/2
f 830/3/2 492/2/2 491/1/2
f 494/383/3 832/673/3 831/5/3
f 832/673/3 494/383/3 493/5/3
f 494/5/4 492/379/4 493/902/4
f 492/379/4 494/5/4 491/5/4
f 492/381/5 832/676/5 493/5/5
f 832/676/5 492/381/5 829/5/5
f 830/2/6 494/3/6 831/11/6
f 494/3/6 830/2/6 491/1/6
f 1033/3/1 1032/2/1 1031/1/1
f 1032/3/1 1033/2/1 1034/1/1
f 1035/3/2 1033/2/2 1031/1/2
f 1033/3/2 1035/2/2 1036/1/2
f 1037/5/3 1032/5/3 1034/903/3
f 1032/5/3 1037/5/3 1038/904/3
f 1037/5/4 1035/5/4 1038/905/4
f 1035/5/4 1037/5/4 1036/906/4
f 1035/5/5 1032/5/5 1038/907/5
f 1032/5/5 1035/5/5 1031/908/5
f 1033/2/6 1037/3/6 1034/11/6
f 1037/3/6 1033/2/6 1036/1/6

usemtl color23

f 526/3/1 528/2/1 525/1/1
f 528/3/1 526/2/1 527/1/1
f 37/3/2 526/2/2 525/1/2
f 526/3/2 37/2/2 39/1/2
f 40/34/3 528/411/3 527/5/3
f 528/411/3 40/34/3 38/5/3
f 40/5/4 37/5/4 38/909/4
f 37/5/4 40/5/4 39/910/4
f 37/39/5 528/414/5 38/5/5
f 528/414/5 37/39/5 525/5/5
f 526/2/6 40/3/6 527/11/6
f 40/3/6 526/2/6 39/1/6
f 42/3/1 44/2/1 41/1/1
f 44/3/1 42/2/1 43/1/1
f 45/3/2 42/2/2 41/1/2
f 42/3/2 45/2/2 47/1/2
f 48/40/3 44/35/3 43/5/3
f 44/35/3 48/40/3 46/5/3
f 48/5/4 45/5/4 46/911/4
f 45/5/4 48/5/4 47/912/4
f 45/45/5 44/38/5 46/5/5
f 44/38/5 45/45/5 41/5/5
f 42/2/6 48/3/6 43/11/6
f 48/3/6 42/2/6 47/1/6
f 82/3/1 84/2/1 81/1/1
f 84/3/1 82/2/1 83/1/1
f 1039/3/2 82/2/2 81/1/2
f 82/3/2 1039/2/2 1040/1/2
f 1041/5/3 84/65/3 83/5/3
f 84/65/3 1041/5/3 1042/913/3
f 1041/5/4 1039/5/4 1042/914/4
f 1039/5/4 1041/5/4 1040/915/4
f 1039/5/5 84/68/5 1042/916/5
f 84/68/5 1039/5/5 81/5/5
f 82/2/6 1041/3/6 83/11/6
f 1041/3/6 82/2/6 1040/1/6
f 1045/3/1 1044/2/1 1043/1/1
f 1044/3/1 1045/2/1 1046/1/1
f 1047/3/2 1045/2/2 1043/1/2
f 1045/3/2 1047/2/2 1048/1/2
f 1049/5/3 1044/5/3 1046/917/3
f 1044/5/3 1049/5/3 1050/918/3
f 1049/5/4 1047/5/4 1050/919/4
f 1047/5/4 1049/5/4 1048/920/4
f 1047/5/5 1044/5/5 1050/921/5
f 1044/5/5 1047/5/5 1043/922/5
f 1045/2/6 1049/3/6 1046/11/6
f 1049/3/6 1045/2/6 1048/1/6

usemtl color8

f 50/3/1 52/2/1 49/1/1
f 52/3/1 50/2/1 51/1/1
f 1051/3/2 50/2/2 49/1/2
f 50/3/2 1051/2/2 1052/1/2
f 135/5/3 52/41/3 51/5/3
f 52/41/3 135/5/3 133/923/3
f 135/5/4 1051/5/4 133/924/4
f 1051/5/4 135/5/4 1052/925/4
f 1051/5/5 52/44/5 133/114/5
f 52/44/5 1051/5/5 49/5/5
f 50/2/6 135/3/6 51/11/6
f 135/3/6 50/2/6 1052/1/6
f 1054/3/1 655/2/1 1053/1/1
f 655/3/1 1054/2/1 657/1/1
f 1055/3/2 1054/2/2 1053/1/2
f 1054/3/2 1055/2/2 1056/1/2
f 90/5/3 655/5/3 657/926/3
f 655/5/3 90/5/3 89/927/3
f 90/73/4 1055/5/4 89/5/4
f 1055/5/4 90/73/4 1056/928/4
f 1055/5/5 655/528/5 89/5/5
f 655/528/5 1055/5/5 1053/929/5
f 1054/2/6 90/3/6 657/11/6
f 90/3/6 1054/2/6 1056/1/6
f 1059/3/1 1058/2/1 1057/1/1
f 1058/3/1 1059/2/1 1060/1/1
f 1061/3/2 1059/2/2 1057/1/2
f 1059/3/2 1061/2/2 1062/1/2
f 1063/5/3 1058/5/3 1060/930/3
f 1058/5/3 1063/5/3 1064/931/3
f 1063/5/4 1061/5/4 1064/932/4
f 1061/5/4 1063/5/4 1062/933/4
f 1061/5/5 1058/5/5 1064/934/5
f 1058/5/5 1061/5/5 1057/935/5
f 1059/2/6 1063/3/6 1060/11/6
f 1063/3/6 1059/2/6 1062/1/6
f 1067/3/1 1066/2/1 1065/1/1
f 1066/3/1 1067/2/1 1068/1/1
f 1058/3/2 1067/2/2 1065/1/2
f 1067/3/2 1058/2/2 1060/1/2
f 1069/5/3 1066/5/3 1068/936/3
f 1066/5/3 1069/5/3 1070/937/3
f 1069/5/4 1058/5/4 1070/938/4
f 1058/5/4 1069/5/4 1060/939/4
f 1058/5/5 1066/5/5 1070/940/5
f 1066/5/5 1058/5/5 1065/941/5
f 1067/2/6 1069/3/6 1068/11/6
f 1069/3/6 1067/2/6 1060/1/6
f 1073/3/1 1072/2/1 1071/1/1
f 1072/3/1 1073/2/1 1074/1/1
f 1075/3/2 1073/2/2 1071/1/2
f 1073/3/2 1075/2/2 1076/1/2
f 1077/5/3 1072/5/3 1074/942/3
f 1072/5/3 1077/5/3 1078/943/3
f 1077/5/4 1075/5/4 1078/944/4
f 1075/5/4 1077/5/4 1076/945/4
f 1075/5/5 1072/5/5 1078/946/5
f 1072/5/5 1075/5/5 1071/947/5
f 1073/2/6 1077/3/6 1074/11/6
f 1077/3/6 1073/2/6 1076/1/6

usemtl color17

f 32/3/1 551/2/1 30/1/1
f 551/3/1 32/2/1 553/1/1
f 842/3/2 32/2/2 30/1/2
f 32/3/2 842/2/2 841/1/2
f 151/5/3 551/5/3 553/948/3
f 551/5/3 151/5/3 149/949/3
f 151/5/4 842/687/4 149/950/4
f 842/687/4 151/5/4 841/5/4
f 842/689/5 551/437/5 149/126/5
f 551/437/5 842/689/5 30/5/5
f 32/2/6 151/3/6 553/11/6
f 151/3/6 32/2/6 841/1/6
f 520/3/1 153/2/1 518/1/1
f 153/3/1 520/2/1 154/1/1
f 110/3/2 520/2/2 518/1/2
f 520/3/2 110/2/2 112/1/2
f 159/5/3 153/5/3 154/951/3
f 153/5/3 159/5/3 157/952/3
f 159/5/4 110/404/4 157/953/4
f 110/404/4 159/5/4 112/5/4
f 110/5/5 153/5/5 157/132/5
f 153/5/5 110/5/5 518/5/5
f 520/2/6 159/3/6 154/11/6
f 159/3/6 520/2/6 112/1/6
f 523/3/1 1079/2/1 524/1/1
f 1079/3/1 523/2/1 1080/1/1
f 804/3/2 523/2/2 524/1/2
f 523/3/2 804/2/2 806/1/2
f 1081/5/3 1079/5/3 1080/954/3
f 1079/5/3 1081/5/3 1082/955/3
f 1081/5/4 804/690/4 1082/956/4
f 804/690/4 1081/5/4 806/5/4
f 804/5/5 1079/5/5 1082/957/5
f 1079/5/5 804/5/5 524/410/5
f 523/2/6 1081/3/6 1080/11/6
f 1081/3/6 523/2/6 806/1/6
f 809/3/1 1083/2/1 810/1/1
f 1083/3/1 809/2/1 1084/1/1
f 846/3/2 809/2/2 810/1/2
f 809/3/2 846/2/2 845/1/2
f 1085/5/3 1083/5/3 1084/958/3
f 1083/5/3 1085/5/3 1086/959/3
f 1085/5/4 846/693/4 1086/960/4
f 846/693/4 1085/5/4 845/5/4
f 846/695/5 1083/5/5 1086/961/5
f 1083/5/5 846/695/5 810/653/5
f 809/2/6 1085/3/6 1084/11/6
f 1085/3/6 809/2/6 845/1/6
f 1089/3/1 1088/2/1 1087/1/1
f 1088/3/1 1089/2/1 1090/1/1
f 142/3/2 1089/2/2 1087/1/2
f 1089/3/2 142/2/2 144/1/2
f 1091/5/3 1088/5/3 1090/962/3
f 1088/5/3 1091/5/3 1092/963/3
f 1091/5/4 142/5/4 1092/964/4
f 142/5/4 1091/5/4 144/965/4
f 142/5/5 1088/5/5 1092/966/5
f 1088/5/5 142/5/5 1087/967/5
f 1089/2/6 1091/3/6 1090/11/6
f 1091/3/6 1089/2/6 144/1/6
f 1095/3/1 1094/2/1 1093/1/1
f 1094/3/1 1095/2/1 1096/1/1
f 1088/3/2 1095/2/2 1093/1/2
f 1095/3/2 1088/2/2 1090/1/2
f 1097/5/3 1094/5/3 1096/968/3
f 1094/5/3 1097/5/3 1098/969/3
f 1097/5/4 1088/5/4 1098/970/4
f 1088/5/4 1097/5/4 1090/971/4
f 1088/5/5 1094/5/5 1098/972/5
f 1094/5/5 1088/5/5 1093/973/5
f 1095/2/6 1097/3/6 1096/11/6
f 1097/3/6 1095/2/6 1090/1/6
f 1101/3/1 1100/2/1 1099/1/1
f 1100/3/1 1101/2/1 1102/1/1
f 1103/3/2 1101/2/2 1099/1/2
f 1101/3/2 1103/2/2 1104/1/2
f 1105/5/3 1100/5/3 1102/974/3
f 1100/5/3 1105/5/3 1106/975/3
f 1105/5/4 1103/5/4 1106/976/4
f 1103/5/4 1105/5/4 1104/977/4
f 1103/5/5 1100/5/5 1106/978/5
f 1100/5/5 1103/5/5 1099/979/5
f 1101/2/6 1105/3/6 1102/11/6
f 1105/3/6 1101/2/6 1104/1/6
f 1108/3/1 297/2/1 1107/1/1
f 297/3/1 1108/2/1 298/1/1
f 1094/3/2 1108/2/2 1107/1/2
f 1108/3/2 1094/2/2 1096/1/2
f 1109/5/3 297/5/3 298/980/3
f 297/5/3 1109/5/3 1110/981/3
f 1109/5/4 1094/5/4 1110/982/4
f 1094/5/4 1109/5/4 1096/983/4
f 1094/5/5 297/5/5 1110/984/5
f 297/5/5 1094/5/5 1107/985/5
f 1108/2/6 1109/3/6 298/11/6
f 1109/3/6 1108/2/6 1096/1/6
f 960/3/1 413/2/1 959/1/1
f 413/3/1 960/2/1 415/1/1
f 961/3/2 960/2/2 959/1/2
f 960/3/2 961/2/2 962/1/2
f 418/825/3 413/821/3 415/5/3
f 413/821/3 418/825/3 417/5/3
f 418/326/4 961/5/4 417/5/4
f 961/5/4 418/326/4 962/986/4
f 961/829/5 413/328/5 417/5/5
f 413/328/5 961/829/5 959/5/5
f 960/2/6 418/3/6 415/11/6
f 418/3/6 960/2/6 962/1/6

usemtl color25

f 106/3/1 145/2/1 105/1/1
f 145/3/1 106/2/1 146/1/1
f 108/3/2 106/2/2 105/1/2
f 106/3/2 108/2/2 107/1/2
f 1111/5/3 145/5/3 146/987/3
f 145/5/3 1111/5/3 1112/988/3
f 1111/5/4 108/88/4 1112/989/4
f 108/88/4 1111/5/4 107/5/4
f 108/90/5 145/5/5 1112/990/5
f 145/5/5 108/90/5 105/5/5
f 106/2/6 1111/3/6 146/11/6
f 1111/3/6 106/2/6 107/1/6
f 1115/3/1 1114/2/1 1113/1/1
f 1114/3/1 1115/2/1 1116/1/1
f 1117/3/2 1115/2/2 1113/1/2
f 1115/3/2 1117/2/2 1118/1/2
f 167/5/3 1114/5/3 1116/991/3
f 1114/5/3 167/5/3 165/992/3
f 167/5/4 1117/5/4 165/993/4
f 1117/5/4 167/5/4 1118/994/4
f 1117/5/5 1114/5/5 165/138/5
f 1114/5/5 1117/5/5 1113/995/5
f 1115/2/6 167/3/6 1116/11/6
f 167/3/6 1115/2/6 1118/1/6

usemtl color3

f 115/3/1 161/2/1 116/1/1
f 161/3/1 115/2/1 162/1/1
f 524/3/2 115/2/2 116/1/2
f 115/3/2 524/2/2 523/1/2
f 1080/954/3 161/5/3 162/996/3
f 161/5/3 1080/954/3 1079/5/3
f 1080/5/4 524/408/4 1079/997/4
f 524/408/4 1080/5/4 523/5/4
f 524/410/5 161/5/5 1079/5/5
f 161/5/5 524/410/5 116/95/5
f 115/2/6 1080/3/6 162/11/6
f 1080/3/6 115/2/6 523/1/6
f 1121/3/1 1120/2/1 1119/1/1
f 1120/3/1 1121/2/1 1122/1/1
f 1053/3/2 1121/2/2 1119/1/2
f 1121/3/2 1053/2/2 1054/1/2
f 658/525/3 1120/5/3 1122/998/3
f 1120/5/3 658/525/3 656/5/3
f 658/5/4 1053/5/4 656/999/4
f 1053/5/4 658/5/4 1054/1000/4
f 1053/929/5 1120/5/5 656/5/5
f 1120/5/5 1053/929/5 1119/1001/5
f 1121/2/6 658/3/6 1122/11/6
f 658/3/6 1121/2/6 1054/1/6
f 1125/3/1 1124/2/1 1123/1/1
f 1124/3/1 1125/2/1 1126/1/1
f 1127/3/2 1125/2/2 1123/1/2
f 1125/3/2 1127/2/2 1128/1/2
f 1129/5/3 1124/5/3 1126/1002/3
f 1124/5/3 1129/5/3 1130/1003/3
f 1129/5/4 1127/5/4 1130/1004/4
f 1127/5/4 1129/5/4 1128/1005/4
f 1127/5/5 1124/5/5 1130/1006/5
f 1124/5/5 1127/5/5 1123/1007/5
f 1125/2/6 1129/3/6 1126/11/6
f 1129/3/6 1125/2/6 1128/1/6
f 1133/3/1 1132/2/1 1131/1/1
f 1132/3/1 1133/2/1 1134/1/1
f 899/3/2 1133/2/2 1131/1/2
f 1133/3/2 899/2/2 900/1/2
f 304/235/3 1132/5/3 1134/1008/3
f 1132/5/3 304/235/3 302/5/3
f 304/5/4 899/5/4 302/1009/4
f 899/5/4 304/5/4 900/1010/4
f 899/758/5 1132/5/5 302/5/5
f 1132/5/5 899/758/5 1131/1011/5
f 1133/2/6 304/3/6 1134/11/6
f 304/3/6 1133/2/6 900/1/6
f 1137/3/1 1136/2/1 1135/1/1
f 1136/3/1 1137/2/1 1138/1/1
f 1139/3/2 1137/2/2 1135/1/2
f 1137/3/2 1139/2/2 1140/1/2
f 1141/5/3 1136/5/3 1138/1012/3
f 1136/5/3 1141/5/3 1142/1013/3
f 1141/5/4 1139/5/4 1142/1014/4
f 1139/5/4 1141/5/4 1140/1015/4
f 1139/5/5 1136/5/5 1142/1016/5
f 1136/5/5 1139/5/5 1135/1017/5
f 1137/2/6 1141/3/6 1138/11/6
f 1141/3/6 1137/2/6 1140/1/6
f 1145/3/1 1144/2/1 1143/1/1
f 1144/3/1 1145/2/1 1146/1/1
f 1142/3/2 1145/2/2 1143/1/2
f 1145/3/2 1142/2/2 1141/1/2
f 1147/5/3 1144/5/3 1146/1018/3
f 1144/5/3 1147/5/3 1148/1019/3
f 1147/5/4 1142/1014/4 1148/1020/4
f 1142/1014/4 1147/5/4 1141/5/4
f 1142/1016/5 1144/5/5 1148/1021/5
f 1144/5/5 1142/1016/5 1143/1022/5
f 1145/2/6 1147/3/6 1146/11/6
f 1147/3/6 1145/2/6 1141/1/6
f 920/3/1 937/2/1 918/1/1
f 937/3/1 920/2/1 939/1/1
f 322/3/2 920/2/2 918/1/2
f 920/3/2 322/2/2 324/1/2
f 942/5/3 937/5/3 939/1023/3
f 937/5/3 942/5/3 941/1024/3
f 942/808/4 322/781/4 941/5/4
f 322/781/4 942/808/4 324/5/4
f 322/5/5 937/810/5 941/5/5
f 937/810/5 322/5/5 918/5/5
f 920/2/6 942/3/6 939/11/6
f 942/3/6 920/2/6 324/1/6
f 343/3/1 492/2/1 344/1/1
f 492/3/1 343/2/1 491/1/1
f 1149/3/2 343/2/2 344/1/2
f 343/3/2 1149/2/2 1150/1/2
f 496/5/3 492/378/3 491/5/3
f 492/378/3 496/5/3 495/1025/3
f 496/386/4 1149/5/4 495/5/4
f 1149/5/4 496/386/4 1150/1026/4
f 1149/5/5 492/381/5 495/5/5
f 492/381/5 1149/5/5 344/268/5
f 343/2/6 496/3/6 491/11/6
f 496/3/6 343/2/6 1150/1/6
f 1147/3/1 945/2/1 1148/1/1
f 945/3/1 1147/2/1 947/1/1
f 1151/3/2 1147/2/2 1148/1/2
f 1147/3/2 1151/2/2 1152/1/2
f 950/5/3 945/5/3 947/1027/3
f 945/5/3 950/5/3 949/1028/3
f 950/813/4 1151/5/4 949/5/4
f 1151/5/4 950/813/4 1152/1029/4
f 1151/5/5 945/814/5 949/5/5
f 945/814/5 1151/5/5 1148/1021/5
f 1147/2/6 950/3/6 947/11/6
f 950/3/6 1147/2/6 1152/1/6
f 1155/3/1 1154/2/1 1153/1/1
f 1154/3/1 1155/2/1 1156/1/1
f 346/3/2 1155/2/2 1153/1/2
f 1155/3/2 346/2/2 348/1/2
f 1157/5/3 1154/5/3 1156/1030/3
f 1154/5/3 1157/5/3 1158/1031/3
f 1157/5/4 346/784/4 1158/1032/4
f 346/784/4 1157/5/4 348/5/4
f 346/5/5 1154/5/5 1158/1033/5
f 1154/5/5 346/5/5 1153/1034/5
f 1155/2/6 1157/3/6 1156/11/6
f 1157/3/6 1155/2/6 348/1/6
f 950/3/1 708/2/1 949/1/1
f 708/3/1 950/2/1 707/1/1
f 1159/3/2 950/2/2 949/1/2
f 950/3/2 1159/2/2 1160/1/2
f 1161/5/3 708/566/3 707/5/3
f 708/566/3 1161/5/3 1162/1035/3
f 1161/5/4 1159/5/4 1162/1036/4
f 1159/5/4 1161/5/4 1160/1037/4
f 1159/5/5 708/569/5 1162/1038/5
f 708/569/5 1159/5/5 949/5/5
f 950/2/6 1161/3/6 707/11/6
f 1161/3/6 950/2/6 1160/1/6
f 1164/3/1 989/2/1 1163/1/1
f 989/3/1 1164/2/1 990/1/1
f 1165/3/2 1164/2/2 1163/1/2
f 1164/3/2 1165/2/2 1166/1/2
f 1167/5/3 989/5/3 990/1039/3
f 989/5/3 1167/5/3 1168/1040/3
f 1167/5/4 1165/5/4 1168/1041/4
f 1165/5/4 1167/5/4 1166/1042/4
f 1165/5/5 989/5/5 1168/1043/5
f 989/5/5 1165/5/5 1163/1044/5
f 1164/2/6 1167/3/6 990/11/6
f 1167/3/6 1164/2/6 1166/1/6
f 956/3/1 405/2/1 955/1/1
f 405/3/1 956/2/1 407/1/1
f 957/3/2 956/2/2 955/1/2
f 956/3/2 957/2/2 958/1/2
f 410/820/3 405/816/3 407/5/3
f 405/816/3 410/820/3 409/5/3
f 410/320/4 957/5/4 409/5/4
f 957/5/4 410/320/4 958/1045/4
f 957/824/5 405/322/5 409/5/5
f 405/322/5 957/824/5 955/5/5
f 956/2/6 410/3/6 407/11/6
f 410/3/6 956/2/6 958/1/6
f 964/3/1 421/2/1 963/1/1
f 421/3/1 964/2/1 423/1/1
f 965/3/2 964/2/2 963/1/2
f 964/3/2 965/2/2 966/1/2
f 426/830/3 421/826/3 423/5/3
f 421/826/3 426/830/3 425/5/3
f 426/332/4 965/5/4 425/5/4
f 965/5/4 426/332/4 966/1046/4
f 965/834/5 421/334/5 425/5/5
f 421/334/5 965/834/5 963/5/5
f 964/2/6 426/3/6 423/11/6
f 426/3/6 964/2/6 966/1/6
f 968/3/1 429/2/1 967/1/1
f 429/3/1 968/2/1 431/1/1
f 969/3/2 968/2/2 967/1/2
f 968/3/2 969/2/2 970/1/2
f 434/835/3 429/831/3 431/5/3
f 429/831/3 434/835/3 433/5/3
f 434/338/4 969/5/4 433/5/4
f 969/5/4 434/338/4 970/1047/4
f 969/839/5 429/340/5 433/5/5
f 429/340/5 969/839/5 967/5/5
f 968/2/6 434/3/6 431/11/6
f 434/3/6 968/2/6 970/1/6
f 972/3/1 437/2/1 971/1/1
f 437/3/1 972/2/1 439/1/1
f 973/3/2 972/2/2 971/1/2
f 972/3/2 973/2/2 974/1/2
f 442/840/3 437/836/3 439/5/3
f 437/836/3 442/840/3 441/5/3
f 442/344/4 973/5/4 441/5/4
f 973/5/4 442/344/4 974/1048/4
f 973/844/5 437/346/5 441/5/5
f 437/346/5 973/844/5 971/5/5
f 972/2/6 442/3/6 439/11/6
f 442/3/6 972/2/6 974/1/6
f 976/3/1 445/2/1 975/1/1
f 445/3/1 976/2/1 447/1/1
f 977/3/2 976/2/2 975/1/2
f 976/3/2 977/2/2 978/1/2
f 450/845/3 445/841/3 447/5/3
f 445/841/3 450/845/3 449/5/3
f 450/350/4 977/5/4 449/5/4
f 977/5/4 450/350/4 978/1049/4
f 977/849/5 445/352/5 449/5/5
f 445/352/5 977/849/5 975/5/5
f 976/2/6 450/3/6 447/11/6
f 450/3/6 976/2/6 978/1/6
f 980/3/1 453/2/1 979/1/1
f 453/3/1 980/2/1 455/1/1
f 981/3/2 980/2/2 979/1/2
f 980/3/2 981/2/2 982/1/2
f 458/850/3 453/846/3 455/5/3
f 453/846/3 458/850/3 457/5/3
f 458/356/4 981/5/4 457/5/4
f 981/5/4 458/356/4 982/1050/4
f 981/854/5 453/358/5 457/5/5
f 453/358/5 981/854/5 979/5/5
f 980/2/6 458/3/6 455/11/6
f 458/3/6 980/2/6 982/1/6
f 940/3/1 993/2/1 938/1/1
f 993/3/1 940/2/1 995/1/1
f 944/3/2 940/2/2 938/1/2
f 940/3/2 944/2/2 943/1/2
f 998/5/3 993/5/3 995/1051/3
f 993/5/3 998/5/3 997/1052/3
f 998/864/4 944/807/4 997/5/4
f 944/807/4 998/864/4 943/5/4
f 944/809/5 993/866/5 997/5/5
f 993/866/5 944/809/5 938/5/5
f 940/2/6 998/3/6 995/11/6
f 998/3/6 940/2/6 943/1/6
f 1167/3/1 1015/2/1 1168/1/1
f 1015/3/1 1167/2/1 1016/1/1
f 1169/3/2 1167/2/2 1168/1/2
f 1167/3/2 1169/2/2 1170/1/2
f 1171/5/3 1015/5/3 1016/1053/3
f 1015/5/3 1171/5/3 1172/1054/3
f 1171/5/4 1169/5/4 1172/1055/4
f 1169/5/4 1171/5/4 1170/1056/4
f 1169/5/5 1015/5/5 1172/1057/5
f 1015/5/5 1169/5/5 1168/1043/5
f 1167/2/6 1171/3/6 1016/11/6
f 1171/3/6 1167/2/6 1170/1/6
f 998/3/1 821/2/1 997/1/1
f 821/3/1 998/2/1 822/1/1
f 1173/3/2 998/2/2 997/1/2
f 998/3/2 1173/2/2 1174/1/2
f 827/5/3 821/5/3 822/1058/3
f 821/5/3 827/5/3 825/1059/3
f 827/901/4 1173/5/4 825/5/4
f 1173/5/4 827/901/4 1174/1060/4
f 1173/5/5 821/5/5 825/677/5
f 821/5/5 1173/5/5 997/5/5
f 998/2/6 827/3/6 822/11/6
f 827/3/6 998/2/6 1174/1/6
f 704/3/1 766/2/1 702/1/1
f 766/3/1 704/2/1 765/1/1
f 708/3/2 704/2/2 702/1/2
f 704/3/2 708/2/2 707/1/2
f 1175/5/3 766/613/3 765/5/3
f 766/613/3 1175/5/3 1176/1061/3
f 1175/5/4 708/567/4 1176/1062/4
f 708/567/4 1175/5/4 707/5/4
f 708/569/5 766/616/5 1176/1063/5
f 766/616/5 708/569/5 702/5/5
f 704/2/6 1175/3/6 765/11/6
f 1175/3/6 704/2/6 707/1/6
f 1178/3/1 1027/2/1 1177/1/1
f 1027/3/1 1178/2/1 1029/1/1
f 994/3/2 1178/2/2 1177/1/2
f 1178/3/2 994/2/2 996/1/2
f 819/5/3 1027/5/3 1029/1064/3
f 1027/5/3 819/5/3 817/1065/3
f 819/898/4 994/5/4 817/5/4
f 994/5/4 819/898/4 996/1066/4
f 994/5/5 1027/899/5 817/671/5
f 1027/899/5 994/5/5 1177/1067/5
f 1178/2/6 819/3/6 1029/11/6
f 819/3/6 1178/2/6 996/1/6
f 1180/3/1 825/2/1 1179/1/1
f 825/3/1 1180/2/1 827/1/1
f 485/3/2 1180/2/2 1179/1/2
f 1180/3/2 485/2/2 487/1/2
f 488/377/3 825/1059/3 827/5/3
f 825/1059/3 488/377/3 486/5/3
f 488/5/4 485/5/4 486/1068/4
f 485/5/4 488/5/4 487/1069/4
f 485/382/5 825/677/5 486/5/5
f 825/677/5 485/382/5 1179/1070/5
f 1180/2/6 488/3/6 827/11/6
f 488/3/6 1180/2/6 487/1/6
f 764/3/1 780/2/1 762/1/1
f 780/3/1 764/2/1 779/1/1
f 766/3/2 764/2/2 762/1/2
f 764/3/2 766/2/2 765/1/2
f 1181/5/3 780/625/3 779/5/3
f 780/625/3 1181/5/3 1182/1071/3
f 1181/5/4 766/614/4 1182/1072/4
f 766/614/4 1181/5/4 765/5/4
f 766/616/5 780/628/5 1182/1073/5
f 780/628/5 766/616/5 762/5/5
f 764/2/6 1181/3/6 779/11/6
f 1181/3/6 764/2/6 765/1/6
f 1185/3/1 1184/2/1 1183/1/1
f 1184/3/1 1185/2/1 1186/1/1
f 1187/3/2 1185/2/2 1183/1/2
f 1185/3/2 1187/2/2 1188/1/2
f 1189/5/3 1184/5/3 1186/1074/3
f 1184/5/3 1189/5/3 1190/1075/3
f 1189/5/4 1187/5/4 1190/1076/4
f 1187/5/4 1189/5/4 1188/1077/4
f 1187/5/5 1184/5/5 1190/1078/5
f 1184/5/5 1187/5/5 1183/1079/5
f 1185/2/6 1189/3/6 1186/11/6
f 1189/3/6 1185/2/6 1188/1/6
f 1193/3/1 1192/2/1 1191/1/1
f 1192/3/1 1193/2/1 1194/1/1
f 1195/3/2 1193/2/2 1191/1/2
f 1193/3/2 1195/2/2 1196/1/2
f 1197/5/3 1192/5/3 1194/1080/3
f 1192/5/3 1197/5/3 1198/1081/3
f 1197/5/4 1195/5/4 1198/1082/4
f 1195/5/4 1197/5/4 1196/1083/4
f 1195/5/5 1192/5/5 1198/1084/5
f 1192/5/5 1195/5/5 1191/1085/5
f 1193/2/6 1197/3/6 1194/11/6
f 1197/3/6 1193/2/6 1196/1/6

usemtl color14

f 806/3/1 1082/2/1 804/1/1
f 1082/3/1 806/2/1 1081/1/1
f 810/3/2 806/2/2 804/1/2
f 806/3/2 810/2/2 809/1/2
f 1084/958/3 1082/955/3 1081/5/3
f 1082/955/3 1084/958/3 1083/5/3
f 1084/5/4 810/651/4 1083/1086/4
f 810/651/4 1084/5/4 809/5/4
f 810/653/5 1082/957/5 1083/5/5
f 1082/957/5 810/653/5 804/5/5
f 806/2/6 1084/3/6 1081/11/6
f 1084/3/6 806/2/6 809/1/6
f 607/3/1 922/2/1 608/1/1
f 922/3/1 607/2/1 921/1/1
f 610/3/2 607/2/2 608/1/2
f 607/3/2 610/2/2 612/1/2
f 924/792/3 922/789/3 921/5/3
f 922/789/3 924/792/3 923/5/3
f 924/5/4 610/662/4 923/1087/4
f 610/662/4 924/5/4 612/5/4
f 610/5/5 922/791/5 923/5/5
f 922/791/5 610/5/5 608/488/5
f 607/2/6 924/3/6 921/11/6
f 924/3/6 607/2/6 612/1/6
f 615/3/1 926/2/1 616/1/1
f 926/3/1 615/2/1 925/1/1
f 618/3/2 615/2/2 616/1/2
f 615/3/2 618/2/2 620/1/2
f 928/796/3 926/793/3 925/5/3
f 926/793/3 928/796/3 927/5/3
f 928/5/4 618/664/4 927/1088/4
f 618/664/4 928/5/4 620/5/4
f 618/5/5 926/795/5 927/5/5
f 926/795/5 618/5/5 616/494/5
f 615/2/6 928/3/6 925/11/6
f 928/3/6 615/2/6 620/1/6
f 996/3/1 817/2/1 994/1/1
f 817/3/1 996/2/1 819/1/1
f 1000/3/2 996/2/2 994/1/2
f 996/3/2 1000/2/2 999/1/2
f 822/1058/3 817/1065/3 819/5/3
f 817/1065/3 822/1058/3 821/5/3
f 822/669/4 1000/863/4 821/5/4
f 1000/863/4 822/669/4 999/5/4
f 1000/865/5 817/671/5 821/5/5
f 817/671/5 1000/865/5 994/5/5
f 996/2/6 822/3/6 819/11/6
f 822/3/6 996/2/6 999/1/6

usemtl color21

f 1201/3/1 1200/2/1 1199/1/1
f 1200/3/1 1201/2/1 1202/1/1
f 54/3/2 1201/2/2 1199/1/2
f 1201/3/2 54/2/2 56/1/2
f 1095/5/3 1200/5/3 1202/1089/3
f 1200/5/3 1095/5/3 1093/1090/3
f 1095/5/4 54/5/4 1093/1091/4
f 54/5/4 1095/5/4 56/1092/4
f 54/5/5 1200/5/5 1093/973/5
f 1200/5/5 54/5/5 1199/1093/5
f 1201/2/6 1095/3/6 1202/11/6
f 1095/3/6 1201/2/6 56/1/6
f 1111/3/1 1203/2/1 1112/1/1
f 1203/3/1 1111/2/1 1204/1/1
f 1114/3/2 1111/2/2 1112/1/2
f 1111/3/2 1114/2/2 1116/1/2
f 1205/5/3 1203/5/3 1204/1094/3
f 1203/5/3 1205/5/3 1206/1095/3
f 1205/5/4 1114/5/4 1206/1096/4
f 1114/5/4 1205/5/4 1116/1097/4
f 1114/5/5 1203/5/5 1206/1098/5
f 1203/5/5 1114/5/5 1112/990/5
f 1111/2/6 1205/3/6 1204/11/6
f 1205/3/6 1111/2/6 1116/1/6
f 152/3/1 1099/2/1 150/1/1
f 1099/3/1 152/2/1 1101/1/1
f 156/3/2 152/2/2 150/1/2
f 152/3/2 156/2/2 155/1/2
f 1207/5/3 1099/5/3 1101/1099/3
f 1099/5/3 1207/5/3 1208/1100/3
f 1207/5/4 156/123/4 1208/1101/4
f 156/123/4 1207/5/4 155/5/4
f 156/125/5 1099/979/5 1208/1102/5
f 1099/979/5 156/125/5 150/5/5
f 152/2/6 1207/3/6 1101/11/6
f 1207/3/6 152/2/6 155/1/6
f 1210/3/1 293/2/1 1209/1/1
f 293/3/1 1210/2/1 295/1/1
f 1200/3/2 1210/2/2 1209/1/2
f 1210/3/2 1200/2/2 1202/1/2
f 298/980/3 293/5/3 295/1103/3
f 293/5/3 298/980/3 297/5/3
f 298/232/4 1200/5/4 297/5/4
f 1200/5/4 298/232/4 1202/1104/4
f 1200/5/5 293/234/5 297/5/5
f 293/234/5 1200/5/5 1209/1105/5
f 1210/2/6 298/3/6 295/11/6
f 298/3/6 1210/2/6 1202/1/6
f 1104/3/1 1106/2/1 1103/1/1
f 1106/3/1 1104/2/1 1105/1/1
f 1211/3/2 1104/2/2 1103/1/2
f 1104/3/2 1211/2/2 1212/1/2
f 254/199/3 1106/975/3 1105/5/3
f 1106/975/3 254/199/3 253/5/3
f 254/5/4 1211/5/4 253/1106/4
f 1211/5/4 254/5/4 1212/1107/4
f 1211/5/5 1106/978/5 253/5/5
f 1106/978/5 1211/5/5 1103/5/5
f 1104/2/6 254/3/6 1105/11/6
f 254/3/6 1104/2/6 1212/1/6
f 1102/3/1 1213/2/1 1100/1/1
f 1213/3/1 1102/2/1 1214/1/1
f 1215/3/2 1102/2/2 1100/1/2
f 1102/3/2 1215/2/2 1216/1/2
f 1217/5/3 1213/5/3 1214/1108/3
f 1213/5/3 1217/5/3 1218/1109/3
f 1217/5/4 1215/5/4 1218/1110/4
f 1215/5/4 1217/5/4 1216/1111/4
f 1215/5/5 1213/5/5 1218/1112/5
f 1213/5/5 1215/5/5 1100/5/5
f 1102/2/6 1217/3/6 1214/11/6
f 1217/3/6 1102/2/6 1216/1/6
f 254/3/1 1139/2/1 253/1/1
f 1139/3/1 254/2/1 1140/1/1
f 258/3/2 254/2/2 253/1/2
f 254/3/2 258/2/2 257/1/2
f 1219/5/3 1139/5/3 1140/1113/3
f 1139/5/3 1219/5/3 1220/1114/3
f 1219/5/4 258/201/4 1220/1115/4
f 258/201/4 1219/5/4 257/5/4
f 258/203/5 1139/5/5 1220/1116/5
f 1139/5/5 258/203/5 253/5/5
f 254/2/6 1219/3/6 1140/11/6
f 1219/3/6 254/2/6 257/1/6
f 278/3/1 663/2/1 276/1/1
f 663/3/1 278/2/1 664/1/1
f 260/3/2 278/2/2 276/1/2
f 278/3/2 260/2/2 262/1/2
f 669/768/3 663/766/3 664/5/3
f 663/766/3 669/768/3 667/5/3
f 669/5/4 260/217/4 667/1117/4
f 260/217/4 669/5/4 262/5/4
f 260/5/5 663/5/5 667/540/5
f 663/5/5 260/5/5 276/5/5
f 278/2/6 669/3/6 664/11/6
f 669/3/6 278/2/6 262/1/6
f 265/3/1 671/2/1 266/1/1
f 671/3/1 265/2/1 672/1/1
f 911/3/2 265/2/2 266/1/2
f 265/3/2 911/2/2 912/1/2
f 677/770/3 671/769/3 672/5/3
f 671/769/3 677/770/3 675/5/3
f 677/5/4 911/5/4 675/1118/4
f 911/5/4 677/5/4 912/1119/4
f 911/772/5 671/5/5 675/546/5
f 671/5/5 911/772/5 266/208/5
f 265/2/6 677/3/6 672/11/6
f 677/3/6 265/2/6 912/1/6
f 136/3/1 679/2/1 134/1/1
f 679/3/1 136/2/1 680/1/1
f 140/3/2 136/2/2 134/1/2
f 136/3/2 140/2/2 139/1/2
f 1221/5/3 679/771/3 680/5/3
f 679/771/3 1221/5/3 1222/1120/3
f 1221/5/4 140/111/4 1222/1121/4
f 140/111/4 1221/5/4 139/5/4
f 140/113/5 679/5/5 1222/1122/5
f 679/5/5 140/113/5 134/5/5
f 136/2/6 1221/3/6 680/11/6
f 1221/3/6 136/2/6 139/1/6

usemtl color24

f 1040/3/1 1042/2/1 1039/1/1
f 1042/3/1 1040/2/1 1041/1/1
f 1043/3/2 1040/2/2 1039/1/2
f 1040/3/2 1043/2/2 1045/1/2
f 1046/917/3 1042/913/3 1041/5/3
f 1042/913/3 1046/917/3 1044/5/3
f 1046/5/4 1043/5/4 1044/1123/4
f 1043/5/4 1046/5/4 1045/1124/4
f 1043/922/5 1042/916/5 1044/5/5
f 1042/916/5 1043/922/5 1039/5/5
f 1040/2/6 1046/3/6 1041/11/6
f 1046/3/6 1040/2/6 1045/1/6
f 1048/3/1 1050/2/1 1047/1/1
f 1050/3/1 1048/2/1 1049/1/1
f 1223/3/2 1048/2/2 1047/1/2
f 1048/3/2 1223/2/2 1224/1/2
f 1225/5/3 1050/918/3 1049/5/3
f 1050/918/3 1225/5/3 1226/1125/3
f 1225/5/4 1223/5/4 1226/1126/4
f 1223/5/4 1225/5/4 1224/1127/4
f 1223/5/5 1050/921/5 1226/1128/5
f 1050/921/5 1223/5/5 1047/5/5
f 1048/2/6 1225/3/6 1049/11/6
f 1225/3/6 1048/2/6 1224/1/6

usemtl color19

f 852/3/1 1227/2/1 851/1/1
f 1227/3/1 852/2/1 1228/1/1
f 854/3/2 852/2/2 851/1/2
f 852/3/2 854/2/2 853/1/2
f 1229/5/3 1227/5/3 1228/1129/3
f 1227/5/3 1229/5/3 1230/1130/3
f 1229/5/4 854/707/4 1230/1131/4
f 854/707/4 1229/5/4 853/5/4
f 854/708/5 1227/5/5 1230/1132/5
f 1227/5/5 854/708/5 851/5/5
f 852/2/6 1229/3/6 1228/11/6
f 1229/3/6 852/2/6 853/1/6
f 90/3/1 92/2/1 89/1/1
f 92/3/1 90/2/1 91/1/1
f 1231/3/2 90/2/2 89/1/2
f 90/3/2 1231/2/2 1232/1/2
f 1126/1002/3 92/71/3 91/5/3
f 92/71/3 1126/1002/3 1124/5/3
f 1126/5/4 1231/5/4 1124/1133/4
f 1231/5/4 1126/5/4 1232/1134/4
f 1231/5/5 92/74/5 1124/5/5
f 92/74/5 1231/5/5 89/5/5
f 90/2/6 1126/3/6 91/11/6
f 1126/3/6 90/2/6 1232/1/6
f 1235/3/1 1234/2/1 1233/1/1
f 1234/3/1 1235/2/1 1236/1/1
f 1237/3/2 1235/2/2 1233/1/2
f 1235/3/2 1237/2/2 1238/1/2
f 1239/5/3 1234/5/3 1236/1135/3
f 1234/5/3 1239/5/3 1240/1136/3
f 1239/5/4 1237/5/4 1240/1137/4
f 1237/5/4 1239/5/4 1238/1138/4
f 1237/5/5 1234/5/5 1240/1139/5
f 1234/5/5 1237/5/5 1233/1140/5
f 1235/2/6 1239/3/6 1236/11/6
f 1239/3/6 1235/2/6 1238/1/6

usemtl color22

f 1056/3/1 89/2/1 1055/1/1
f 89/3/1 1056/2/1 90/1/1
f 1123/3/2 1056/2/2 1055/1/2
f 1056/3/2 1123/2/2 1125/1/2
f 1232/5/3 89/927/3 90/5/3
f 89/927/3 1232/5/3 1231/1141/3
f 1232/1134/4 1123/5/4 1231/5/4
f 1123/5/4 1232/1134/4 1125/1142/4
f 1123/1007/5 89/5/5 1231/5/5
f 89/5/5 1123/1007/5 1055/5/5
f 1056/2/6 1232/3/6 90/11/6
f 1232/3/6 1056/2/6 1125/1/6

usemtl color0

f 902/3/1 305/2/1 901/1/1
f 305/3/1 902/2/1 306/1/1
f 1241/3/2 902/2/2 901/1/2
f 902/3/2 1241/2/2 1242/1/2
f 1243/5/3 305/756/3 306/5/3
f 305/756/3 1243/5/3 1244/1143/3
f 1243/5/4 1241/5/4 1244/1144/4
f 1241/5/4 1243/5/4 1242/1145/4
f 1241/5/5 305/5/5 1244/1146/5
f 305/5/5 1241/5/5 901/5/5
f 902/2/6 1243/3/6 306/11/6
f 1243/3/6 902/2/6 1242/1/6
f 1247/3/1 1246/2/1 1245/1/1
f 1246/3/1 1247/2/1 1248/1/1
f 1249/3/2 1247/2/2 1245/1/2
f 1247/3/2 1249/2/2 1250/1/2
f 1251/5/3 1246/5/3 1248/1147/3
f 1246/5/3 1251/5/3 1252/1148/3
f 1251/5/4 1249/5/4 1252/1149/4
f 1249/5/4 1251/5/4 1250/1150/4
f 1249/5/5 1246/5/5 1252/1151/5
f 1246/5/5 1249/5/5 1245/1152/5
f 1247/2/6 1251/3/6 1248/11/6
f 1251/3/6 1247/2/6 1250/1/6

usemtl color13

f 1255/3/1 1254/2/1 1253/1/1
f 1254/3/1 1255/2/1 1256/1/1
f 1227/3/2 1255/2/2 1253/1/2
f 1255/3/2 1227/2/2 1228/1/2
f 1257/5/3 1254/5/3 1256/1153/3
f 1254/5/3 1257/5/3 1258/1154/3
f 1257/5/4 1227/5/4 1258/1155/4
f 1227/5/4 1257/5/4 1228/1156/4
f 1227/5/5 1254/5/5 1258/1157/5
f 1254/5/5 1227/5/5 1253/1158/5
f 1255/2/6 1257/3/6 1256/11/6
f 1257/3/6 1255/2/6 1228/1/6
f 1260/3/1 1075/2/1 1259/1/1
f 1075/3/1 1260/2/1 1076/1/1
f 1066/3/2 1260/2/2 1259/1/2
f 1260/3/2 1066/2/2 1068/1/2
f 1261/5/3 1075/5/3 1076/1159/3
f 1075/5/3 1261/5/3 1262/1160/3
f 1261/5/4 1066/5/4 1262/1161/4
f 1066/5/4 1261/5/4 1068/1162/4
f 1066/5/5 1075/5/5 1262/1163/5
f 1075/5/5 1066/5/5 1259/1164/5
f 1260/2/6 1261/3/6 1076/11/6
f 1261/3/6 1260/2/6 1068/1/6

usemtl color20

f 664/3/1 666/2/1 663/1/1
f 666/3/1 664/2/1 665/1/1
f 667/3/2 664/2/2 663/1/2
f 664/3/2 667/2/2 669/1/2
f 670/535/3 666/530/3 665/5/3
f 666/530/3 670/535/3 668/5/3
f 670/5/4 667/1117/4 668/1165/4
f 667/1117/4 670/5/4 669/5/4
f 667/540/5 666/533/5 668/5/5
f 666/533/5 667/540/5 663/5/5
f 664/2/6 670/3/6 665/11/6
f 670/3/6 664/2/6 669/1/6
f 672/3/1 674/2/1 671/1/1
f 674/3/1 672/2/1 673/1/1
f 675/3/2 672/2/2 671/1/2
f 672/3/2 675/2/2 677/1/2
f 678/541/3 674/536/3 673/5/3
f 674/536/3 678/541/3 676/5/3
f 678/5/4 675/1118/4 676/1166/4
f 675/1118/4 678/5/4 677/5/4
f 675/546/5 674/539/5 676/5/5
f 674/539/5 675/546/5 671/5/5
f 672/2/6 678/3/6 673/11/6
f 678/3/6 672/2/6 677/1/6

usemtl color18

f 372/3/1 374/2/1 371/1/1
f 374/3/1 372/2/1 373/1/1
f 375/3/2 372/2/2 371/1/2
f 372/3/2 375/2/2 377/1/2
f 378/293/3 374/289/3 373/5/3
f 374/289/3 378/293/3 376/5/3
f 378/5/4 375/5/4 376/1167/4
f 375/5/4 378/5/4 377/1168/4
f 375/298/5 374/292/5 376/5/5
f 374/292/5 375/298/5 371/5/5
f 372/2/6 378/3/6 373/11/6
f 378/3/6 372/2/6 377/1/6
f 380/3/1 382/2/1 379/1/1
f 382/3/1 380/2/1 381/1/1
f 383/3/2 380/2/2 379/1/2
f 380/3/2 383/2/2 385/1/2
f 386/299/3 382/294/3 381/5/3
f 382/294/3 386/299/3 384/5/3
f 386/5/4 383/5/4 384/1169/4
f 383/5/4 386/5/4 385/1170/4
f 383/304/5 382/297/5 384/5/5
f 382/297/5 383/304/5 379/5/5
f 380/2/6 386/3/6 381/11/6
f 386/3/6 380/2/6 385/1/6

usemtl color11

f 351/3/1 1163/2/1 352/1/1
f 1163/3/1 351/2/1 1164/1/1
f 1263/3/2 351/2/2 352/1/2
f 351/3/2 1263/2/2 1264/1/2
f 1166/5/3 1163/5/3 1164/1171/3
f 1163/5/3 1166/5/3 1165/1172/3
f 1166/1042/4 1263/5/4 1165/5/4
f 1263/5/4 1166/1042/4 1264/1173/4
f 1263/5/5 1163/1044/5 1165/5/5
f 1163/1044/5 1263/5/5 352/274/5
f 351/2/6 1166/3/6 1164/11/6
f 1166/3/6 351/2/6 1264/1/6
f 392/3/1 1265/2/1 390/1/1
f 1265/3/1 392/2/1 1266/1/1
f 951/3/2 392/2/2 390/1/2
f 392/3/2 951/2/2 953/1/2
f 954/815/3 1265/5/3 1266/1174/3
f 1265/5/3 954/815/3 952/5/3
f 954/5/4 951/5/4 952/1175/4
f 951/5/4 954/5/4 953/1176/4
f 951/819/5 1265/5/5 952/5/5
f 1265/5/5 951/819/5 390/5/5
f 392/2/6 954/3/6 1266/11/6
f 954/3/6 392/2/6 953/1/6
f 954/3/1 1061/2/1 952/1/1
f 1061/3/1 954/2/1 1062/1/1
f 405/3/2 954/2/2 952/1/2
f 954/3/2 405/2/2 407/1/2
f 408/317/3 1061/5/3 1062/1177/3
f 1061/5/3 408/317/3 406/5/3
f 408/5/4 405/817/4 406/1178/4
f 405/817/4 408/5/4 407/5/4
f 405/322/5 1061/5/5 406/5/5
f 1061/5/5 405/322/5 952/5/5
f 954/2/6 408/3/6 1062/11/6
f 408/3/6 954/2/6 407/1/6
f 778/3/1 1267/2/1 776/1/1
f 1267/3/1 778/2/1 1268/1/1
f 780/3/2 778/2/2 776/1/2
f 778/3/2 780/2/2 779/1/2
f 1185/5/3 1267/5/3 1268/1179/3
f 1267/5/3 1185/5/3 1183/1180/3
f 1185/5/4 780/626/4 1183/1181/4
f 780/626/4 1185/5/4 779/5/4
f 780/628/5 1267/5/5 1183/1079/5
f 1267/5/5 780/628/5 776/5/5
f 778/2/6 1185/3/6 1268/11/6
f 1185/3/6 778/2/6 779/1/6

usemtl color4

f 1160/3/1 1269/2/1 1159/1/1
f 1269/3/1 1160/2/1 1270/1/1
f 1271/3/2 1160/2/2 1159/1/2
f 1160/3/2 1271/2/2 1272/1/2
f 1273/5/3 1269/5/3 1270/1182/3
f 1269/5/3 1273/5/3 1274/1183/3
f 1273/5/4 1271/5/4 1274/1184/4
f 1271/5/4 1273/5/4 1272/1185/4
f 1271/5/5 1269/5/5 1274/1186/5
f 1269/5/5 1271/5/5 1159/5/5
f 1160/2/6 1273/3/6 1270/11/6
f 1273/3/6 1160/2/6 1272/1/6
f 990/3/1 992/2/1 989/1/1
f 992/3/1 990/2/1 991/1/1
f 1168/3/2 990/2/2 989/1/2
f 990/3/2 1168/2/2 1167/1/2
f 1016/1053/3 992/856/3 991/5/3
f 992/856/3 1016/1053/3 1015/5/3
f 1016/883/4 1168/1041/4 1015/5/4
f 1168/1041/4 1016/883/4 1167/5/4
f 1168/1043/5 992/859/5 1015/5/5
f 992/859/5 1168/1043/5 989/5/5
f 990/2/6 1016/3/6 991/11/6
f 1016/3/6 990/2/6 1167/1/6
f 988/3/1 1012/2/1 986/1/1
f 1012/3/1 988/2/1 1011/1/1
f 992/3/2 988/2/2 986/1/2
f 988/3/2 992/2/2 991/1/2
f 1014/880/3 1012/875/3 1011/5/3
f 1012/875/3 1014/880/3 1013/5/3
f 1014/890/4 992/857/4 1013/5/4
f 992/857/4 1014/890/4 991/5/4
f 992/859/5 1012/878/5 1013/5/5
f 1012/878/5 992/859/5 986/5/5
f 988/2/6 1014/3/6 1011/11/6
f 1014/3/6 988/2/6 991/1/6
f 1196/3/1 1198/2/1 1195/1/1
f 1198/3/1 1196/2/1 1197/1/1
f 1275/3/2 1196/2/2 1195/1/2
f 1196/3/2 1275/2/2 1276/1/2
f 1277/5/3 1198/1081/3 1197/5/3
f 1198/1081/3 1277/5/3 1278/1187/3
f 1277/5/4 1275/5/4 1278/1188/4
f 1275/5/4 1277/5/4 1276/1189/4
f 1275/5/5 1198/1084/5 1278/1190/5
f 1198/1084/5 1275/5/5 1195/5/5
f 1196/2/6 1277/3/6 1197/11/6
f 1277/3/6 1196/2/6 1276/1/6

usemtl color15

f 1281/3/1 1280/2/1 1279/1/1
f 1280/3/1 1281/2/1 1282/1/1
f 1008/3/2 1281/2/2 1279/1/2
f 1281/3/2 1008/2/2 1010/1/2
f 1036/5/3 1280/5/3 1282/1191/3
f 1280/5/3 1036/5/3 1035/1192/3
f 1036/906/4 1008/5/4 1035/5/4
f 1008/5/4 1036/906/4 1010/1193/4
f 1008/5/5 1280/5/5 1035/5/5
f 1280/5/5 1008/5/5 1279/1194/5
f 1281/2/6 1036/3/6 1282/11/6
f 1036/3/6 1281/2/6 1010/1/6

usemtl color7

f 1010/3/1 1035/2/1 1008/1/1
f 1035/3/1 1010/2/1 1036/1/1
f 1012/3/2 1010/2/2 1008/1/2
f 1010/3/2 1012/2/2 1011/1/2
f 1020/887/3 1035/1192/3 1036/5/3
f 1035/1192/3 1020/887/3 1019/5/3
f 1020/5/4 1012/876/4 1019/1195/4
f 1012/876/4 1020/5/4 1011/5/4
f 1012/878/5 1035/5/5 1019/5/5
f 1035/5/5 1012/878/5 1008/5/5
f 1010/2/6 1020/3/6 1036/11/6
f 1020/3/6 1010/2/6 1011/1/6
f 1285/3/1 1284/2/1 1283/1/1
f 1284/3/1 1285/2/1 1286/1/1
f 1038/3/2 1285/2/2 1283/1/2
f 1285/3/2 1038/2/2 1037/1/2
f 1287/5/3 1284/5/3 1286/1196/3
f 1284/5/3 1287/5/3 1288/1197/3
f 1287/5/4 1038/905/4 1288/1198/4
f 1038/905/4 1287/5/4 1037/5/4
f 1038/907/5 1284/5/5 1288/1199/5
f 1284/5/5 1038/907/5 1283/1200/5
f 1285/2/6 1287/3/6 1286/11/6
f 1287/3/6 1285/2/6 1037/1/6

usemtl color12

f 1036/3/1 1038/2/1 1035/1/1
f 1038/3/1 1036/2/1 1037/1/1
f 1019/3/2 1036/2/2 1035/1/2
f 1036/3/2 1019/2/2 1020/1/2
f 1289/5/3 1038/904/3 1037/5/3
f 1038/904/3 1289/5/3 1290/1201/3
f 1289/5/4 1019/1195/4 1290/1202/4
f 1019/1195/4 1289/5/4 1020/5/4
f 1019/5/5 1038/907/5 1290/1203/5
f 1038/907/5 1019/5/5 1035/5/5
f 1036/2/6 1289/3/6 1037/11/6
f 1289/3/6 1036/2/6 1020/1/6

