# Created by Kenney (www.kenney.nl)

mtllib Blaster ALL Castrealm.mtl

v 25 11 -0.5
v 25 10 -0.5
v 25 11 0.5
v 25 10 0.5
v 24 11 -0.5
v 24 11 0.5
v 24 10 0.5
v 24 10 -0.5
v 13 11 -1
v 13 10 -1
v 13 11 1
v 13 10 1
v 12 11 -1
v 12 11 1
v 12 10 1
v 12 10 -1
v 8 11 -1
v 8 9 -1
v 8 11 1
v 8 9 1
v 7 11 -1
v 7 11 1
v 7 9 1
v 7 9 -1
v 24 9 -0.5
v 24 9 0.5
v 23 10 -0.5
v 23 10 0.5
v 23 9 0.5
v 23 9 -0.5
v 16 10 -1
v 16 9 -1
v 16 10 1
v 16 9 1
v 13 9 1
v 13 9 -1
v 28 9 -0.5
v 28 8 -0.5
v 28 9 0.5
v 28 8 0.5
v 27 9 -0.5
v 27 9 0.5
v 27 8 0.5
v 27 8 -0.5
v 23 8 -0.5
v 23 8 0.5
v 22 9 -0.5
v 22 9 0.5
v 22 8 0.5
v 22 8 -0.5
v 13 9 -1.5
v 13 8 -1.5
v 13 9 1.5
v 13 8 1.5
v 12 9 -1.5
v 12 9 1.5
v 12 8 1.5
v 12 8 -1.5
v 9 9 -1
v 9 8 -1
v 9 9 1
v 9 8 1
v 8 8 1
v 8 8 -1
v 27 7 -0.5
v 27 7 0.5
v 26 8 -0.5
v 26 8 0.5
v 26 7 0.5
v 26 7 -0.5
v 22 7 -0.5
v 22 7 0.5
v 21 8 -0.5
v 21 8 0.5
v 21 7 0.5
v 21 7 -0.5
v 11 8 -1.5
v 11 7 -1.5
v 11 8 1.5
v 11 7 1.5
v 10 8 -1.5
v 10 8 1.5
v 10 7 1.5
v 10 7 -1.5
v 10 8 -1
v 10 7 -1
v 10 8 1
v 10 7 1
v 9 7 1
v 9 7 -1
v 9 8 -1.5
v 9 7 -1.5
v 9 8 1.5
v 9 7 1.5
v 8 8 -1.5
v 8 8 1.5
v 8 7 1.5
v 8 7 -1.5
v 26 6 -0.5
v 26 6 0.5
v 25 7 -0.5
v 25 7 0.5
v 25 6 0.5
v 25 6 -0.5
v 14 7 -1
v 14 6 -1
v 14 7 1
v 14 6 1
v 13 7 -1
v 13 7 1
v 13 6 1
v 13 6 -1
v 16 5 -2.5
v 16 4 -2.5
v 16 5 2.5
v 16 4 2.5
v 15 5 -2.5
v 15 5 2.5
v 15 4 2.5
v 15 4 -2.5
v 8 5 -2.5
v 8 4 -2.5
v 8 5 2.5
v 8 4 2.5
v 7 5 -2.5
v 7 5 2.5
v 7 4 2.5
v 7 4 -2.5
v 7 1 -2.5
v 7 1 2.5
v 6 4 -2.5
v 6 4 2.5
v 6 1 2.5
v 6 1 -2.5
v 6 3 -2.5
v 6 3 2.5
v 5 4 -2.5
v 5 4 2.5
v 5 3 2.5
v 5 3 -2.5
v 4 4 -2
v 4 3 -2
v 4 4 2
v 4 3 2
v 3 4 -2
v 3 4 2
v 3 3 2
v 3 3 -2
v -2 3 -1.5
v -2 2 -1.5
v -2 3 1.5
v -2 2 1.5
v -3 3 -1.5
v -3 3 1.5
v -3 2 1.5
v -3 2 -1.5
v 24 2 -3
v 24 0 -3
v 24 2 3
v 24 0 3
v 22 2 -3
v 22 2 3
v 22 0 3
v 22 0 -3
v 22 1 -3
v 22 1 3
v 21 2 -3
v 21 2 3
v 21 1 3
v 21 1 -3
v 15 2 -3
v 15 1 -3
v 15 2 3
v 15 1 3
v 14 2 -3
v 14 2 3
v 14 1 3
v 14 1 -3
v 29 1 -3
v 29 0 -3
v 29 1 3
v 29 0 3
v 24 1 -3
v 24 1 3
v 14 0 -3
v 14 0 3
v 13 1 -3
v 13 1 3
v 13 0 3
v 13 0 -3
v -8 1 -3
v -8 0 -3
v -8 1 3
v -8 0 3
v -9 1 -3
v -9 1 3
v -9 0 3
v -9 0 -3
v -10 1 -3
v -10 0 -3
v -10 1 3
v -10 0 3
v -15 1 -3
v -15 1 3
v -15 0 3
v -15 0 -3
v -20 1 -2.5
v -20 -1 -2.5
v -20 1 2.5
v -20 -1 2.5
v -21 1 -2.5
v -21 1 2.5
v -21 -1 2.5
v -21 -1 -2.5
v -22 1 -2.5
v -22 0 -2.5
v -22 1 2.5
v -22 0 2.5
v -23 1 -2.5
v -23 1 2.5
v -23 0 2.5
v -23 0 -2.5
v -25 1 -2.5
v -25 0 -2.5
v -25 1 2.5
v -25 0 2.5
v -26 1 -2.5
v -26 1 2.5
v -26 0 2.5
v -26 0 -2.5
v -26 1 -2
v -26 0 -2
v -26 1 2
v -26 0 2
v -27 1 -2
v -27 1 2
v -27 0 2
v -27 0 -2
v 19 0 -4
v 19 -1 -4
v 19 0 4
v 19 -1 4
v 17 0 -4
v 17 0 4
v 17 -1 4
v 17 -1 -4
v -7 0 -3.5
v -7 -1 -3.5
v -7 0 3.5
v -7 -1 3.5
v -8 0 -3.5
v -8 0 3.5
v -8 -1 3.5
v -8 -1 -3.5
v -16 0 -3
v -16 -3 -3
v -16 0 3
v -16 -3 3
v -17 0 -3
v -17 0 3
v -17 -3 3
v -17 -3 -3
v 17 -2 -4
v 17 -2 4
v 16 -1 -4
v 16 -1 4
v 16 -2 4
v 16 -2 -4
v -5 -1 -3.5
v -5 -2 -3.5
v -5 -1 3.5
v -5 -2 3.5
v -6 -1 -3.5
v -6 -1 3.5
v -6 -2 3.5
v -6 -2 -3.5
v -19 -1 -2.5
v -19 -3 -2.5
v -19 -1 2.5
v -19 -3 2.5
v -20 -3 2.5
v -20 -3 -2.5
v 16 -4 -4
v 16 -4 4
v 15 -2 -4
v 15 -2 4
v 15 -4 4
v 15 -4 -4
v 13 -2 -3
v 13 -3 -3
v 13 -2 3
v 13 -3 3
v 12 -2 -3
v 12 -2 3
v 12 -3 3
v 12 -3 -3
v -11 -2 -3
v -11 -3 -3
v -11 -2 3
v -11 -3 3
v -12 -2 -3
v -12 -2 3
v -12 -3 3
v -12 -3 -3
v 29 -3 -1
v 29 -4 -1
v 29 -3 1
v 29 -4 1
v 28 -3 -1
v 28 -3 1
v 28 -4 1
v 28 -4 -1
v 13 -3 -2.5
v 13 -4 -2.5
v 13 -3 2.5
v 13 -4 2.5
v 12 -3 -2.5
v 12 -3 2.5
v 12 -4 2.5
v 12 -4 -2.5
v -1 -3 -2.5
v -1 -4 -2.5
v -1 -3 2.5
v -1 -4 2.5
v -2 -3 -2.5
v -2 -3 2.5
v -2 -4 2.5
v -2 -4 -2.5
v -7 -3 -2
v -7 -4 -2
v -7 -3 2
v -7 -4 2
v -9 -3 -2
v -9 -3 2
v -9 -4 2
v -9 -4 -2
v -17 -3 -2
v -17 -4 -2
v -17 -3 2
v -17 -4 2
v -20 -3 -2
v -20 -3 2
v -20 -4 2
v -20 -4 -2
v 27 -4 -1.5
v 27 -5 -1.5
v 27 -4 1.5
v 27 -5 1.5
v 25 -4 -1.5
v 25 -4 1.5
v 25 -5 1.5
v 25 -5 -1.5
v 17 -4 -4
v 17 -5 -4
v 17 -4 4
v 17 -5 4
v 16 -5 4
v 16 -5 -4
v 0 -4 -2.5
v 0 -5 -2.5
v 0 -4 2.5
v 0 -5 2.5
v -1 -5 2.5
v -1 -5 -2.5
v -22 -4 -1
v -22 -5 -1
v -22 -4 1
v -22 -5 1
v -23 -4 -1
v -23 -4 1
v -23 -5 1
v -23 -5 -1
v 29 -5 -1
v 29 -6 -1
v 29 -5 1
v 29 -6 1
v 28 -5 -1
v 28 -5 1
v 28 -6 1
v 28 -6 -1
v 19 -5 -4
v 19 -6 -4
v 19 -5 4
v 19 -6 4
v 17 -6 4
v 17 -6 -4
v 1 -5 -1.5
v 1 -6 -1.5
v 1 -5 1.5
v 1 -6 1.5
v 0 -5 -1.5
v 0 -5 1.5
v 0 -6 1.5
v 0 -6 -1.5
v -15 -5 -0.5
v -15 -6 -0.5
v -15 -5 0.5
v -15 -6 0.5
v -16 -5 -0.5
v -16 -5 0.5
v -16 -6 0.5
v -16 -6 -0.5
v -22 -5 -0.5
v -22 -6 -0.5
v -22 -5 0.5
v -22 -6 0.5
v -23 -5 -0.5
v -23 -5 0.5
v -23 -6 0.5
v -23 -6 -0.5
v 10 -6 -0.5
v 10 -7 -0.5
v 10 -6 0.5
v 10 -7 0.5
v 9 -6 -0.5
v 9 -6 0.5
v 9 -7 0.5
v 9 -7 -0.5
v -16 -7 -0.5
v -16 -7 0.5
v -17 -6 -0.5
v -17 -6 0.5
v -17 -7 0.5
v -17 -7 -0.5
v 29 -7 -1
v 29 -8 -1
v 29 -7 1
v 29 -8 1
v 28 -7 -1
v 28 -7 1
v 28 -8 1
v 28 -8 -1
v 11 -7 -0.5
v 11 -9 -0.5
v 11 -7 0.5
v 11 -9 0.5
v 10 -9 0.5
v 10 -9 -0.5
v -18 -7 -0.5
v -18 -8 -0.5
v -18 -7 0.5
v -18 -8 0.5
v -19 -7 -0.5
v -19 -7 0.5
v -19 -8 0.5
v -19 -8 -0.5
v 9 -9 -1
v 9 -10 -1
v 9 -9 1
v 9 -10 1
v 8 -9 -1
v 8 -9 1
v 8 -10 1
v 8 -10 -1
v 24 11 -1
v 24 10 -1
v 24 11 1
v 24 10 1
v 23 11 -1
v 23 11 1
v 23 10 1
v 23 10 -1
v 23 9 -1
v 23 9 1
v 22 10 -1
v 22 10 1
v 22 9 1
v 22 9 -1
v 11 10 -1.5
v 11 10 1.5
v 10 10 -1.5
v 10 10 1.5
v 9 10 -1.5
v 9 9 -1.5
v 9 10 1.5
v 9 9 1.5
v 8 10 -1.5
v 8 10 1.5
v 8 9 1.5
v 8 9 -1.5
v 7 10 -1.5
v 7 8 -1.5
v 7 10 1.5
v 7 8 1.5
v 6 10 -1.5
v 6 10 1.5
v 6 8 1.5
v 6 8 -1.5
v 27 9 -1
v 27 8 -1
v 27 9 1
v 27 8 1
v 26 9 -1
v 26 9 1
v 26 8 1
v 26 8 -1
v 22 8 -1
v 22 8 1
v 21 9 -1
v 21 9 1
v 21 8 1
v 21 8 -1
v 10 9 -1.5
v 10 9 1.5
v 7 9 -1.5
v 7 9 1.5
v 26 7 -1
v 26 7 1
v 25 8 -1
v 25 8 1
v 25 7 1
v 25 7 -1
v 21 7 -1
v 21 7 1
v 20 8 -1
v 20 8 1
v 20 7 1
v 20 7 -1
v 25 6 -1
v 25 6 1
v 24 7 -1
v 24 7 1
v 24 6 1
v 24 6 -1
v 12 7 -2
v 12 6 -2
v 12 7 2
v 12 6 2
v 10 7 -2
v 10 7 2
v 10 6 2
v 10 6 -2
v 22 6 -2.5
v 22 5 -2.5
v 22 6 2.5
v 22 5 2.5
v 18 6 -2.5
v 18 6 2.5
v 18 5 2.5
v 18 5 -2.5
v 15 6 -1.5
v 15 5 -1.5
v 15 6 1.5
v 15 5 1.5
v 14 6 -1.5
v 14 6 1.5
v 14 5 1.5
v 14 5 -1.5
v 8 6 -1.5
v 8 5 -1.5
v 8 6 1.5
v 8 5 1.5
v 6 6 -1.5
v 6 6 1.5
v 6 5 1.5
v 6 5 -1.5
v -4 6 -0.5
v -4 5 -0.5
v -4 6 0.5
v -4 5 0.5
v -5 6 -0.5
v -5 6 0.5
v -5 5 0.5
v -5 5 -0.5
v 25 5 -2.5
v 25 4 -2.5
v 25 5 2.5
v 25 4 2.5
v 24 5 -2.5
v 24 5 2.5
v 24 4 2.5
v 24 4 -2.5
v 24 5 -3
v 24 5 3
v 22 5 -3
v 22 5 3
v 22 4 -3
v 22 4 3
v 17 5 -3
v 17 5 3
v 17 4 3
v 17 4 -3
v 17 5 -2.5
v 17 4 -2.5
v 17 5 2.5
v 17 4 2.5
v 14 5 -3
v 14 4 -3
v 14 5 3
v 14 4 3
v 13 5 -3
v 13 5 3
v 13 4 3
v 13 4 -3
v 6 4 -1.5
v 6 4 1.5
v 5 5 -1.5
v 5 5 1.5
v 5 4 1.5
v 5 4 -1.5
v -3 5 -0.5
v -3 4 -0.5
v -3 5 0.5
v -3 4 0.5
v -4 4 0.5
v -4 4 -0.5
v -8 5 -1
v -8 4 -1
v -8 5 1
v -8 4 1
v -9 5 -1
v -9 5 1
v -9 4 1
v -9 4 -1
v 30 4 -2.5
v 30 1 -2.5
v 30 4 2.5
v 30 1 2.5
v 29 4 -2.5
v 29 4 2.5
v 29 1 2.5
v 29 1 -2.5
v 28 4 -2.5
v 28 3 -2.5
v 28 4 2.5
v 28 3 2.5
v 27 4 -2.5
v 27 4 2.5
v 27 3 2.5
v 27 3 -2.5
v 25 4 -3
v 25 2 -3
v 25 4 3
v 25 2 3
v 24 4 -3
v 24 4 3
v 22 3 -3
v 22 3 3
v 21 4 -3
v 21 4 3
v 21 3 3
v 21 3 -3
v 11 4 -3
v 11 2 -3
v 11 4 3
v 11 2 3
v 10 4 -3
v 10 4 3
v 10 2 3
v 10 2 -3
v 9 4 -3
v 9 2 -3
v 9 4 3
v 9 2 3
v 8 4 -3
v 8 4 3
v 8 2 3
v 8 2 -3
v 3 4 -1
v 3 3 -1
v 3 4 1
v 3 3 1
v 1 4 -1
v 1 4 1
v 1 3 1
v 1 3 -1
v 0 4 -1
v 0 3 -1
v 0 4 1
v 0 3 1
v -2 4 -1
v -2 4 1
v -2 3 1
v -2 3 -1
v -5 4 -1.5
v -5 3 -1.5
v -5 4 1.5
v -5 3 1.5
v -6 4 -1.5
v -6 4 1.5
v -6 3 1.5
v -6 3 -1.5
v 31 3 -2
v 31 1 -2
v 31 3 2
v 31 1 2
v 30 3 -2
v 30 3 2
v 30 1 2
v 30 1 -2
v 28 3 -3
v 28 1 -3
v 28 3 3
v 28 1 3
v 27 3 -3
v 27 3 3
v 27 1 3
v 27 1 -3
v 4 3 -2.5
v 4 2 -2.5
v 4 3 2.5
v 4 2 2.5
v 3 3 -2.5
v 3 3 2.5
v 3 2 2.5
v 3 2 -2.5
v -4 3 -2
v -4 2 -2
v -4 3 2
v -4 2 2
v -16 3 -2
v -16 3 2
v -16 2 2
v -16 2 -2
v 29 2 -3
v 29 2 3
v 28 2 -3
v 28 2 3
v 12 2 -3
v 12 1 -3
v 12 2 3
v 12 1 3
v 11 1 3
v 11 1 -3
v 10 1 -3
v 10 1 3
v 9 1 3
v 9 1 -3
v 8 1 -3
v 8 1 3
v 7 2 -3
v 7 2 3
v 7 1 3
v 7 1 -3
v 6 2 -3
v 6 1 -3
v 6 2 3
v 6 1 3
v 4 2 -3
v 4 2 3
v 4 1 3
v 4 1 -3
v -2 2 -2.5
v -2 1 -2.5
v -2 2 2.5
v -2 1 2.5
v -3 2 -2.5
v -3 2 2.5
v -3 1 2.5
v -3 1 -2.5
v -7 2 -2.5
v -7 1 -2.5
v -7 2 2.5
v -7 1 2.5
v -8 2 -2.5
v -8 2 2.5
v -8 1 2.5
v -8 1 -2.5
v -16 1 -2
v -16 1 2
v -21 2 -2
v -21 2 2
v -21 1 2
v -21 1 -2
v -22 2 -2
v -22 1 -2
v -22 2 2
v -22 1 2
v -23 2 -2
v -23 2 2
v -23 1 2
v -23 1 -2
v -25 2 -2
v -25 1 -2
v -25 2 2
v -25 1 2
v -26 2 -2
v -26 2 2
v 32 1 -1.5
v 32 0 -1.5
v 32 1 1.5
v 32 0 1.5
v 31 1 -1.5
v 31 1 1.5
v 31 0 1.5
v 31 0 -1.5
v -1 1 -2.5
v -1 0 -2.5
v -1 1 2.5
v -1 0 2.5
v -2 0 2.5
v -2 0 -2.5
v -6 1 -3
v -6 0 -3
v -6 1 3
v -6 0 3
v -7 1 -3
v -7 1 3
v -7 0 3
v -7 0 -3
v -19 1 -2.5
v -19 1 2.5
v -21 0 -1
v -21 -1 -1
v -21 0 1
v -21 -1 1
v -22 0 -1
v -22 0 1
v -22 -1 1
v -22 -1 -1
v 21 -1 -4
v 21 -2 -4
v 21 -1 4
v 21 -2 4
v 20 -1 -4
v 20 -1 4
v 20 -2 4
v 20 -2 -4
v 10 -1 -3.5
v 10 -3 -3.5
v 10 -1 3.5
v 10 -3 3.5
v 9 -1 -3.5
v 9 -1 3.5
v 9 -3 3.5
v 9 -3 -3.5
v -10 -1 -3
v -10 -2 -3
v -10 -1 3
v -10 -2 3
v -11 -1 -3
v -11 -1 3
v -18 -1 -3
v -18 -3 -3
v -18 -1 3
v -18 -3 3
v -19 -1 -3
v -19 -1 3
v -19 -3 3
v -19 -3 -3
v 28 -2 -2
v 28 -3 -2
v 28 -2 2
v 28 -3 2
v 27 -2 -2
v 27 -2 2
v 27 -3 2
v 27 -3 -2
v 27 -2 -2.5
v 27 -3 -2.5
v 27 -2 2.5
v 27 -3 2.5
v 26 -2 -2.5
v 26 -2 2.5
v 26 -3 2.5
v 26 -3 -2.5
v 25 -2 -2.5
v 25 -3 -2.5
v 25 -2 2.5
v 25 -3 2.5
v 24 -2 -2.5
v 24 -2 2.5
v 24 -3 2.5
v 24 -3 -2.5
v 18 -2 -4
v 18 -3 -4
v 18 -2 4
v 18 -3 4
v 17 -3 4
v 17 -3 -4
v -8 -2 -2.5
v -8 -3 -2.5
v -8 -2 2.5
v -8 -3 2.5
v -9 -2 -2.5
v -9 -2 2.5
v -9 -3 2.5
v -9 -3 -2.5
v -12 -2 -3.5
v -12 -3 -3.5
v -12 -2 3.5
v -12 -3 3.5
v -14 -2 -3.5
v -14 -2 3.5
v -14 -3 3.5
v -14 -3 -3.5
v 25 -3 -2
v 25 -4 -2
v 25 -3 2
v 25 -4 2
v 24 -3 -2
v 24 -3 2
v 24 -4 2
v 24 -4 -2
v 22 -3 -3.5
v 22 -4 -3.5
v 22 -3 3.5
v 22 -4 3.5
v 21 -3 -3.5
v 21 -3 3.5
v 21 -4 3.5
v 21 -4 -3.5
v 19 -3 -4
v 19 -4 -4
v 19 -3 4
v 19 -4 4
v 18 -4 4
v 18 -4 -4
v 15 -3 -3.5
v 15 -4 -3.5
v 15 -3 3.5
v 15 -4 3.5
v 14 -3 -3.5
v 14 -3 3.5
v 14 -4 3.5
v 14 -4 -3.5
v 10 -3 -3
v 10 -4 -3
v 10 -3 3
v 10 -4 3
v 9 -3 -3
v 9 -3 3
v 9 -4 3
v 9 -4 -3
v 3 -3 -3
v 3 -4 -3
v 3 -3 3
v 3 -4 3
v 2 -3 -3
v 2 -3 3
v 2 -4 3
v 2 -4 -3
v -3 -3 -1.5
v -3 -5 -1.5
v -3 -3 1.5
v -3 -5 1.5
v -4 -3 -1.5
v -4 -3 1.5
v -4 -5 1.5
v -4 -5 -1.5
v -12 -4 -3
v -12 -4 3
v -14 -3 -3
v -14 -3 3
v -14 -4 3
v -14 -4 -3
v -20 -3 -1
v -20 -4 -1
v -20 -3 1
v -20 -4 1
v -21 -3 -1
v -21 -3 1
v -21 -4 1
v -21 -4 -1
v 21 -4 -4
v 21 -5 -4
v 21 -4 4
v 21 -5 4
v 20 -4 -4
v 20 -4 4
v 20 -5 4
v 20 -5 -4
v 15 -5 4
v 15 -5 -4
v 12 -4 -2
v 12 -5 -2
v 12 -4 2
v 12 -5 2
v 10 -4 -2
v 10 -4 2
v 10 -5 2
v 10 -5 -2
v -18 -4 -0.5
v -18 -5 -0.5
v -18 -4 0.5
v -18 -5 0.5
v -19 -4 -0.5
v -19 -4 0.5
v -19 -5 0.5
v -19 -5 -0.5
v -21 -4 -0.5
v -21 -5 -0.5
v -21 -4 0.5
v -21 -5 0.5
v -22 -4 -0.5
v -22 -4 0.5
v 27 -5 -1
v 27 -5 1
v 27 -6 1
v 27 -6 -1
v 5 -5 -1
v 5 -6 -1
v 5 -5 1
v 5 -6 1
v 4 -5 -1
v 4 -5 1
v 4 -6 1
v 4 -6 -1
v -1 -5 -1.5
v -1 -6 -1.5
v -1 -5 1.5
v -1 -6 1.5
v -3 -6 1.5
v -3 -6 -1.5
v -19 -6 -0.5
v -19 -6 0.5
v -21 -6 0.5
v -21 -6 -0.5
v 9 -6 -1
v 9 -7 -1
v 9 -6 1
v 9 -7 1
v 8 -6 -1
v 8 -6 1
v 8 -7 1
v 8 -7 -1
v 4 -7 -1
v 4 -7 1
v 3 -6 -1
v 3 -6 1
v 3 -7 1
v 3 -7 -1
v 10 -7 -1
v 10 -8 -1
v 10 -7 1
v 10 -8 1
v 9 -8 1
v 9 -8 -1
v -20 -7 -0.5
v -20 -8 -0.5
v -20 -7 0.5
v -20 -8 0.5
v -21 -7 -0.5
v -21 -7 0.5
v -21 -8 0.5
v -21 -8 -0.5
v 14 11 -1
v 14 10 -1
v 14 11 1
v 14 10 1
v 17 10 -1
v 17 9 -1
v 17 10 1
v 17 9 1
v 12 10 -1.5
v 12 10 1.5
v 6 7 1.5
v 6 7 -1.5
v 13 7 -1.5
v 13 6 -1.5
v 13 7 1.5
v 13 6 1.5
v 12 7 -1.5
v 12 7 1.5
v 12 6 1.5
v 12 6 -1.5
v 10 6 -1.5
v 10 6 1.5
v 12 6 -3
v 12 5 -3
v 12 6 3
v 12 5 3
v 10 6 -3
v 10 6 3
v 10 5 3
v 10 5 -3
v -9 6 -0.5
v -9 5 -0.5
v -9 6 0.5
v -9 5 0.5
v -10 6 -0.5
v -10 6 0.5
v -10 5 0.5
v -10 5 -0.5
v -10 5 -1
v -10 5 1
v -10 4 1
v -10 4 -1
v 21 4 -2.5
v 21 3 -2.5
v 21 4 2.5
v 21 3 2.5
v 14 4 -2.5
v 14 4 2.5
v 14 3 2.5
v 14 3 -2.5
v 12 4 -3
v 12 4 3
v 12 0 3
v 12 0 -3
v 22 3 -2.5
v 22 2 -2.5
v 22 3 2.5
v 22 2 2.5
v 21 2 2.5
v 21 2 -2.5
v 15 3 -2.5
v 15 2 -2.5
v 15 3 2.5
v 15 2 2.5
v 14 2 2.5
v 14 2 -2.5
v 27 2 -3
v 27 2 3
v 11 0 -3
v 11 0 3
v 10 0 3
v 10 0 -3
v 4 1 -2.5
v 4 1 2.5
v 3 1 2.5
v 3 1 -2.5
v -3 0 -2.5
v -3 0 2.5
v -6 2 -2.5
v -6 2 2.5
v -6 0 2.5
v -6 0 -2.5
v -6 1 -2.5
v -6 1 2.5
v -9 2 -2.5
v -9 1 -2.5
v -9 2 2.5
v -9 1 2.5
v -16 2 -2.5
v -16 2 2.5
v -16 1 2.5
v -16 1 -2.5
v 31 0 -2
v 31 0 2
v 30 0 2
v 30 0 -2
v 30 0 -2.5
v 30 0 2.5
v 29 0 2.5
v 29 0 -2.5
v 21 1 -3.5
v 21 0 -3.5
v 21 1 3.5
v 21 0 3.5
v 20 1 -3.5
v 20 1 3.5
v 20 0 3.5
v 20 0 -3.5
v 16 1 -3.5
v 16 0 -3.5
v 16 1 3.5
v 16 0 3.5
v 15 1 -3.5
v 15 1 3.5
v 15 0 3.5
v 15 0 -3.5
v 1 1 -3
v 1 0 -3
v 1 1 3
v 1 0 3
v 0 1 -3
v 0 1 3
v 0 0 3
v 0 0 -3
v -15 1 -2.5
v -15 0 -2.5
v -15 1 2.5
v -15 0 2.5
v -19 0 2.5
v -19 0 -2.5
v 0 -1 -3
v 0 -1 3
v -1 0 -3
v -1 0 3
v -1 -1 3
v -1 -1 -3
v -9 -1 -3
v -9 -1 3
v -17 0 -2.5
v -17 -3 -2.5
v -17 0 2.5
v -17 -3 2.5
v -18 0 -2.5
v -18 0 2.5
v -18 -3 2.5
v -18 -3 -2.5
v -18 -1 -2.5
v -18 -1 2.5
v 30 -1 -1.5
v 30 -2 -1.5
v 30 -1 1.5
v 30 -2 1.5
v 29 -1 -1.5
v 29 -1 1.5
v 29 -2 1.5
v 29 -2 -1.5
v 29 -1 -2
v 29 -2 -2
v 29 -1 2
v 29 -2 2
v 28 -1 -2
v 28 -1 2
v 28 -1 -2.5
v 28 -2 -2.5
v 28 -1 2.5
v 28 -2 2.5
v 27 -1 -2.5
v 27 -1 2.5
v 26 -1 -2.5
v 26 -1 2.5
v 25 -1 -2.5
v 25 -1 2.5
v 24 -1 -2.5
v 24 -1 2.5
v 23 -1 -2.5
v 23 -1 2.5
v 23 -2 2.5
v 23 -2 -2.5
v 22 -1 -3.5
v 22 -1 3.5
v 21 -1 -3.5
v 21 -1 3.5
v 15 -1 -3.5
v 15 -1 3.5
v 14 -1 -3.5
v 14 -1 3.5
v 12 -1 -3
v 12 -1 3
v 11 -1 -3
v 11 -1 3
v 11 -3 3
v 11 -3 -3
v -8 -2 -3.5
v -8 -2 3.5
v -9 -1 -3.5
v -9 -1 3.5
v -9 -2 3.5
v -9 -2 -3.5
v -2 -2 -2.5
v -2 -5 -2.5
v -2 -2 2.5
v -2 -5 2.5
v -3 -2 -2.5
v -3 -2 2.5
v -3 -5 2.5
v -3 -5 -2.5
v -10 -2 -3.5
v -10 -3 -3.5
v -10 -2 3.5
v -10 -3 3.5
v -11 -2 -3.5
v -11 -2 3.5
v -11 -3 3.5
v -11 -3 -3.5
v 23 -3 -2
v 23 -3 2
v 23 -4 2
v 23 -4 -2
v 11 -3 -2.5
v 11 -3 2.5
v 11 -4 2.5
v 11 -4 -2.5
v -10 -3 -3
v -10 -4 -3
v -10 -3 3
v -10 -4 3
v -11 -4 3
v -11 -4 -3
v 22 -6 -3.5
v 22 -6 3.5
v 21 -6 3.5
v 21 -6 -3.5
v 15 -5 -3.5
v 15 -5 3.5
v 14 -5 3.5
v 14 -5 -3.5
v 13 -4 -2
v 13 -5 -2
v 13 -4 2
v 13 -5 2
v -10 -4 -2.5
v -10 -5 -2.5
v -10 -4 2.5
v -10 -5 2.5
v -13 -4 -2.5
v -13 -4 2.5
v -13 -5 2.5
v -13 -5 -2.5
v -20 -5 -1
v -20 -5 1
v -21 -5 1
v -21 -5 -1
v -23 -4 -0.5
v -23 -4 0.5
v -24 -4 -0.5
v -24 -4 0.5
v -24 -5 0.5
v -24 -5 -0.5
v 21 -5 -3.5
v 21 -5 3.5
v 20 -5 -3.5
v 20 -5 3.5
v 20 -6 3.5
v 20 -6 -3.5
v 20 -6 -4
v 20 -6 4
v 16 -6 4
v 16 -6 -4
v 16 -5 -3.5
v 16 -6 -3.5
v 16 -5 3.5
v 16 -6 3.5
v 15 -6 3.5
v 15 -6 -3.5
v 15 -5 -2
v 15 -6 -2
v 15 -5 2
v 15 -6 2
v 14 -5 -2
v 14 -5 2
v 14 -6 2
v 14 -6 -2
v 9 -5 -1
v 9 -5 1
v 8 -5 -1
v 8 -5 1
v 4 -5 -1.5
v 4 -6 -1.5
v 4 -5 1.5
v 4 -6 1.5
v 3 -5 -1.5
v 3 -5 1.5
v 3 -6 1.5
v 3 -6 -1.5
v 20 -7 -3.5
v 20 -7 3.5
v 16 -7 3.5
v 16 -7 -3.5
v -18 -6 -0.5
v -18 -6 0.5
v -22 -7 0.5
v -22 -7 -0.5
v 10 -9 -1
v 10 -9 1
v 11 11 -1
v 11 11 1
v 11 10 1
v 11 10 -1
v 7 10 -1
v 7 10 1
v 6 11 -1
v 6 11 1
v 6 10 1
v 6 10 -1
v 27 6 -2
v 27 5 -2
v 27 6 2
v 27 5 2
v 25 6 -2
v 25 6 2
v 25 5 2
v 25 5 -2
v 29 5 -2
v 29 4 -2
v 29 5 2
v 29 4 2
v 28 5 -2
v 28 5 2
v 28 4 2
v 28 4 -2
v -21 3 -1.5
v -21 2 -1.5
v -21 3 1.5
v -21 2 1.5
v -22 3 -1.5
v -22 3 1.5
v -22 2 1.5
v -22 2 -1.5
v -23 3 -1.5
v -23 2 -1.5
v -23 3 1.5
v -23 2 1.5
v -25 3 -1.5
v -25 3 1.5
v -25 2 1.5
v -25 2 -1.5
v 9 11 -1
v 9 11 1
v 9 10 1
v 9 10 -1
v 17 6 -2
v 17 5 -2
v 17 6 2
v 17 5 2
v 16 6 -2
v 16 6 2
v 16 5 2
v 16 5 -2
v 31 4 -2
v 31 4 2
v 30 4 -2
v 30 4 2
v -16 4 -1.5
v -16 4 1.5
v -16 3 1.5
v -16 3 -1.5
v 32 3 -1.5
v 32 2 -1.5
v 32 3 1.5
v 32 2 1.5
v 31 3 -1.5
v 31 3 1.5
v 31 2 1.5
v 31 2 -1.5
v 12 3 -3.5
v 12 2 -3.5
v 12 3 3.5
v 12 2 3.5
v 11 3 -3.5
v 11 3 3.5
v 11 2 3.5
v 11 2 -3.5
v 10 3 -3.5
v 10 2 -3.5
v 10 3 3.5
v 10 2 3.5
v 9 3 -3.5
v 9 3 3.5
v 9 2 3.5
v 9 2 -3.5
v 8 3 -3.5
v 8 2 -3.5
v 8 3 3.5
v 8 2 3.5
v 7 3 -3.5
v 7 3 3.5
v 7 2 3.5
v 7 2 -3.5
v 6 3 -3
v 6 3 3
v 4 3 -3
v 4 3 3
v -16 2 -1.5
v -16 2 1.5
v 2 2 -2.5
v 2 1 -2.5
v 2 2 2.5
v 2 1 2.5
v -1 2 -2.5
v -1 2 2.5
v -26 2 -1.5
v -26 1 -1.5
v -26 2 1.5
v -26 1 1.5
v -28 2 -1.5
v -28 2 1.5
v -28 1 1.5
v -28 1 -1.5
v 9 0 -3.5
v 9 0 3.5
v 8 0 -3.5
v 8 0 3.5
v 8 -1 3.5
v 8 -1 -3.5
v -14 -1 -3
v -14 -2 -3
v -14 -1 3
v -14 -2 3
v -15 -1 -3
v -15 -1 3
v -15 -2 3
v -15 -2 -3
v -21 -1 -2
v -21 -2 -2
v -21 -1 2
v -21 -2 2
v -22 -1 -2
v -22 -1 2
v -22 -2 2
v -22 -2 -2
v 9 -2 -4
v 9 -3 -4
v 9 -2 4
v 9 -3 4
v 0 -2 -4
v 0 -2 4
v 0 -3 4
v 0 -3 -4
v -20 -2 -1.5
v -20 -3 -1.5
v -20 -2 1.5
v -20 -3 1.5
v -21 -2 -1.5
v -21 -2 1.5
v -21 -3 1.5
v -21 -3 -1.5
v 3 -5 -3
v 3 -5 3
v 1 -4 -3
v 1 -4 3
v 1 -5 3
v 1 -5 -3
v -19 -4 -1
v -19 -5 -1
v -19 -4 1
v -19 -5 1
v 28 -9 -1.5
v 28 -10 -1.5
v 28 -9 1.5
v 28 -10 1.5
v 27 -9 -1.5
v 27 -9 1.5
v 27 -10 1.5
v 27 -10 -1.5
v 8 10 1
v 8 10 -1
v 24 7 -2
v 24 6 -2
v 24 7 2
v 24 6 2
v 17 7 -2
v 17 7 2
v 24 5 2
v 24 5 -2
v 30 5 -2
v 30 5 2
v 27 4 2
v 27 4 -2
v 12 4 -3.5
v 12 4 3.5
v 11 4 -3.5
v 11 4 3.5
v 10 4 -3.5
v 10 4 3.5
v 9 4 -3.5
v 9 4 3.5
v 8 4 -3.5
v 8 4 3.5
v 7 4 -3.5
v 7 4 3.5
v 20 3 -3.5
v 20 2 -3.5
v 20 3 3.5
v 20 2 3.5
v 19 3 -3.5
v 19 3 3.5
v 19 2 3.5
v 19 2 -3.5
v 17 3 -3.5
v 17 2 -3.5
v 17 3 3.5
v 17 2 3.5
v 16 3 -3.5
v 16 3 3.5
v 16 2 3.5
v 16 2 -3.5
v 2 3 -2
v 2 2 -2
v 2 3 2
v 2 2 2
v -1 3 -2
v -1 3 2
v -1 2 2
v -1 2 -2
v -26 3 -1.5
v -26 3 1.5
v 1 0 -3.5
v 1 0 3.5
v 1 -1 3.5
v 1 -1 -3.5
v -29 0 -1
v -29 -1 -1
v -29 0 1
v -29 -1 1
v -30 0 -1
v -30 0 1
v -30 -1 1
v -30 -1 -1
v 9 -2 -3.5
v 9 -2 3.5
v 8 -2 3.5
v 8 -2 -3.5
v 5 -1 -3.5
v 5 -2 -3.5
v 5 -1 3.5
v 5 -2 3.5
v 4 -1 -3.5
v 4 -1 3.5
v 4 -2 3.5
v 4 -2 -3.5
v 1 -2 -3.5
v 1 -2 3.5
v 0 -1 -3.5
v 0 -1 3.5
v 0 -2 3.5
v 0 -2 -3.5
v -4 -1 -3
v -4 -2 -3
v -4 -1 3
v -4 -2 3
v -5 -1 -3
v -5 -1 3
v -5 -2 3
v -5 -2 -3
v -21 -3 -2
v -21 -3 2
v -22 -3 2
v -22 -3 -2
v -22 -3 -1
v -22 -3 1
v 25 -4 -1
v 25 -5 -1
v 25 -4 1
v 25 -5 1
v 23 -4 -1
v 23 -4 1
v 23 -5 1
v 23 -5 -1
v 26 -5 -1
v 26 -5 1
v 26 -6 1
v 26 -6 -1
v 27 -7 1
v 27 -7 -1
v 21 -6 -1.5
v 21 -7 -1.5
v 21 -6 1.5
v 21 -7 1.5
v 20 -6 -1.5
v 20 -6 1.5
v 20 -7 1.5
v 20 -7 -1.5
v 19 -7 -1.5
v 19 -8 -1.5
v 19 -7 1.5
v 19 -8 1.5
v 18 -7 -1.5
v 18 -7 1.5
v 18 -8 1.5
v 18 -8 -1.5
v 4 11 -1
v 4 11 1
v 4 10 1
v 4 10 -1
v 3 11 -1
v 3 11 1
v 3 10 1
v 3 10 -1
v 4 8 -1
v 4 7 -1
v 4 8 1
v 4 7 1
v 3 8 -1
v 3 8 1
v 3 7 1
v 3 7 -1
v 13 10 -1.5
v 13 10 1.5
v 4 10 -1.5
v 4 10 1.5
v 4 8 1.5
v 4 8 -1.5
v 27 5 -2.5
v 27 5 2.5
v 29 3 -2.5
v 29 3 2.5
v 27 4 -3
v 27 4 3
v 25 3 3
v 25 3 -3
v 19 1 -3.5
v 19 1 3.5
v 19 0 3.5
v 19 0 -3.5
v 17 1 -3.5
v 17 0 -3.5
v 17 1 3.5
v 17 0 3.5
v -5 0 -3
v -5 0 3
v -6 -1 3
v -6 -1 -3
v -7 -2 3.5
v -7 -2 -3.5
v 23 -3 2.5
v 23 -3 -2.5
v 4 -7 -0.5
v 4 -8 -0.5
v 4 -7 0.5
v 4 -8 0.5
v 3 -7 -0.5
v 3 -7 0.5
v 3 -8 0.5
v 3 -8 -0.5
v 5 -8 -0.5
v 5 -10 -0.5
v 5 -8 0.5
v 5 -10 0.5
v 4 -10 0.5
v 4 -10 -0.5
v 6 -10 -0.5
v 6 -11 -0.5
v 6 -10 0.5
v 6 -11 0.5
v 5 -11 0.5
v 5 -11 -0.5
v 24 6 -2.5
v 24 6 2.5
v 17 6 -2.5
v 17 6 2.5
v 15 6 -2
v 15 6 2
v 15 5 2
v 15 5 -2
v 5 6 -1.5
v 5 6 1.5
v 8 5 -3
v 8 5 3
v 4 5 -1.5
v 4 5 1.5
v 4 4 1.5
v 4 4 -1.5
v -5 5 -1
v -5 4 -1
v -5 5 1
v -5 4 1
v -6 5 -1
v -6 5 1
v -6 4 1
v -6 4 -1
v -4 4 -1.5
v -4 3 -1.5
v -4 4 1.5
v -4 3 1.5
v 20 3 -3
v 20 3 3
v 20 2 3
v 20 2 -3
v 19 3 -3
v 19 2 -3
v 19 3 3
v 19 2 3
v 17 3 -3
v 17 3 3
v 17 2 3
v 17 2 -3
v 16 3 -3
v 16 2 -3
v 16 3 3
v 16 2 3
v 15 3 -3
v 15 3 3
v -3 3 -2
v -3 2 -2
v -3 3 2
v -3 2 2
v -27 1 -1.5
v -27 0 -1.5
v -27 1 1.5
v -27 0 1.5
v -28 0 1.5
v -28 0 -1.5
v 20 0 -4
v 20 0 4
v 16 0 -4
v 16 0 4
v 31 -1 -1
v 31 -2 -1
v 31 -1 1
v 31 -2 1
v 30 -1 -1
v 30 -1 1
v 30 -2 1
v 30 -2 -1
v 15 -1 -4
v 15 -1 4
v -20 -1 -1.5
v -20 -1 1.5
v -21 -1 -1.5
v -21 -1 1.5
v 30 -3 -1
v 30 -3 1
v 29 -2 -1
v 29 -2 1
v 29 -3 -1.5
v 29 -3 1.5
v 28 -2 -1.5
v 28 -2 1.5
v 28 -3 1.5
v 28 -3 -1.5
v 0 -3 -3.5
v 0 -3 3.5
v -1 -2 -3.5
v -1 -2 3.5
v -1 -3 3.5
v -1 -3 -3.5
v -15 -2 -3.5
v -15 -2 3.5
v -15 -3 3.5
v -15 -3 -3.5
v 28 -4 -1.5
v 28 -4 1.5
v 27 -3 -1.5
v 27 -3 1.5
v 27 -4 -2
v 27 -4 2
v 9 -4 -3.5
v 9 -4 3.5
v 3 -3 -3.5
v 3 -3 3.5
v 3 -4 3.5
v 3 -4 -3.5
v 1 -3 -3.5
v 1 -4 -3.5
v 1 -3 3.5
v 1 -4 3.5
v 0 -4 3.5
v 0 -4 -3.5
v -15 -3 -3
v -15 -3 3
v -15 -4 3
v -15 -4 -3
v 29 -9 -1
v 29 -9 1
v 28 -9 1
v 28 -9 -1
v 3 10 -1.5
v 3 10 1.5
v 3 8 1.5
v 3 8 -1.5
v 23 0 -3
v 23 -1 -3
v 23 0 3
v 23 -1 3
v 22 -1 3
v 22 -1 -3
v 14 0 -2.5
v 14 -1 -2.5
v 14 0 2.5
v 14 -1 2.5
v 10 0 -2.5
v 10 0 2.5
v 10 -1 2.5
v 10 -1 -2.5
v 4 -1 -3
v 4 -2 -3
v 4 -1 3
v 4 -2 3
v 3 -1 -3
v 3 -1 3
v 3 -2 3
v 3 -2 -3
v -15 -2 -2.5
v -15 -3 -2.5
v -15 -2 2.5
v -15 -3 2.5
v -16 -2 -2.5
v -16 -2 2.5
v -16 -3 2.5
v -16 -3 -2.5
v -15 -3 -2
v -15 -4 -2
v -15 -3 2
v -15 -4 2
v -16 -3 -2
v -16 -3 2
v -16 -4 2
v -16 -4 -2
v 9 -4 -2.5
v 9 -5 -2.5
v 9 -4 2.5
v 9 -5 2.5
v 4 -4 -2.5
v 4 -4 2.5
v 4 -5 2.5
v 4 -5 -2.5
v -14 -4 -1
v -14 -5 -1
v -14 -4 1
v -14 -5 1
v -15 -4 -1
v -15 -4 1
v -15 -5 1
v -15 -5 -1
v 14 6 -2.5
v 14 5 -2.5
v 14 6 2.5
v 14 5 2.5
v 12 6 -2.5
v 12 6 2.5
v 12 5 2.5
v 12 5 -2.5
v 10 6 -2.5
v 10 5 -2.5
v 10 6 2.5
v 10 5 2.5
v 8 6 -2.5
v 8 6 2.5
v 12 4 -2.5
v 12 4 2.5
v 10 4 2.5
v 10 4 -2.5
v 14 1 -2.5
v 14 1 2.5
v 13 4 -2.5
v 13 4 2.5
v 13 1 2.5
v 13 1 -2.5
v -8 2 -2
v -8 1 -2
v -8 2 2
v -8 1 2
v -9 2 -2
v -9 2 2
v -9 1 2
v -9 1 -2
v 21 0 3
v 21 0 -3
v 15 0 -3
v 15 0 3
v 9 0 -3
v 9 0 3
v 0 1 -2.5
v 0 0 -2.5
v 0 1 2.5
v 0 0 2.5
v -9 0 -2
v -9 0 2
v -10 1 -2
v -10 1 2
v -10 0 2
v -10 0 -2
v 29 -1 -3
v 29 -1 3
v 28 0 -3
v 28 0 3
v 28 -1 3
v 28 -1 -3
v 27 0 -3
v 27 -1 -3
v 27 0 3
v 27 -1 3
v 26 0 -3
v 26 0 3
v 26 -1 3
v 26 -1 -3
v 25 0 -3
v 25 -1 -3
v 25 0 3
v 25 -1 3
v 24 -1 3
v 24 -1 -3
v 22 0 -3.5
v 22 0 3.5
v 14 0 -3.5
v 14 0 3.5
v 10 -1 -3
v 10 -1 3
v 9 -1 3
v 9 -1 -3
v -1 -1 -2.5
v -1 -1 2.5
v -5 0 -2.5
v -5 0 2.5
v -5 -1 2.5
v -5 -1 -2.5
v -6 0 -3.5
v -6 0 3.5
v -8 -1 -3
v -8 -1 3
v -13 0 -3
v -13 -1 -3
v -13 0 3
v -13 -1 3
v -16 -1 3
v -16 -1 -3
v 23 -5 -2.5
v 23 -5 2.5
v 22 -1 -2.5
v 22 -1 2.5
v 22 -5 2.5
v 22 -5 -2.5
v 19 -2 4
v 19 -2 -4
v 14 -1 -3
v 14 -3 -3
v 14 -1 3
v 14 -3 3
v 13 -1 -3
v 13 -1 3
v -1 -3 -3
v -1 -3 3
v -2 -1 -3
v -2 -1 3
v -2 -3 3
v -2 -3 -3
v -9 -2 -3
v -9 -2 3
v -16 -2 3
v -16 -2 -3
v -6 -3 -3.5
v -6 -3 3.5
v -7 -3 3.5
v -7 -3 -3.5
v -10 -2 -2.5
v -10 -2 2.5
v -10 -3 2.5
v -10 -3 -2.5
v 21 -3 -4
v 21 -3 4
v 20 -3 -4
v 20 -3 4
v 14 -3 -2.5
v 14 -4 -2.5
v 14 -3 2.5
v 14 -4 2.5
v 10 -3 -2.5
v 10 -3 2.5
v 10 -4 2.5
v 10 -4 -2.5
v 0 -3 -3
v 0 -4 -3
v 0 -3 3
v 0 -4 3
v -1 -4 3
v -1 -4 -3
v -10 -3 -2
v -10 -3 2
v -10 -4 2
v -10 -4 -2
v 14 -4 -2
v 14 -4 2
v 10 -5 -2.5
v 10 -5 2.5
v 3 -4 -2.5
v 3 -4 2.5
v 3 -5 2.5
v 3 -5 -2.5
v 1 -4 -2.5
v 1 -5 -2.5
v 1 -4 2.5
v 1 -5 2.5
v -14 -4 -2.5
v -14 -4 2.5
v -14 -5 2.5
v -14 -5 -2.5
v 10 -5 -0.5
v 10 -5 0.5
v 9 -5 -0.5
v 9 -5 0.5
v 3 -6 -2.5
v 3 -6 2.5
v 1 -6 2.5
v 1 -6 -2.5
v 11 -9 -1
v 11 -10 -1
v 11 -9 1
v 11 -10 1
v 4 7 1.5
v 4 7 -1.5
v 29 3 -3
v 29 3 3
v -21 0 -2.5
v -21 0 2.5
v 20 -1 3.5
v 20 -1 -3.5
v 16 -1 -3.5
v 16 -1 3.5
v -8 -3 3.5
v -8 -3 -3.5
v 5 -8 -1
v 5 -8 1
v 4 -8 1
v 4 -8 -1
v 6 -8 -1
v 6 -10 -1
v 6 -8 1
v 6 -10 1
v 5 -10 1
v 5 -10 -1
v 7 -10 -1
v 7 -11 -1
v 7 -10 1
v 7 -11 1
v 6 -11 1
v 6 -11 -1
v -8 6 -0.5
v -8 5 -0.5
v -8 6 0.5
v -8 5 0.5
v 6 5 -2.5
v 6 5 2.5
v -4 5 -1
v -4 4 -1
v -4 5 1
v -4 4 1
v 4 4 -2.5
v 4 4 2.5
v -3 4 -1.5
v -3 4 1.5
v -2 -1 -2.5
v -2 -1 2.5
v -4 -1 -2.5
v -4 -1 2.5
v -4 -2 2.5
v -4 -2 -2.5
v 3 2 -2
v 3 2 2
v -2 3 -2
v -2 3 2
v -2 2 2
v -2 2 -2
v -4 -3 -3
v -4 -4 -3
v -4 -3 3
v -4 -4 3
v -5 -3 -3
v -5 -3 3
v -5 -4 3
v -5 -4 -3
v -6 -4 -3.5
v -6 -4 3.5
v -7 -4 3.5
v -7 -4 -3.5
v -5 -5 -3
v -5 -5 3
v -6 -4 -3
v -6 -4 3
v -6 -5 3
v -6 -5 -3
v -29 -1 -2
v -29 -1 2
v -29 -2 2
v -29 -2 -2
v -4 -2 -3.5
v -4 -3 -3.5
v -4 -2 3.5
v -4 -3 3.5
v -5 -3 -3.5
v -5 -4 -3.5
v -5 -3 3.5
v -5 -4 3.5
v -29 -3 -1
v -29 -3 1
v -29 -4 1
v -29 -4 -1
v 26 -5 -1.5
v 26 -6 -1.5
v 26 -5 1.5
v 26 -6 1.5
v 25 -6 1.5
v 25 -6 -1.5
v 23 -5 -1.5
v 23 -6 -1.5
v 23 -5 1.5
v 23 -6 1.5
v 22 -5 -1.5
v 22 -5 1.5
v 22 -6 1.5
v 22 -6 -1.5
v 22 -7 -1.5
v 22 -7 1.5
v 20 -8 -1.5
v 20 -8 1.5
v 28 -8 -1.5
v 28 -8 1.5
v 27 -8 -1.5
v 27 -8 1.5
v 30 -1 -2.5
v 30 -1 2.5
v 29 -1 2.5
v 29 -1 -2.5
v 28 0 -2.5
v 28 0 2.5
v 27 0 -2.5
v 27 0 2.5
v 26 0 -2.5
v 26 0 2.5
v 25 0 -2.5
v 25 0 2.5
v 24 0 -2.5
v 24 0 2.5
v 23 0 -2.5
v 23 0 2.5
v 0 0 -3.5
v 0 0 3.5
v -1 -1 -3.5
v -1 -1 3.5
v -3 -2 -3
v -3 -3 -3
v -3 -2 3
v -3 -3 3
v 27 -6 -1.5
v 27 -7 -1.5
v 27 -6 1.5
v 27 -7 1.5
v 26 -7 1.5
v 26 -7 -1.5
v 28 -7 -1.5
v 28 -7 1.5
v 19 -1 -3.5
v 19 -2 -3.5
v 19 -1 3.5
v 19 -2 3.5
v 17 -1 -3.5
v 17 -1 3.5
v 17 -2 3.5
v 17 -2 -3.5
v 20 -2 -3.5
v 20 -4 -3.5
v 20 -2 3.5
v 20 -4 3.5
v 19 -4 3.5
v 19 -4 -3.5
v 17 -4 -3.5
v 17 -4 3.5
v 16 -2 -3.5
v 16 -2 3.5
v 16 -4 3.5
v 16 -4 -3.5
v 19 -5 -3.5
v 19 -5 3.5
v 17 -5 3.5
v 17 -5 -3.5
v 8 -1 -3
v 8 -2 -3
v 8 -1 3
v 8 -2 3
v 5 -1 -3
v 5 -1 3
v 5 -2 3
v 5 -2 -3
v 1 -1 -3
v 1 -1 3
v 1 -2 3
v 1 -2 -3
v 1 -3 -3
v 1 -3 3
v -30 -1 -2
v -30 -1 2
v -30 -2 2
v -30 -2 -2
v -29 -3 2
v -29 -3 -2
v -30 -3 -1
v -30 -3 1
v -30 -4 1
v -30 -4 -1
v -31 -1 -1
v -31 -1 1
v -31 -3 1
v -31 -3 -1
v -30 -3 2
v -30 -3 -2
v 8 -5 -0.5
v 8 -6 -0.5
v 8 -5 0.5
v 8 -6 0.5
v 7 -5 -0.5
v 7 -5 0.5
v 7 -6 0.5
v 7 -6 -0.5

vn 1 0 0
vn 0 1 0
vn 0 -1 0
vn -1 0 0
vn 0 0 -1
vn 0 0 1

vt -19.68504 19.68504
vt 19.68504 19.68504
vt -19.68504 -19.68504
vt 0 NaN
vt 0 0
vt 0 NaN
vt 0 NaN
vt 0 NaN
vt 0 NaN
vt 0 NaN
vt 19.68504 -19.68504
vt 0 NaN
vt 0 NaN
vt 0 NaN
vt 0 NaN
vt 0 NaN
vt 0 NaN
vt 0 NaN
vt 0 NaN
vt 0 NaN
vt 0 NaN
vt 0 NaN
vt 0 NaN
vt 0 NaN
vt 0 NaN
vt 0 NaN
vt 0 NaN
vt 0 NaN
vt 0 NaN
vt 0 NaN
vt 0 NaN
vt 0 NaN
vt 0 NaN
vt 0 NaN
vt 0 NaN
vt 0 NaN
vt 0 NaN
vt 0 NaN
vt 0 NaN
vt 0 NaN
vt 0 NaN
vt 0 NaN
vt 0 NaN
vt 0 NaN
vt 0 NaN
vt 0 NaN
vt 0 NaN
vt 0 NaN
vt 0 NaN
vt 0 NaN
vt 0 NaN
vt 0 NaN
vt 0 NaN
vt 0 NaN
vt 0 NaN
vt 0 NaN
vt 0 NaN
vt 0 NaN
vt 0 NaN
vt 0 NaN
vt 0 NaN
vt 0 NaN
vt 0 NaN
vt 0 NaN
vt 0 NaN
vt 0 NaN
vt 0 NaN
vt 0 NaN
vt 0 NaN
vt 0 NaN
vt 0 NaN
vt 0 NaN
vt 0 NaN
vt 0 NaN
vt 0 NaN
vt 0 NaN
vt 0 NaN
vt 0 NaN
vt 0 NaN
vt 0 NaN
vt 0 NaN
vt 0 NaN
vt 0 NaN
vt 0 NaN
vt 0 NaN
vt 0 NaN
vt 0 NaN
vt 0 NaN
vt 0 NaN
vt 0 NaN
vt 0 NaN
vt 0 NaN
vt 0 NaN
vt 0 NaN
vt 0 NaN
vt 0 NaN
vt 0 NaN
vt 0 NaN
vt 0 NaN
vt 0 NaN
vt 0 NaN
vt 0 NaN
vt 0 NaN
vt 0 NaN
vt 0 NaN
vt 0 NaN
vt 0 NaN
vt 0 NaN
vt 0 NaN
vt 0 NaN
vt 0 NaN
vt 0 NaN
vt 0 NaN
vt 0 NaN
vt 0 NaN
vt 0 NaN
vt 0 NaN
vt 0 NaN
vt 0 NaN
vt 0 NaN
vt 0 NaN
vt 0 NaN
vt 0 NaN
vt 0 NaN
vt 0 NaN
vt 0 NaN
vt 0 NaN
vt 0 NaN
vt 0 NaN
vt 0 NaN
vt 0 NaN
vt 0 NaN
vt 0 NaN
vt 0 NaN
vt 0 NaN
vt 0 NaN
vt 0 NaN
vt 0 NaN
vt 0 NaN
vt 0 NaN
vt 0 NaN
vt 0 NaN
vt 0 NaN
vt 0 NaN
vt 0 NaN
vt 0 NaN
vt 0 NaN
vt 0 NaN
vt 0 NaN
vt 0 NaN
vt 0 NaN
vt 0 NaN
vt 0 NaN
vt 0 NaN
vt 0 NaN
vt 0 NaN
vt 0 NaN
vt 0 NaN
vt 0 NaN
vt 0 NaN
vt 0 NaN
vt 0 NaN
vt 0 NaN
vt 0 NaN
vt 0 NaN
vt 0 NaN
vt 0 NaN
vt 0 NaN
vt 0 NaN
vt 0 NaN
vt 0 NaN
vt 0 NaN
vt 0 NaN
vt 0 NaN
vt 0 NaN
vt 0 NaN
vt 0 NaN
vt 0 NaN
vt 0 NaN
vt 0 NaN
vt 0 NaN
vt 0 NaN
vt 0 NaN
vt 0 NaN
vt 0 NaN
vt 0 NaN
vt 0 NaN
vt 0 NaN
vt 0 NaN
vt 0 NaN
vt 0 NaN
vt 0 NaN
vt 0 NaN
vt 0 NaN
vt 0 NaN
vt 0 NaN
vt 0 NaN
vt 0 NaN
vt 0 NaN
vt 0 NaN
vt 0 NaN
vt 0 NaN
vt 0 NaN
vt 0 NaN
vt 0 NaN
vt 0 NaN
vt 0 NaN
vt 0 NaN
vt 0 NaN
vt 0 NaN
vt 0 NaN
vt 0 NaN
vt 0 NaN
vt 0 NaN
vt 0 NaN
vt 0 NaN
vt 0 NaN
vt 0 NaN
vt 0 NaN
vt 0 NaN
vt 0 NaN
vt 0 NaN
vt 0 NaN
vt 0 NaN
vt 0 NaN
vt 0 NaN
vt 0 NaN
vt 0 NaN
vt 0 NaN
vt 0 NaN
vt 0 NaN
vt 0 NaN
vt 0 NaN
vt 0 NaN
vt 0 NaN
vt 0 NaN
vt 0 NaN
vt 0 NaN
vt 0 NaN
vt 0 NaN
vt 0 NaN
vt 0 NaN
vt 0 NaN
vt 0 NaN
vt 0 NaN
vt 0 NaN
vt 0 NaN
vt 0 NaN
vt 0 NaN
vt 0 NaN
vt 0 NaN
vt 0 NaN
vt 0 NaN
vt 0 NaN
vt 0 NaN
vt 0 NaN
vt 0 NaN
vt 0 NaN
vt 0 NaN
vt 0 NaN
vt 0 NaN
vt 0 NaN
vt 0 NaN
vt 0 NaN
vt 0 NaN
vt 0 NaN
vt 0 NaN
vt 0 NaN
vt 0 NaN
vt 0 NaN
vt 0 NaN
vt 0 NaN
vt 0 NaN
vt 0 NaN
vt 0 NaN
vt 0 NaN
vt 0 NaN
vt 0 NaN
vt 0 NaN
vt 0 NaN
vt 0 NaN
vt 0 NaN
vt 0 NaN
vt 0 NaN
vt 0 NaN
vt 0 NaN
vt 0 NaN
vt 0 NaN
vt 0 NaN
vt 0 NaN
vt 0 NaN
vt 0 NaN
vt 0 NaN
vt 0 NaN
vt 0 NaN
vt 0 NaN
vt 0 NaN
vt 0 NaN
vt 0 NaN
vt 0 NaN
vt 0 NaN
vt 0 NaN
vt 0 NaN
vt 0 NaN
vt 0 NaN
vt 0 NaN
vt 0 NaN
vt 0 NaN
vt 0 NaN
vt 0 NaN
vt 0 NaN
vt 0 NaN
vt 0 NaN
vt 0 NaN
vt 0 NaN
vt 0 NaN
vt 0 NaN
vt 0 NaN
vt 0 NaN
vt 0 NaN
vt 0 NaN
vt 0 NaN
vt 0 NaN
vt 0 NaN
vt 0 NaN
vt 0 NaN
vt 0 NaN
vt 0 NaN
vt 0 NaN
vt 0 NaN
vt 0 NaN
vt 0 NaN
vt 0 NaN
vt 0 NaN
vt 0 NaN
vt 0 NaN
vt 0 NaN
vt 0 NaN
vt 0 NaN
vt 0 NaN
vt 0 NaN
vt 0 NaN
vt 0 NaN
vt 0 NaN
vt 0 NaN
vt 0 NaN
vt 0 NaN
vt 0 NaN
vt 0 NaN
vt 0 NaN
vt 0 NaN
vt 0 NaN
vt 0 NaN
vt 0 NaN
vt 0 NaN
vt 0 NaN
vt 0 NaN
vt 0 NaN
vt 0 NaN
vt 0 NaN
vt 0 NaN
vt 0 NaN
vt 0 NaN
vt 0 NaN
vt 0 NaN
vt 0 NaN
vt 0 NaN
vt 0 NaN
vt 0 NaN
vt 0 NaN
vt 0 NaN
vt 0 NaN
vt 0 NaN
vt 0 NaN
vt 0 NaN
vt 0 NaN
vt 0 NaN
vt 0 NaN
vt 0 NaN
vt 0 NaN
vt 0 NaN
vt 0 NaN
vt 0 NaN
vt 0 NaN
vt 0 NaN
vt 0 NaN
vt 0 NaN
vt 0 NaN
vt 0 NaN
vt 0 NaN
vt 0 NaN
vt 0 NaN
vt 0 NaN
vt 0 NaN
vt 0 NaN
vt 0 NaN
vt 0 NaN
vt 0 NaN
vt 0 NaN
vt 0 NaN
vt 0 NaN
vt 0 NaN
vt 0 NaN
vt 0 NaN
vt 0 NaN
vt 0 NaN
vt 0 NaN
vt 0 NaN
vt 0 NaN
vt 0 NaN
vt 0 NaN
vt 0 NaN
vt 0 NaN
vt 0 NaN
vt 0 NaN
vt 0 NaN
vt 0 NaN
vt 0 NaN
vt 0 NaN
vt 0 NaN
vt 0 NaN
vt 0 NaN
vt 0 NaN
vt 0 NaN
vt 0 NaN
vt 0 NaN
vt 0 NaN
vt 0 NaN
vt 0 NaN
vt 0 NaN
vt 0 NaN
vt 0 NaN
vt 0 NaN
vt 0 NaN
vt 0 NaN
vt 0 NaN
vt 0 NaN
vt 0 NaN
vt 0 NaN
vt 0 NaN
vt 0 NaN
vt 0 NaN
vt 0 NaN
vt 0 NaN
vt 0 NaN
vt 0 NaN
vt 0 NaN
vt 0 NaN
vt 0 NaN
vt 0 NaN
vt 0 NaN
vt 0 NaN
vt 0 NaN
vt 0 NaN
vt 0 NaN
vt 0 NaN
vt 0 NaN
vt 0 NaN
vt 0 NaN
vt 0 NaN
vt 0 NaN
vt 0 NaN
vt 0 NaN
vt 0 NaN
vt 0 NaN
vt 0 NaN
vt 0 NaN
vt 0 NaN
vt 0 NaN
vt 0 NaN
vt 0 NaN
vt 0 NaN
vt 0 NaN
vt 0 NaN
vt 0 NaN
vt 0 NaN
vt 0 NaN
vt 0 NaN
vt 0 NaN
vt 0 NaN
vt 0 NaN
vt 0 NaN
vt 0 NaN
vt 0 NaN
vt 0 NaN
vt 0 NaN
vt 0 NaN
vt 0 NaN
vt 0 NaN
vt 0 NaN
vt 0 NaN
vt 0 NaN
vt 0 NaN
vt 0 NaN
vt 0 NaN
vt 0 NaN
vt 0 NaN
vt 0 NaN
vt 0 NaN
vt 0 NaN
vt 0 NaN
vt 0 NaN
vt 0 NaN
vt 0 NaN
vt 0 NaN
vt 0 NaN
vt 0 NaN
vt 0 NaN
vt 0 NaN
vt 0 NaN
vt 0 NaN
vt 0 NaN
vt 0 NaN
vt 0 NaN
vt 0 NaN
vt 0 NaN
vt 0 NaN
vt 0 NaN
vt 0 NaN
vt 0 NaN
vt 0 NaN
vt 0 NaN
vt 0 NaN
vt 0 NaN
vt 0 NaN
vt 0 NaN
vt 0 NaN
vt 0 NaN
vt 0 NaN
vt 0 NaN
vt 0 NaN
vt 0 NaN
vt 0 NaN
vt 0 NaN
vt 0 NaN
vt 0 NaN
vt 0 NaN
vt 0 NaN
vt 0 NaN
vt 0 NaN
vt 0 NaN
vt 0 NaN
vt 0 NaN
vt 0 NaN
vt 0 NaN
vt 0 NaN
vt 0 NaN
vt 0 NaN
vt 0 NaN
vt 0 NaN
vt 0 NaN
vt 0 NaN
vt 0 NaN
vt 0 NaN
vt 0 NaN
vt 0 NaN
vt 0 NaN
vt 0 NaN
vt 0 NaN
vt 0 NaN
vt 0 NaN
vt 0 NaN
vt 0 NaN
vt 0 NaN
vt 0 NaN
vt 0 NaN
vt 0 NaN
vt 0 NaN
vt 0 NaN
vt 0 NaN
vt 0 NaN
vt 0 NaN
vt 0 NaN
vt 0 NaN
vt 0 NaN
vt 0 NaN
vt 0 NaN
vt 0 NaN
vt 0 NaN
vt 0 NaN
vt 0 NaN
vt 0 NaN
vt 0 NaN
vt 0 NaN
vt 0 NaN
vt 0 NaN
vt 0 NaN
vt 0 NaN
vt 0 NaN
vt 0 NaN
vt 0 NaN
vt 0 NaN
vt 0 NaN
vt 0 NaN
vt 0 NaN
vt 0 NaN
vt 0 NaN
vt 0 NaN
vt 0 NaN
vt 0 NaN
vt 0 NaN
vt 0 NaN
vt 0 NaN
vt 0 NaN
vt 0 NaN
vt 0 NaN
vt 0 NaN
vt 0 NaN
vt 0 NaN
vt 0 NaN
vt 0 NaN
vt 0 NaN
vt 0 NaN
vt 0 NaN
vt 0 NaN
vt 0 NaN
vt 0 NaN
vt 0 NaN
vt 0 NaN
vt 0 NaN
vt 0 NaN
vt 0 NaN
vt 0 NaN
vt 0 NaN
vt 0 NaN
vt 0 NaN
vt 0 NaN
vt 0 NaN
vt 0 NaN
vt 0 NaN
vt 0 NaN
vt 0 NaN
vt 0 NaN
vt 0 NaN
vt 0 NaN
vt 0 NaN
vt 0 NaN
vt 0 NaN
vt 0 NaN
vt 0 NaN
vt 0 NaN
vt 0 NaN
vt 0 NaN
vt 0 NaN
vt 0 NaN
vt 0 NaN
vt 0 NaN
vt 0 NaN
vt 0 NaN
vt 0 NaN
vt 0 NaN
vt 0 NaN
vt 0 NaN
vt 0 NaN
vt 0 NaN
vt 0 NaN
vt 0 NaN
vt 0 NaN
vt 0 NaN
vt 0 NaN
vt 0 NaN
vt 0 NaN
vt 0 NaN
vt 0 NaN
vt 0 NaN
vt 0 NaN
vt 0 NaN
vt 0 NaN
vt 0 NaN
vt 0 NaN
vt 0 NaN
vt 0 NaN
vt 0 NaN
vt 0 NaN
vt 0 NaN
vt 0 NaN
vt 0 NaN
vt 0 NaN
vt 0 NaN
vt 0 NaN
vt 0 NaN
vt 0 NaN
vt 0 NaN
vt 0 NaN
vt 0 NaN
vt 0 NaN
vt 0 NaN
vt 0 NaN
vt 0 NaN
vt 0 NaN
vt 0 NaN
vt 0 NaN
vt 0 NaN
vt 0 NaN
vt 0 NaN
vt 0 NaN
vt 0 NaN
vt 0 NaN
vt 0 NaN
vt 0 NaN
vt 0 NaN
vt 0 NaN
vt 0 NaN
vt 0 NaN
vt 0 NaN
vt 0 NaN
vt 0 NaN
vt 0 NaN
vt 0 NaN
vt 0 NaN
vt 0 NaN
vt 0 NaN
vt 0 NaN
vt 0 NaN
vt 0 NaN
vt 0 NaN
vt 0 NaN
vt 0 NaN
vt 0 NaN
vt 0 NaN
vt 0 NaN
vt 0 NaN
vt 0 NaN
vt 0 NaN
vt 0 NaN
vt 0 NaN
vt 0 NaN
vt 0 NaN
vt 0 NaN
vt 0 NaN
vt 0 NaN
vt 0 NaN
vt 0 NaN
vt 0 NaN
vt 0 NaN
vt 0 NaN
vt 0 NaN
vt 0 NaN
vt 0 NaN
vt 0 NaN
vt 0 NaN
vt 0 NaN
vt 0 NaN
vt 0 NaN
vt 0 NaN
vt 0 NaN
vt 0 NaN
vt 0 NaN
vt 0 NaN
vt 0 NaN
vt 0 NaN
vt 0 NaN
vt 0 NaN
vt 0 NaN
vt 0 NaN
vt 0 NaN
vt 0 NaN
vt 0 NaN
vt 0 NaN
vt 0 NaN
vt 0 NaN
vt 0 NaN
vt 0 NaN
vt 0 NaN
vt 0 NaN
vt 0 NaN
vt 0 NaN
vt 0 NaN
vt 0 NaN
vt 0 NaN
vt 0 NaN
vt 0 NaN
vt 0 NaN
vt 0 NaN
vt 0 NaN
vt 0 NaN
vt 0 NaN
vt 0 NaN
vt 0 NaN
vt 0 NaN
vt 0 NaN
vt 0 NaN
vt 0 NaN
vt 0 NaN
vt 0 NaN
vt 0 NaN
vt 0 NaN
vt 0 NaN
vt 0 NaN
vt 0 NaN
vt 0 NaN
vt 0 NaN
vt 0 NaN
vt 0 NaN
vt 0 NaN
vt 0 NaN
vt 0 NaN
vt 0 NaN
vt 0 NaN
vt 0 NaN
vt 0 NaN
vt 0 NaN
vt 0 NaN
vt 0 NaN
vt 0 NaN
vt 0 NaN
vt 0 NaN
vt 0 NaN
vt 0 NaN
vt 0 NaN
vt 0 NaN
vt 0 NaN
vt 0 NaN
vt 0 NaN
vt 0 NaN
vt 0 NaN
vt 0 NaN
vt 0 NaN
vt 0 NaN
vt 0 NaN
vt 0 NaN
vt 0 NaN
vt 0 NaN
vt 0 NaN
vt 0 NaN
vt 0 NaN
vt 0 NaN
vt 0 NaN
vt 0 NaN
vt 0 NaN
vt 0 NaN
vt 0 NaN
vt 0 NaN
vt 0 NaN
vt 0 NaN
vt 0 NaN
vt 0 NaN
vt 0 NaN
vt 0 NaN
vt 0 NaN
vt 0 NaN
vt 0 NaN
vt 0 NaN
vt 0 NaN
vt 0 NaN
vt 0 NaN
vt 0 NaN
vt 0 NaN
vt 0 NaN
vt 0 NaN
vt 0 NaN
vt 0 NaN
vt 0 NaN
vt 0 NaN
vt 0 NaN
vt 0 NaN
vt 0 NaN
vt 0 NaN
vt 0 NaN
vt 0 NaN
vt 0 NaN
vt 0 NaN
vt 0 NaN
vt 0 NaN
vt 0 NaN
vt 0 NaN
vt 0 NaN
vt 0 NaN
vt 0 NaN
vt 0 NaN
vt 0 NaN
vt 0 NaN
vt 0 NaN
vt 0 NaN
vt 0 NaN
vt 0 NaN
vt 0 NaN
vt 0 NaN
vt 0 NaN
vt 0 NaN
vt 0 NaN
vt 0 NaN
vt 0 NaN
vt 0 NaN
vt 0 NaN
vt 0 NaN
vt 0 NaN
vt 0 NaN
vt 0 NaN
vt 0 NaN
vt 0 NaN
vt 0 NaN
vt 0 NaN
vt 0 NaN
vt 0 NaN
vt 0 NaN
vt 0 NaN
vt 0 NaN
vt 0 NaN
vt 0 NaN
vt 0 NaN
vt 0 NaN
vt 0 NaN
vt 0 NaN
vt 0 NaN
vt 0 NaN
vt 0 NaN
vt 0 NaN
vt 0 NaN
vt 0 NaN
vt 0 NaN
vt 0 NaN
vt 0 NaN
vt 0 NaN
vt 0 NaN
vt 0 NaN
vt 0 NaN
vt 0 NaN
vt 0 NaN
vt 0 NaN
vt 0 NaN
vt 0 NaN
vt 0 NaN
vt 0 NaN
vt 0 NaN
vt 0 NaN
vt 0 NaN
vt 0 NaN
vt 0 NaN
vt 0 NaN
vt 0 NaN
vt 0 NaN
vt 0 NaN
vt 0 NaN
vt 0 NaN
vt 0 NaN
vt 0 NaN
vt 0 NaN
vt 0 NaN
vt 0 NaN
vt 0 NaN
vt 0 NaN
vt 0 NaN
vt 0 NaN
vt 0 NaN
vt 0 NaN
vt 0 NaN
vt 0 NaN
vt 0 NaN
vt 0 NaN
vt 0 NaN
vt 0 NaN
vt 0 NaN
vt 0 NaN
vt 0 NaN
vt 0 NaN
vt 0 NaN
vt 0 NaN
vt 0 NaN
vt 0 NaN
vt 0 NaN
vt 0 NaN
vt 0 NaN
vt 0 NaN
vt 0 NaN
vt 0 NaN
vt 0 NaN
vt 0 NaN
vt 0 NaN
vt 0 NaN
vt 0 NaN
vt 0 NaN
vt 0 NaN
vt 0 NaN
vt 0 NaN
vt 0 NaN
vt 0 NaN
vt 0 NaN
vt 0 NaN
vt 0 NaN
vt 0 NaN
vt 0 NaN
vt 0 NaN
vt 0 NaN
vt 0 NaN
vt 0 NaN
vt 0 NaN
vt 0 NaN
vt 0 NaN
vt 0 NaN
vt 0 NaN
vt 0 NaN
vt 0 NaN
vt 0 NaN
vt 0 NaN
vt 0 NaN
vt 0 NaN
vt 0 NaN
vt 0 NaN
vt 0 NaN
vt 0 NaN
vt 0 NaN
vt 0 NaN
vt 0 NaN
vt 0 NaN
vt 0 NaN
vt 0 NaN
vt 0 NaN
vt 0 NaN
vt 0 NaN
vt 0 NaN
vt 0 NaN
vt 0 NaN
vt 0 NaN
vt 0 NaN
vt 0 NaN
vt 0 NaN
vt 0 NaN
vt 0 NaN
vt 0 NaN
vt 0 NaN
vt 0 NaN
vt 0 NaN
vt 0 NaN
vt 0 NaN
vt 0 NaN
vt 0 NaN
vt 0 NaN
vt 0 NaN
vt 0 NaN
vt 0 NaN
vt 0 NaN
vt 0 NaN
vt 0 NaN
vt 0 NaN
vt 0 NaN
vt 0 NaN
vt 0 NaN
vt 0 NaN
vt 0 NaN
vt 0 NaN
vt 0 NaN
vt 0 NaN
vt 0 NaN
vt 0 NaN
vt 0 NaN
vt 0 NaN
vt 0 NaN
vt 0 NaN
vt 0 NaN
vt 0 NaN
vt 0 NaN
vt 0 NaN
vt 0 NaN
vt 0 NaN
vt 0 NaN
vt 0 NaN
vt 0 NaN
vt 0 NaN
vt 0 NaN
vt 0 NaN
vt 0 NaN
vt 0 NaN
vt 0 NaN
vt 0 NaN
vt 0 NaN
vt 0 NaN
vt 0 NaN
vt 0 NaN
vt 0 NaN
vt 0 NaN
vt 0 NaN
vt 0 NaN
vt 0 NaN
vt 0 NaN
vt 0 NaN
vt 0 NaN
vt 0 NaN
vt 0 NaN
vt 0 NaN
vt 0 NaN
vt 0 NaN
vt 0 NaN
vt 0 NaN
vt 0 NaN
vt 0 NaN
vt 0 NaN
vt 0 NaN
vt 0 NaN
vt 0 NaN
vt 0 NaN
vt 0 NaN
vt 0 NaN
vt 0 NaN
vt 0 NaN
vt 0 NaN
vt 0 NaN
vt 0 NaN
vt 0 NaN
vt 0 NaN
vt 0 NaN
vt 0 NaN
vt 0 NaN
vt 0 NaN
vt 0 NaN
vt 0 NaN
vt 0 NaN
vt 0 NaN
vt 0 NaN
vt 0 NaN
vt 0 NaN
vt 0 NaN
vt 0 NaN
vt 0 NaN
vt 0 NaN
vt 0 NaN
vt 0 NaN
vt 0 NaN
vt 0 NaN
vt 0 NaN
vt 0 NaN
vt 0 NaN
vt 0 NaN
vt 0 NaN
vt 0 NaN
vt 0 NaN
vt 0 NaN
vt 0 NaN
vt 0 NaN
vt 0 NaN
vt 0 NaN
vt 0 NaN
vt 0 NaN
vt 0 NaN
vt 0 NaN
vt 0 NaN
vt 0 NaN
vt 0 NaN
vt 0 NaN
vt 0 NaN
vt 0 NaN
vt 0 NaN
vt 0 NaN
vt 0 NaN
vt 0 NaN
vt 0 NaN
vt 0 NaN
vt 0 NaN
vt 0 NaN
vt 0 NaN
vt 0 NaN
vt 0 NaN
vt 0 NaN
vt 0 NaN
vt 0 NaN
vt 0 NaN
vt 0 NaN
vt 0 NaN
vt 0 NaN
vt 0 NaN
vt 0 NaN
vt 0 NaN
vt 0 NaN
vt 0 NaN
vt 0 NaN
vt 0 NaN
vt 0 NaN
vt 0 NaN
vt 0 NaN
vt 0 NaN
vt 0 NaN
vt 0 NaN
vt 0 NaN
vt 0 NaN
vt 0 NaN
vt 0 NaN
vt 0 NaN
vt 0 NaN
vt 0 NaN
vt 0 NaN
vt 0 NaN
vt 0 NaN
vt 0 NaN
vt 0 NaN
vt 0 NaN
vt 0 NaN
vt 0 NaN
vt 0 NaN
vt 0 NaN
vt 0 NaN
vt 0 NaN
vt 0 NaN
vt 0 NaN
vt 0 NaN
vt 0 NaN
vt 0 NaN
vt 0 NaN
vt 0 NaN
vt 0 NaN
vt 0 NaN
vt 0 NaN
vt 0 NaN
vt 0 NaN
vt 0 NaN
vt 0 NaN
vt 0 NaN
vt 0 NaN
vt 0 NaN
vt 0 NaN
vt 0 NaN
vt 0 NaN
vt 0 NaN
vt 0 NaN
vt 0 NaN
vt 0 NaN
vt 0 NaN
vt 0 NaN
vt 0 NaN
vt 0 NaN
vt 0 NaN
vt 0 NaN
vt 0 NaN
vt 0 NaN
vt 0 NaN
vt 0 NaN
vt 0 NaN
vt 0 NaN
vt 0 NaN
vt 0 NaN
vt 0 NaN
vt 0 NaN
vt 0 NaN
vt 0 NaN
vt 0 NaN
vt 0 NaN
vt 0 NaN
vt 0 NaN
vt 0 NaN
vt 0 NaN
vt 0 NaN
vt 0 NaN
vt 0 NaN
vt 0 NaN
vt 0 NaN
vt 0 NaN
vt 0 NaN
vt 0 NaN
vt 0 NaN
vt 0 NaN
vt 0 NaN
vt 0 NaN
vt 0 NaN
vt 0 NaN
vt 0 NaN
vt 0 NaN
vt 0 NaN
vt 0 NaN
vt 0 NaN
vt 0 NaN
vt 0 NaN
vt 0 NaN
vt 0 NaN
vt 0 NaN
vt 0 NaN
vt 0 NaN
vt 0 NaN
vt 0 NaN
vt 0 NaN
vt 0 NaN
vt 0 NaN
vt 0 NaN
vt 0 NaN
vt 0 NaN
vt 0 NaN
vt 0 NaN
vt 0 NaN
vt 0 NaN
vt 0 NaN
vt 0 NaN
vt 0 NaN
vt 0 NaN
vt 0 NaN
vt 0 NaN
vt 0 NaN
vt 0 NaN
vt 0 NaN
vt 0 NaN
vt 0 NaN
vt 0 NaN
vt 0 NaN
vt 0 NaN
vt 0 NaN
vt 0 NaN
vt 0 NaN
vt 0 NaN
vt 0 NaN
vt 0 NaN
vt 0 NaN
vt 0 NaN
vt 0 NaN
vt 0 NaN
vt 0 NaN
vt 0 NaN
vt 0 NaN
vt 0 NaN
vt 0 NaN
vt 0 NaN
vt 0 NaN
vt 0 NaN
vt 0 NaN
vt 0 NaN
vt 0 NaN
vt 0 NaN
vt 0 NaN
vt 0 NaN
vt 0 NaN
vt 0 NaN
vt 0 NaN
vt 0 NaN
vt 0 NaN
vt 0 NaN
vt 0 NaN
vt 0 NaN
vt 0 NaN
vt 0 NaN
vt 0 NaN
vt 0 NaN
vt 0 NaN
vt 0 NaN
vt 0 NaN
vt 0 NaN
vt 0 NaN
vt 0 NaN
vt 0 NaN
vt 0 NaN
vt 0 NaN
vt 0 NaN
vt 0 NaN
vt 0 NaN
vt 0 NaN
vt 0 NaN
vt 0 NaN
vt 0 NaN
vt 0 NaN
vt 0 NaN
vt 0 NaN
vt 0 NaN
vt 0 NaN
vt 0 NaN
vt 0 NaN
vt 0 NaN
vt 0 NaN
vt 0 NaN
vt 0 NaN
vt 0 NaN
vt 0 NaN
vt 0 NaN
vt 0 NaN
vt 0 NaN
vt 0 NaN
vt 0 NaN
vt 0 NaN
vt 0 NaN
vt 0 NaN
vt 0 NaN
vt 0 NaN
vt 0 NaN
vt 0 NaN
vt 0 NaN
vt 0 NaN
vt 0 NaN
vt 0 NaN
vt 0 NaN
vt 0 NaN
vt 0 NaN
vt 0 NaN
vt 0 NaN
vt 0 NaN
vt 0 NaN
vt 0 NaN
vt 0 NaN
vt 0 NaN
vt 0 NaN
vt 0 NaN
vt 0 NaN
vt 0 NaN
vt 0 NaN
vt 0 NaN
vt 0 NaN
vt 0 NaN
vt 0 NaN
vt 0 NaN
vt 0 NaN
vt 0 NaN
vt 0 NaN
vt 0 NaN
vt 0 NaN
vt 0 NaN
vt 0 NaN
vt 0 NaN
vt 0 NaN
vt 0 NaN
vt 0 NaN
vt 0 NaN
vt 0 NaN
vt 0 NaN
vt 0 NaN
vt 0 NaN
vt 0 NaN
vt 0 NaN
vt 0 NaN
vt 0 NaN
vt 0 NaN
vt 0 NaN
vt 0 NaN
vt 0 NaN
vt 0 NaN
vt 0 NaN
vt 0 NaN
vt 0 NaN
vt 0 NaN
vt 0 NaN
vt 0 NaN
vt 0 NaN
vt 0 NaN
vt 0 NaN
vt 0 NaN
vt 0 NaN
vt 0 NaN
vt 0 NaN
vt 0 NaN
vt 0 NaN
vt 0 NaN
vt 0 NaN
vt 0 NaN
vt 0 NaN
vt 0 NaN
vt 0 NaN
vt 0 NaN
vt 0 NaN
vt 0 NaN
vt 0 NaN
vt 0 NaN
vt 0 NaN
vt 0 NaN
vt 0 NaN
vt 0 NaN
vt 0 NaN
vt 0 NaN
vt 0 NaN
vt 0 NaN
vt 0 NaN
vt 0 NaN
vt 0 NaN
vt 0 NaN
vt 0 NaN
vt 0 NaN
vt 0 NaN
vt 0 NaN
vt 0 NaN
vt 0 NaN
vt 0 NaN
vt 0 NaN
vt 0 NaN
vt 0 NaN
vt 0 NaN
vt 0 NaN
vt 0 NaN
vt 0 NaN
vt 0 NaN
vt 0 NaN
vt 0 NaN
vt 0 NaN
vt 0 NaN
vt 0 NaN
vt 0 NaN
vt 0 NaN
vt 0 NaN
vt 0 NaN
vt 0 NaN
vt 0 NaN
vt 0 NaN
vt 0 NaN
vt 0 NaN
vt 0 NaN
vt 0 NaN
vt 0 NaN
vt 0 NaN
vt 0 NaN
vt 0 NaN
vt 0 NaN
vt 0 NaN
vt 0 NaN
vt 0 NaN
vt 0 NaN
vt 0 NaN
vt 0 NaN
vt 0 NaN
vt 0 NaN
vt 0 NaN
vt 0 NaN
vt 0 NaN
vt 0 NaN
vt 0 NaN
vt 0 NaN
vt 0 NaN
vt 0 NaN
vt 0 NaN
vt 0 NaN
vt 0 NaN
vt 0 NaN
vt 0 NaN
vt 0 NaN
vt 0 NaN
vt 0 NaN
vt 0 NaN
vt 0 NaN
vt 0 NaN
vt 0 NaN
vt 0 NaN
vt 0 NaN
vt 0 NaN
vt 0 NaN
vt 0 NaN
vt 0 NaN
vt 0 NaN
vt 0 NaN
vt 0 NaN
vt 0 NaN
vt 0 NaN
vt 0 NaN
vt 0 NaN
vt 0 NaN
vt 0 NaN
vt 0 NaN
vt 0 NaN
vt 0 NaN
vt 0 NaN
vt 0 NaN
vt 0 NaN
vt 0 NaN
vt 0 NaN
vt 0 NaN
vt 0 NaN
vt 0 NaN
vt 0 NaN
vt 0 NaN
vt 0 NaN
vt 0 NaN
vt 0 NaN
vt 0 NaN
vt 0 NaN
vt 0 NaN
vt 0 NaN
vt 0 NaN
vt 0 NaN
vt 0 NaN
vt 0 NaN
vt 0 NaN
vt 0 NaN
vt 0 NaN
vt 0 NaN
vt 0 NaN
vt 0 NaN
vt 0 NaN
vt 0 NaN
vt 0 NaN
vt 0 NaN
vt 0 NaN
vt 0 NaN
vt 0 NaN
vt 0 NaN
vt 0 NaN
vt 0 NaN
vt 0 NaN
vt 0 NaN
vt 0 NaN
vt 0 NaN
vt 0 NaN
vt 0 NaN
vt 0 NaN
vt 0 NaN
vt 0 NaN
vt 0 NaN
vt 0 NaN
vt 0 NaN
vt 0 NaN
vt 0 NaN
vt 0 NaN
vt 0 NaN
vt 0 NaN
vt 0 NaN
vt 0 NaN
vt 0 NaN
vt 0 NaN
vt 0 NaN
vt 0 NaN
vt 0 NaN
vt 0 NaN
vt 0 NaN
vt 0 NaN
vt 0 NaN
vt 0 NaN
vt 0 NaN
vt 0 NaN
vt 0 NaN
vt 0 NaN
vt 0 NaN
vt 0 NaN
vt 0 NaN
vt 0 NaN
vt 0 NaN
vt 0 NaN
vt 0 NaN
vt 0 NaN
vt 0 NaN
vt 0 NaN
vt 0 NaN
vt 0 NaN
vt 0 NaN
vt 0 NaN
vt 0 NaN
vt 0 NaN
vt 0 NaN
vt 0 NaN
vt 0 NaN
vt 0 NaN
vt 0 NaN
vt 0 NaN
vt 0 NaN
vt 0 NaN
vt 0 NaN
vt 0 NaN
vt 0 NaN
vt 0 NaN
vt 0 NaN
vt 0 NaN
vt 0 NaN
vt 0 NaN
vt 0 NaN
vt 0 NaN
vt 0 NaN
vt 0 NaN
vt 0 NaN
vt 0 NaN
vt 0 NaN
vt 0 NaN
vt 0 NaN
vt 0 NaN
vt 0 NaN
vt 0 NaN
vt 0 NaN
vt 0 NaN
vt 0 NaN
vt 0 NaN
vt 0 NaN
vt 0 NaN
vt 0 NaN
vt 0 NaN
vt 0 NaN
vt 0 NaN
vt 0 NaN
vt 0 NaN
vt 0 NaN
vt 0 NaN
vt 0 NaN
vt 0 NaN
vt 0 NaN
vt 0 NaN
vt 0 NaN
vt 0 NaN
vt 0 NaN
vt 0 NaN
vt 0 NaN
vt 0 NaN
vt 0 NaN
vt 0 NaN
vt 0 NaN
vt 0 NaN
vt 0 NaN
vt 0 NaN
vt 0 NaN
vt 0 NaN
vt 0 NaN
vt 0 NaN
vt 0 NaN
vt 0 NaN
vt 0 NaN
vt 0 NaN
vt 0 NaN
vt 0 NaN
vt 0 NaN
vt 0 NaN
vt 0 NaN
vt 0 NaN
vt 0 NaN
vt 0 NaN
vt 0 NaN
vt 0 NaN
vt 0 NaN
vt 0 NaN
vt 0 NaN
vt 0 NaN
vt 0 NaN
vt 0 NaN
vt 0 NaN
vt 0 NaN
vt 0 NaN
vt 0 NaN
vt 0 NaN
vt 0 NaN
vt 0 NaN
vt 0 NaN
vt 0 NaN
vt 0 NaN
vt 0 NaN
vt 0 NaN
vt 0 NaN
vt 0 NaN
vt 0 NaN
vt 0 NaN
vt 0 NaN
vt 0 NaN
vt 0 NaN
vt 0 NaN
vt 0 NaN
vt 0 NaN
vt 0 NaN
vt 0 NaN
vt 0 NaN
vt 0 NaN
vt 0 NaN
vt 0 NaN
vt 0 NaN
vt 0 NaN
vt 0 NaN
vt 0 NaN
vt 0 NaN
vt 0 NaN
vt 0 NaN
vt 0 NaN
vt 0 NaN
vt 0 NaN
vt 0 NaN
vt 0 NaN
vt 0 NaN
vt 0 NaN
vt 0 NaN
vt 0 NaN
vt 0 NaN
vt 0 NaN
vt 0 NaN
vt 0 NaN
vt 0 NaN
vt 0 NaN
vt 0 NaN
vt 0 NaN
vt 0 NaN
vt 0 NaN
vt 0 NaN
vt 0 NaN
vt 0 NaN
vt 0 NaN
vt 0 NaN
vt 0 NaN
vt 0 NaN
vt 0 NaN
vt 0 NaN
vt 0 NaN
vt 0 NaN
vt 0 NaN
vt 0 NaN
vt 0 NaN
vt 0 NaN
vt 0 NaN
vt 0 NaN
vt 0 NaN
vt 0 NaN
vt 0 NaN
vt 0 NaN
vt 0 NaN
vt 0 NaN
vt 0 NaN
vt 0 NaN
vt 0 NaN
vt 0 NaN
vt 0 NaN
vt 0 NaN
vt 0 NaN
vt 0 NaN
vt 0 NaN
vt 0 NaN
vt 0 NaN
vt 0 NaN
vt 0 NaN
vt 0 NaN
vt 0 NaN
vt 0 NaN
vt 0 NaN
vt 0 NaN
vt 0 NaN
vt 0 NaN
vt 0 NaN
vt 0 NaN
vt 0 NaN
vt 0 NaN
vt 0 NaN
vt 0 NaN
vt 0 NaN
vt 0 NaN
vt 0 NaN
vt 0 NaN
vt 0 NaN
vt 0 NaN
vt 0 NaN
vt 0 NaN
vt 0 NaN
vt 0 NaN
vt 0 NaN
vt 0 NaN
vt 0 NaN
vt 0 NaN
vt 0 NaN
vt 0 NaN
vt 0 NaN
vt 0 NaN
vt 0 NaN
vt 0 NaN
vt 0 NaN
vt 0 NaN
vt 0 NaN
vt 0 NaN
vt 0 NaN
vt 0 NaN
vt 0 NaN
vt 0 NaN
vt 0 NaN
vt 0 NaN
vt 0 NaN
vt 0 NaN
vt 0 NaN
vt 0 NaN
vt 0 NaN
vt 0 NaN
vt 0 NaN
vt 0 NaN
vt 0 NaN
vt 0 NaN
vt 0 NaN
vt 0 NaN
vt 0 NaN
vt 0 NaN
vt 0 NaN
vt 0 NaN
vt 0 NaN
vt 0 NaN
vt 0 NaN
vt 0 NaN
vt 0 NaN
vt 0 NaN
vt 0 NaN
vt 0 NaN
vt 0 NaN
vt 0 NaN
vt 0 NaN
vt 0 NaN
vt 0 NaN
vt 0 NaN
vt 0 NaN
vt 0 NaN
vt 0 NaN
vt 0 NaN
vt 0 NaN
vt 0 NaN
vt 0 NaN
vt 0 NaN
vt 0 NaN
vt 0 NaN
vt 0 NaN
vt 0 NaN
vt 0 NaN
vt 0 NaN
vt 0 NaN
vt 0 NaN
vt 0 NaN
vt 0 NaN
vt 0 NaN
vt 0 NaN
vt 0 NaN
vt 0 NaN
vt 0 NaN
vt 0 NaN
vt 0 NaN
vt 0 NaN
vt 0 NaN
vt 0 NaN
vt 0 NaN
vt 0 NaN
vt 0 NaN
vt 0 NaN
vt 0 NaN
vt 0 NaN
vt 0 NaN
vt 0 NaN
vt 0 NaN
vt 0 NaN
vt 0 NaN
vt 0 NaN
vt 0 NaN
vt 0 NaN
vt 0 NaN
vt 0 NaN
vt 0 NaN
vt 0 NaN
vt 0 NaN
vt 0 NaN
vt 0 NaN
vt 0 NaN
vt 0 NaN
vt 0 NaN
vt 0 NaN
vt 0 NaN
vt 0 NaN
vt 0 NaN
vt 0 NaN
vt 0 NaN
vt 0 NaN
vt 0 NaN
vt 0 NaN
vt 0 NaN
vt 0 NaN
vt 0 NaN
vt 0 NaN
vt 0 NaN
vt 0 NaN
vt 0 NaN
vt 0 NaN
vt 0 NaN
vt 0 NaN
vt 0 NaN
vt 0 NaN
vt 0 NaN
vt 0 NaN
vt 0 NaN
vt 0 NaN
vt 0 NaN
vt 0 NaN
vt 0 NaN
vt 0 NaN
vt 0 NaN
vt 0 NaN
vt 0 NaN
vt 0 NaN
vt 0 NaN
vt 0 NaN
vt 0 NaN
vt 0 NaN
vt 0 NaN
vt 0 NaN
vt 0 NaN
vt 0 NaN
vt 0 NaN
vt 0 NaN
vt 0 NaN
vt 0 NaN
vt 0 NaN
vt 0 NaN
vt 0 NaN
vt 0 NaN
vt 0 NaN
vt 0 NaN
vt 0 NaN
vt 0 NaN
vt 0 NaN
vt 0 NaN
vt 0 NaN
vt 0 NaN
vt 0 NaN
vt 0 NaN
vt 0 NaN
vt 0 NaN
vt 0 NaN
vt 0 NaN
vt 0 NaN
vt 0 NaN
vt 0 NaN
vt 0 NaN
vt 0 NaN
vt 0 NaN
vt 0 NaN
vt 0 NaN
vt 0 NaN
vt 0 NaN
vt 0 NaN
vt 0 NaN
vt 0 NaN
vt 0 NaN
vt 0 NaN
vt 0 NaN
vt 0 NaN
vt 0 NaN
vt 0 NaN
vt 0 NaN
vt 0 NaN
vt 0 NaN
vt 0 NaN
vt 0 NaN
vt 0 NaN
vt 0 NaN
vt 0 NaN
vt 0 NaN
vt 0 NaN
vt 0 NaN
vt 0 NaN
vt 0 NaN
vt 0 NaN
vt 0 NaN
vt 0 NaN
vt 0 NaN
vt 0 NaN
vt 0 NaN
vt 0 NaN
vt 0 NaN
vt 0 NaN
vt 0 NaN
vt 0 NaN
vt 0 NaN
vt 0 NaN
vt 0 NaN
vt 0 NaN
vt 0 NaN
vt 0 NaN
vt 0 NaN
vt 0 NaN
vt 0 NaN
vt 0 NaN
vt 0 NaN
vt 0 NaN
vt 0 NaN
vt 0 NaN
vt 0 NaN
vt 0 NaN
vt 0 NaN
vt 0 NaN
vt 0 NaN
vt 0 NaN
vt 0 NaN
vt 0 NaN
vt 0 NaN
vt 0 NaN
vt 0 NaN
vt 0 NaN

usemtl color6

f 3/3/1 2/2/1 1/1/1
f 2/3/1 3/2/1 4/1/1
f 5/3/2 3/2/2 1/1/2
f 3/3/2 5/2/2 6/1/2
f 7/5/3 2/5/3 4/4/3
f 2/5/3 7/5/3 8/6/3
f 7/5/4 5/5/4 8/7/4
f 5/5/4 7/5/4 6/8/4
f 5/5/5 2/5/5 8/9/5
f 2/5/5 5/5/5 1/10/5
f 3/2/6 7/3/6 4/11/6
f 7/3/6 3/2/6 6/1/6
f 11/3/1 10/2/1 9/1/1
f 10/3/1 11/2/1 12/1/1
f 13/3/2 11/2/2 9/1/2
f 11/3/2 13/2/2 14/1/2
f 15/5/3 10/5/3 12/12/3
f 10/5/3 15/5/3 16/13/3
f 15/5/4 13/5/4 16/14/4
f 13/5/4 15/5/4 14/15/4
f 13/5/5 10/5/5 16/16/5
f 10/5/5 13/5/5 9/17/5
f 11/2/6 15/3/6 12/11/6
f 15/3/6 11/2/6 14/1/6
f 19/3/1 18/2/1 17/1/1
f 18/3/1 19/2/1 20/1/1
f 21/3/2 19/2/2 17/1/2
f 19/3/2 21/2/2 22/1/2
f 23/5/3 18/5/3 20/18/3
f 18/5/3 23/5/3 24/19/3
f 23/5/4 21/5/4 24/20/4
f 21/5/4 23/5/4 22/21/4
f 21/5/5 18/5/5 24/22/5
f 18/5/5 21/5/5 17/23/5
f 19/2/6 23/3/6 20/11/6
f 23/3/6 19/2/6 22/1/6
f 3/3/1 2/2/1 1/1/1
f 2/3/1 3/2/1 4/1/1
f 5/3/2 3/2/2 1/1/2
f 3/3/2 5/2/2 6/1/2
f 7/5/3 2/5/3 4/4/3
f 2/5/3 7/5/3 8/6/3
f 7/5/4 5/5/4 8/7/4
f 5/5/4 7/5/4 6/8/4
f 5/5/5 2/5/5 8/9/5
f 2/5/5 5/5/5 1/10/5
f 3/2/6 7/3/6 4/11/6
f 7/3/6 3/2/6 6/1/6
f 7/3/1 25/2/1 8/1/1
f 25/3/1 7/2/1 26/1/1
f 27/3/2 7/2/2 8/1/2
f 7/3/2 27/2/2 28/1/2
f 29/5/3 25/5/3 26/24/3
f 25/5/3 29/5/3 30/25/3
f 29/5/4 27/5/4 30/26/4
f 27/5/4 29/5/4 28/27/4
f 27/5/5 25/5/5 30/28/5
f 25/5/5 27/5/5 8/9/5
f 7/2/6 29/3/6 26/11/6
f 29/3/6 7/2/6 28/1/6
f 33/3/1 32/2/1 31/1/1
f 32/3/1 33/2/1 34/1/1
f 10/3/2 33/2/2 31/1/2
f 33/3/2 10/2/2 12/1/2
f 35/5/3 32/5/3 34/29/3
f 32/5/3 35/5/3 36/30/3
f 35/5/4 10/5/4 36/31/4
f 10/5/4 35/5/4 12/32/4
f 10/5/5 32/5/5 36/33/5
f 32/5/5 10/5/5 31/34/5
f 33/2/6 35/3/6 34/11/6
f 35/3/6 33/2/6 12/1/6
f 39/3/1 38/2/1 37/1/1
f 38/3/1 39/2/1 40/1/1
f 41/3/2 39/2/2 37/1/2
f 39/3/2 41/2/2 42/1/2
f 43/5/3 38/5/3 40/35/3
f 38/5/3 43/5/3 44/36/3
f 43/5/4 41/5/4 44/37/4
f 41/5/4 43/5/4 42/38/4
f 41/5/5 38/5/5 44/39/5
f 38/5/5 41/5/5 37/40/5
f 39/2/6 43/3/6 40/11/6
f 43/3/6 39/2/6 42/1/6
f 29/3/1 45/2/1 30/1/1
f 45/3/1 29/2/1 46/1/1
f 47/3/2 29/2/2 30/1/2
f 29/3/2 47/2/2 48/1/2
f 49/5/3 45/5/3 46/41/3
f 45/5/3 49/5/3 50/42/3
f 49/5/4 47/5/4 50/43/4
f 47/5/4 49/5/4 48/44/4
f 47/5/5 45/5/5 50/45/5
f 45/5/5 47/5/5 30/28/5
f 29/2/6 49/3/6 46/11/6
f 49/3/6 29/2/6 48/1/6
f 53/3/1 52/2/1 51/1/1
f 52/3/1 53/2/1 54/1/1
f 55/3/2 53/2/2 51/1/2
f 53/3/2 55/2/2 56/1/2
f 57/5/3 52/5/3 54/46/3
f 52/5/3 57/5/3 58/47/3
f 57/5/4 55/5/4 58/48/4
f 55/5/4 57/5/4 56/49/4
f 55/5/5 52/5/5 58/50/5
f 52/5/5 55/5/5 51/51/5
f 53/2/6 57/3/6 54/11/6
f 57/3/6 53/2/6 56/1/6
f 61/3/1 60/2/1 59/1/1
f 60/3/1 61/2/1 62/1/1
f 18/3/2 61/2/2 59/1/2
f 61/3/2 18/2/2 20/1/2
f 63/5/3 60/5/3 62/52/3
f 60/5/3 63/5/3 64/53/3
f 63/5/4 18/5/4 64/54/4
f 18/5/4 63/5/4 20/55/4
f 18/5/5 60/5/5 64/56/5
f 60/5/5 18/5/5 59/57/5
f 61/2/6 63/3/6 62/11/6
f 63/3/6 61/2/6 20/1/6
f 43/3/1 65/2/1 44/1/1
f 65/3/1 43/2/1 66/1/1
f 67/3/2 43/2/2 44/1/2
f 43/3/2 67/2/2 68/1/2
f 69/5/3 65/5/3 66/58/3
f 65/5/3 69/5/3 70/59/3
f 69/5/4 67/5/4 70/60/4
f 67/5/4 69/5/4 68/61/4
f 67/5/5 65/5/5 70/62/5
f 65/5/5 67/5/5 44/39/5
f 43/2/6 69/3/6 66/11/6
f 69/3/6 43/2/6 68/1/6
f 49/3/1 71/2/1 50/1/1
f 71/3/1 49/2/1 72/1/1
f 73/3/2 49/2/2 50/1/2
f 49/3/2 73/2/2 74/1/2
f 75/5/3 71/5/3 72/63/3
f 71/5/3 75/5/3 76/64/3
f 75/5/4 73/5/4 76/65/4
f 73/5/4 75/5/4 74/66/4
f 73/5/5 71/5/5 76/67/5
f 71/5/5 73/5/5 50/45/5
f 49/2/6 75/3/6 72/11/6
f 75/3/6 49/2/6 74/1/6
f 79/3/1 78/2/1 77/1/1
f 78/3/1 79/2/1 80/1/1
f 81/3/2 79/2/2 77/1/2
f 79/3/2 81/2/2 82/1/2
f 83/5/3 78/5/3 80/68/3
f 78/5/3 83/5/3 84/69/3
f 83/5/4 81/5/4 84/70/4
f 81/5/4 83/5/4 82/71/4
f 81/5/5 78/5/5 84/72/5
f 78/5/5 81/5/5 77/73/5
f 79/2/6 83/3/6 80/11/6
f 83/3/6 79/2/6 82/1/6
f 87/3/1 86/2/1 85/1/1
f 86/3/1 87/2/1 88/1/1
f 60/3/2 87/2/2 85/1/2
f 87/3/2 60/2/2 62/1/2
f 89/5/3 86/5/3 88/74/3
f 86/5/3 89/5/3 90/75/3
f 89/5/4 60/5/4 90/76/4
f 60/5/4 89/5/4 62/77/4
f 60/5/5 86/5/5 90/78/5
f 86/5/5 60/5/5 85/79/5
f 87/2/6 89/3/6 88/11/6
f 89/3/6 87/2/6 62/1/6
f 93/3/1 92/2/1 91/1/1
f 92/3/1 93/2/1 94/1/1
f 95/3/2 93/2/2 91/1/2
f 93/3/2 95/2/2 96/1/2
f 97/5/3 92/5/3 94/80/3
f 92/5/3 97/5/3 98/81/3
f 97/5/4 95/5/4 98/82/4
f 95/5/4 97/5/4 96/83/4
f 95/5/5 92/5/5 98/84/5
f 92/5/5 95/5/5 91/85/5
f 93/2/6 97/3/6 94/11/6
f 97/3/6 93/2/6 96/1/6
f 69/3/1 99/2/1 70/1/1
f 99/3/1 69/2/1 100/1/1
f 101/3/2 69/2/2 70/1/2
f 69/3/2 101/2/2 102/1/2
f 103/5/3 99/5/3 100/86/3
f 99/5/3 103/5/3 104/87/3
f 103/5/4 101/5/4 104/88/4
f 101/5/4 103/5/4 102/89/4
f 101/5/5 99/5/5 104/90/5
f 99/5/5 101/5/5 70/62/5
f 69/2/6 103/3/6 100/11/6
f 103/3/6 69/2/6 102/1/6
f 107/3/1 106/2/1 105/1/1
f 106/3/1 107/2/1 108/1/1
f 109/3/2 107/2/2 105/1/2
f 107/3/2 109/2/2 110/1/2
f 111/5/3 106/5/3 108/91/3
f 106/5/3 111/5/3 112/92/3
f 111/5/4 109/5/4 112/93/4
f 109/5/4 111/5/4 110/94/4
f 109/5/5 106/5/5 112/95/5
f 106/5/5 109/5/5 105/96/5
f 107/2/6 111/3/6 108/11/6
f 111/3/6 107/2/6 110/1/6
f 115/3/1 114/2/1 113/1/1
f 114/3/1 115/2/1 116/1/1
f 117/3/2 115/2/2 113/1/2
f 115/3/2 117/2/2 118/1/2
f 119/5/3 114/5/3 116/97/3
f 114/5/3 119/5/3 120/98/3
f 119/5/4 117/5/4 120/99/4
f 117/5/4 119/5/4 118/100/4
f 117/5/5 114/5/5 120/101/5
f 114/5/5 117/5/5 113/102/5
f 115/2/6 119/3/6 116/11/6
f 119/3/6 115/2/6 118/1/6
f 123/3/1 122/2/1 121/1/1
f 122/3/1 123/2/1 124/1/1
f 125/3/2 123/2/2 121/1/2
f 123/3/2 125/2/2 126/1/2
f 127/5/3 122/5/3 124/103/3
f 122/5/3 127/5/3 128/104/3
f 127/5/4 125/5/4 128/105/4
f 125/5/4 127/5/4 126/106/4
f 125/5/5 122/5/5 128/107/5
f 122/5/5 125/5/5 121/108/5
f 123/2/6 127/3/6 124/11/6
f 127/3/6 123/2/6 126/1/6
f 127/3/1 129/2/1 128/1/1
f 129/3/1 127/2/1 130/1/1
f 131/3/2 127/2/2 128/1/2
f 127/3/2 131/2/2 132/1/2
f 133/5/3 129/5/3 130/109/3
f 129/5/3 133/5/3 134/110/3
f 133/5/4 131/5/4 134/111/4
f 131/5/4 133/5/4 132/112/4
f 131/5/5 129/5/5 134/113/5
f 129/5/5 131/5/5 128/107/5
f 127/2/6 133/3/6 130/11/6
f 133/3/6 127/2/6 132/1/6
f 132/3/1 135/2/1 131/1/1
f 135/3/1 132/2/1 136/1/1
f 137/3/2 132/2/2 131/1/2
f 132/3/2 137/2/2 138/1/2
f 139/5/3 135/5/3 136/114/3
f 135/5/3 139/5/3 140/115/3
f 139/5/4 137/5/4 140/116/4
f 137/5/4 139/5/4 138/117/4
f 137/5/5 135/5/5 140/118/5
f 135/5/5 137/5/5 131/5/5
f 132/2/6 139/3/6 136/11/6
f 139/3/6 132/2/6 138/1/6
f 143/3/1 142/2/1 141/1/1
f 142/3/1 143/2/1 144/1/1
f 145/3/2 143/2/2 141/1/2
f 143/3/2 145/2/2 146/1/2
f 147/5/3 142/5/3 144/119/3
f 142/5/3 147/5/3 148/120/3
f 147/5/4 145/5/4 148/121/4
f 145/5/4 147/5/4 146/122/4
f 145/5/5 142/5/5 148/123/5
f 142/5/5 145/5/5 141/124/5
f 143/2/6 147/3/6 144/11/6
f 147/3/6 143/2/6 146/1/6
f 151/3/1 150/2/1 149/1/1
f 150/3/1 151/2/1 152/1/1
f 153/3/2 151/2/2 149/1/2
f 151/3/2 153/2/2 154/1/2
f 155/5/3 150/5/3 152/125/3
f 150/5/3 155/5/3 156/126/3
f 155/5/4 153/5/4 156/127/4
f 153/5/4 155/5/4 154/128/4
f 153/5/5 150/5/5 156/129/5
f 150/5/5 153/5/5 149/130/5
f 151/2/6 155/3/6 152/11/6
f 155/3/6 151/2/6 154/1/6
f 159/3/1 158/2/1 157/1/1
f 158/3/1 159/2/1 160/1/1
f 161/3/2 159/2/2 157/1/2
f 159/3/2 161/2/2 162/1/2
f 163/5/3 158/5/3 160/131/3
f 158/5/3 163/5/3 164/132/3
f 163/5/4 161/5/4 164/133/4
f 161/5/4 163/5/4 162/134/4
f 161/5/5 158/5/5 164/135/5
f 158/5/5 161/5/5 157/136/5
f 159/2/6 163/3/6 160/11/6
f 163/3/6 159/2/6 162/1/6
f 162/3/1 165/2/1 161/1/1
f 165/3/1 162/2/1 166/1/1
f 167/3/2 162/2/2 161/1/2
f 162/3/2 167/2/2 168/1/2
f 169/5/3 165/5/3 166/137/3
f 165/5/3 169/5/3 170/138/3
f 169/5/4 167/5/4 170/139/4
f 167/5/4 169/5/4 168/140/4
f 167/5/5 165/5/5 170/141/5
f 165/5/5 167/5/5 161/5/5
f 162/2/6 169/3/6 166/11/6
f 169/3/6 162/2/6 168/1/6
f 173/3/1 172/2/1 171/1/1
f 172/3/1 173/2/1 174/1/1
f 175/3/2 173/2/2 171/1/2
f 173/3/2 175/2/2 176/1/2
f 177/5/3 172/5/3 174/142/3
f 172/5/3 177/5/3 178/143/3
f 177/5/4 175/5/4 178/144/4
f 175/5/4 177/5/4 176/145/4
f 175/5/5 172/5/5 178/146/5
f 172/5/5 175/5/5 171/147/5
f 173/2/6 177/3/6 174/11/6
f 177/3/6 173/2/6 176/1/6
f 181/3/1 180/2/1 179/1/1
f 180/3/1 181/2/1 182/1/1
f 183/3/2 181/2/2 179/1/2
f 181/3/2 183/2/2 184/1/2
f 160/131/3 180/5/3 182/148/3
f 180/5/3 160/131/3 158/5/3
f 160/5/4 183/5/4 158/149/4
f 183/5/4 160/5/4 184/150/4
f 183/5/5 180/5/5 158/5/5
f 180/5/5 183/5/5 179/151/5
f 181/2/6 160/3/6 182/11/6
f 160/3/6 181/2/6 184/1/6
f 177/3/1 185/2/1 178/1/1
f 185/3/1 177/2/1 186/1/1
f 187/3/2 177/2/2 178/1/2
f 177/3/2 187/2/2 188/1/2
f 189/5/3 185/5/3 186/152/3
f 185/5/3 189/5/3 190/153/3
f 189/5/4 187/5/4 190/154/4
f 187/5/4 189/5/4 188/155/4
f 187/5/5 185/5/5 190/156/5
f 185/5/5 187/5/5 178/146/5
f 177/2/6 189/3/6 186/11/6
f 189/3/6 177/2/6 188/1/6
f 193/3/1 192/2/1 191/1/1
f 192/3/1 193/2/1 194/1/1
f 195/3/2 193/2/2 191/1/2
f 193/3/2 195/2/2 196/1/2
f 197/5/3 192/5/3 194/157/3
f 192/5/3 197/5/3 198/158/3
f 197/5/4 195/5/4 198/159/4
f 195/5/4 197/5/4 196/160/4
f 195/5/5 192/5/5 198/161/5
f 192/5/5 195/5/5 191/162/5
f 193/2/6 197/3/6 194/11/6
f 197/3/6 193/2/6 196/1/6
f 201/3/1 200/2/1 199/1/1
f 200/3/1 201/2/1 202/1/1
f 203/3/2 201/2/2 199/1/2
f 201/3/2 203/2/2 204/1/2
f 205/5/3 200/5/3 202/163/3
f 200/5/3 205/5/3 206/164/3
f 205/5/4 203/5/4 206/165/4
f 203/5/4 205/5/4 204/166/4
f 203/5/5 200/5/5 206/167/5
f 200/5/5 203/5/5 199/168/5
f 201/2/6 205/3/6 202/11/6
f 205/3/6 201/2/6 204/1/6
f 209/3/1 208/2/1 207/1/1
f 208/3/1 209/2/1 210/1/1
f 211/3/2 209/2/2 207/1/2
f 209/3/2 211/2/2 212/1/2
f 213/5/3 208/5/3 210/169/3
f 208/5/3 213/5/3 214/170/3
f 213/5/4 211/5/4 214/171/4
f 211/5/4 213/5/4 212/172/4
f 211/5/5 208/5/5 214/173/5
f 208/5/5 211/5/5 207/174/5
f 209/2/6 213/3/6 210/11/6
f 213/3/6 209/2/6 212/1/6
f 217/3/1 216/2/1 215/1/1
f 216/3/1 217/2/1 218/1/1
f 219/3/2 217/2/2 215/1/2
f 217/3/2 219/2/2 220/1/2
f 221/5/3 216/5/3 218/175/3
f 216/5/3 221/5/3 222/176/3
f 221/5/4 219/5/4 222/177/4
f 219/5/4 221/5/4 220/178/4
f 219/5/5 216/5/5 222/179/5
f 216/5/5 219/5/5 215/180/5
f 217/2/6 221/3/6 218/11/6
f 221/3/6 217/2/6 220/1/6
f 225/3/1 224/2/1 223/1/1
f 224/3/1 225/2/1 226/1/1
f 227/3/2 225/2/2 223/1/2
f 225/3/2 227/2/2 228/1/2
f 229/5/3 224/5/3 226/181/3
f 224/5/3 229/5/3 230/182/3
f 229/5/4 227/5/4 230/183/4
f 227/5/4 229/5/4 228/184/4
f 227/5/5 224/5/5 230/185/5
f 224/5/5 227/5/5 223/186/5
f 225/2/6 229/3/6 226/11/6
f 229/3/6 225/2/6 228/1/6
f 233/3/1 232/2/1 231/1/1
f 232/3/1 233/2/1 234/1/1
f 235/3/2 233/2/2 231/1/2
f 233/3/2 235/2/2 236/1/2
f 237/5/3 232/5/3 234/187/3
f 232/5/3 237/5/3 238/188/3
f 237/5/4 235/5/4 238/189/4
f 235/5/4 237/5/4 236/190/4
f 235/5/5 232/5/5 238/191/5
f 232/5/5 235/5/5 231/192/5
f 233/2/6 237/3/6 234/11/6
f 237/3/6 233/2/6 236/1/6
f 241/3/1 240/2/1 239/1/1
f 240/3/1 241/2/1 242/1/1
f 243/3/2 241/2/2 239/1/2
f 241/3/2 243/2/2 244/1/2
f 245/5/3 240/5/3 242/193/3
f 240/5/3 245/5/3 246/194/3
f 245/5/4 243/5/4 246/195/4
f 243/5/4 245/5/4 244/196/4
f 243/5/5 240/5/5 246/197/5
f 240/5/5 243/5/5 239/198/5
f 241/2/6 245/3/6 242/11/6
f 245/3/6 241/2/6 244/1/6
f 249/3/1 248/2/1 247/1/1
f 248/3/1 249/2/1 250/1/1
f 251/3/2 249/2/2 247/1/2
f 249/3/2 251/2/2 252/1/2
f 253/5/3 248/5/3 250/199/3
f 248/5/3 253/5/3 254/200/3
f 253/5/4 251/5/4 254/201/4
f 251/5/4 253/5/4 252/202/4
f 251/5/5 248/5/5 254/203/5
f 248/5/5 251/5/5 247/204/5
f 249/2/6 253/3/6 250/11/6
f 253/3/6 249/2/6 252/1/6
f 257/3/1 256/2/1 255/1/1
f 256/3/1 257/2/1 258/1/1
f 259/3/2 257/2/2 255/1/2
f 257/3/2 259/2/2 260/1/2
f 261/5/3 256/5/3 258/205/3
f 256/5/3 261/5/3 262/206/3
f 261/5/4 259/5/4 262/207/4
f 259/5/4 261/5/4 260/208/4
f 259/5/5 256/5/5 262/209/5
f 256/5/5 259/5/5 255/210/5
f 257/2/6 261/3/6 258/11/6
f 261/3/6 257/2/6 260/1/6
f 245/3/1 263/2/1 246/1/1
f 263/3/1 245/2/1 264/1/1
f 265/3/2 245/2/2 246/1/2
f 245/3/2 265/2/2 266/1/2
f 267/5/3 263/5/3 264/211/3
f 263/5/3 267/5/3 268/212/3
f 267/5/4 265/5/4 268/213/4
f 265/5/4 267/5/4 266/214/4
f 265/5/5 263/5/5 268/215/5
f 263/5/5 265/5/5 246/197/5
f 245/2/6 267/3/6 264/11/6
f 267/3/6 245/2/6 266/1/6
f 271/3/1 270/2/1 269/1/1
f 270/3/1 271/2/1 272/1/1
f 273/3/2 271/2/2 269/1/2
f 271/3/2 273/2/2 274/1/2
f 275/5/3 270/5/3 272/216/3
f 270/5/3 275/5/3 276/217/3
f 275/5/4 273/5/4 276/218/4
f 273/5/4 275/5/4 274/219/4
f 273/5/5 270/5/5 276/220/5
f 270/5/5 273/5/5 269/221/5
f 271/2/6 275/3/6 272/11/6
f 275/3/6 271/2/6 274/1/6
f 279/3/1 278/2/1 277/1/1
f 278/3/1 279/2/1 280/1/1
f 208/3/2 279/2/2 277/1/2
f 279/3/2 208/2/2 210/1/2
f 281/5/3 278/5/3 280/222/3
f 278/5/3 281/5/3 282/223/3
f 281/5/4 208/5/4 282/224/4
f 208/5/4 281/5/4 210/225/4
f 208/5/5 278/5/5 282/226/5
f 278/5/5 208/5/5 277/227/5
f 279/2/6 281/3/6 280/11/6
f 281/3/6 279/2/6 210/1/6
f 267/3/1 283/2/1 268/1/1
f 283/3/1 267/2/1 284/1/1
f 285/3/2 267/2/2 268/1/2
f 267/3/2 285/2/2 286/1/2
f 287/5/3 283/5/3 284/228/3
f 283/5/3 287/5/3 288/229/3
f 287/5/4 285/5/4 288/230/4
f 285/5/4 287/5/4 286/231/4
f 285/5/5 283/5/5 288/232/5
f 283/5/5 285/5/5 268/215/5
f 267/2/6 287/3/6 284/11/6
f 287/3/6 267/2/6 286/1/6
f 291/3/1 290/2/1 289/1/1
f 290/3/1 291/2/1 292/1/1
f 293/3/2 291/2/2 289/1/2
f 291/3/2 293/2/2 294/1/2
f 295/5/3 290/5/3 292/233/3
f 290/5/3 295/5/3 296/234/3
f 295/5/4 293/5/4 296/235/4
f 293/5/4 295/5/4 294/236/4
f 293/5/5 290/5/5 296/237/5
f 290/5/5 293/5/5 289/238/5
f 291/2/6 295/3/6 292/11/6
f 295/3/6 291/2/6 294/1/6
f 299/3/1 298/2/1 297/1/1
f 298/3/1 299/2/1 300/1/1
f 301/3/2 299/2/2 297/1/2
f 299/3/2 301/2/2 302/1/2
f 303/5/3 298/5/3 300/239/3
f 298/5/3 303/5/3 304/240/3
f 303/5/4 301/5/4 304/241/4
f 301/5/4 303/5/4 302/242/4
f 301/5/5 298/5/5 304/243/5
f 298/5/5 301/5/5 297/244/5
f 299/2/6 303/3/6 300/11/6
f 303/3/6 299/2/6 302/1/6
f 307/3/1 306/2/1 305/1/1
f 306/3/1 307/2/1 308/1/1
f 309/3/2 307/2/2 305/1/2
f 307/3/2 309/2/2 310/1/2
f 311/5/3 306/5/3 308/245/3
f 306/5/3 311/5/3 312/246/3
f 311/5/4 309/5/4 312/247/4
f 309/5/4 311/5/4 310/248/4
f 309/5/5 306/5/5 312/249/5
f 306/5/5 309/5/5 305/250/5
f 307/2/6 311/3/6 308/11/6
f 311/3/6 307/2/6 310/1/6
f 315/3/1 314/2/1 313/1/1
f 314/3/1 315/2/1 316/1/1
f 317/3/2 315/2/2 313/1/2
f 315/3/2 317/2/2 318/1/2
f 319/5/3 314/5/3 316/251/3
f 314/5/3 319/5/3 320/252/3
f 319/5/4 317/5/4 320/253/4
f 317/5/4 319/5/4 318/254/4
f 317/5/5 314/5/5 320/255/5
f 314/5/5 317/5/5 313/256/5
f 315/2/6 319/3/6 316/11/6
f 319/3/6 315/2/6 318/1/6
f 323/3/1 322/2/1 321/1/1
f 322/3/1 323/2/1 324/1/1
f 325/3/2 323/2/2 321/1/2
f 323/3/2 325/2/2 326/1/2
f 327/5/3 322/5/3 324/257/3
f 322/5/3 327/5/3 328/258/3
f 327/5/4 325/5/4 328/259/4
f 325/5/4 327/5/4 326/260/4
f 325/5/5 322/5/5 328/261/5
f 322/5/5 325/5/5 321/262/5
f 323/2/6 327/3/6 324/11/6
f 327/3/6 323/2/6 326/1/6
f 331/3/1 330/2/1 329/1/1
f 330/3/1 331/2/1 332/1/1
f 333/3/2 331/2/2 329/1/2
f 331/3/2 333/2/2 334/1/2
f 335/5/3 330/5/3 332/263/3
f 330/5/3 335/5/3 336/264/3
f 335/5/4 333/5/4 336/265/4
f 333/5/4 335/5/4 334/266/4
f 333/5/5 330/5/5 336/267/5
f 330/5/5 333/5/5 329/268/5
f 331/2/6 335/3/6 332/11/6
f 335/3/6 331/2/6 334/1/6
f 339/3/1 338/2/1 337/1/1
f 338/3/1 339/2/1 340/1/1
f 341/3/2 339/2/2 337/1/2
f 339/3/2 341/2/2 342/1/2
f 343/5/3 338/5/3 340/269/3
f 338/5/3 343/5/3 344/270/3
f 343/5/4 341/5/4 344/271/4
f 341/5/4 343/5/4 342/272/4
f 341/5/5 338/5/5 344/273/5
f 338/5/5 341/5/5 337/274/5
f 339/2/6 343/3/6 340/11/6
f 343/3/6 339/2/6 342/1/6
f 347/3/1 346/2/1 345/1/1
f 346/3/1 347/2/1 348/1/1
f 349/3/2 347/2/2 345/1/2
f 347/3/2 349/2/2 350/1/2
f 351/5/3 346/5/3 348/275/3
f 346/5/3 351/5/3 352/276/3
f 351/5/4 349/5/4 352/277/4
f 349/5/4 351/5/4 350/278/4
f 349/5/5 346/5/5 352/279/5
f 346/5/5 349/5/5 345/280/5
f 347/2/6 351/3/6 348/11/6
f 351/3/6 347/2/6 350/1/6
f 355/3/1 354/2/1 353/1/1
f 354/3/1 355/2/1 356/1/1
f 283/3/2 355/2/2 353/1/2
f 355/3/2 283/2/2 284/1/2
f 357/5/3 354/5/3 356/281/3
f 354/5/3 357/5/3 358/282/3
f 357/5/4 283/5/4 358/283/4
f 283/5/4 357/5/4 284/284/4
f 283/5/5 354/5/5 358/285/5
f 354/5/5 283/5/5 353/286/5
f 355/2/6 357/3/6 356/11/6
f 357/3/6 355/2/6 284/1/6
f 361/3/1 360/2/1 359/1/1
f 360/3/1 361/2/1 362/1/1
f 322/3/2 361/2/2 359/1/2
f 361/3/2 322/2/2 324/1/2
f 363/5/3 360/5/3 362/287/3
f 360/5/3 363/5/3 364/288/3
f 363/5/4 322/5/4 364/289/4
f 322/5/4 363/5/4 324/290/4
f 322/5/5 360/5/5 364/291/5
f 360/5/5 322/5/5 359/292/5
f 361/2/6 363/3/6 362/11/6
f 363/3/6 361/2/6 324/1/6
f 367/3/1 366/2/1 365/1/1
f 366/3/1 367/2/1 368/1/1
f 369/3/2 367/2/2 365/1/2
f 367/3/2 369/2/2 370/1/2
f 371/5/3 366/5/3 368/293/3
f 366/5/3 371/5/3 372/294/3
f 371/5/4 369/5/4 372/295/4
f 369/5/4 371/5/4 370/296/4
f 369/5/5 366/5/5 372/297/5
f 366/5/5 369/5/5 365/298/5
f 367/2/6 371/3/6 368/11/6
f 371/3/6 367/2/6 370/1/6
f 375/3/1 374/2/1 373/1/1
f 374/3/1 375/2/1 376/1/1
f 377/3/2 375/2/2 373/1/2
f 375/3/2 377/2/2 378/1/2
f 379/5/3 374/5/3 376/299/3
f 374/5/3 379/5/3 380/300/3
f 379/5/4 377/5/4 380/301/4
f 377/5/4 379/5/4 378/302/4
f 377/5/5 374/5/5 380/303/5
f 374/5/5 377/5/5 373/304/5
f 375/2/6 379/3/6 376/11/6
f 379/3/6 375/2/6 378/1/6
f 383/3/1 382/2/1 381/1/1
f 382/3/1 383/2/1 384/1/1
f 354/3/2 383/2/2 381/1/2
f 383/3/2 354/2/2 356/1/2
f 385/5/3 382/5/3 384/305/3
f 382/5/3 385/5/3 386/306/3
f 385/5/4 354/5/4 386/307/4
f 354/5/4 385/5/4 356/308/4
f 354/5/5 382/5/5 386/309/5
f 382/5/5 354/5/5 381/310/5
f 383/2/6 385/3/6 384/11/6
f 385/3/6 383/2/6 356/1/6
f 389/3/1 388/2/1 387/1/1
f 388/3/1 389/2/1 390/1/1
f 391/3/2 389/2/2 387/1/2
f 389/3/2 391/2/2 392/1/2
f 393/5/3 388/5/3 390/311/3
f 388/5/3 393/5/3 394/312/3
f 393/5/4 391/5/4 394/313/4
f 391/5/4 393/5/4 392/314/4
f 391/5/5 388/5/5 394/315/5
f 388/5/5 391/5/5 387/316/5
f 389/2/6 393/3/6 390/11/6
f 393/3/6 389/2/6 392/1/6
f 397/3/1 396/2/1 395/1/1
f 396/3/1 397/2/1 398/1/1
f 399/3/2 397/2/2 395/1/2
f 397/3/2 399/2/2 400/1/2
f 401/5/3 396/5/3 398/317/3
f 396/5/3 401/5/3 402/318/3
f 401/5/4 399/5/4 402/319/4
f 399/5/4 401/5/4 400/320/4
f 399/5/5 396/5/5 402/321/5
f 396/5/5 399/5/5 395/322/5
f 397/2/6 401/3/6 398/11/6
f 401/3/6 397/2/6 400/1/6
f 405/3/1 404/2/1 403/1/1
f 404/3/1 405/2/1 406/1/1
f 407/3/2 405/2/2 403/1/2
f 405/3/2 407/2/2 408/1/2
f 409/5/3 404/5/3 406/323/3
f 404/5/3 409/5/3 410/324/3
f 409/5/4 407/5/4 410/325/4
f 407/5/4 409/5/4 408/326/4
f 407/5/5 404/5/5 410/327/5
f 404/5/5 407/5/5 403/328/5
f 405/2/6 409/3/6 406/11/6
f 409/3/6 405/2/6 408/1/6
f 413/3/1 412/2/1 411/1/1
f 412/3/1 413/2/1 414/1/1
f 415/3/2 413/2/2 411/1/2
f 413/3/2 415/2/2 416/1/2
f 417/5/3 412/5/3 414/329/3
f 412/5/3 417/5/3 418/330/3
f 417/5/4 415/5/4 418/331/4
f 415/5/4 417/5/4 416/332/4
f 415/5/5 412/5/5 418/333/5
f 412/5/5 415/5/5 411/334/5
f 413/2/6 417/3/6 414/11/6
f 417/3/6 413/2/6 416/1/6
f 401/3/1 419/2/1 402/1/1
f 419/3/1 401/2/1 420/1/1
f 421/3/2 401/2/2 402/1/2
f 401/3/2 421/2/2 422/1/2
f 423/5/3 419/5/3 420/335/3
f 419/5/3 423/5/3 424/336/3
f 423/5/4 421/5/4 424/337/4
f 421/5/4 423/5/4 422/338/4
f 421/5/5 419/5/5 424/339/5
f 419/5/5 421/5/5 402/321/5
f 401/2/6 423/3/6 420/11/6
f 423/3/6 401/2/6 422/1/6
f 427/3/1 426/2/1 425/1/1
f 426/3/1 427/2/1 428/1/1
f 429/3/2 427/2/2 425/1/2
f 427/3/2 429/2/2 430/1/2
f 431/5/3 426/5/3 428/340/3
f 426/5/3 431/5/3 432/341/3
f 431/5/4 429/5/4 432/342/4
f 429/5/4 431/5/4 430/343/4
f 429/5/5 426/5/5 432/344/5
f 426/5/5 429/5/5 425/345/5
f 427/2/6 431/3/6 428/11/6
f 431/3/6 427/2/6 430/1/6
f 435/3/1 434/2/1 433/1/1
f 434/3/1 435/2/1 436/1/1
f 412/3/2 435/2/2 433/1/2
f 435/3/2 412/2/2 414/1/2
f 437/5/3 434/5/3 436/346/3
f 434/5/3 437/5/3 438/347/3
f 437/5/4 412/5/4 438/348/4
f 412/5/4 437/5/4 414/349/4
f 412/5/5 434/5/5 438/350/5
f 434/5/5 412/5/5 433/351/5
f 435/2/6 437/3/6 436/11/6
f 437/3/6 435/2/6 414/1/6
f 441/3/1 440/2/1 439/1/1
f 440/3/1 441/2/1 442/1/1
f 443/3/2 441/2/2 439/1/2
f 441/3/2 443/2/2 444/1/2
f 445/5/3 440/5/3 442/352/3
f 440/5/3 445/5/3 446/353/3
f 445/5/4 443/5/4 446/354/4
f 443/5/4 445/5/4 444/355/4
f 443/5/5 440/5/5 446/356/5
f 440/5/5 443/5/5 439/357/5
f 441/2/6 445/3/6 442/11/6
f 445/3/6 441/2/6 444/1/6
f 449/3/1 448/2/1 447/1/1
f 448/3/1 449/2/1 450/1/1
f 451/3/2 449/2/2 447/1/2
f 449/3/2 451/2/2 452/1/2
f 453/5/3 448/5/3 450/358/3
f 448/5/3 453/5/3 454/359/3
f 453/5/4 451/5/4 454/360/4
f 451/5/4 453/5/4 452/361/4
f 451/5/5 448/5/5 454/362/5
f 448/5/5 451/5/5 447/363/5
f 449/2/6 453/3/6 450/11/6
f 453/3/6 449/2/6 452/1/6
f 132/3/1 135/2/1 131/1/1
f 135/3/1 132/2/1 136/1/1
f 137/3/2 132/2/2 131/1/2
f 132/3/2 137/2/2 138/1/2
f 139/5/3 135/5/3 136/114/3
f 135/5/3 139/5/3 140/115/3
f 139/5/4 137/5/4 140/116/4
f 137/5/4 139/5/4 138/117/4
f 137/5/5 135/5/5 140/118/5
f 135/5/5 137/5/5 131/5/5
f 132/2/6 139/3/6 136/11/6
f 139/3/6 132/2/6 138/1/6
f 162/3/1 165/2/1 161/1/1
f 165/3/1 162/2/1 166/1/1
f 167/3/2 162/2/2 161/1/2
f 162/3/2 167/2/2 168/1/2
f 169/5/3 165/5/3 166/137/3
f 165/5/3 169/5/3 170/138/3
f 169/5/4 167/5/4 170/139/4
f 167/5/4 169/5/4 168/140/4
f 167/5/5 165/5/5 170/141/5
f 165/5/5 167/5/5 161/5/5
f 162/2/6 169/3/6 166/11/6
f 169/3/6 162/2/6 168/1/6

usemtl color12

f 457/3/1 456/2/1 455/1/1
f 456/3/1 457/2/1 458/1/1
f 459/3/2 457/2/2 455/1/2
f 457/3/2 459/2/2 460/1/2
f 461/5/3 456/5/3 458/364/3
f 456/5/3 461/5/3 462/365/3
f 461/5/4 459/5/4 462/366/4
f 459/5/4 461/5/4 460/367/4
f 459/5/5 456/5/5 462/368/5
f 456/5/5 459/5/5 455/369/5
f 457/2/6 461/3/6 458/11/6
f 461/3/6 457/2/6 460/1/6
f 461/3/1 463/2/1 462/1/1
f 463/3/1 461/2/1 464/1/1
f 465/3/2 461/2/2 462/1/2
f 461/3/2 465/2/2 466/1/2
f 467/5/3 463/5/3 464/370/3
f 463/5/3 467/5/3 468/371/3
f 467/5/4 465/5/4 468/372/4
f 465/5/4 467/5/4 466/373/4
f 465/5/5 463/5/5 468/374/5
f 463/5/5 465/5/5 462/368/5
f 461/2/6 467/3/6 464/11/6
f 467/3/6 461/2/6 466/1/6
f 470/3/1 77/2/1 469/1/1
f 77/3/1 470/2/1 79/1/1
f 471/3/2 470/2/2 469/1/2
f 470/3/2 471/2/2 472/1/2
f 82/5/3 77/5/3 79/375/3
f 77/5/3 82/5/3 81/376/3
f 82/71/4 471/5/4 81/5/4
f 471/5/4 82/71/4 472/377/4
f 471/5/5 77/73/5 81/5/5
f 77/73/5 471/5/5 469/378/5
f 470/2/6 82/3/6 79/11/6
f 82/3/6 470/2/6 472/1/6
f 475/3/1 474/2/1 473/1/1
f 474/3/1 475/2/1 476/1/1
f 477/3/2 475/2/2 473/1/2
f 475/3/2 477/2/2 478/1/2
f 479/5/3 474/5/3 476/379/3
f 474/5/3 479/5/3 480/380/3
f 479/5/4 477/5/4 480/381/4
f 477/5/4 479/5/4 478/382/4
f 477/5/5 474/5/5 480/383/5
f 474/5/5 477/5/5 473/384/5
f 475/2/6 479/3/6 476/11/6
f 479/3/6 475/2/6 478/1/6
f 483/3/1 482/2/1 481/1/1
f 482/3/1 483/2/1 484/1/1
f 485/3/2 483/2/2 481/1/2
f 483/3/2 485/2/2 486/1/2
f 487/5/3 482/5/3 484/385/3
f 482/5/3 487/5/3 488/386/3
f 487/5/4 485/5/4 488/387/4
f 485/5/4 487/5/4 486/388/4
f 485/5/5 482/5/5 488/389/5
f 482/5/5 485/5/5 481/390/5
f 483/2/6 487/3/6 484/11/6
f 487/3/6 483/2/6 486/1/6
f 491/3/1 490/2/1 489/1/1
f 490/3/1 491/2/1 492/1/1
f 493/3/2 491/2/2 489/1/2
f 491/3/2 493/2/2 494/1/2
f 495/5/3 490/5/3 492/391/3
f 490/5/3 495/5/3 496/392/3
f 495/5/4 493/5/4 496/393/4
f 493/5/4 495/5/4 494/394/4
f 493/5/5 490/5/5 496/395/5
f 490/5/5 493/5/5 489/396/5
f 491/2/6 495/3/6 492/11/6
f 495/3/6 491/2/6 494/1/6
f 467/3/1 497/2/1 468/1/1
f 497/3/1 467/2/1 498/1/1
f 499/3/2 467/2/2 468/1/2
f 467/3/2 499/2/2 500/1/2
f 501/5/3 497/5/3 498/397/3
f 497/5/3 501/5/3 502/398/3
f 501/5/4 499/5/4 502/399/4
f 499/5/4 501/5/4 500/400/4
f 499/5/5 497/5/5 502/401/5
f 497/5/5 499/5/5 468/374/5
f 467/2/6 501/3/6 498/11/6
f 501/3/6 467/2/6 500/1/6
f 504/3/1 81/2/1 503/1/1
f 81/3/1 504/2/1 82/1/1
f 474/3/2 504/2/2 503/1/2
f 504/3/2 474/2/2 476/1/2
f 93/5/3 81/376/3 82/5/3
f 81/376/3 93/5/3 91/402/3
f 93/5/4 474/5/4 91/403/4
f 474/5/4 93/5/4 476/404/4
f 474/5/5 81/5/5 91/85/5
f 81/5/5 474/5/5 503/405/5
f 504/2/6 93/3/6 82/11/6
f 93/3/6 504/2/6 476/1/6
f 479/3/1 95/2/1 480/1/1
f 95/3/1 479/2/1 96/1/1
f 505/3/2 479/2/2 480/1/2
f 479/3/2 505/2/2 506/1/2
f 484/385/3 95/5/3 96/406/3
f 95/5/3 484/385/3 482/5/3
f 484/5/4 505/5/4 482/407/4
f 505/5/4 484/5/4 506/408/4
f 505/5/5 95/5/5 482/5/5
f 95/5/5 505/5/5 480/383/5
f 479/2/6 484/3/6 96/11/6
f 484/3/6 479/2/6 506/1/6
f 495/3/1 507/2/1 496/1/1
f 507/3/1 495/2/1 508/1/1
f 509/3/2 495/2/2 496/1/2
f 495/3/2 509/2/2 510/1/2
f 511/5/3 507/5/3 508/409/3
f 507/5/3 511/5/3 512/410/3
f 511/5/4 509/5/4 512/411/4
f 509/5/4 511/5/4 510/412/4
f 509/5/5 507/5/5 512/413/5
f 507/5/5 509/5/5 496/395/5
f 495/2/6 511/3/6 508/11/6
f 511/3/6 495/2/6 510/1/6
f 501/3/1 513/2/1 502/1/1
f 513/3/1 501/2/1 514/1/1
f 515/3/2 501/2/2 502/1/2
f 501/3/2 515/2/2 516/1/2
f 517/5/3 513/5/3 514/414/3
f 513/5/3 517/5/3 518/415/3
f 517/5/4 515/5/4 518/416/4
f 515/5/4 517/5/4 516/417/4
f 515/5/5 513/5/5 518/418/5
f 513/5/5 515/5/5 502/401/5
f 501/2/6 517/3/6 514/11/6
f 517/3/6 501/2/6 516/1/6
f 511/3/1 519/2/1 512/1/1
f 519/3/1 511/2/1 520/1/1
f 521/3/2 511/2/2 512/1/2
f 511/3/2 521/2/2 522/1/2
f 523/5/3 519/5/3 520/419/3
f 519/5/3 523/5/3 524/420/3
f 523/5/4 521/5/4 524/421/4
f 521/5/4 523/5/4 522/422/4
f 521/5/5 519/5/5 524/423/5
f 519/5/5 521/5/5 512/413/5
f 511/2/6 523/3/6 520/11/6
f 523/3/6 511/2/6 522/1/6
f 527/3/1 526/2/1 525/1/1
f 526/3/1 527/2/1 528/1/1
f 529/3/2 527/2/2 525/1/2
f 527/3/2 529/2/2 530/1/2
f 531/5/3 526/5/3 528/424/3
f 526/5/3 531/5/3 532/425/3
f 531/5/4 529/5/4 532/426/4
f 529/5/4 531/5/4 530/427/4
f 529/5/5 526/5/5 532/428/5
f 526/5/5 529/5/5 525/429/5
f 527/2/6 531/3/6 528/11/6
f 531/3/6 527/2/6 530/1/6
f 535/3/1 534/2/1 533/1/1
f 534/3/1 535/2/1 536/1/1
f 537/3/2 535/2/2 533/1/2
f 535/3/2 537/2/2 538/1/2
f 539/5/3 534/5/3 536/430/3
f 534/5/3 539/5/3 540/431/3
f 539/5/4 537/5/4 540/432/4
f 537/5/4 539/5/4 538/433/4
f 537/5/5 534/5/5 540/434/5
f 534/5/5 537/5/5 533/435/5
f 535/2/6 539/3/6 536/11/6
f 539/3/6 535/2/6 538/1/6
f 543/3/1 542/2/1 541/1/1
f 542/3/1 543/2/1 544/1/1
f 545/3/2 543/2/2 541/1/2
f 543/3/2 545/2/2 546/1/2
f 547/5/3 542/5/3 544/436/3
f 542/5/3 547/5/3 548/437/3
f 547/5/4 545/5/4 548/438/4
f 545/5/4 547/5/4 546/439/4
f 545/5/5 542/5/5 548/440/5
f 542/5/5 545/5/5 541/441/5
f 543/2/6 547/3/6 544/11/6
f 547/3/6 543/2/6 546/1/6
f 551/3/1 550/2/1 549/1/1
f 550/3/1 551/2/1 552/1/1
f 553/3/2 551/2/2 549/1/2
f 551/3/2 553/2/2 554/1/2
f 555/5/3 550/5/3 552/442/3
f 550/5/3 555/5/3 556/443/3
f 555/5/4 553/5/4 556/444/4
f 553/5/4 555/5/4 554/445/4
f 553/5/5 550/5/5 556/446/5
f 550/5/5 553/5/5 549/447/5
f 551/2/6 555/3/6 552/11/6
f 555/3/6 551/2/6 554/1/6
f 559/3/1 558/2/1 557/1/1
f 558/3/1 559/2/1 560/1/1
f 561/3/2 559/2/2 557/1/2
f 559/3/2 561/2/2 562/1/2
f 563/5/3 558/5/3 560/448/3
f 558/5/3 563/5/3 564/449/3
f 563/5/4 561/5/4 564/450/4
f 561/5/4 563/5/4 562/451/4
f 561/5/5 558/5/5 564/452/5
f 558/5/5 561/5/5 557/453/5
f 559/2/6 563/3/6 560/11/6
f 563/3/6 559/2/6 562/1/6
f 567/3/1 566/2/1 565/1/1
f 566/3/1 567/2/1 568/1/1
f 569/3/2 567/2/2 565/1/2
f 567/3/2 569/2/2 570/1/2
f 571/5/3 566/5/3 568/454/3
f 566/5/3 571/5/3 572/455/3
f 571/5/4 569/5/4 572/456/4
f 569/5/4 571/5/4 570/457/4
f 569/5/5 566/5/5 572/458/5
f 566/5/5 569/5/5 565/459/5
f 567/2/6 571/3/6 568/11/6
f 571/3/6 567/2/6 570/1/6
f 574/3/1 157/2/1 573/1/1
f 157/3/1 574/2/1 159/1/1
f 575/3/2 574/2/2 573/1/2
f 574/3/2 575/2/2 576/1/2
f 162/5/3 157/5/3 159/460/3
f 157/5/3 162/5/3 161/461/3
f 162/134/4 575/5/4 161/5/4
f 575/5/4 162/134/4 576/462/4
f 575/5/5 157/136/5 161/5/5
f 157/136/5 575/5/5 573/463/5
f 574/2/6 162/3/6 159/11/6
f 162/3/6 574/2/6 576/1/6
f 576/3/1 577/2/1 575/1/1
f 577/3/1 576/2/1 578/1/1
f 579/3/2 576/2/2 575/1/2
f 576/3/2 579/2/2 580/1/2
f 581/5/3 577/5/3 578/464/3
f 577/5/3 581/5/3 582/465/3
f 581/5/4 579/5/4 582/466/4
f 579/5/4 581/5/4 580/467/4
f 579/5/5 577/5/5 582/468/5
f 577/5/5 579/5/5 575/5/5
f 576/2/6 581/3/6 578/11/6
f 581/3/6 576/2/6 580/1/6
f 585/3/1 584/2/1 583/1/1
f 584/3/1 585/2/1 586/1/1
f 113/3/2 585/2/2 583/1/2
f 585/3/2 113/2/2 115/1/2
f 116/97/3 584/5/3 586/469/3
f 584/5/3 116/97/3 114/5/3
f 116/5/4 113/5/4 114/470/4
f 113/5/4 116/5/4 115/471/4
f 113/102/5 584/5/5 114/5/5
f 584/5/5 113/102/5 583/472/5
f 585/2/6 116/3/6 586/11/6
f 116/3/6 585/2/6 115/1/6
f 589/3/1 588/2/1 587/1/1
f 588/3/1 589/2/1 590/1/1
f 591/3/2 589/2/2 587/1/2
f 589/3/2 591/2/2 592/1/2
f 593/5/3 588/5/3 590/473/3
f 588/5/3 593/5/3 594/474/3
f 593/5/4 591/5/4 594/475/4
f 591/5/4 593/5/4 592/476/4
f 591/5/5 588/5/5 594/477/5
f 588/5/5 591/5/5 587/478/5
f 589/2/6 593/3/6 590/11/6
f 593/3/6 589/2/6 592/1/6
f 555/3/1 595/2/1 556/1/1
f 595/3/1 555/2/1 596/1/1
f 597/3/2 555/2/2 556/1/2
f 555/3/2 597/2/2 598/1/2
f 599/5/3 595/5/3 596/479/3
f 595/5/3 599/5/3 600/480/3
f 599/5/4 597/5/4 600/481/4
f 597/5/4 599/5/4 598/482/4
f 597/5/5 595/5/5 600/483/5
f 595/5/5 597/5/5 556/446/5
f 555/2/6 599/3/6 596/11/6
f 599/3/6 555/2/6 598/1/6
f 603/3/1 602/2/1 601/1/1
f 602/3/1 603/2/1 604/1/1
f 558/3/2 603/2/2 601/1/2
f 603/3/2 558/2/2 560/1/2
f 605/5/3 602/5/3 604/484/3
f 602/5/3 605/5/3 606/485/3
f 605/5/4 558/5/4 606/486/4
f 558/5/4 605/5/4 560/487/4
f 558/5/5 602/5/5 606/488/5
f 602/5/5 558/5/5 601/489/5
f 603/2/6 605/3/6 604/11/6
f 605/3/6 603/2/6 560/1/6
f 609/3/1 608/2/1 607/1/1
f 608/3/1 609/2/1 610/1/1
f 611/3/2 609/2/2 607/1/2
f 609/3/2 611/2/2 612/1/2
f 613/5/3 608/5/3 610/490/3
f 608/5/3 613/5/3 614/491/3
f 613/5/4 611/5/4 614/492/4
f 611/5/4 613/5/4 612/493/4
f 611/5/5 608/5/5 614/494/5
f 608/5/5 611/5/5 607/495/5
f 609/2/6 613/3/6 610/11/6
f 613/3/6 609/2/6 612/1/6
f 617/3/1 616/2/1 615/1/1
f 616/3/1 617/2/1 618/1/1
f 619/3/2 617/2/2 615/1/2
f 617/3/2 619/2/2 620/1/2
f 621/5/3 616/5/3 618/496/3
f 616/5/3 621/5/3 622/497/3
f 621/5/4 619/5/4 622/498/4
f 619/5/4 621/5/4 620/499/4
f 619/5/5 616/5/5 622/500/5
f 616/5/5 619/5/5 615/501/5
f 617/2/6 621/3/6 618/11/6
f 621/3/6 617/2/6 620/1/6
f 625/3/1 624/2/1 623/1/1
f 624/3/1 625/2/1 626/1/1
f 627/3/2 625/2/2 623/1/2
f 625/3/2 627/2/2 628/1/2
f 629/5/3 624/5/3 626/502/3
f 624/5/3 629/5/3 630/503/3
f 629/5/4 627/5/4 630/504/4
f 627/5/4 629/5/4 628/505/4
f 627/5/5 624/5/5 630/506/5
f 624/5/5 627/5/5 623/507/5
f 625/2/6 629/3/6 626/11/6
f 629/3/6 625/2/6 628/1/6
f 633/3/1 632/2/1 631/1/1
f 632/3/1 633/2/1 634/1/1
f 635/3/2 633/2/2 631/1/2
f 633/3/2 635/2/2 636/1/2
f 159/460/3 632/5/3 634/508/3
f 632/5/3 159/460/3 157/5/3
f 159/5/4 635/5/4 157/509/4
f 635/5/4 159/5/4 636/510/4
f 635/5/5 632/5/5 157/136/5
f 632/5/5 635/5/5 631/511/5
f 633/2/6 159/3/6 634/11/6
f 159/3/6 633/2/6 636/1/6
f 578/3/1 637/2/1 577/1/1
f 637/3/1 578/2/1 638/1/1
f 639/3/2 578/2/2 577/1/2
f 578/3/2 639/2/2 640/1/2
f 641/5/3 637/5/3 638/512/3
f 637/5/3 641/5/3 642/513/3
f 641/5/4 639/5/4 642/514/4
f 639/5/4 641/5/4 640/515/4
f 639/5/5 637/5/5 642/516/5
f 637/5/5 639/5/5 577/5/5
f 578/2/6 641/3/6 638/11/6
f 641/3/6 578/2/6 640/1/6
f 645/3/1 644/2/1 643/1/1
f 644/3/1 645/2/1 646/1/1
f 647/3/2 645/2/2 643/1/2
f 645/3/2 647/2/2 648/1/2
f 649/5/3 644/5/3 646/517/3
f 644/5/3 649/5/3 650/518/3
f 649/5/4 647/5/4 650/519/4
f 647/5/4 649/5/4 648/520/4
f 647/5/5 644/5/5 650/521/5
f 644/5/5 647/5/5 643/522/5
f 645/2/6 649/3/6 646/11/6
f 649/3/6 645/2/6 648/1/6
f 653/3/1 652/2/1 651/1/1
f 652/3/1 653/2/1 654/1/1
f 655/3/2 653/2/2 651/1/2
f 653/3/2 655/2/2 656/1/2
f 657/5/3 652/5/3 654/523/3
f 652/5/3 657/5/3 658/524/3
f 657/5/4 655/5/4 658/525/4
f 655/5/4 657/5/4 656/526/4
f 655/5/5 652/5/5 658/527/5
f 652/5/5 655/5/5 651/528/5
f 653/2/6 657/3/6 654/11/6
f 657/3/6 653/2/6 656/1/6
f 661/3/1 660/2/1 659/1/1
f 660/3/1 661/2/1 662/1/1
f 663/3/2 661/2/2 659/1/2
f 661/3/2 663/2/2 664/1/2
f 665/5/3 660/5/3 662/529/3
f 660/5/3 665/5/3 666/530/3
f 665/5/4 663/5/4 666/531/4
f 663/5/4 665/5/4 664/532/4
f 663/5/5 660/5/5 666/533/5
f 660/5/5 663/5/5 659/534/5
f 661/2/6 665/3/6 662/11/6
f 665/3/6 661/2/6 664/1/6
f 669/3/1 668/2/1 667/1/1
f 668/3/1 669/2/1 670/1/1
f 671/3/2 669/2/2 667/1/2
f 669/3/2 671/2/2 672/1/2
f 673/5/3 668/5/3 670/535/3
f 668/5/3 673/5/3 674/536/3
f 673/5/4 671/5/4 674/537/4
f 671/5/4 673/5/4 672/538/4
f 671/5/5 668/5/5 674/539/5
f 668/5/5 671/5/5 667/540/5
f 669/2/6 673/3/6 670/11/6
f 673/3/6 669/2/6 672/1/6
f 677/3/1 676/2/1 675/1/1
f 676/3/1 677/2/1 678/1/1
f 679/3/2 677/2/2 675/1/2
f 677/3/2 679/2/2 680/1/2
f 681/5/3 676/5/3 678/541/3
f 676/5/3 681/5/3 682/542/3
f 681/5/4 679/5/4 682/543/4
f 679/5/4 681/5/4 680/544/4
f 679/5/5 676/5/5 682/545/5
f 676/5/5 679/5/5 675/546/5
f 677/2/6 681/3/6 678/11/6
f 681/3/6 677/2/6 680/1/6
f 685/3/1 684/2/1 683/1/1
f 684/3/1 685/2/1 686/1/1
f 687/3/2 685/2/2 683/1/2
f 685/3/2 687/2/2 688/1/2
f 689/5/3 684/5/3 686/547/3
f 684/5/3 689/5/3 690/548/3
f 689/5/4 687/5/4 690/549/4
f 687/5/4 689/5/4 688/550/4
f 687/5/5 684/5/5 690/551/5
f 684/5/5 687/5/5 683/552/5
f 685/2/6 689/3/6 686/11/6
f 689/3/6 685/2/6 688/1/6
f 693/3/1 692/2/1 691/1/1
f 692/3/1 693/2/1 694/1/1
f 695/3/2 693/2/2 691/1/2
f 693/3/2 695/2/2 696/1/2
f 697/5/3 692/5/3 694/553/3
f 692/5/3 697/5/3 698/554/3
f 697/5/4 695/5/4 698/555/4
f 695/5/4 697/5/4 696/556/4
f 695/5/5 692/5/5 698/557/5
f 692/5/5 695/5/5 691/558/5
f 693/2/6 697/3/6 694/11/6
f 697/3/6 693/2/6 696/1/6
f 701/3/1 700/2/1 699/1/1
f 700/3/1 701/2/1 702/1/1
f 703/3/2 701/2/2 699/1/2
f 701/3/2 703/2/2 704/1/2
f 705/5/3 700/5/3 702/559/3
f 700/5/3 705/5/3 706/560/3
f 705/5/4 703/5/4 706/561/4
f 703/5/4 705/5/4 704/562/4
f 703/5/5 700/5/5 706/563/5
f 700/5/5 703/5/5 699/564/5
f 701/2/6 705/3/6 702/11/6
f 705/3/6 701/2/6 704/1/6
f 709/3/1 708/2/1 707/1/1
f 708/3/1 709/2/1 710/1/1
f 711/3/2 709/2/2 707/1/2
f 709/3/2 711/2/2 712/1/2
f 713/5/3 708/5/3 710/565/3
f 708/5/3 713/5/3 714/566/3
f 713/5/4 711/5/4 714/567/4
f 711/5/4 713/5/4 712/568/4
f 711/5/5 708/5/5 714/569/5
f 708/5/5 711/5/5 707/570/5
f 709/2/6 713/3/6 710/11/6
f 713/3/6 709/2/6 712/1/6
f 716/3/1 179/2/1 715/1/1
f 179/3/1 716/2/1 181/1/1
f 717/3/2 716/2/2 715/1/2
f 716/3/2 717/2/2 718/1/2
f 694/553/3 179/5/3 181/571/3
f 179/5/3 694/553/3 692/5/3
f 694/5/4 717/5/4 692/572/4
f 717/5/4 694/5/4 718/573/4
f 717/5/5 179/151/5 692/5/5
f 179/151/5 717/5/5 715/574/5
f 716/2/6 694/3/6 181/11/6
f 694/3/6 716/2/6 718/1/6
f 721/3/1 720/2/1 719/1/1
f 720/3/1 721/2/1 722/1/1
f 644/3/2 721/2/2 719/1/2
f 721/3/2 644/2/2 646/1/2
f 723/5/3 720/5/3 722/575/3
f 720/5/3 723/5/3 724/576/3
f 723/5/4 644/5/4 724/577/4
f 644/5/4 723/5/4 646/578/4
f 644/5/5 720/5/5 724/579/5
f 720/5/5 644/5/5 719/580/5
f 721/2/6 723/3/6 722/11/6
f 723/3/6 721/2/6 646/1/6
f 649/3/1 725/2/1 650/1/1
f 725/3/1 649/2/1 726/1/1
f 652/3/2 649/2/2 650/1/2
f 649/3/2 652/2/2 654/1/2
f 727/5/3 725/5/3 726/581/3
f 725/5/3 727/5/3 728/582/3
f 727/5/4 652/5/4 728/583/4
f 652/5/4 727/5/4 654/584/4
f 652/5/5 725/5/5 728/585/5
f 725/5/5 652/5/5 650/521/5
f 649/2/6 727/3/6 726/11/6
f 727/3/6 649/2/6 654/1/6
f 657/3/1 729/2/1 658/1/1
f 729/3/1 657/2/1 730/1/1
f 731/3/2 657/2/2 658/1/2
f 657/3/2 731/2/2 732/1/2
f 733/5/3 729/5/3 730/586/3
f 729/5/3 733/5/3 734/587/3
f 733/5/4 731/5/4 734/588/4
f 731/5/4 733/5/4 732/589/4
f 731/5/5 729/5/5 734/590/5
f 729/5/5 731/5/5 658/527/5
f 657/2/6 733/3/6 730/11/6
f 733/3/6 657/2/6 732/1/6
f 737/3/1 736/2/1 735/1/1
f 736/3/1 737/2/1 738/1/1
f 739/3/2 737/2/2 735/1/2
f 737/3/2 739/2/2 740/1/2
f 741/5/3 736/5/3 738/591/3
f 736/5/3 741/5/3 742/592/3
f 741/5/4 739/5/4 742/593/4
f 739/5/4 741/5/4 740/594/4
f 739/5/5 736/5/5 742/595/5
f 736/5/5 739/5/5 735/596/5
f 737/2/6 741/3/6 738/11/6
f 741/3/6 737/2/6 740/1/6
f 745/3/1 744/2/1 743/1/1
f 744/3/1 745/2/1 746/1/1
f 747/3/2 745/2/2 743/1/2
f 745/3/2 747/2/2 748/1/2
f 749/5/3 744/5/3 746/597/3
f 744/5/3 749/5/3 750/598/3
f 749/5/4 747/5/4 750/599/4
f 747/5/4 749/5/4 748/600/4
f 747/5/5 744/5/5 750/601/5
f 744/5/5 747/5/5 743/602/5
f 745/2/6 749/3/6 746/11/6
f 749/3/6 745/2/6 748/1/6
f 753/3/1 752/2/1 751/1/1
f 752/3/1 753/2/1 754/1/1
f 755/3/2 753/2/2 751/1/2
f 753/3/2 755/2/2 756/1/2
f 757/5/3 752/5/3 754/603/3
f 752/5/3 757/5/3 758/604/3
f 757/5/4 755/5/4 758/605/4
f 755/5/4 757/5/4 756/606/4
f 755/5/5 752/5/5 758/607/5
f 752/5/5 755/5/5 751/608/5
f 753/2/6 757/3/6 754/11/6
f 757/3/6 753/2/6 756/1/6
f 713/3/1 759/2/1 714/1/1
f 759/3/1 713/2/1 760/1/1
f 761/3/2 713/2/2 714/1/2
f 713/3/2 761/2/2 762/1/2
f 763/5/3 759/5/3 760/609/3
f 759/5/3 763/5/3 764/610/3
f 763/5/4 761/5/4 764/611/4
f 761/5/4 763/5/4 762/612/4
f 761/5/5 759/5/5 764/613/5
f 759/5/5 761/5/5 714/569/5
f 713/2/6 763/3/6 760/11/6
f 763/3/6 713/2/6 762/1/6
f 767/3/1 766/2/1 765/1/1
f 766/3/1 767/2/1 768/1/1
f 769/3/2 767/2/2 765/1/2
f 767/3/2 769/2/2 770/1/2
f 771/5/3 766/5/3 768/614/3
f 766/5/3 771/5/3 772/615/3
f 771/5/4 769/5/4 772/616/4
f 769/5/4 771/5/4 770/617/4
f 769/5/5 766/5/5 772/618/5
f 766/5/5 769/5/5 765/619/5
f 767/2/6 771/3/6 768/11/6
f 771/3/6 767/2/6 770/1/6
f 775/3/1 774/2/1 773/1/1
f 774/3/1 775/2/1 776/1/1
f 777/3/2 775/2/2 773/1/2
f 775/3/2 777/2/2 778/1/2
f 233/5/3 774/5/3 776/620/3
f 774/5/3 233/5/3 231/621/3
f 233/5/4 777/5/4 231/622/4
f 777/5/4 233/5/4 778/623/4
f 777/5/5 774/5/5 231/192/5
f 774/5/5 777/5/5 773/624/5
f 775/2/6 233/3/6 776/11/6
f 233/3/6 775/2/6 778/1/6
f 781/3/1 780/2/1 779/1/1
f 780/3/1 781/2/1 782/1/1
f 783/3/2 781/2/2 779/1/2
f 781/3/2 783/2/2 784/1/2
f 785/5/3 780/5/3 782/625/3
f 780/5/3 785/5/3 786/626/3
f 785/5/4 783/5/4 786/627/4
f 783/5/4 785/5/4 784/628/4
f 783/5/5 780/5/5 786/629/5
f 780/5/5 783/5/5 779/630/5
f 781/2/6 785/3/6 782/11/6
f 785/3/6 781/2/6 784/1/6
f 789/3/1 788/2/1 787/1/1
f 788/3/1 789/2/1 790/1/1
f 744/3/2 789/2/2 787/1/2
f 789/3/2 744/2/2 746/1/2
f 791/5/3 788/5/3 790/631/3
f 788/5/3 791/5/3 792/632/3
f 791/5/4 744/5/4 792/633/4
f 744/5/4 791/5/4 746/634/4
f 744/5/5 788/5/5 792/635/5
f 788/5/5 744/5/5 787/636/5
f 789/2/6 791/3/6 790/11/6
f 791/3/6 789/2/6 746/1/6
f 795/3/1 794/2/1 793/1/1
f 794/3/1 795/2/1 796/1/1
f 797/3/2 795/2/2 793/1/2
f 795/3/2 797/2/2 798/1/2
f 799/5/3 794/5/3 796/637/3
f 794/5/3 799/5/3 800/638/3
f 799/5/4 797/5/4 800/639/4
f 797/5/4 799/5/4 798/640/4
f 797/5/5 794/5/5 800/641/5
f 794/5/5 797/5/5 793/642/5
f 795/2/6 799/3/6 796/11/6
f 799/3/6 795/2/6 798/1/6
f 802/3/1 277/2/1 801/1/1
f 277/3/1 802/2/1 279/1/1
f 207/3/2 802/2/2 801/1/2
f 802/3/2 207/2/2 209/1/2
f 210/169/3 277/5/3 279/643/3
f 277/5/3 210/169/3 208/5/3
f 210/225/4 207/5/4 208/5/4
f 207/5/4 210/225/4 209/644/4
f 207/174/5 277/227/5 208/5/5
f 277/227/5 207/174/5 801/645/5
f 802/2/6 210/3/6 279/11/6
f 210/3/6 802/2/6 209/1/6
f 805/3/1 804/2/1 803/1/1
f 804/3/1 805/2/1 806/1/1
f 807/3/2 805/2/2 803/1/2
f 805/3/2 807/2/2 808/1/2
f 809/5/3 804/5/3 806/646/3
f 804/5/3 809/5/3 810/647/3
f 809/5/4 807/5/4 810/648/4
f 807/5/4 809/5/4 808/649/4
f 807/5/5 804/5/5 810/650/5
f 804/5/5 807/5/5 803/651/5
f 805/2/6 809/3/6 806/11/6
f 809/3/6 805/2/6 808/1/6
f 813/3/1 812/2/1 811/1/1
f 812/3/1 813/2/1 814/1/1
f 815/3/2 813/2/2 811/1/2
f 813/3/2 815/2/2 816/1/2
f 817/5/3 812/5/3 814/652/3
f 812/5/3 817/5/3 818/653/3
f 817/5/4 815/5/4 818/654/4
f 815/5/4 817/5/4 816/655/4
f 815/5/5 812/5/5 818/656/5
f 812/5/5 815/5/5 811/657/5
f 813/2/6 817/3/6 814/11/6
f 817/3/6 813/2/6 816/1/6
f 821/3/1 820/2/1 819/1/1
f 820/3/1 821/2/1 822/1/1
f 823/3/2 821/2/2 819/1/2
f 821/3/2 823/2/2 824/1/2
f 825/5/3 820/5/3 822/658/3
f 820/5/3 825/5/3 826/659/3
f 825/5/4 823/5/4 826/660/4
f 823/5/4 825/5/4 824/661/4
f 823/5/5 820/5/5 826/662/5
f 820/5/5 823/5/5 819/663/5
f 821/2/6 825/3/6 822/11/6
f 825/3/6 821/2/6 824/1/6
f 829/3/1 828/2/1 827/1/1
f 828/3/1 829/2/1 830/1/1
f 831/3/2 829/2/2 827/1/2
f 829/3/2 831/2/2 832/1/2
f 299/5/3 828/5/3 830/664/3
f 828/5/3 299/5/3 297/665/3
f 299/5/4 831/5/4 297/666/4
f 831/5/4 299/5/4 832/667/4
f 831/5/5 828/5/5 297/244/5
f 828/5/5 831/5/5 827/668/5
f 829/2/6 299/3/6 830/11/6
f 299/3/6 829/2/6 832/1/6
f 835/3/1 834/2/1 833/1/1
f 834/3/1 835/2/1 836/1/1
f 837/3/2 835/2/2 833/1/2
f 835/3/2 837/2/2 838/1/2
f 839/5/3 834/5/3 836/669/3
f 834/5/3 839/5/3 840/670/3
f 839/5/4 837/5/4 840/671/4
f 837/5/4 839/5/4 838/672/4
f 837/5/5 834/5/5 840/673/5
f 834/5/5 837/5/5 833/674/5
f 835/2/6 839/3/6 836/11/6
f 839/3/6 835/2/6 838/1/6
f 843/3/1 842/2/1 841/1/1
f 842/3/1 843/2/1 844/1/1
f 845/3/2 843/2/2 841/1/2
f 843/3/2 845/2/2 846/1/2
f 847/5/3 842/5/3 844/675/3
f 842/5/3 847/5/3 848/676/3
f 847/5/4 845/5/4 848/677/4
f 845/5/4 847/5/4 846/678/4
f 845/5/5 842/5/5 848/679/5
f 842/5/5 845/5/5 841/680/5
f 843/2/6 847/3/6 844/11/6
f 847/3/6 843/2/6 846/1/6
f 851/3/1 850/2/1 849/1/1
f 850/3/1 851/2/1 852/1/1
f 853/3/2 851/2/2 849/1/2
f 851/3/2 853/2/2 854/1/2
f 855/5/3 850/5/3 852/681/3
f 850/5/3 855/5/3 856/682/3
f 855/5/4 853/5/4 856/683/4
f 853/5/4 855/5/4 854/684/4
f 853/5/5 850/5/5 856/685/5
f 850/5/5 853/5/5 849/686/5
f 851/2/6 855/3/6 852/11/6
f 855/3/6 851/2/6 854/1/6
f 859/3/1 858/2/1 857/1/1
f 858/3/1 859/2/1 860/1/1
f 861/3/2 859/2/2 857/1/2
f 859/3/2 861/2/2 862/1/2
f 863/5/3 858/5/3 860/687/3
f 858/5/3 863/5/3 864/688/3
f 863/5/4 861/5/4 864/689/4
f 861/5/4 863/5/4 862/690/4
f 861/5/5 858/5/5 864/691/5
f 858/5/5 861/5/5 857/692/5
f 859/2/6 863/3/6 860/11/6
f 863/3/6 859/2/6 862/1/6
f 867/3/1 866/2/1 865/1/1
f 866/3/1 867/2/1 868/1/1
f 263/3/2 867/2/2 865/1/2
f 867/3/2 263/2/2 264/1/2
f 869/5/3 866/5/3 868/693/3
f 866/5/3 869/5/3 870/694/3
f 869/5/4 263/5/4 870/695/4
f 263/5/4 869/5/4 264/696/4
f 263/5/5 866/5/5 870/697/5
f 866/5/5 263/5/5 865/698/5
f 867/2/6 869/3/6 868/11/6
f 869/3/6 867/2/6 264/1/6
f 873/3/1 872/2/1 871/1/1
f 872/3/1 873/2/1 874/1/1
f 875/3/2 873/2/2 871/1/2
f 873/3/2 875/2/2 876/1/2
f 877/5/3 872/5/3 874/699/3
f 872/5/3 877/5/3 878/700/3
f 877/5/4 875/5/4 878/701/4
f 875/5/4 877/5/4 876/702/4
f 875/5/5 872/5/5 878/703/5
f 872/5/5 875/5/5 871/704/5
f 873/2/6 877/3/6 874/11/6
f 877/3/6 873/2/6 876/1/6
f 881/3/1 880/2/1 879/1/1
f 880/3/1 881/2/1 882/1/1
f 883/3/2 881/2/2 879/1/2
f 881/3/2 883/2/2 884/1/2
f 885/5/3 880/5/3 882/705/3
f 880/5/3 885/5/3 886/706/3
f 885/5/4 883/5/4 886/707/4
f 883/5/4 885/5/4 884/708/4
f 883/5/5 880/5/5 886/709/5
f 880/5/5 883/5/5 879/710/5
f 881/2/6 885/3/6 882/11/6
f 885/3/6 881/2/6 884/1/6
f 889/3/1 888/2/1 887/1/1
f 888/3/1 889/2/1 890/1/1
f 891/3/2 889/2/2 887/1/2
f 889/3/2 891/2/2 892/1/2
f 893/5/3 888/5/3 890/711/3
f 888/5/3 893/5/3 894/712/3
f 893/5/4 891/5/4 894/713/4
f 891/5/4 893/5/4 892/714/4
f 891/5/5 888/5/5 894/715/5
f 888/5/5 891/5/5 887/716/5
f 889/2/6 893/3/6 890/11/6
f 893/3/6 889/2/6 892/1/6
f 897/3/1 896/2/1 895/1/1
f 896/3/1 897/2/1 898/1/1
f 899/3/2 897/2/2 895/1/2
f 897/3/2 899/2/2 900/1/2
f 901/5/3 896/5/3 898/717/3
f 896/5/3 901/5/3 902/718/3
f 901/5/4 899/5/4 902/719/4
f 899/5/4 901/5/4 900/720/4
f 899/5/5 896/5/5 902/721/5
f 896/5/5 899/5/5 895/722/5
f 897/2/6 901/3/6 898/11/6
f 901/3/6 897/2/6 900/1/6
f 905/3/1 904/2/1 903/1/1
f 904/3/1 905/2/1 906/1/1
f 866/3/2 905/2/2 903/1/2
f 905/3/2 866/2/2 868/1/2
f 907/5/3 904/5/3 906/723/3
f 904/5/3 907/5/3 908/724/3
f 907/5/4 866/5/4 908/725/4
f 866/5/4 907/5/4 868/726/4
f 866/5/5 904/5/5 908/727/5
f 904/5/5 866/5/5 903/728/5
f 905/2/6 907/3/6 906/11/6
f 907/3/6 905/2/6 868/1/6
f 911/3/1 910/2/1 909/1/1
f 910/3/1 911/2/1 912/1/1
f 913/3/2 911/2/2 909/1/2
f 911/3/2 913/2/2 914/1/2
f 915/5/3 910/5/3 912/729/3
f 910/5/3 915/5/3 916/730/3
f 915/5/4 913/5/4 916/731/4
f 913/5/4 915/5/4 914/732/4
f 913/5/5 910/5/5 916/733/5
f 910/5/5 913/5/5 909/734/5
f 911/2/6 915/3/6 912/11/6
f 915/3/6 911/2/6 914/1/6
f 919/3/1 918/2/1 917/1/1
f 918/3/1 919/2/1 920/1/1
f 921/3/2 919/2/2 917/1/2
f 919/3/2 921/2/2 922/1/2
f 923/5/3 918/5/3 920/735/3
f 918/5/3 923/5/3 924/736/3
f 923/5/4 921/5/4 924/737/4
f 921/5/4 923/5/4 922/738/4
f 921/5/5 918/5/5 924/739/5
f 918/5/5 921/5/5 917/740/5
f 919/2/6 923/3/6 920/11/6
f 923/3/6 919/2/6 922/1/6
f 927/3/1 926/2/1 925/1/1
f 926/3/1 927/2/1 928/1/1
f 929/3/2 927/2/2 925/1/2
f 927/3/2 929/2/2 930/1/2
f 931/5/3 926/5/3 928/741/3
f 926/5/3 931/5/3 932/742/3
f 931/5/4 929/5/4 932/743/4
f 929/5/4 931/5/4 930/744/4
f 929/5/5 926/5/5 932/745/5
f 926/5/5 929/5/5 925/746/5
f 927/2/6 931/3/6 928/11/6
f 931/3/6 927/2/6 930/1/6
f 935/3/1 934/2/1 933/1/1
f 934/3/1 935/2/1 936/1/1
f 937/3/2 935/2/2 933/1/2
f 935/3/2 937/2/2 938/1/2
f 939/5/3 934/5/3 936/747/3
f 934/5/3 939/5/3 940/748/3
f 939/5/4 937/5/4 940/749/4
f 937/5/4 939/5/4 938/750/4
f 937/5/5 934/5/5 940/751/5
f 934/5/5 937/5/5 933/752/5
f 935/2/6 939/3/6 936/11/6
f 939/3/6 935/2/6 938/1/6
f 303/3/1 941/2/1 304/1/1
f 941/3/1 303/2/1 942/1/1
f 943/3/2 303/2/2 304/1/2
f 303/3/2 943/2/2 944/1/2
f 945/5/3 941/5/3 942/753/3
f 941/5/3 945/5/3 946/754/3
f 945/5/4 943/5/4 946/755/4
f 943/5/4 945/5/4 944/756/4
f 943/5/5 941/5/5 946/757/5
f 941/5/5 943/5/5 304/243/5
f 303/2/6 945/3/6 942/11/6
f 945/3/6 303/2/6 944/1/6
f 949/3/1 948/2/1 947/1/1
f 948/3/1 949/2/1 950/1/1
f 951/3/2 949/2/2 947/1/2
f 949/3/2 951/2/2 952/1/2
f 953/5/3 948/5/3 950/758/3
f 948/5/3 953/5/3 954/759/3
f 953/5/4 951/5/4 954/760/4
f 951/5/4 953/5/4 952/761/4
f 951/5/5 948/5/5 954/762/5
f 948/5/5 951/5/5 947/763/5
f 949/2/6 953/3/6 950/11/6
f 953/3/6 949/2/6 952/1/6
f 308/3/1 373/2/1 306/1/1
f 373/3/1 308/2/1 375/1/1
f 312/3/2 308/2/2 306/1/2
f 308/3/2 312/2/2 311/1/2
f 378/5/3 373/5/3 375/764/3
f 373/5/3 378/5/3 377/765/3
f 378/302/4 312/247/4 377/5/4
f 312/247/4 378/302/4 311/5/4
f 312/249/5 373/304/5 377/5/5
f 373/304/5 312/249/5 306/5/5
f 308/2/6 378/3/6 375/11/6
f 378/3/6 308/2/6 311/1/6
f 957/3/1 956/2/1 955/1/1
f 956/3/1 957/2/1 958/1/1
f 959/3/2 957/2/2 955/1/2
f 957/3/2 959/2/2 960/1/2
f 961/5/3 956/5/3 958/766/3
f 956/5/3 961/5/3 962/767/3
f 961/5/4 959/5/4 962/768/4
f 959/5/4 961/5/4 960/769/4
f 959/5/5 956/5/5 962/770/5
f 956/5/5 959/5/5 955/771/5
f 957/2/6 961/3/6 958/11/6
f 961/3/6 957/2/6 960/1/6
f 284/3/1 358/2/1 283/1/1
f 358/3/1 284/2/1 357/1/1
f 288/3/2 284/2/2 283/1/2
f 284/3/2 288/2/2 287/1/2
f 963/5/3 358/282/3 357/5/3
f 358/282/3 963/5/3 964/772/3
f 963/5/4 288/230/4 964/773/4
f 288/230/4 963/5/4 287/5/4
f 288/232/5 358/285/5 964/774/5
f 358/285/5 288/232/5 283/5/5
f 284/2/6 963/3/6 357/11/6
f 963/3/6 284/2/6 287/1/6
f 967/3/1 966/2/1 965/1/1
f 966/3/1 967/2/1 968/1/1
f 969/3/2 967/2/2 965/1/2
f 967/3/2 969/2/2 970/1/2
f 971/5/3 966/5/3 968/775/3
f 966/5/3 971/5/3 972/776/3
f 971/5/4 969/5/4 972/777/4
f 969/5/4 971/5/4 970/778/4
f 969/5/5 966/5/5 972/779/5
f 966/5/5 969/5/5 965/780/5
f 967/2/6 971/3/6 968/11/6
f 971/3/6 967/2/6 970/1/6
f 975/3/1 974/2/1 973/1/1
f 974/3/1 975/2/1 976/1/1
f 977/3/2 975/2/2 973/1/2
f 975/3/2 977/2/2 978/1/2
f 979/5/3 974/5/3 976/781/3
f 974/5/3 979/5/3 980/782/3
f 979/5/4 977/5/4 980/783/4
f 977/5/4 979/5/4 978/784/4
f 977/5/5 974/5/5 980/785/5
f 974/5/5 977/5/5 973/786/5
f 975/2/6 979/3/6 976/11/6
f 979/3/6 975/2/6 978/1/6
f 983/3/1 982/2/1 981/1/1
f 982/3/1 983/2/1 984/1/1
f 985/3/2 983/2/2 981/1/2
f 983/3/2 985/2/2 986/1/2
f 405/5/3 982/5/3 984/787/3
f 982/5/3 405/5/3 403/788/3
f 405/5/4 985/5/4 403/789/4
f 985/5/4 405/5/4 986/790/4
f 985/5/5 982/5/5 403/328/5
f 982/5/5 985/5/5 981/791/5
f 983/2/6 405/3/6 984/11/6
f 405/3/6 983/2/6 986/1/6
f 378/3/1 380/2/1 377/1/1
f 380/3/1 378/2/1 379/1/1
f 987/3/2 378/2/2 377/1/2
f 378/3/2 987/2/2 988/1/2
f 989/5/3 380/300/3 379/5/3
f 380/300/3 989/5/3 990/792/3
f 989/5/4 987/5/4 990/793/4
f 987/5/4 989/5/4 988/794/4
f 987/5/5 380/303/5 990/795/5
f 380/303/5 987/5/5 377/5/5
f 378/2/6 989/3/6 379/11/6
f 989/3/6 378/2/6 988/1/6
f 993/3/1 992/2/1 991/1/1
f 992/3/1 993/2/1 994/1/1
f 995/3/2 993/2/2 991/1/2
f 993/3/2 995/2/2 996/1/2
f 997/5/3 992/5/3 994/796/3
f 992/5/3 997/5/3 998/797/3
f 997/5/4 995/5/4 998/798/4
f 995/5/4 997/5/4 996/799/4
f 995/5/5 992/5/5 998/800/5
f 992/5/5 995/5/5 991/801/5
f 993/2/6 997/3/6 994/11/6
f 997/3/6 993/2/6 996/1/6
f 1001/3/1 1000/2/1 999/1/1
f 1000/3/1 1001/2/1 1002/1/1
f 934/3/2 1001/2/2 999/1/2
f 1001/3/2 934/2/2 936/1/2
f 1003/5/3 1000/5/3 1002/802/3
f 1000/5/3 1003/5/3 1004/803/3
f 1003/5/4 934/5/4 1004/804/4
f 934/5/4 1003/5/4 936/805/4
f 934/5/5 1000/5/5 1004/806/5
f 1000/5/5 934/5/5 999/807/5
f 1001/2/6 1003/3/6 1002/11/6
f 1003/3/6 1001/2/6 936/1/6
f 979/3/1 1005/2/1 980/1/1
f 1005/3/1 979/2/1 1006/1/1
f 982/3/2 979/2/2 980/1/2
f 979/3/2 982/2/2 984/1/2
f 1007/5/3 1005/5/3 1006/808/3
f 1005/5/3 1007/5/3 1008/809/3
f 1007/5/4 982/5/4 1008/810/4
f 982/5/4 1007/5/4 984/811/4
f 982/5/5 1005/5/5 1008/812/5
f 1005/5/5 982/5/5 980/785/5
f 979/2/6 1007/3/6 1006/11/6
f 1007/3/6 979/2/6 984/1/6
f 376/3/1 425/2/1 374/1/1
f 425/3/1 376/2/1 427/1/1
f 380/3/2 376/2/2 374/1/2
f 376/3/2 380/2/2 379/1/2
f 430/5/3 425/5/3 427/813/3
f 425/5/3 430/5/3 429/814/3
f 430/343/4 380/301/4 429/5/4
f 380/301/4 430/343/4 379/5/4
f 380/303/5 425/345/5 429/5/5
f 425/345/5 380/303/5 374/5/5
f 376/2/6 430/3/6 427/11/6
f 430/3/6 376/2/6 379/1/6
f 1011/3/1 1010/2/1 1009/1/1
f 1010/3/1 1011/2/1 1012/1/1
f 1013/3/2 1011/2/2 1009/1/2
f 1011/3/2 1013/2/2 1014/1/2
f 1015/5/3 1010/5/3 1012/815/3
f 1010/5/3 1015/5/3 1016/816/3
f 1015/5/4 1013/5/4 1016/817/4
f 1013/5/4 1015/5/4 1014/818/4
f 1013/5/5 1010/5/5 1016/819/5
f 1010/5/5 1013/5/5 1009/820/5
f 1011/2/6 1015/3/6 1012/11/6
f 1015/3/6 1011/2/6 1014/1/6
f 997/3/1 1017/2/1 998/1/1
f 1017/3/1 997/2/1 1018/1/1
f 1019/3/2 997/2/2 998/1/2
f 997/3/2 1019/2/2 1020/1/2
f 1021/5/3 1017/5/3 1018/821/3
f 1017/5/3 1021/5/3 1022/822/3
f 1021/5/4 1019/5/4 1022/823/4
f 1019/5/4 1021/5/4 1020/824/4
f 1019/5/5 1017/5/5 1022/825/5
f 1017/5/5 1019/5/5 998/800/5
f 997/2/6 1021/3/6 1018/11/6
f 1021/3/6 997/2/6 1020/1/6
f 1025/3/1 1024/2/1 1023/1/1
f 1024/3/1 1025/2/1 1026/1/1
f 1010/3/2 1025/2/2 1023/1/2
f 1025/3/2 1010/2/2 1012/1/2
f 1027/5/3 1024/5/3 1026/826/3
f 1024/5/3 1027/5/3 1028/827/3
f 1027/5/4 1010/5/4 1028/828/4
f 1010/5/4 1027/5/4 1012/829/4
f 1010/5/5 1024/5/5 1028/830/5
f 1024/5/5 1010/5/5 1023/831/5
f 1025/2/6 1027/3/6 1026/11/6
f 1027/3/6 1025/2/6 1012/1/6
f 1031/3/1 1030/2/1 1029/1/1
f 1030/3/1 1031/2/1 1032/1/1
f 1033/3/2 1031/2/2 1029/1/2
f 1031/3/2 1033/2/2 1034/1/2
f 1035/5/3 1030/5/3 1032/832/3
f 1030/5/3 1035/5/3 1036/833/3
f 1035/5/4 1033/5/4 1036/834/4
f 1033/5/4 1035/5/4 1034/835/4
f 1033/5/5 1030/5/5 1036/836/5
f 1030/5/5 1033/5/5 1029/837/5
f 1031/2/6 1035/3/6 1032/11/6
f 1035/3/6 1031/2/6 1034/1/6
f 576/3/1 577/2/1 575/1/1
f 577/3/1 576/2/1 578/1/1
f 579/3/2 576/2/2 575/1/2
f 576/3/2 579/2/2 580/1/2
f 581/5/3 577/5/3 578/464/3
f 577/5/3 581/5/3 582/465/3
f 581/5/4 579/5/4 582/466/4
f 579/5/4 581/5/4 580/467/4
f 579/5/5 577/5/5 582/468/5
f 577/5/5 579/5/5 575/5/5
f 576/2/6 581/3/6 578/11/6
f 581/3/6 576/2/6 580/1/6

usemtl color9

f 1039/3/1 1038/2/1 1037/1/1
f 1038/3/1 1039/2/1 1040/1/1
f 9/3/2 1039/2/2 1037/1/2
f 1039/3/2 9/2/2 11/1/2
f 12/12/3 1038/5/3 1040/838/3
f 1038/5/3 12/12/3 10/5/3
f 12/32/4 9/5/4 10/5/4
f 9/5/4 12/32/4 11/839/4
f 9/17/5 1038/5/5 10/5/5
f 1038/5/5 9/17/5 1037/840/5
f 1039/2/6 12/3/6 1040/11/6
f 12/3/6 1039/2/6 11/1/6
f 1043/3/1 1042/2/1 1041/1/1
f 1042/3/1 1043/2/1 1044/1/1
f 31/3/2 1043/2/2 1041/1/2
f 1043/3/2 31/2/2 33/1/2
f 34/29/3 1042/5/3 1044/841/3
f 1042/5/3 34/29/3 32/5/3
f 34/5/4 31/5/4 32/842/4
f 31/5/4 34/5/4 33/843/4
f 31/34/5 1042/5/5 32/5/5
f 1042/5/5 31/34/5 1041/844/5
f 1043/2/6 34/3/6 1044/11/6
f 34/3/6 1043/2/6 33/1/6
f 1046/3/1 58/2/1 1045/1/1
f 58/3/1 1046/2/1 57/1/1
f 469/3/2 1046/2/2 1045/1/2
f 1046/3/2 469/2/2 470/1/2
f 79/375/3 58/47/3 57/5/3
f 58/47/3 79/375/3 77/5/3
f 79/5/4 469/5/4 77/845/4
f 469/5/4 79/5/4 470/846/4
f 469/378/5 58/50/5 77/73/5
f 58/50/5 469/378/5 1045/847/5
f 1046/2/6 79/3/6 57/11/6
f 79/3/6 1046/2/6 470/1/6
f 96/3/1 98/2/1 95/1/1
f 98/3/1 96/2/1 97/1/1
f 488/3/2 96/2/2 95/1/2
f 96/3/2 488/2/2 487/1/2
f 1047/5/3 98/81/3 97/5/3
f 98/81/3 1047/5/3 1048/848/3
f 1047/5/4 488/387/4 1048/849/4
f 488/387/4 1047/5/4 487/5/4
f 488/389/5 98/84/5 1048/850/5
f 98/84/5 488/389/5 95/5/5
f 96/2/6 1047/3/6 97/11/6
f 1047/3/6 96/2/6 487/1/6
f 1051/3/1 1050/2/1 1049/1/1
f 1050/3/1 1051/2/1 1052/1/1
f 1053/3/2 1051/2/2 1049/1/2
f 1051/3/2 1053/2/2 1054/1/2
f 1055/5/3 1050/5/3 1052/851/3
f 1050/5/3 1055/5/3 1056/852/3
f 1055/5/4 1053/5/4 1056/853/4
f 1053/5/4 1055/5/4 1054/854/4
f 1053/5/5 1050/5/5 1056/855/5
f 1050/5/5 1053/5/5 1049/856/5
f 1051/2/6 1055/3/6 1052/11/6
f 1055/3/6 1051/2/6 1054/1/6
f 83/3/1 1057/2/1 84/1/1
f 1057/3/1 83/2/1 1058/1/1
f 98/3/2 83/2/2 84/1/2
f 83/3/2 98/2/2 97/1/2
f 551/5/3 1057/5/3 1058/857/3
f 1057/5/3 551/5/3 549/858/3
f 551/5/4 98/82/4 549/859/4
f 98/82/4 551/5/4 97/5/4
f 98/84/5 1057/5/5 549/447/5
f 1057/5/5 98/84/5 84/72/5
f 83/2/6 551/3/6 1058/11/6
f 551/3/6 83/2/6 97/1/6
f 1061/3/1 1060/2/1 1059/1/1
f 1060/3/1 1061/2/1 1062/1/1
f 1063/3/2 1061/2/2 1059/1/2
f 1061/3/2 1063/2/2 1064/1/2
f 1065/5/3 1060/5/3 1062/860/3
f 1060/5/3 1065/5/3 1066/861/3
f 1065/5/4 1063/5/4 1066/862/4
f 1063/5/4 1065/5/4 1064/863/4
f 1063/5/5 1060/5/5 1066/864/5
f 1060/5/5 1063/5/5 1059/865/5
f 1061/2/6 1065/3/6 1062/11/6
f 1065/3/6 1061/2/6 1064/1/6
f 1069/3/1 1068/2/1 1067/1/1
f 1068/3/1 1069/2/1 1070/1/1
f 1071/3/2 1069/2/2 1067/1/2
f 1069/3/2 1071/2/2 1072/1/2
f 1073/5/3 1068/5/3 1070/866/3
f 1068/5/3 1073/5/3 1074/867/3
f 1073/5/4 1071/5/4 1074/868/4
f 1071/5/4 1073/5/4 1072/869/4
f 1071/5/5 1068/5/5 1074/870/5
f 1068/5/5 1071/5/5 1067/871/5
f 1069/2/6 1073/3/6 1070/11/6
f 1073/3/6 1069/2/6 1072/1/6
f 612/3/1 614/2/1 611/1/1
f 614/3/1 612/2/1 613/1/1
f 1075/3/2 612/2/2 611/1/2
f 612/3/2 1075/2/2 1076/1/2
f 1077/5/3 614/491/3 613/5/3
f 614/491/3 1077/5/3 1078/872/3
f 1077/5/4 1075/5/4 1078/873/4
f 1075/5/4 1077/5/4 1076/874/4
f 1075/5/5 614/494/5 1078/875/5
f 614/494/5 1075/5/5 611/5/5
f 612/2/6 1077/3/6 613/11/6
f 1077/3/6 612/2/6 1076/1/6
f 1081/3/1 1080/2/1 1079/1/1
f 1080/3/1 1081/2/1 1082/1/1
f 1083/3/2 1081/2/2 1079/1/2
f 1081/3/2 1083/2/2 1084/1/2
f 1085/5/3 1080/5/3 1082/876/3
f 1080/5/3 1085/5/3 1086/877/3
f 1085/5/4 1083/5/4 1086/878/4
f 1083/5/4 1085/5/4 1084/879/4
f 1083/5/5 1080/5/5 1086/880/5
f 1080/5/5 1083/5/5 1079/881/5
f 1081/2/6 1085/3/6 1082/11/6
f 1085/3/6 1081/2/6 1084/1/6
f 593/3/1 190/2/1 594/1/1
f 190/3/1 593/2/1 189/1/1
f 1087/3/2 593/2/2 594/1/2
f 593/3/2 1087/2/2 1088/1/2
f 1089/5/3 190/153/3 189/5/3
f 190/153/3 1089/5/3 1090/882/3
f 1089/5/4 1087/5/4 1090/883/4
f 1087/5/4 1089/5/4 1088/884/4
f 1087/5/5 190/156/5 1090/885/5
f 190/156/5 1087/5/5 594/477/5
f 593/2/6 1089/3/6 189/11/6
f 1089/3/6 593/2/6 1088/1/6
f 1093/3/1 1092/2/1 1091/1/1
f 1092/3/1 1093/2/1 1094/1/1
f 1080/3/2 1093/2/2 1091/1/2
f 1093/3/2 1080/2/2 1082/1/2
f 1095/5/3 1092/5/3 1094/886/3
f 1092/5/3 1095/5/3 1096/887/3
f 1095/5/4 1080/5/4 1096/888/4
f 1080/5/4 1095/5/4 1082/889/4
f 1080/5/5 1092/5/5 1096/890/5
f 1092/5/5 1080/5/5 1091/891/5
f 1093/2/6 1095/3/6 1094/11/6
f 1095/3/6 1093/2/6 1082/1/6
f 1099/3/1 1098/2/1 1097/1/1
f 1098/3/1 1099/2/1 1100/1/1
f 1086/3/2 1099/2/2 1097/1/2
f 1099/3/2 1086/2/2 1085/1/2
f 1101/5/3 1098/5/3 1100/892/3
f 1098/5/3 1101/5/3 1102/893/3
f 1101/5/4 1086/878/4 1102/894/4
f 1086/878/4 1101/5/4 1085/5/4
f 1086/880/5 1098/5/5 1102/895/5
f 1098/5/5 1086/880/5 1097/896/5
f 1099/2/6 1101/3/6 1100/11/6
f 1101/3/6 1099/2/6 1085/1/6
f 1104/3/1 698/2/1 1103/1/1
f 698/3/1 1104/2/1 697/1/1
f 157/3/2 1104/2/2 1103/1/2
f 1104/3/2 157/2/2 159/1/2
f 184/5/3 698/554/3 697/5/3
f 698/554/3 184/5/3 183/897/3
f 184/150/4 157/509/4 183/5/4
f 157/509/4 184/150/4 159/5/4
f 157/136/5 698/557/5 183/5/5
f 698/557/5 157/136/5 1103/898/5
f 1104/2/6 184/3/6 697/11/6
f 184/3/6 1104/2/6 159/1/6
f 646/3/1 1105/2/1 644/1/1
f 1105/3/1 646/2/1 1106/1/1
f 650/3/2 646/2/2 644/1/2
f 646/3/2 650/2/2 649/1/2
f 1107/5/3 1105/5/3 1106/899/3
f 1105/5/3 1107/5/3 1108/900/3
f 1107/5/4 650/519/4 1108/901/4
f 650/519/4 1107/5/4 649/5/4
f 650/521/5 1105/5/5 1108/902/5
f 1105/5/5 650/521/5 644/5/5
f 646/2/6 1107/3/6 1106/11/6
f 1107/3/6 646/2/6 649/1/6
f 654/3/1 728/2/1 652/1/1
f 728/3/1 654/2/1 727/1/1
f 658/3/2 654/2/2 652/1/2
f 654/3/2 658/2/2 657/1/2
f 730/586/3 728/582/3 727/5/3
f 728/582/3 730/586/3 729/5/3
f 730/5/4 658/525/4 729/903/4
f 658/525/4 730/5/4 657/5/4
f 658/527/5 728/585/5 729/5/5
f 728/585/5 658/527/5 652/5/5
f 654/2/6 730/3/6 727/11/6
f 730/3/6 654/2/6 657/1/6
f 702/3/1 1109/2/1 700/1/1
f 1109/3/1 702/2/1 1110/1/1
f 706/3/2 702/2/2 700/1/2
f 702/3/2 706/2/2 705/1/2
f 1111/5/3 1109/5/3 1110/904/3
f 1109/5/3 1111/5/3 1112/905/3
f 1111/5/4 706/561/4 1112/906/4
f 706/561/4 1111/5/4 705/5/4
f 706/563/5 1109/5/5 1112/907/5
f 1109/5/5 706/563/5 700/5/5
f 702/2/6 1111/3/6 1110/11/6
f 1111/3/6 702/2/6 705/1/6
f 748/3/1 1113/2/1 747/1/1
f 1113/3/1 748/2/1 1114/1/1
f 1115/3/2 748/2/2 747/1/2
f 748/3/2 1115/2/2 1116/1/2
f 1117/5/3 1113/5/3 1114/908/3
f 1113/5/3 1117/5/3 1118/909/3
f 1117/5/4 1115/5/4 1118/910/4
f 1115/5/4 1117/5/4 1116/911/4
f 1115/5/5 1113/5/5 1118/912/5
f 1113/5/5 1115/5/5 747/5/5
f 748/2/6 1117/3/6 1114/11/6
f 1117/3/6 748/2/6 1116/1/6
f 1116/3/1 1119/2/1 1115/1/1
f 1119/3/1 1116/2/1 1120/1/1
f 751/3/2 1116/2/2 1115/1/2
f 1116/3/2 751/2/2 753/1/2
f 754/603/3 1119/5/3 1120/913/3
f 1119/5/3 754/603/3 752/5/3
f 754/5/4 751/5/4 752/914/4
f 751/5/4 754/5/4 753/915/4
f 751/608/5 1119/5/5 752/5/5
f 1119/5/5 751/608/5 1115/5/5
f 1116/2/6 754/3/6 1120/11/6
f 754/3/6 1116/2/6 753/1/6
f 1123/3/1 1122/2/1 1121/1/1
f 1122/3/1 1123/2/1 1124/1/1
f 1125/3/2 1123/2/2 1121/1/2
f 1123/3/2 1125/2/2 1126/1/2
f 1127/5/3 1122/5/3 1124/916/3
f 1122/5/3 1127/5/3 1128/917/3
f 1127/5/4 1125/5/4 1128/918/4
f 1125/5/4 1127/5/4 1126/919/4
f 1125/5/5 1122/5/5 1128/920/5
f 1122/5/5 1125/5/5 1121/921/5
f 1123/2/6 1127/3/6 1124/11/6
f 1127/3/6 1123/2/6 1126/1/6
f 686/3/1 1129/2/1 684/1/1
f 1129/3/1 686/2/1 1130/1/1
f 690/3/2 686/2/2 684/1/2
f 686/3/2 690/2/2 689/1/2
f 1131/5/3 1129/5/3 1130/922/3
f 1129/5/3 1131/5/3 1132/923/3
f 1131/5/4 690/549/4 1132/924/4
f 690/549/4 1131/5/4 689/5/4
f 690/551/5 1129/5/5 1132/925/5
f 1129/5/5 690/551/5 684/5/5
f 686/2/6 1131/3/6 1130/11/6
f 1131/3/6 686/2/6 689/1/6
f 618/3/1 1133/2/1 616/1/1
f 1133/3/1 618/2/1 1134/1/1
f 622/3/2 618/2/2 616/1/2
f 618/3/2 622/2/2 621/1/2
f 1135/5/3 1133/5/3 1134/926/3
f 1133/5/3 1135/5/3 1136/927/3
f 1135/5/4 622/498/4 1136/928/4
f 622/498/4 1135/5/4 621/5/4
f 622/500/5 1133/5/5 1136/929/5
f 1133/5/5 622/500/5 616/5/5
f 618/2/6 1135/3/6 1134/11/6
f 1135/3/6 618/2/6 621/1/6
f 1139/3/1 1138/2/1 1137/1/1
f 1138/3/1 1139/2/1 1140/1/1
f 1141/3/2 1139/2/2 1137/1/2
f 1139/3/2 1141/2/2 1142/1/2
f 1143/5/3 1138/5/3 1140/930/3
f 1138/5/3 1143/5/3 1144/931/3
f 1143/5/4 1141/5/4 1144/932/4
f 1141/5/4 1143/5/4 1142/933/4
f 1141/5/5 1138/5/5 1144/934/5
f 1138/5/5 1141/5/5 1137/935/5
f 1139/2/6 1143/3/6 1140/11/6
f 1143/3/6 1139/2/6 1142/1/6
f 1147/3/1 1146/2/1 1145/1/1
f 1146/3/1 1147/2/1 1148/1/1
f 1149/3/2 1147/2/2 1145/1/2
f 1147/3/2 1149/2/2 1150/1/2
f 1151/5/3 1146/5/3 1148/936/3
f 1146/5/3 1151/5/3 1152/937/3
f 1151/5/4 1149/5/4 1152/938/4
f 1149/5/4 1151/5/4 1150/939/4
f 1149/5/5 1146/5/5 1152/940/5
f 1146/5/5 1149/5/5 1145/941/5
f 1147/2/6 1151/3/6 1148/11/6
f 1151/3/6 1147/2/6 1150/1/6
f 722/3/1 1090/2/1 720/1/1
f 1090/3/1 722/2/1 1089/1/1
f 724/3/2 722/2/2 720/1/2
f 722/3/2 724/2/2 723/1/2
f 1106/899/3 1090/882/3 1089/5/3
f 1090/882/3 1106/899/3 1105/5/3
f 1106/5/4 724/577/4 1105/942/4
f 724/577/4 1106/5/4 723/5/4
f 724/579/5 1090/885/5 1105/5/5
f 1090/885/5 724/579/5 720/5/5
f 722/2/6 1106/3/6 1089/11/6
f 1106/3/6 722/2/6 723/1/6
f 1155/3/1 1154/2/1 1153/1/1
f 1154/3/1 1155/2/1 1156/1/1
f 1157/3/2 1155/2/2 1153/1/2
f 1155/3/2 1157/2/2 1158/1/2
f 1159/5/3 1154/5/3 1156/943/3
f 1154/5/3 1159/5/3 1160/944/3
f 1159/5/4 1157/5/4 1160/945/4
f 1157/5/4 1159/5/4 1158/946/4
f 1157/5/5 1154/5/5 1160/947/5
f 1154/5/5 1157/5/5 1153/948/5
f 1155/2/6 1159/3/6 1156/11/6
f 1159/3/6 1155/2/6 1158/1/6
f 746/3/1 792/2/1 744/1/1
f 792/3/1 746/2/1 791/1/1
f 750/3/2 746/2/2 744/1/2
f 746/3/2 750/2/2 749/1/2
f 1114/908/3 792/632/3 791/5/3
f 792/632/3 1114/908/3 1113/5/3
f 1114/5/4 750/599/4 1113/949/4
f 750/599/4 1114/5/4 749/5/4
f 750/601/5 792/635/5 1113/5/5
f 792/635/5 750/601/5 744/5/5
f 746/2/6 1114/3/6 791/11/6
f 1114/3/6 746/2/6 749/1/6
f 1163/3/1 1162/2/1 1161/1/1
f 1162/3/1 1163/2/1 1164/1/1
f 801/3/2 1163/2/2 1161/1/2
f 1163/3/2 801/2/2 802/1/2
f 1165/5/3 1162/5/3 1164/950/3
f 1162/5/3 1165/5/3 1166/951/3
f 1165/5/4 801/5/4 1166/952/4
f 801/5/4 1165/5/4 802/953/4
f 801/645/5 1162/5/5 1166/954/5
f 1162/5/5 801/645/5 1161/955/5
f 1163/2/6 1165/3/6 1164/11/6
f 1165/3/6 1163/2/6 802/1/6
f 1159/3/1 1167/2/1 1160/1/1
f 1167/3/1 1159/2/1 1168/1/1
f 1169/3/2 1159/2/2 1160/1/2
f 1159/3/2 1169/2/2 1170/1/2
f 1171/5/3 1167/5/3 1168/956/3
f 1167/5/3 1171/5/3 1172/957/3
f 1171/5/4 1169/5/4 1172/958/4
f 1169/5/4 1171/5/4 1170/959/4
f 1169/5/5 1167/5/5 1172/960/5
f 1167/5/5 1169/5/5 1160/947/5
f 1159/2/6 1171/3/6 1168/11/6
f 1171/3/6 1159/2/6 1170/1/6
f 197/3/1 1173/2/1 198/1/1
f 1173/3/1 197/2/1 1174/1/1
f 200/3/2 197/2/2 198/1/2
f 197/3/2 200/2/2 202/1/2
f 829/5/3 1173/5/3 1174/961/3
f 1173/5/3 829/5/3 827/962/3
f 829/5/4 200/5/4 827/963/4
f 200/5/4 829/5/4 202/964/4
f 200/5/5 1173/5/5 827/668/5
f 1173/5/5 200/5/5 198/161/5
f 197/2/6 829/3/6 1174/11/6
f 829/3/6 197/2/6 202/1/6
f 1177/3/1 1176/2/1 1175/1/1
f 1176/3/1 1177/2/1 1178/1/1
f 1179/3/2 1177/2/2 1175/1/2
f 1177/3/2 1179/2/2 1180/1/2
f 1181/5/3 1176/5/3 1178/965/3
f 1176/5/3 1181/5/3 1182/966/3
f 1181/5/4 1179/5/4 1182/967/4
f 1179/5/4 1181/5/4 1180/968/4
f 1179/5/5 1176/5/5 1182/969/5
f 1176/5/5 1179/5/5 1175/970/5
f 1177/2/6 1181/3/6 1178/11/6
f 1181/3/6 1177/2/6 1180/1/6
f 1180/3/1 1183/2/1 1179/1/1
f 1183/3/1 1180/2/1 1184/1/1
f 1166/3/2 1180/2/2 1179/1/2
f 1180/3/2 1166/2/2 1165/1/2
f 279/643/3 1183/5/3 1184/971/3
f 1183/5/3 279/643/3 277/5/3
f 279/5/4 1166/952/4 277/972/4
f 1166/952/4 279/5/4 1165/5/4
f 1166/954/5 1183/5/5 277/227/5
f 1183/5/5 1166/954/5 1179/5/5
f 1180/2/6 279/3/6 1184/11/6
f 279/3/6 1180/2/6 1165/1/6
f 1187/3/1 1186/2/1 1185/1/1
f 1186/3/1 1187/2/1 1188/1/1
f 1189/3/2 1187/2/2 1185/1/2
f 1187/3/2 1189/2/2 1190/1/2
f 1191/5/3 1186/5/3 1188/973/3
f 1186/5/3 1191/5/3 1192/974/3
f 1191/5/4 1189/5/4 1192/975/4
f 1189/5/4 1191/5/4 1190/976/4
f 1189/5/5 1186/5/5 1192/977/5
f 1186/5/5 1189/5/5 1185/978/5
f 1187/2/6 1191/3/6 1188/11/6
f 1191/3/6 1187/2/6 1190/1/6
f 1195/3/1 1194/2/1 1193/1/1
f 1194/3/1 1195/2/1 1196/1/1
f 1197/3/2 1195/2/2 1193/1/2
f 1195/3/2 1197/2/2 1198/1/2
f 843/5/3 1194/5/3 1196/979/3
f 1194/5/3 843/5/3 841/980/3
f 843/5/4 1197/5/4 841/981/4
f 1197/5/4 843/5/4 1198/982/4
f 1197/5/5 1194/5/5 841/680/5
f 1194/5/5 1197/5/5 1193/983/5
f 1195/2/6 843/3/6 1196/11/6
f 843/3/6 1195/2/6 1198/1/6
f 1201/3/1 1200/2/1 1199/1/1
f 1200/3/1 1201/2/1 1202/1/1
f 1203/3/2 1201/2/2 1199/1/2
f 1201/3/2 1203/2/2 1204/1/2
f 851/5/3 1200/5/3 1202/984/3
f 1200/5/3 851/5/3 849/985/3
f 851/5/4 1203/5/4 849/986/4
f 1203/5/4 851/5/4 1204/987/4
f 1203/5/5 1200/5/5 849/686/5
f 1200/5/5 1203/5/5 1199/988/5
f 1201/2/6 851/3/6 1202/11/6
f 851/3/6 1201/2/6 1204/1/6
f 1206/3/1 853/2/1 1205/1/1
f 853/3/1 1206/2/1 854/1/1
f 1207/3/2 1206/2/2 1205/1/2
f 1206/3/2 1207/2/2 1208/1/2
f 859/5/3 853/5/3 854/989/3
f 853/5/3 859/5/3 857/990/3
f 859/5/4 1207/5/4 857/991/4
f 1207/5/4 859/5/4 1208/992/4
f 1207/5/5 853/5/5 857/692/5
f 853/5/5 1207/5/5 1205/993/5
f 1206/2/6 859/3/6 854/11/6
f 859/3/6 1206/2/6 1208/1/6
f 1210/3/1 861/2/1 1209/1/1
f 861/3/1 1210/2/1 862/1/1
f 1211/3/2 1210/2/2 1209/1/2
f 1210/3/2 1211/2/2 1212/1/2
f 1213/5/3 861/5/3 862/994/3
f 861/5/3 1213/5/3 1214/995/3
f 1213/5/4 1211/5/4 1214/996/4
f 1211/5/4 1213/5/4 1212/997/4
f 1211/5/5 861/5/5 1214/998/5
f 861/5/5 1211/5/5 1209/999/5
f 1210/2/6 1213/3/6 862/11/6
f 1213/3/6 1210/2/6 1212/1/6
f 1216/3/1 895/2/1 1215/1/1
f 895/3/1 1216/2/1 897/1/1
f 1217/3/2 1216/2/2 1215/1/2
f 1216/3/2 1217/2/2 1218/1/2
f 900/5/3 895/5/3 897/1000/3
f 895/5/3 900/5/3 899/1001/3
f 900/720/4 1217/5/4 899/5/4
f 1217/5/4 900/720/4 1218/1002/4
f 1217/5/5 895/722/5 899/5/5
f 895/722/5 1217/5/5 1215/1003/5
f 1216/2/6 900/3/6 897/11/6
f 900/3/6 1216/2/6 1218/1/6
f 1220/3/1 909/2/1 1219/1/1
f 909/3/1 1220/2/1 911/1/1
f 1221/3/2 1220/2/2 1219/1/2
f 1220/3/2 1221/2/2 1222/1/2
f 914/5/3 909/5/3 911/1004/3
f 909/5/3 914/5/3 913/1005/3
f 914/732/4 1221/5/4 913/5/4
f 1221/5/4 914/732/4 1222/1006/4
f 1221/5/5 909/734/5 913/5/5
f 909/734/5 1221/5/5 1219/1007/5
f 1220/2/6 914/3/6 911/11/6
f 914/3/6 1220/2/6 1222/1/6
f 1224/3/1 296/2/1 1223/1/1
f 296/3/1 1224/2/1 295/1/1
f 1225/3/2 1224/2/2 1223/1/2
f 1224/3/2 1225/2/2 1226/1/2
f 1227/5/3 296/234/3 295/5/3
f 296/234/3 1227/5/3 1228/1008/3
f 1227/5/4 1225/5/4 1228/1009/4
f 1225/5/4 1227/5/4 1226/1010/4
f 1225/5/5 296/237/5 1228/1011/5
f 296/237/5 1225/5/5 1223/1012/5
f 1224/2/6 1227/3/6 295/11/6
f 1227/3/6 1224/2/6 1226/1/6
f 253/3/1 1229/2/1 254/1/1
f 1229/3/1 253/2/1 1230/1/1
f 1231/3/2 253/2/2 254/1/2
f 253/3/2 1231/2/2 1232/1/2
f 1233/5/3 1229/5/3 1230/1013/3
f 1229/5/3 1233/5/3 1234/1014/3
f 1233/5/4 1231/5/4 1234/1015/4
f 1231/5/4 1233/5/4 1232/1016/4
f 1231/5/5 1229/5/5 1234/1017/5
f 1229/5/5 1231/5/5 254/203/5
f 253/2/6 1233/3/6 1230/11/6
f 1233/3/6 253/2/6 1232/1/6
f 1237/3/1 1236/2/1 1235/1/1
f 1236/3/1 1237/2/1 1238/1/1
f 1239/3/2 1237/2/2 1235/1/2
f 1237/3/2 1239/2/2 1240/1/2
f 1241/5/3 1236/5/3 1238/1018/3
f 1236/5/3 1241/5/3 1242/1019/3
f 1241/5/4 1239/5/4 1242/1020/4
f 1239/5/4 1241/5/4 1240/1021/4
f 1239/5/5 1236/5/5 1242/1022/5
f 1236/5/5 1239/5/5 1235/1023/5
f 1237/2/6 1241/3/6 1238/11/6
f 1241/3/6 1237/2/6 1240/1/6
f 1245/3/1 1244/2/1 1243/1/1
f 1244/3/1 1245/2/1 1246/1/1
f 1247/3/2 1245/2/2 1243/1/2
f 1245/3/2 1247/2/2 1248/1/2
f 1249/5/3 1244/5/3 1246/1024/3
f 1244/5/3 1249/5/3 1250/1025/3
f 1249/5/4 1247/5/4 1250/1026/4
f 1247/5/4 1249/5/4 1248/1027/4
f 1247/5/5 1244/5/5 1250/1028/5
f 1244/5/5 1247/5/5 1243/1029/5
f 1245/2/6 1249/3/6 1246/11/6
f 1249/3/6 1245/2/6 1248/1/6
f 892/3/1 894/2/1 891/1/1
f 894/3/1 892/2/1 893/1/1
f 1251/3/2 892/2/2 891/1/2
f 892/3/2 1251/2/2 1252/1/2
f 1253/5/3 894/712/3 893/5/3
f 894/712/3 1253/5/3 1254/1030/3
f 1253/5/4 1251/5/4 1254/1031/4
f 1251/5/4 1253/5/4 1252/1032/4
f 1251/5/5 894/715/5 1254/1033/5
f 894/715/5 1251/5/5 891/5/5
f 892/2/6 1253/3/6 893/11/6
f 1253/3/6 892/2/6 1252/1/6
f 318/3/1 320/2/1 317/1/1
f 320/3/1 318/2/1 319/1/1
f 1255/3/2 318/2/2 317/1/2
f 318/3/2 1255/2/2 1256/1/2
f 1257/5/3 320/252/3 319/5/3
f 320/252/3 1257/5/3 1258/1034/3
f 1257/5/4 1255/5/4 1258/1035/4
f 1255/5/4 1257/5/4 1256/1036/4
f 1255/5/5 320/255/5 1258/1037/5
f 320/255/5 1255/5/5 317/5/5
f 318/2/6 1257/3/6 319/11/6
f 1257/3/6 318/2/6 1256/1/6
f 1261/3/1 1260/2/1 1259/1/1
f 1260/3/1 1261/2/1 1262/1/1
f 298/3/2 1261/2/2 1259/1/2
f 1261/3/2 298/2/2 300/1/2
f 1263/5/3 1260/5/3 1262/1038/3
f 1260/5/3 1263/5/3 1264/1039/3
f 1263/5/4 298/5/4 1264/1040/4
f 298/5/4 1263/5/4 300/1041/4
f 298/5/5 1260/5/5 1264/1042/5
f 1260/5/5 298/5/5 1259/1043/5
f 1261/2/6 1263/3/6 1262/11/6
f 1263/3/6 1261/2/6 300/1/6
f 898/3/1 1265/2/1 896/1/1
f 1265/3/1 898/2/1 1266/1/1
f 902/3/2 898/2/2 896/1/2
f 898/3/2 902/2/2 901/1/2
f 1267/5/3 1265/5/3 1266/1044/3
f 1265/5/3 1267/5/3 1268/1045/3
f 1267/5/4 902/719/4 1268/1046/4
f 902/719/4 1267/5/4 901/5/4
f 902/721/5 1265/5/5 1268/1047/5
f 1265/5/5 902/721/5 896/5/5
f 898/2/6 1267/3/6 1266/11/6
f 1267/3/6 898/2/6 901/1/6
f 912/3/1 1269/2/1 910/1/1
f 1269/3/1 912/2/1 1270/1/1
f 916/3/2 912/2/2 910/1/2
f 912/3/2 916/2/2 915/1/2
f 1271/5/3 1269/5/3 1270/1048/3
f 1269/5/3 1271/5/3 1272/1049/3
f 1271/5/4 916/731/4 1272/1050/4
f 916/731/4 1271/5/4 915/5/4
f 916/733/5 1269/5/5 1272/1051/5
f 1269/5/5 916/733/5 910/5/5
f 912/2/6 1271/3/6 1270/11/6
f 1271/3/6 912/2/6 915/1/6
f 1275/3/1 1274/2/1 1273/1/1
f 1274/3/1 1275/2/1 1276/1/1
f 965/3/2 1275/2/2 1273/1/2
f 1275/3/2 965/2/2 967/1/2
f 968/775/3 1274/5/3 1276/1052/3
f 1274/5/3 968/775/3 966/5/3
f 968/5/4 965/5/4 966/1053/4
f 965/5/4 968/5/4 967/1054/4
f 965/780/5 1274/5/5 966/5/5
f 1274/5/5 965/780/5 1273/1055/5
f 1275/2/6 968/3/6 1276/11/6
f 968/3/6 1275/2/6 967/1/6
f 324/3/1 364/2/1 322/1/1
f 364/3/1 324/2/1 363/1/1
f 328/3/2 324/2/2 322/1/2
f 324/3/2 328/2/2 327/1/2
f 1238/1018/3 364/288/3 363/5/3
f 364/288/3 1238/1018/3 1236/5/3
f 1238/5/4 328/259/4 1236/1056/4
f 328/259/4 1238/5/4 327/5/4
f 328/261/5 364/291/5 1236/5/5
f 364/291/5 328/261/5 322/5/5
f 324/2/6 1238/3/6 363/11/6
f 1238/3/6 324/2/6 327/1/6
f 1279/3/1 1278/2/1 1277/1/1
f 1278/3/1 1279/2/1 1280/1/1
f 1281/3/2 1279/2/2 1277/1/2
f 1279/3/2 1281/2/2 1282/1/2
f 1283/5/3 1278/5/3 1280/1057/3
f 1278/5/3 1283/5/3 1284/1058/3
f 1283/5/4 1281/5/4 1284/1059/4
f 1281/5/4 1283/5/4 1282/1060/4
f 1281/5/5 1278/5/5 1284/1061/5
f 1278/5/5 1281/5/5 1277/1062/5
f 1279/2/6 1283/3/6 1280/11/6
f 1283/3/6 1279/2/6 1282/1/6
f 950/3/1 1285/2/1 948/1/1
f 1285/3/1 950/2/1 1286/1/1
f 954/3/2 950/2/2 948/1/2
f 950/3/2 954/2/2 953/1/2
f 1287/5/3 1285/5/3 1286/1063/3
f 1285/5/3 1287/5/3 1288/1064/3
f 1287/5/4 954/760/4 1288/1065/4
f 954/760/4 1287/5/4 953/5/4
f 954/762/5 1285/5/5 1288/1066/5
f 1285/5/5 954/762/5 948/5/5
f 950/2/6 1287/3/6 1286/11/6
f 1287/3/6 950/2/6 953/1/6
f 1290/3/1 407/2/1 1289/1/1
f 407/3/1 1290/2/1 408/1/1
f 1291/3/2 1290/2/2 1289/1/2
f 1290/3/2 1291/2/2 1292/1/2
f 1293/5/3 407/5/3 408/1067/3
f 407/5/3 1293/5/3 1294/1068/3
f 1293/5/4 1291/5/4 1294/1069/4
f 1291/5/4 1293/5/4 1292/1070/4
f 1291/5/5 407/5/5 1294/1071/5
f 407/5/5 1291/5/5 1289/1072/5
f 1290/2/6 1293/3/6 408/11/6
f 1293/3/6 1290/2/6 1292/1/6
f 1296/3/1 1268/2/1 1295/1/1
f 1268/3/1 1296/2/1 1267/1/1
f 1297/3/2 1296/2/2 1295/1/2
f 1296/3/2 1297/2/2 1298/1/2
f 1299/5/3 1268/1045/3 1267/5/3
f 1268/1045/3 1299/5/3 1300/1073/3
f 1299/5/4 1297/5/4 1300/1074/4
f 1297/5/4 1299/5/4 1298/1075/4
f 1297/5/5 1268/1047/5 1300/1076/5
f 1268/1047/5 1297/5/5 1295/1077/5
f 1296/2/6 1299/3/6 1267/11/6
f 1299/3/6 1296/2/6 1298/1/6
f 961/3/1 1301/2/1 962/1/1
f 1301/3/1 961/2/1 1302/1/1
f 381/3/2 961/2/2 962/1/2
f 961/3/2 381/2/2 383/1/2
f 384/305/3 1301/5/3 1302/1078/3
f 1301/5/3 384/305/3 382/5/3
f 384/5/4 381/5/4 382/1079/4
f 381/5/4 384/5/4 383/1080/4
f 381/310/5 1301/5/5 382/5/5
f 1301/5/5 381/310/5 962/770/5
f 961/2/6 384/3/6 1302/11/6
f 384/3/6 961/2/6 383/1/6
f 356/3/1 386/2/1 354/1/1
f 386/3/1 356/2/1 385/1/1
f 358/3/2 356/2/2 354/1/2
f 356/3/2 358/2/2 357/1/2
f 1303/5/3 386/306/3 385/5/3
f 386/306/3 1303/5/3 1304/1081/3
f 1303/5/4 358/283/4 1304/1082/4
f 358/283/4 1303/5/4 357/5/4
f 358/285/5 386/309/5 1304/1083/5
f 386/309/5 358/285/5 354/5/5
f 356/2/6 1303/3/6 385/11/6
f 1303/3/6 356/2/6 357/1/6
f 1307/3/1 1306/2/1 1305/1/1
f 1306/3/1 1307/2/1 1308/1/1
f 1269/3/2 1307/2/2 1305/1/2
f 1307/3/2 1269/2/2 1270/1/2
f 1309/5/3 1306/5/3 1308/1084/3
f 1306/5/3 1309/5/3 1310/1085/3
f 1309/5/4 1269/5/4 1310/1086/4
f 1269/5/4 1309/5/4 1270/1087/4
f 1269/5/5 1306/5/5 1310/1088/5
f 1306/5/5 1269/5/5 1305/1089/5
f 1307/2/6 1309/3/6 1308/11/6
f 1309/3/6 1307/2/6 1270/1/6
f 1313/3/1 1312/2/1 1311/1/1
f 1312/3/1 1313/2/1 1314/1/1
f 1315/3/2 1313/2/2 1311/1/2
f 1313/3/2 1315/2/2 1316/1/2
f 1317/5/3 1312/5/3 1314/1090/3
f 1312/5/3 1317/5/3 1318/1091/3
f 1317/5/4 1315/5/4 1318/1092/4
f 1315/5/4 1317/5/4 1316/1093/4
f 1315/5/5 1312/5/5 1318/1094/5
f 1312/5/5 1315/5/5 1311/1095/5
f 1313/2/6 1317/3/6 1314/11/6
f 1317/3/6 1313/2/6 1316/1/6
f 1320/3/1 1009/2/1 1319/1/1
f 1009/3/1 1320/2/1 1011/1/1
f 1321/3/2 1320/2/2 1319/1/2
f 1320/3/2 1321/2/2 1322/1/2
f 1014/5/3 1009/5/3 1011/1096/3
f 1009/5/3 1014/5/3 1013/1097/3
f 1014/818/4 1321/5/4 1013/5/4
f 1321/5/4 1014/818/4 1322/1098/4
f 1321/5/5 1009/820/5 1013/5/5
f 1009/820/5 1321/5/5 1319/1099/5
f 1320/2/6 1014/3/6 1011/11/6
f 1014/3/6 1320/2/6 1322/1/6
f 1325/3/1 1324/2/1 1323/1/1
f 1324/3/1 1325/2/1 1326/1/1
f 1327/3/2 1325/2/2 1323/1/2
f 1325/3/2 1327/2/2 1328/1/2
f 1329/5/3 1324/5/3 1326/1100/3
f 1324/5/3 1329/5/3 1330/1101/3
f 1329/5/4 1327/5/4 1330/1102/4
f 1327/5/4 1329/5/4 1328/1103/4
f 1327/5/5 1324/5/5 1330/1104/5
f 1324/5/5 1327/5/5 1323/1105/5
f 1325/2/6 1329/3/6 1326/11/6
f 1329/3/6 1325/2/6 1328/1/6
f 392/3/1 394/2/1 391/1/1
f 394/3/1 392/2/1 393/1/1
f 999/3/2 392/2/2 391/1/2
f 392/3/2 999/2/2 1001/1/2
f 1002/802/3 394/312/3 393/5/3
f 394/312/3 1002/802/3 1000/5/3
f 1002/5/4 999/5/4 1000/1106/4
f 999/5/4 1002/5/4 1001/1107/4
f 999/807/5 394/315/5 1000/5/5
f 394/315/5 999/807/5 391/5/5
f 392/2/6 1002/3/6 393/11/6
f 1002/3/6 392/2/6 1001/1/6
f 1299/3/1 1331/2/1 1300/1/1
f 1331/3/1 1299/2/1 1332/1/1
f 1306/3/2 1299/2/2 1300/1/2
f 1299/3/2 1306/2/2 1308/1/2
f 1333/5/3 1331/5/3 1332/1108/3
f 1331/5/3 1333/5/3 1334/1109/3
f 1333/5/4 1306/5/4 1334/1110/4
f 1306/5/4 1333/5/4 1308/1111/4
f 1306/5/5 1331/5/5 1334/1112/5
f 1331/5/5 1306/5/5 1300/1076/5
f 1299/2/6 1333/3/6 1332/11/6
f 1333/3/6 1299/2/6 1308/1/6
f 422/3/1 424/2/1 421/1/1
f 424/3/1 422/2/1 423/1/1
f 1335/3/2 422/2/2 421/1/2
f 422/3/2 1335/2/2 1336/1/2
f 441/5/3 424/336/3 423/5/3
f 424/336/3 441/5/3 439/1113/3
f 441/5/4 1335/5/4 439/1114/4
f 1335/5/4 441/5/4 1336/1115/4
f 1335/5/5 424/339/5 439/357/5
f 424/339/5 1335/5/5 421/5/5
f 422/2/6 441/3/6 423/11/6
f 441/3/6 422/2/6 1336/1/6
f 1007/3/1 1033/2/1 1008/1/1
f 1033/3/1 1007/2/1 1034/1/1
f 404/3/2 1007/2/2 1008/1/2
f 1007/3/2 404/2/2 406/1/2
f 1337/5/3 1033/5/3 1034/1116/3
f 1033/5/3 1337/5/3 1338/1117/3
f 1337/5/4 404/5/4 1338/1118/4
f 404/5/4 1337/5/4 406/1119/4
f 404/5/5 1033/5/5 1338/1120/5
f 1033/5/5 404/5/5 1008/812/5
f 1007/2/6 1337/3/6 1034/11/6
f 1337/3/6 1007/2/6 406/1/6
f 444/3/1 446/2/1 443/1/1
f 446/3/1 444/2/1 445/1/1
f 1029/3/2 444/2/2 443/1/2
f 444/3/2 1029/2/2 1031/1/2
f 1032/832/3 446/353/3 445/5/3
f 446/353/3 1032/832/3 1030/5/3
f 1032/5/4 1029/5/4 1030/1121/4
f 1029/5/4 1032/5/4 1031/1122/4
f 1029/837/5 446/356/5 1030/5/5
f 446/356/5 1029/837/5 443/5/5
f 444/2/6 1032/3/6 445/11/6
f 1032/3/6 444/2/6 1031/1/6
f 1026/3/1 1339/2/1 1024/1/1
f 1339/3/1 1026/2/1 1340/1/1
f 1028/3/2 1026/2/2 1024/1/2
f 1026/3/2 1028/2/2 1027/1/2
f 449/5/3 1339/5/3 1340/1123/3
f 1339/5/3 449/5/3 447/1124/3
f 449/5/4 1028/828/4 447/1125/4
f 1028/828/4 449/5/4 1027/5/4
f 1028/830/5 1339/5/5 447/363/5
f 1339/5/5 1028/830/5 1024/5/5
f 1026/2/6 449/3/6 1340/11/6
f 449/3/6 1026/2/6 1027/1/6
f 1116/3/1 1119/2/1 1115/1/1
f 1119/3/1 1116/2/1 1120/1/1
f 751/3/2 1116/2/2 1115/1/2
f 1116/3/2 751/2/2 753/1/2
f 754/603/3 1119/5/3 1120/913/3
f 1119/5/3 754/603/3 752/5/3
f 754/5/4 751/5/4 752/914/4
f 751/5/4 754/5/4 753/915/4
f 751/608/5 1119/5/5 752/5/5
f 1119/5/5 751/608/5 1115/5/5
f 1116/2/6 754/3/6 1120/11/6
f 754/3/6 1116/2/6 753/1/6
f 1180/3/1 1183/2/1 1179/1/1
f 1183/3/1 1180/2/1 1184/1/1
f 1166/3/2 1180/2/2 1179/1/2
f 1180/3/2 1166/2/2 1165/1/2
f 279/643/3 1183/5/3 1184/971/3
f 1183/5/3 279/643/3 277/5/3
f 279/5/4 1166/952/4 277/972/4
f 1166/952/4 279/5/4 1165/5/4
f 1166/954/5 1183/5/5 277/227/5
f 1183/5/5 1166/954/5 1179/5/5
f 1180/2/6 279/3/6 1184/11/6
f 279/3/6 1180/2/6 1165/1/6

usemtl color24

f 14/3/1 16/2/1 13/1/1
f 16/3/1 14/2/1 15/1/1
f 1341/3/2 14/2/2 13/1/2
f 14/3/2 1341/2/2 1342/1/2
f 1343/5/3 16/13/3 15/5/3
f 16/13/3 1343/5/3 1344/1126/3
f 1343/5/4 1341/5/4 1344/1127/4
f 1341/5/4 1343/5/4 1342/1128/4
f 1341/5/5 16/16/5 1344/1129/5
f 16/16/5 1341/5/5 13/5/5
f 14/2/6 1343/3/6 15/11/6
f 1343/3/6 14/2/6 1342/1/6
f 22/3/1 1345/2/1 21/1/1
f 1345/3/1 22/2/1 1346/1/1
f 1347/3/2 22/2/2 21/1/2
f 22/3/2 1347/2/2 1348/1/2
f 1349/5/3 1345/5/3 1346/1130/3
f 1345/5/3 1349/5/3 1350/1131/3
f 1349/5/4 1347/5/4 1350/1132/4
f 1347/5/4 1349/5/4 1348/1133/4
f 1347/5/5 1345/5/5 1350/1134/5
f 1345/5/5 1347/5/5 21/5/5
f 22/2/6 1349/3/6 1346/11/6
f 1349/3/6 22/2/6 1348/1/6
f 1353/3/1 1352/2/1 1351/1/1
f 1352/3/1 1353/2/1 1354/1/1
f 1355/3/2 1353/2/2 1351/1/2
f 1353/3/2 1355/2/2 1356/1/2
f 1357/5/3 1352/5/3 1354/1135/3
f 1352/5/3 1357/5/3 1358/1136/3
f 1357/5/4 1355/5/4 1358/1137/4
f 1355/5/4 1357/5/4 1356/1138/4
f 1355/5/5 1352/5/5 1358/1139/5
f 1352/5/5 1355/5/5 1351/1140/5
f 1353/2/6 1357/3/6 1354/11/6
f 1357/3/6 1353/2/6 1356/1/6
f 1361/3/1 1360/2/1 1359/1/1
f 1360/3/1 1361/2/1 1362/1/1
f 1363/3/2 1361/2/2 1359/1/2
f 1361/3/2 1363/2/2 1364/1/2
f 1365/5/3 1360/5/3 1362/1141/3
f 1360/5/3 1365/5/3 1366/1142/3
f 1365/5/4 1363/5/4 1366/1143/4
f 1363/5/4 1365/5/4 1364/1144/4
f 1363/5/5 1360/5/5 1366/1145/5
f 1360/5/5 1363/5/5 1359/1146/5
f 1361/2/6 1365/3/6 1362/11/6
f 1365/3/6 1361/2/6 1364/1/6
f 1369/3/1 1368/2/1 1367/1/1
f 1368/3/1 1369/2/1 1370/1/1
f 1371/3/2 1369/2/2 1367/1/2
f 1369/3/2 1371/2/2 1372/1/2
f 1373/5/3 1368/5/3 1370/1147/3
f 1368/5/3 1373/5/3 1374/1148/3
f 1373/5/4 1371/5/4 1374/1149/4
f 1371/5/4 1373/5/4 1372/1150/4
f 1371/5/5 1368/5/5 1374/1151/5
f 1368/5/5 1371/5/5 1367/1152/5
f 1369/2/6 1373/3/6 1370/11/6
f 1373/3/6 1369/2/6 1372/1/6
f 1377/3/1 1376/2/1 1375/1/1
f 1376/3/1 1377/2/1 1378/1/1
f 1379/3/2 1377/2/2 1375/1/2
f 1377/3/2 1379/2/2 1380/1/2
f 1381/5/3 1376/5/3 1378/1153/3
f 1376/5/3 1381/5/3 1382/1154/3
f 1381/5/4 1379/5/4 1382/1155/4
f 1379/5/4 1381/5/4 1380/1156/4
f 1379/5/5 1376/5/5 1382/1157/5
f 1376/5/5 1379/5/5 1375/1158/5
f 1377/2/6 1381/3/6 1378/11/6
f 1381/3/6 1377/2/6 1380/1/6

usemtl color4

f 1342/3/1 1344/2/1 1341/1/1
f 1344/3/1 1342/2/1 1343/1/1
f 1383/3/2 1342/2/2 1341/1/2
f 1342/3/2 1383/2/2 1384/1/2
f 1385/5/3 1344/1126/3 1343/5/3
f 1344/1126/3 1385/5/3 1386/1159/3
f 1385/5/4 1383/5/4 1386/1160/4
f 1383/5/4 1385/5/4 1384/1161/4
f 1383/5/5 1344/1129/5 1386/1162/5
f 1344/1129/5 1383/5/5 1341/5/5
f 1342/2/6 1385/3/6 1343/11/6
f 1385/3/6 1342/2/6 1384/1/6
f 1389/3/1 1388/2/1 1387/1/1
f 1388/3/1 1389/2/1 1390/1/1
f 1391/3/2 1389/2/2 1387/1/2
f 1389/3/2 1391/2/2 1392/1/2
f 1393/5/3 1388/5/3 1390/1163/3
f 1388/5/3 1393/5/3 1394/1164/3
f 1393/5/4 1391/5/4 1394/1165/4
f 1391/5/4 1393/5/4 1392/1166/4
f 1391/5/5 1388/5/5 1394/1167/5
f 1388/5/5 1391/5/5 1387/1168/5
f 1389/2/6 1393/3/6 1390/11/6
f 1393/3/6 1389/2/6 1392/1/6
f 1396/3/1 683/2/1 1395/1/1
f 683/3/1 1396/2/1 685/1/1
f 1397/3/2 1396/2/2 1395/1/2
f 1396/3/2 1397/2/2 1398/1/2
f 688/5/3 683/5/3 685/1169/3
f 683/5/3 688/5/3 687/1170/3
f 688/550/4 1397/5/4 687/5/4
f 1397/5/4 688/550/4 1398/1171/4
f 1397/5/5 683/552/5 687/5/5
f 683/552/5 1397/5/5 1395/1172/5
f 1396/2/6 688/3/6 685/11/6
f 688/3/6 1396/2/6 1398/1/6
f 680/3/1 682/2/1 679/1/1
f 682/3/1 680/2/1 681/1/1
f 1399/3/2 680/2/2 679/1/2
f 680/3/2 1399/2/2 1400/1/2
f 1401/5/3 682/542/3 681/5/3
f 682/542/3 1401/5/3 1402/1173/3
f 1401/5/4 1399/5/4 1402/1174/4
f 1399/5/4 1401/5/4 1400/1175/4
f 1399/5/5 682/545/5 1402/1176/5
f 682/545/5 1399/5/5 679/5/5
f 680/2/6 1401/3/6 681/11/6
f 1401/3/6 680/2/6 1400/1/6
f 1405/3/1 1404/2/1 1403/1/1
f 1404/3/1 1405/2/1 1406/1/1
f 1407/3/2 1405/2/2 1403/1/2
f 1405/3/2 1407/2/2 1408/1/2
f 1409/5/3 1404/5/3 1406/1177/3
f 1404/5/3 1409/5/3 1410/1178/3
f 1409/5/4 1407/5/4 1410/1179/4
f 1407/5/4 1409/5/4 1408/1180/4
f 1407/5/5 1404/5/5 1410/1181/5
f 1404/5/5 1407/5/5 1403/1182/5
f 1405/2/6 1409/3/6 1406/11/6
f 1409/3/6 1405/2/6 1408/1/6
f 1413/3/1 1412/2/1 1411/1/1
f 1412/3/1 1413/2/1 1414/1/1
f 1415/3/2 1413/2/2 1411/1/2
f 1413/3/2 1415/2/2 1416/1/2
f 1417/5/3 1412/5/3 1414/1183/3
f 1412/5/3 1417/5/3 1418/1184/3
f 1417/5/4 1415/5/4 1418/1185/4
f 1415/5/4 1417/5/4 1416/1186/4
f 1415/5/5 1412/5/5 1418/1187/5
f 1412/5/5 1415/5/5 1411/1188/5
f 1413/2/6 1417/3/6 1414/11/6
f 1417/3/6 1413/2/6 1416/1/6
f 1421/3/1 1420/2/1 1419/1/1
f 1420/3/1 1421/2/1 1422/1/1
f 1423/3/2 1421/2/2 1419/1/2
f 1421/3/2 1423/2/2 1424/1/2
f 1425/5/3 1420/5/3 1422/1189/3
f 1420/5/3 1425/5/3 1426/1190/3
f 1425/5/4 1423/5/4 1426/1191/4
f 1423/5/4 1425/5/4 1424/1192/4
f 1423/5/5 1420/5/5 1426/1193/5
f 1420/5/5 1423/5/5 1419/1194/5
f 1421/2/6 1425/3/6 1422/11/6
f 1425/3/6 1421/2/6 1424/1/6
f 1429/3/1 1428/2/1 1427/1/1
f 1428/3/1 1429/2/1 1430/1/1
f 1431/3/2 1429/2/2 1427/1/2
f 1429/3/2 1431/2/2 1432/1/2
f 1433/5/3 1428/5/3 1430/1195/3
f 1428/5/3 1433/5/3 1434/1196/3
f 1433/5/4 1431/5/4 1434/1197/4
f 1431/5/4 1433/5/4 1432/1198/4
f 1431/5/5 1428/5/5 1434/1199/5
f 1428/5/5 1431/5/5 1427/1200/5
f 1429/2/6 1433/3/6 1430/11/6
f 1433/3/6 1429/2/6 1432/1/6
f 1436/3/1 735/2/1 1435/1/1
f 735/3/1 1436/2/1 737/1/1
f 1437/3/2 1436/2/2 1435/1/2
f 1436/3/2 1437/2/2 1438/1/2
f 740/5/3 735/5/3 737/1201/3
f 735/5/3 740/5/3 739/1202/3
f 740/594/4 1437/5/4 739/5/4
f 1437/5/4 740/594/4 1438/1203/4
f 1437/5/5 735/596/5 739/5/5
f 735/596/5 1437/5/5 1435/1204/5
f 1436/2/6 740/3/6 737/11/6
f 740/3/6 1436/2/6 1438/1/6
f 1401/3/1 1439/2/1 1402/1/1
f 1439/3/1 1401/2/1 1440/1/1
f 1367/3/2 1401/2/2 1402/1/2
f 1401/3/2 1367/2/2 1369/1/2
f 1370/1147/3 1439/5/3 1440/1205/3
f 1439/5/3 1370/1147/3 1368/5/3
f 1370/5/4 1367/5/4 1368/1206/4
f 1367/5/4 1370/5/4 1369/1207/4
f 1367/1152/5 1439/5/5 1368/5/5
f 1439/5/5 1367/1152/5 1402/1176/5
f 1401/2/6 1370/3/6 1440/11/6
f 1370/3/6 1401/2/6 1369/1/6
f 1372/3/1 1374/2/1 1371/1/1
f 1374/3/1 1372/2/1 1373/1/1
f 1375/3/2 1372/2/2 1371/1/2
f 1372/3/2 1375/2/2 1377/1/2
f 1378/1153/3 1374/1148/3 1373/5/3
f 1374/1148/3 1378/1153/3 1376/5/3
f 1378/5/4 1375/5/4 1376/1208/4
f 1375/5/4 1378/5/4 1377/1209/4
f 1375/1158/5 1374/1151/5 1376/5/5
f 1374/1151/5 1375/1158/5 1371/5/5
f 1372/2/6 1378/3/6 1373/11/6
f 1378/3/6 1372/2/6 1377/1/6
f 1443/3/1 1442/2/1 1441/1/1
f 1442/3/1 1443/2/1 1444/1/1
f 1445/3/2 1443/2/2 1441/1/2
f 1443/3/2 1445/2/2 1446/1/2
f 789/5/3 1442/5/3 1444/1210/3
f 1442/5/3 789/5/3 787/1211/3
f 789/5/4 1445/5/4 787/1212/4
f 1445/5/4 789/5/4 1446/1213/4
f 1445/5/5 1442/5/5 787/636/5
f 1442/5/5 1445/5/5 1441/1214/5
f 1443/2/6 789/3/6 1444/11/6
f 789/3/6 1443/2/6 1446/1/6
f 1449/3/1 1448/2/1 1447/1/1
f 1448/3/1 1449/2/1 1450/1/1
f 1451/3/2 1449/2/2 1447/1/2
f 1449/3/2 1451/2/2 1452/1/2
f 1453/5/3 1448/5/3 1450/1215/3
f 1448/5/3 1453/5/3 1454/1216/3
f 1453/5/4 1451/5/4 1454/1217/4
f 1451/5/4 1453/5/4 1452/1218/4
f 1451/5/5 1448/5/5 1454/1219/5
f 1448/5/5 1451/5/5 1447/1220/5
f 1449/2/6 1453/3/6 1450/11/6
f 1453/3/6 1449/2/6 1452/1/6
f 1456/3/1 823/2/1 1455/1/1
f 823/3/1 1456/2/1 824/1/1
f 1457/3/2 1456/2/2 1455/1/2
f 1456/3/2 1457/2/2 1458/1/2
f 1459/5/3 823/5/3 824/1221/3
f 823/5/3 1459/5/3 1460/1222/3
f 1459/5/4 1457/5/4 1460/1223/4
f 1457/5/4 1459/5/4 1458/1224/4
f 1457/5/5 823/5/5 1460/1225/5
f 823/5/5 1457/5/5 1455/1226/5
f 1456/2/6 1459/3/6 824/11/6
f 1459/3/6 1456/2/6 1458/1/6
f 1463/3/1 1462/2/1 1461/1/1
f 1462/3/1 1463/2/1 1464/1/1
f 1465/3/2 1463/2/2 1461/1/2
f 1463/3/2 1465/2/2 1466/1/2
f 1467/5/3 1462/5/3 1464/1227/3
f 1462/5/3 1467/5/3 1468/1228/3
f 1467/5/4 1465/5/4 1468/1229/4
f 1465/5/4 1467/5/4 1466/1230/4
f 1465/5/5 1462/5/5 1468/1231/5
f 1462/5/5 1465/5/5 1461/1232/5
f 1463/2/6 1467/3/6 1464/11/6
f 1467/3/6 1463/2/6 1466/1/6
f 1471/3/1 1470/2/1 1469/1/1
f 1470/3/1 1471/2/1 1472/1/1
f 1473/3/2 1471/2/2 1469/1/2
f 1471/3/2 1473/2/2 1474/1/2
f 1475/5/3 1470/5/3 1472/1233/3
f 1470/5/3 1475/5/3 1476/1234/3
f 1475/5/4 1473/5/4 1476/1235/4
f 1473/5/4 1475/5/4 1474/1236/4
f 1473/5/5 1470/5/5 1476/1237/5
f 1470/5/5 1473/5/5 1469/1238/5
f 1471/2/6 1475/3/6 1472/11/6
f 1475/3/6 1471/2/6 1474/1/6
f 1479/3/1 1478/2/1 1477/1/1
f 1478/3/1 1479/2/1 1480/1/1
f 1481/3/2 1479/2/2 1477/1/2
f 1479/3/2 1481/2/2 1482/1/2
f 1483/5/3 1478/5/3 1480/1239/3
f 1478/5/3 1483/5/3 1484/1240/3
f 1483/5/4 1481/5/4 1484/1241/4
f 1481/5/4 1483/5/4 1482/1242/4
f 1481/5/5 1478/5/5 1484/1243/5
f 1478/5/5 1481/5/5 1477/1244/5
f 1479/2/6 1483/3/6 1480/11/6
f 1483/3/6 1479/2/6 1482/1/6
f 1487/3/1 1486/2/1 1485/1/1
f 1486/3/1 1487/2/1 1488/1/1
f 1489/3/2 1487/2/2 1485/1/2
f 1487/3/2 1489/2/2 1490/1/2
f 1491/5/3 1486/5/3 1488/1245/3
f 1486/5/3 1491/5/3 1492/1246/3
f 1491/5/4 1489/5/4 1492/1247/4
f 1489/5/4 1491/5/4 1490/1248/4
f 1489/5/5 1486/5/5 1492/1249/5
f 1486/5/5 1489/5/5 1485/1250/5
f 1487/2/6 1491/3/6 1488/11/6
f 1491/3/6 1487/2/6 1490/1/6
f 300/3/1 1264/2/1 298/1/1
f 1264/3/1 300/2/1 1263/1/1
f 304/3/2 300/2/2 298/1/2
f 300/3/2 304/2/2 303/1/2
f 942/753/3 1264/1039/3 1263/5/3
f 1264/1039/3 942/753/3 941/5/3
f 942/5/4 304/241/4 941/1251/4
f 304/241/4 942/5/4 303/5/4
f 304/243/5 1264/1042/5 941/5/5
f 1264/1042/5 304/243/5 298/5/5
f 300/2/6 942/3/6 1263/11/6
f 942/3/6 300/2/6 303/1/6
f 928/3/1 1493/2/1 926/1/1
f 1493/3/1 928/2/1 1494/1/1
f 1495/3/2 928/2/2 926/1/2
f 928/3/2 1495/2/2 1496/1/2
f 1497/5/3 1493/5/3 1494/1252/3
f 1493/5/3 1497/5/3 1498/1253/3
f 1497/5/4 1495/5/4 1498/1254/4
f 1495/5/4 1497/5/4 1496/1255/4
f 1495/5/5 1493/5/5 1498/1256/5
f 1493/5/5 1495/5/5 926/5/5
f 928/2/6 1497/3/6 1494/11/6
f 1497/3/6 928/2/6 1496/1/6
f 1501/3/1 1500/2/1 1499/1/1
f 1500/3/1 1501/2/1 1502/1/1
f 948/3/2 1501/2/2 1499/1/2
f 1501/3/2 948/2/2 950/1/2
f 1286/1063/3 1500/5/3 1502/1257/3
f 1500/5/3 1286/1063/3 1285/5/3
f 1286/5/4 948/5/4 1285/1258/4
f 948/5/4 1286/5/4 950/1259/4
f 948/5/5 1500/5/5 1285/5/5
f 1500/5/5 948/5/5 1499/1260/5
f 1501/2/6 1286/3/6 1502/11/6
f 1286/3/6 1501/2/6 950/1/6
f 1505/3/1 1504/2/1 1503/1/1
f 1504/3/1 1505/2/1 1506/1/1
f 1507/3/2 1505/2/2 1503/1/2
f 1505/3/2 1507/2/2 1508/1/2
f 1509/5/3 1504/5/3 1506/1261/3
f 1504/5/3 1509/5/3 1510/1262/3
f 1509/5/4 1507/5/4 1510/1263/4
f 1507/5/4 1509/5/4 1508/1264/4
f 1507/5/5 1504/5/5 1510/1265/5
f 1504/5/5 1507/5/5 1503/1266/5
f 1505/2/6 1509/3/6 1506/11/6
f 1509/3/6 1505/2/6 1508/1/6

usemtl color11

f 1384/3/1 1386/2/1 1383/1/1
f 1386/3/1 1384/2/1 1385/1/1
f 17/3/2 1384/2/2 1383/1/2
f 1384/3/2 17/2/2 19/1/2
f 1511/5/3 1386/1159/3 1385/5/3
f 1386/1159/3 1511/5/3 1512/1267/3
f 1511/5/4 17/5/4 1512/1268/4
f 17/5/4 1511/5/4 19/1269/4
f 17/23/5 1386/1162/5 1512/1270/5
f 1386/1162/5 17/23/5 1383/5/5
f 1384/2/6 1511/3/6 1385/11/6
f 1511/3/6 1384/2/6 19/1/6
f 1515/3/1 1514/2/1 1513/1/1
f 1514/3/1 1515/2/1 1516/1/1
f 1517/3/2 1515/2/2 1513/1/2
f 1515/3/2 1517/2/2 1518/1/2
f 1389/5/3 1514/5/3 1516/1271/3
f 1514/5/3 1389/5/3 1387/1272/3
f 1389/5/4 1517/5/4 1387/1273/4
f 1517/5/4 1389/5/4 1518/1274/4
f 1517/5/5 1514/5/5 1387/1168/5
f 1514/5/5 1517/5/5 1513/1275/5
f 1515/2/6 1389/3/6 1516/11/6
f 1389/3/6 1515/2/6 1518/1/6
f 1356/3/1 1358/2/1 1355/1/1
f 1358/3/1 1356/2/1 1357/1/1
f 1514/3/2 1356/2/2 1355/1/2
f 1356/3/2 1514/2/2 1516/1/2
f 1519/5/3 1358/1136/3 1357/5/3
f 1358/1136/3 1519/5/3 1520/1276/3
f 1519/5/4 1514/5/4 1520/1277/4
f 1514/5/4 1519/5/4 1516/1278/4
f 1514/5/5 1358/1139/5 1520/1279/5
f 1358/1139/5 1514/5/5 1355/5/5
f 1356/2/6 1519/3/6 1357/11/6
f 1519/3/6 1356/2/6 1516/1/6
f 1522/3/1 1397/2/1 1521/1/1
f 1397/3/1 1522/2/1 1398/1/1
f 1359/3/2 1522/2/2 1521/1/2
f 1522/3/2 1359/2/2 1361/1/2
f 1362/1141/3 1397/5/3 1398/1280/3
f 1397/5/3 1362/1141/3 1360/5/3
f 1362/5/4 1359/5/4 1360/1281/4
f 1359/5/4 1362/5/4 1361/1282/4
f 1359/1146/5 1397/5/5 1360/5/5
f 1397/5/5 1359/1146/5 1521/1283/5
f 1522/2/6 1362/3/6 1398/11/6
f 1362/3/6 1522/2/6 1361/1/6
f 1364/3/1 1366/2/1 1363/1/1
f 1366/3/1 1364/2/1 1365/1/1
f 1352/3/2 1364/2/2 1363/1/2
f 1364/3/2 1352/2/2 1354/1/2
f 1523/5/3 1366/1142/3 1365/5/3
f 1366/1142/3 1523/5/3 1524/1284/3
f 1523/5/4 1352/5/4 1524/1285/4
f 1352/5/4 1523/5/4 1354/1286/4
f 1352/5/5 1366/1145/5 1524/1287/5
f 1366/1145/5 1352/5/5 1363/5/5
f 1364/2/6 1523/3/6 1365/11/6
f 1523/3/6 1364/2/6 1354/1/6
f 1526/3/1 1411/2/1 1525/1/1
f 1411/3/1 1526/2/1 1413/1/1
f 1527/3/2 1526/2/2 1525/1/2
f 1526/3/2 1527/2/2 1528/1/2
f 1416/5/3 1411/5/3 1413/1288/3
f 1411/5/3 1416/5/3 1415/1289/3
f 1416/1186/4 1527/5/4 1415/5/4
f 1527/5/4 1416/1186/4 1528/1290/4
f 1527/5/5 1411/1188/5 1415/5/5
f 1411/1188/5 1527/5/5 1525/1291/5
f 1526/2/6 1416/3/6 1413/11/6
f 1416/3/6 1526/2/6 1528/1/6
f 1530/3/1 1419/2/1 1529/1/1
f 1419/3/1 1530/2/1 1421/1/1
f 1531/3/2 1530/2/2 1529/1/2
f 1530/3/2 1531/2/2 1532/1/2
f 1424/5/3 1419/5/3 1421/1292/3
f 1419/5/3 1424/5/3 1423/1293/3
f 1424/1192/4 1531/5/4 1423/5/4
f 1531/5/4 1424/1192/4 1532/1294/4
f 1531/5/5 1419/1194/5 1423/5/5
f 1419/1194/5 1531/5/5 1529/1295/5
f 1530/2/6 1424/3/6 1421/11/6
f 1424/3/6 1530/2/6 1532/1/6
f 1534/3/1 1427/2/1 1533/1/1
f 1427/3/1 1534/2/1 1429/1/1
f 1535/3/2 1534/2/2 1533/1/2
f 1534/3/2 1535/2/2 1536/1/2
f 1432/5/3 1427/5/3 1429/1296/3
f 1427/5/3 1432/5/3 1431/1297/3
f 1432/1198/4 1535/5/4 1431/5/4
f 1535/5/4 1432/1198/4 1536/1298/4
f 1535/5/5 1427/1200/5 1431/5/5
f 1427/1200/5 1535/5/5 1533/1299/5
f 1534/2/6 1432/3/6 1429/11/6
f 1432/3/6 1534/2/6 1536/1/6
f 1539/3/1 1538/2/1 1537/1/1
f 1538/3/1 1539/2/1 1540/1/1
f 1541/3/2 1539/2/2 1537/1/2
f 1539/3/2 1541/2/2 1542/1/2
f 1543/5/3 1538/5/3 1540/1300/3
f 1538/5/3 1543/5/3 1544/1301/3
f 1543/5/4 1541/5/4 1544/1302/4
f 1541/5/4 1543/5/4 1542/1303/4
f 1541/5/5 1538/5/5 1544/1304/5
f 1538/5/5 1541/5/5 1537/1305/5
f 1539/2/6 1543/3/6 1540/11/6
f 1543/3/6 1539/2/6 1542/1/6
f 1547/3/1 1546/2/1 1545/1/1
f 1546/3/1 1547/2/1 1548/1/1
f 1549/3/2 1547/2/2 1545/1/2
f 1547/3/2 1549/2/2 1550/1/2
f 1551/5/3 1546/5/3 1548/1306/3
f 1546/5/3 1551/5/3 1552/1307/3
f 1551/5/4 1549/5/4 1552/1308/4
f 1549/5/4 1551/5/4 1550/1309/4
f 1549/5/5 1546/5/5 1552/1310/5
f 1546/5/5 1549/5/5 1545/1311/5
f 1547/2/6 1551/3/6 1548/11/6
f 1551/3/6 1547/2/6 1550/1/6
f 1555/3/1 1554/2/1 1553/1/1
f 1554/3/1 1555/2/1 1556/1/1
f 1557/3/2 1555/2/2 1553/1/2
f 1555/3/2 1557/2/2 1558/1/2
f 1559/5/3 1554/5/3 1556/1312/3
f 1554/5/3 1559/5/3 1560/1313/3
f 1559/5/4 1557/5/4 1560/1314/4
f 1557/5/4 1559/5/4 1558/1315/4
f 1557/5/5 1554/5/5 1560/1316/5
f 1554/5/5 1557/5/5 1553/1317/5
f 1555/2/6 1559/3/6 1556/11/6
f 1559/3/6 1555/2/6 1558/1/6
f 1380/3/1 1382/2/1 1379/1/1
f 1382/3/1 1380/2/1 1381/1/1
f 1561/3/2 1380/2/2 1379/1/2
f 1380/3/2 1561/2/2 1562/1/2
f 1449/5/3 1382/1154/3 1381/5/3
f 1382/1154/3 1449/5/3 1447/1318/3
f 1449/5/4 1561/5/4 1447/1319/4
f 1561/5/4 1449/5/4 1562/1320/4
f 1561/5/5 1382/1157/5 1447/1220/5
f 1382/1157/5 1561/5/5 1379/5/5
f 1380/2/6 1449/3/6 1381/11/6
f 1449/3/6 1380/2/6 1562/1/6
f 1458/3/1 1460/2/1 1457/1/1
f 1460/3/1 1458/2/1 1459/1/1
f 1563/3/2 1458/2/2 1457/1/2
f 1458/3/2 1563/2/2 1564/1/2
f 1565/5/3 1460/1222/3 1459/5/3
f 1460/1222/3 1565/5/3 1566/1321/3
f 1565/5/4 1563/5/4 1566/1322/4
f 1563/5/4 1565/5/4 1564/1323/4
f 1563/5/5 1460/1225/5 1566/1324/5
f 1460/1225/5 1563/5/5 1457/5/5
f 1458/2/6 1565/3/6 1459/11/6
f 1565/3/6 1458/2/6 1564/1/6
f 1569/3/1 1568/2/1 1567/1/1
f 1568/3/1 1569/2/1 1570/1/1
f 1571/3/2 1569/2/2 1567/1/2
f 1569/3/2 1571/2/2 1572/1/2
f 1573/5/3 1568/5/3 1570/1325/3
f 1568/5/3 1573/5/3 1574/1326/3
f 1573/5/4 1571/5/4 1574/1327/4
f 1571/5/4 1573/5/4 1572/1328/4
f 1571/5/5 1568/5/5 1574/1329/5
f 1568/5/5 1571/5/5 1567/1330/5
f 1569/2/6 1573/3/6 1570/11/6
f 1573/3/6 1569/2/6 1572/1/6
f 824/3/1 1575/2/1 823/1/1
f 1575/3/1 824/2/1 1576/1/1
f 1460/3/2 824/2/2 823/1/2
f 824/3/2 1460/2/2 1459/1/2
f 1577/5/3 1575/5/3 1576/1331/3
f 1575/5/3 1577/5/3 1578/1332/3
f 1577/5/4 1460/1223/4 1578/1333/4
f 1460/1223/4 1577/5/4 1459/5/4
f 1460/1225/5 1575/5/5 1578/1334/5
f 1575/5/5 1460/1225/5 823/5/5
f 824/2/6 1577/3/6 1576/11/6
f 1577/3/6 824/2/6 1459/1/6
f 1581/3/1 1580/2/1 1579/1/1
f 1580/3/1 1581/2/1 1582/1/1
f 1583/3/2 1581/2/2 1579/1/2
f 1581/3/2 1583/2/2 1584/1/2
f 1585/5/3 1580/5/3 1582/1335/3
f 1580/5/3 1585/5/3 1586/1336/3
f 1585/5/4 1583/5/4 1586/1337/4
f 1583/5/4 1585/5/4 1584/1338/4
f 1583/5/5 1580/5/5 1586/1339/5
f 1580/5/5 1583/5/5 1579/1340/5
f 1581/2/6 1585/3/6 1582/11/6
f 1585/3/6 1581/2/6 1584/1/6
f 1565/3/1 1587/2/1 1566/1/1
f 1587/3/1 1565/2/1 1588/1/1
f 1589/3/2 1565/2/2 1566/1/2
f 1565/3/2 1589/2/2 1590/1/2
f 1591/5/3 1587/5/3 1588/1341/3
f 1587/5/3 1591/5/3 1592/1342/3
f 1591/5/4 1589/5/4 1592/1343/4
f 1589/5/4 1591/5/4 1590/1344/4
f 1589/5/5 1587/5/5 1592/1345/5
f 1587/5/5 1589/5/5 1566/1324/5
f 1565/2/6 1591/3/6 1588/11/6
f 1591/3/6 1565/2/6 1590/1/6
f 1595/3/1 1594/2/1 1593/1/1
f 1594/3/1 1595/2/1 1596/1/1
f 1597/3/2 1595/2/2 1593/1/2
f 1595/3/2 1597/2/2 1598/1/2
f 1599/5/3 1594/5/3 1596/1346/3
f 1594/5/3 1599/5/3 1600/1347/3
f 1599/5/4 1597/5/4 1600/1348/4
f 1597/5/4 1599/5/4 1598/1349/4
f 1597/5/5 1594/5/5 1600/1350/5
f 1594/5/5 1597/5/5 1593/1351/5
f 1595/2/6 1599/3/6 1596/11/6
f 1599/3/6 1595/2/6 1598/1/6
f 1472/3/1 1601/2/1 1470/1/1
f 1601/3/1 1472/2/1 1602/1/1
f 1476/3/2 1472/2/2 1470/1/2
f 1472/3/2 1476/2/2 1475/1/2
f 1603/5/3 1601/5/3 1602/1352/3
f 1601/5/3 1603/5/3 1604/1353/3
f 1603/5/4 1476/1235/4 1604/1354/4
f 1476/1235/4 1603/5/4 1475/5/4
f 1476/1237/5 1601/5/5 1604/1355/5
f 1601/5/5 1476/1237/5 1470/5/5
f 1472/2/6 1603/3/6 1602/11/6
f 1603/3/6 1472/2/6 1475/1/6
f 952/3/1 954/2/1 951/1/1
f 954/3/1 952/2/1 953/1/1
f 1605/3/2 952/2/2 951/1/2
f 952/3/2 1605/2/2 1606/1/2
f 367/5/3 954/759/3 953/5/3
f 954/759/3 367/5/3 365/1356/3
f 367/5/4 1605/5/4 365/1357/4
f 1605/5/4 367/5/4 1606/1358/4
f 1605/5/5 954/762/5 365/298/5
f 954/762/5 1605/5/5 951/5/5
f 952/2/6 367/3/6 953/11/6
f 367/3/6 952/2/6 1606/1/6
f 1609/3/1 1608/2/1 1607/1/1
f 1608/3/1 1609/2/1 1610/1/1
f 1611/3/2 1609/2/2 1607/1/2
f 1609/3/2 1611/2/2 1612/1/2
f 1613/5/3 1608/5/3 1610/1359/3
f 1608/5/3 1613/5/3 1614/1360/3
f 1613/5/4 1611/5/4 1614/1361/4
f 1611/5/4 1613/5/4 1612/1362/4
f 1611/5/5 1608/5/5 1614/1363/5
f 1608/5/5 1611/5/5 1607/1364/5
f 1609/2/6 1613/3/6 1610/11/6
f 1613/3/6 1609/2/6 1612/1/6
f 988/3/1 990/2/1 987/1/1
f 990/3/1 988/2/1 989/1/1
f 1615/3/2 988/2/2 987/1/2
f 988/3/2 1615/2/2 1616/1/2
f 1617/5/3 990/792/3 989/5/3
f 990/792/3 1617/5/3 1618/1365/3
f 1617/5/4 1615/5/4 1618/1366/4
f 1615/5/4 1617/5/4 1616/1367/4
f 1615/5/5 990/795/5 1618/1368/5
f 990/795/5 1615/5/5 987/5/5
f 988/2/6 1617/3/6 989/11/6
f 1617/3/6 988/2/6 1616/1/6
f 379/3/1 429/2/1 380/1/1
f 429/3/1 379/2/1 430/1/1
f 990/3/2 379/2/2 380/1/2
f 379/3/2 990/2/2 989/1/2
f 1619/5/3 429/814/3 430/5/3
f 429/814/3 1619/5/3 1620/1369/3
f 1619/5/4 990/793/4 1620/1370/4
f 990/793/4 1619/5/4 989/5/4
f 990/795/5 429/5/5 1620/1371/5
f 429/5/5 990/795/5 380/303/5
f 379/2/6 1619/3/6 430/11/6
f 1619/3/6 379/2/6 989/1/6
f 1623/3/1 1622/2/1 1621/1/1
f 1622/3/1 1623/2/1 1624/1/1
f 1625/3/2 1623/2/2 1621/1/2
f 1623/3/2 1625/2/2 1626/1/2
f 1627/5/3 1622/5/3 1624/1372/3
f 1622/5/3 1627/5/3 1628/1373/3
f 1627/5/4 1625/5/4 1628/1374/4
f 1625/5/4 1627/5/4 1626/1375/4
f 1625/5/5 1622/5/5 1628/1376/5
f 1622/5/5 1625/5/5 1621/1377/5
f 1623/2/6 1627/3/6 1624/11/6
f 1627/3/6 1623/2/6 1626/1/6
f 1631/3/1 1630/2/1 1629/1/1
f 1630/3/1 1631/2/1 1632/1/1
f 1633/3/2 1631/2/2 1629/1/2
f 1631/3/2 1633/2/2 1634/1/2
f 1635/5/3 1630/5/3 1632/1378/3
f 1630/5/3 1635/5/3 1636/1379/3
f 1635/5/4 1633/5/4 1636/1380/4
f 1633/5/4 1635/5/4 1634/1381/4
f 1633/5/5 1630/5/5 1636/1382/5
f 1630/5/5 1633/5/5 1629/1383/5
f 1631/2/6 1635/3/6 1632/11/6
f 1635/3/6 1631/2/6 1634/1/6

usemtl color27

f 1348/3/1 1350/2/1 1347/1/1
f 1350/3/1 1348/2/1 1349/1/1
f 1637/3/2 1348/2/2 1347/1/2
f 1348/3/2 1637/2/2 1638/1/2
f 1639/5/3 1350/1131/3 1349/5/3
f 1350/1131/3 1639/5/3 1640/1384/3
f 1639/5/4 1637/5/4 1640/1385/4
f 1637/5/4 1639/5/4 1638/1386/4
f 1637/5/5 1350/1134/5 1640/1387/5
f 1350/1134/5 1637/5/5 1347/5/5
f 1348/2/6 1639/3/6 1349/11/6
f 1639/3/6 1348/2/6 1638/1/6

usemtl color25

f 1638/3/1 1640/2/1 1637/1/1
f 1640/3/1 1638/2/1 1639/1/1
f 1641/3/2 1638/2/2 1637/1/2
f 1638/3/2 1641/2/2 1642/1/2
f 1643/5/3 1640/1384/3 1639/5/3
f 1640/1384/3 1643/5/3 1644/1388/3
f 1643/5/4 1641/5/4 1644/1389/4
f 1641/5/4 1643/5/4 1642/1390/4
f 1641/5/5 1640/1387/5 1644/1391/5
f 1640/1387/5 1641/5/5 1637/5/5
f 1638/2/6 1643/3/6 1639/11/6
f 1643/3/6 1638/2/6 1642/1/6
f 1647/3/1 1646/2/1 1645/1/1
f 1646/3/1 1647/2/1 1648/1/1
f 1649/3/2 1647/2/2 1645/1/2
f 1647/3/2 1649/2/2 1650/1/2
f 1651/5/3 1646/5/3 1648/1392/3
f 1646/5/3 1651/5/3 1652/1393/3
f 1651/5/4 1649/5/4 1652/1394/4
f 1649/5/4 1651/5/4 1650/1395/4
f 1649/5/5 1646/5/5 1652/1396/5
f 1646/5/5 1649/5/5 1645/1397/5
f 1647/2/6 1651/3/6 1648/11/6
f 1651/3/6 1647/2/6 1650/1/6

usemtl color3

f 1654/3/1 51/2/1 1653/1/1
f 51/3/1 1654/2/1 53/1/1
f 1045/3/2 1654/2/2 1653/1/2
f 1654/3/2 1045/2/2 1046/1/2
f 56/5/3 51/5/3 53/1398/3
f 51/5/3 56/5/3 55/1399/3
f 56/49/4 1045/5/4 55/5/4
f 1045/5/4 56/49/4 1046/1400/4
f 1045/847/5 51/51/5 55/5/5
f 51/51/5 1045/847/5 1653/1401/5
f 1654/2/6 56/3/6 53/11/6
f 56/3/6 1654/2/6 1046/1/6
f 486/3/1 488/2/1 485/1/1
f 488/3/1 486/2/1 487/1/1
f 1655/3/2 486/2/2 485/1/2
f 486/3/2 1655/2/2 1656/1/2
f 1657/5/3 488/386/3 487/5/3
f 488/386/3 1657/5/3 1658/1402/3
f 1657/5/4 1655/5/4 1658/1403/4
f 1655/5/4 1657/5/4 1656/1404/4
f 1655/5/5 488/389/5 1658/1405/5
f 488/389/5 1655/5/5 485/5/5
f 486/2/6 1657/3/6 487/11/6
f 1657/3/6 486/2/6 1656/1/6
f 1660/3/1 627/2/1 1659/1/1
f 627/3/1 1660/2/1 628/1/1
f 565/3/2 1660/2/2 1659/1/2
f 1660/3/2 565/2/2 567/1/2
f 568/454/3 627/5/3 628/1406/3
f 627/5/3 568/454/3 566/5/3
f 568/5/4 565/5/4 566/1407/4
f 565/5/4 568/5/4 567/1408/4
f 565/459/5 627/5/5 566/5/5
f 627/5/5 565/459/5 1659/1409/5
f 1660/2/6 568/3/6 628/11/6
f 568/3/6 1660/2/6 567/1/6
f 620/3/1 1661/2/1 619/1/1
f 1661/3/1 620/2/1 1662/1/1
f 623/3/2 620/2/2 619/1/2
f 620/3/2 623/2/2 625/1/2
f 626/502/3 1661/5/3 1662/1410/3
f 1661/5/3 626/502/3 624/5/3
f 626/5/4 623/5/4 624/1411/4
f 623/5/4 626/5/4 625/1412/4
f 623/507/5 1661/5/5 624/5/5
f 1661/5/5 623/507/5 619/5/5
f 620/2/6 626/3/6 1662/11/6
f 626/3/6 620/2/6 625/1/6
f 1664/3/1 695/2/1 1663/1/1
f 695/3/1 1664/2/1 696/1/1
f 631/3/2 1664/2/2 1663/1/2
f 1664/3/2 631/2/2 633/1/2
f 1665/5/3 695/5/3 696/1413/3
f 695/5/3 1665/5/3 1666/1414/3
f 1665/5/4 631/5/4 1666/1415/4
f 631/5/4 1665/5/4 633/1416/4
f 631/511/5 695/5/5 1666/1417/5
f 695/5/5 631/511/5 1663/1418/5
f 1664/2/6 1665/3/6 696/11/6
f 1665/3/6 1664/2/6 633/1/6
f 762/3/1 764/2/1 761/1/1
f 764/3/1 762/2/1 763/1/1
f 765/3/2 762/2/2 761/1/2
f 762/3/2 765/2/2 767/1/2
f 768/614/3 764/610/3 763/5/3
f 764/610/3 768/614/3 766/5/3
f 768/5/4 765/5/4 766/1419/4
f 765/5/4 768/5/4 767/1420/4
f 765/619/5 764/613/5 766/5/5
f 764/613/5 765/619/5 761/5/5
f 762/2/6 768/3/6 763/11/6
f 768/3/6 762/2/6 767/1/6
f 770/3/1 772/2/1 769/1/1
f 772/3/1 770/2/1 771/1/1
f 773/3/2 770/2/2 769/1/2
f 770/3/2 773/2/2 775/1/2
f 776/620/3 772/615/3 771/5/3
f 772/615/3 776/620/3 774/5/3
f 776/5/4 773/5/4 774/1421/4
f 773/5/4 776/5/4 775/1422/4
f 773/624/5 772/618/5 774/5/5
f 772/618/5 773/624/5 769/5/5
f 770/2/6 776/3/6 771/11/6
f 776/3/6 770/2/6 775/1/6
f 1142/3/1 1144/2/1 1141/1/1
f 1144/3/1 1142/2/1 1143/1/1
f 1667/3/2 1142/2/2 1141/1/2
f 1142/3/2 1667/2/2 1668/1/2
f 1669/5/3 1144/931/3 1143/5/3
f 1144/931/3 1669/5/3 1670/1423/3
f 1669/5/4 1667/5/4 1670/1424/4
f 1667/5/4 1669/5/4 1668/1425/4
f 1667/5/5 1144/934/5 1670/1426/5
f 1144/934/5 1667/5/5 1141/5/5
f 1142/2/6 1669/3/6 1143/11/6
f 1669/3/6 1142/2/6 1668/1/6
f 1673/3/1 1672/2/1 1671/1/1
f 1672/3/1 1673/2/1 1674/1/1
f 1145/3/2 1673/2/2 1671/1/2
f 1673/3/2 1145/2/2 1147/1/2
f 1148/936/3 1672/5/3 1674/1427/3
f 1672/5/3 1148/936/3 1146/5/3
f 1148/5/4 1145/5/4 1146/1428/4
f 1145/5/4 1148/5/4 1147/1429/4
f 1145/941/5 1672/5/5 1146/5/5
f 1672/5/5 1145/941/5 1671/1430/5
f 1673/2/6 1148/3/6 1674/11/6
f 1148/3/6 1673/2/6 1147/1/6
f 1676/3/1 1597/2/1 1675/1/1
f 1597/3/1 1676/2/1 1598/1/1
f 794/3/2 1676/2/2 1675/1/2
f 1676/3/2 794/2/2 796/1/2
f 1677/5/3 1597/5/3 1598/1431/3
f 1597/5/3 1677/5/3 1678/1432/3
f 1677/5/4 794/5/4 1678/1433/4
f 794/5/4 1677/5/4 796/1434/4
f 794/5/5 1597/5/5 1678/1435/5
f 1597/5/5 794/5/5 1675/1436/5
f 1676/2/6 1677/3/6 1598/11/6
f 1677/3/6 1676/2/6 796/1/6
f 274/3/1 276/2/1 273/1/1
f 276/3/1 274/2/1 275/1/1
f 248/3/2 274/2/2 273/1/2
f 274/3/2 248/2/2 250/1/2
f 1679/5/3 276/217/3 275/5/3
f 276/217/3 1679/5/3 1680/1437/3
f 1679/5/4 248/5/4 1680/1438/4
f 248/5/4 1679/5/4 250/1439/4
f 248/5/5 276/220/5 1680/1440/5
f 276/220/5 248/5/5 273/5/5
f 274/2/6 1679/3/6 275/11/6
f 1679/3/6 274/2/6 250/1/6
f 854/3/1 856/2/1 853/1/1
f 856/3/1 854/2/1 855/1/1
f 857/3/2 854/2/2 853/1/2
f 854/3/2 857/2/2 859/1/2
f 860/687/3 856/682/3 855/5/3
f 856/682/3 860/687/3 858/5/3
f 860/5/4 857/991/4 858/1441/4
f 857/991/4 860/5/4 859/5/4
f 857/692/5 856/685/5 858/5/5
f 856/685/5 857/692/5 853/5/5
f 854/2/6 860/3/6 855/11/6
f 860/3/6 854/2/6 859/1/6
f 862/3/1 864/2/1 861/1/1
f 864/3/1 862/2/1 863/1/1
f 1214/3/2 862/2/2 861/1/2
f 862/3/2 1214/2/2 1213/1/2
f 1681/5/3 864/688/3 863/5/3
f 864/688/3 1681/5/3 1682/1442/3
f 1681/5/4 1214/996/4 1682/1443/4
f 1214/996/4 1681/5/4 1213/5/4
f 1214/998/5 864/691/5 1682/1444/5
f 864/691/5 1214/998/5 861/5/5
f 862/2/6 1681/3/6 863/11/6
f 1681/3/6 862/2/6 1213/1/6
f 1685/3/1 1684/2/1 1683/1/1
f 1684/3/1 1685/2/1 1686/1/1
f 1687/3/2 1685/2/2 1683/1/2
f 1685/3/2 1687/2/2 1688/1/2
f 1689/5/3 1684/5/3 1686/1445/3
f 1684/5/3 1689/5/3 1690/1446/3
f 1689/5/4 1687/5/4 1690/1447/4
f 1687/5/4 1689/5/4 1688/1448/4
f 1687/5/5 1684/5/5 1690/1449/5
f 1684/5/5 1687/5/5 1683/1450/5
f 1685/2/6 1689/3/6 1686/11/6
f 1689/3/6 1685/2/6 1688/1/6
f 1693/3/1 1692/2/1 1691/1/1
f 1692/3/1 1693/2/1 1694/1/1
f 1684/3/2 1693/2/2 1691/1/2
f 1693/3/2 1684/2/2 1686/1/2
f 1695/5/3 1692/5/3 1694/1451/3
f 1692/5/3 1695/5/3 1696/1452/3
f 1695/5/4 1684/5/4 1696/1453/4
f 1684/5/4 1695/5/4 1686/1454/4
f 1684/5/5 1692/5/5 1696/1455/5
f 1692/5/5 1684/5/5 1691/1456/5
f 1693/2/6 1695/3/6 1694/11/6
f 1695/3/6 1693/2/6 1686/1/6
f 1699/3/1 1698/2/1 1697/1/1
f 1698/3/1 1699/2/1 1700/1/1
f 1692/3/2 1699/2/2 1697/1/2
f 1699/3/2 1692/2/2 1694/1/2
f 1701/5/3 1698/5/3 1700/1457/3
f 1698/5/3 1701/5/3 1702/1458/3
f 1701/5/4 1692/5/4 1702/1459/4
f 1692/5/4 1701/5/4 1694/1460/4
f 1692/5/5 1698/5/5 1702/1461/5
f 1698/5/5 1692/5/5 1697/1462/5
f 1699/2/6 1701/3/6 1700/11/6
f 1701/3/6 1699/2/6 1694/1/6

usemtl color7

f 472/3/1 503/2/1 471/1/1
f 503/3/1 472/2/1 504/1/1
f 473/3/2 472/2/2 471/1/2
f 472/3/2 473/2/2 475/1/2
f 476/379/3 503/5/3 504/1463/3
f 503/5/3 476/379/3 474/5/3
f 476/404/4 473/5/4 474/5/4
f 473/5/4 476/404/4 475/1464/4
f 473/384/5 503/405/5 474/5/5
f 503/405/5 473/384/5 471/5/5
f 472/2/6 476/3/6 504/11/6
f 476/3/6 472/2/6 475/1/6
f 1704/3/1 569/2/1 1703/1/1
f 569/3/1 1704/2/1 570/1/1
f 533/3/2 1704/2/2 1703/1/2
f 1704/3/2 533/2/2 535/1/2
f 536/430/3 569/5/3 570/1465/3
f 569/5/3 536/430/3 534/5/3
f 536/5/4 533/5/4 534/1466/4
f 533/5/4 536/5/4 535/1467/4
f 533/435/5 569/5/5 534/5/5
f 569/5/5 533/435/5 1703/1468/5
f 1704/2/6 536/3/6 570/11/6
f 536/3/6 1704/2/6 535/1/6
f 538/3/1 540/2/1 537/1/1
f 540/3/1 538/2/1 539/1/1
f 1705/3/2 538/2/2 537/1/2
f 538/3/2 1705/2/2 1706/1/2
f 585/5/3 540/431/3 539/5/3
f 540/431/3 585/5/3 583/1469/3
f 585/5/4 1705/5/4 583/1470/4
f 1705/5/4 585/5/4 1706/1471/4
f 1705/5/5 540/434/5 583/472/5
f 540/434/5 1705/5/5 537/5/5
f 538/2/6 585/3/6 539/11/6
f 585/3/6 538/2/6 1706/1/6
f 1392/3/1 1394/2/1 1391/1/1
f 1394/3/1 1392/2/1 1393/1/1
f 1707/3/2 1392/2/2 1391/1/2
f 1392/3/2 1707/2/2 1708/1/2
f 1709/5/3 1394/1164/3 1393/5/3
f 1394/1164/3 1709/5/3 1710/1472/3
f 1709/5/4 1707/5/4 1710/1473/4
f 1707/5/4 1709/5/4 1708/1474/4
f 1707/5/5 1394/1167/5 1710/1475/5
f 1394/1167/5 1707/5/5 1391/5/5
f 1392/2/6 1709/3/6 1393/11/6
f 1709/3/6 1392/2/6 1708/1/6
f 554/3/1 556/2/1 553/1/1
f 556/3/1 554/2/1 555/1/1
f 1711/3/2 554/2/2 553/1/2
f 554/3/2 1711/2/2 1712/1/2
f 598/5/3 556/443/3 555/5/3
f 556/443/3 598/5/3 597/1476/3
f 598/482/4 1711/5/4 597/5/4
f 1711/5/4 598/482/4 1712/1477/4
f 1711/5/5 556/446/5 597/5/5
f 556/446/5 1711/5/5 553/5/5
f 554/2/6 598/3/6 555/11/6
f 598/3/6 554/2/6 1712/1/6
f 592/3/1 594/2/1 591/1/1
f 594/3/1 592/2/1 593/1/1
f 1060/3/2 592/2/2 591/1/2
f 592/3/2 1060/2/2 1062/1/2
f 1088/5/3 594/474/3 593/5/3
f 594/474/3 1088/5/3 1087/1478/3
f 1088/884/4 1060/5/4 1087/5/4
f 1060/5/4 1088/884/4 1062/1479/4
f 1060/5/5 594/477/5 1087/5/5
f 594/477/5 1060/5/5 591/5/5
f 592/2/6 1088/3/6 593/11/6
f 1088/3/6 592/2/6 1062/1/6
f 1065/3/1 647/2/1 1066/1/1
f 647/3/1 1065/2/1 648/1/1
f 1713/3/2 1065/2/2 1066/1/2
f 1065/3/2 1713/2/2 1714/1/2
f 656/5/3 647/5/3 648/1480/3
f 647/5/3 656/5/3 655/1481/3
f 656/526/4 1713/5/4 655/5/4
f 1713/5/4 656/526/4 1714/1482/4
f 1713/5/5 647/5/5 655/5/5
f 647/5/5 1713/5/5 1066/864/5
f 1065/2/6 656/3/6 648/11/6
f 656/3/6 1065/2/6 1714/1/6
f 598/3/1 600/2/1 597/1/1
f 600/3/1 598/2/1 599/1/1
f 1715/3/2 598/2/2 597/1/2
f 598/3/2 1715/2/2 1716/1/2
f 1717/5/3 600/480/3 599/5/3
f 600/480/3 1717/5/3 1718/1483/3
f 1717/5/4 1715/5/4 1718/1484/4
f 1715/5/4 1717/5/4 1716/1485/4
f 1715/5/5 600/483/5 1718/1486/5
f 600/483/5 1715/5/5 597/5/5
f 598/2/6 1717/3/6 599/11/6
f 1717/3/6 598/2/6 1716/1/6
f 1721/3/1 1720/2/1 1719/1/1
f 1720/3/1 1721/2/1 1722/1/1
f 1723/3/2 1721/2/2 1719/1/2
f 1721/3/2 1723/2/2 1724/1/2
f 1725/5/3 1720/5/3 1722/1487/3
f 1720/5/3 1725/5/3 1726/1488/3
f 1725/5/4 1723/5/4 1726/1489/4
f 1723/5/4 1725/5/4 1724/1490/4
f 1723/5/5 1720/5/5 1726/1491/5
f 1720/5/5 1723/5/5 1719/1492/5
f 1721/2/6 1725/3/6 1722/11/6
f 1725/3/6 1721/2/6 1724/1/6
f 1729/3/1 1728/2/1 1727/1/1
f 1728/3/1 1729/2/1 1730/1/1
f 675/3/2 1729/2/2 1727/1/2
f 1729/3/2 675/2/2 677/1/2
f 678/541/3 1728/5/3 1730/1493/3
f 1728/5/3 678/541/3 676/5/3
f 678/5/4 675/5/4 676/1494/4
f 675/5/4 678/5/4 677/1495/4
f 675/546/5 1728/5/5 676/5/5
f 1728/5/5 675/546/5 1727/1496/5
f 1729/2/6 678/3/6 1730/11/6
f 678/3/6 1729/2/6 677/1/6
f 641/3/1 167/2/1 642/1/1
f 167/3/1 641/2/1 168/1/1
f 1731/3/2 641/2/2 642/1/2
f 641/3/2 1731/2/2 1732/1/2
f 1733/5/3 167/5/3 168/1497/3
f 167/5/3 1733/5/3 1734/1498/3
f 1733/5/4 1731/5/4 1734/1499/4
f 1731/5/4 1733/5/4 1732/1500/4
f 1731/5/5 167/5/5 1734/1501/5
f 167/5/5 1731/5/5 642/516/5
f 641/2/6 1733/3/6 168/11/6
f 1733/3/6 641/2/6 1732/1/6
f 1737/3/1 1736/2/1 1735/1/1
f 1736/3/1 1737/2/1 1738/1/1
f 1739/3/2 1737/2/2 1735/1/2
f 1737/3/2 1739/2/2 1740/1/2
f 1741/5/3 1736/5/3 1738/1502/3
f 1736/5/3 1741/5/3 1742/1503/3
f 1741/5/4 1739/5/4 1742/1504/4
f 1739/5/4 1741/5/4 1740/1505/4
f 1739/5/5 1736/5/5 1742/1506/5
f 1736/5/5 1739/5/5 1735/1507/5
f 1737/2/6 1741/3/6 1738/11/6
f 1741/3/6 1737/2/6 1740/1/6
f 1745/3/1 1744/2/1 1743/1/1
f 1744/3/1 1745/2/1 1746/1/1
f 1747/3/2 1745/2/2 1743/1/2
f 1745/3/2 1747/2/2 1748/1/2
f 173/5/3 1744/5/3 1746/1508/3
f 1744/5/3 173/5/3 171/1509/3
f 173/5/4 1747/5/4 171/1510/4
f 1747/5/4 173/5/4 1748/1511/4
f 1747/5/5 1744/5/5 171/147/5
f 1744/5/5 1747/5/5 1743/1512/5
f 1745/2/6 173/3/6 1746/11/6
f 173/3/6 1745/2/6 1748/1/6
f 1751/3/1 1750/2/1 1749/1/1
f 1750/3/1 1751/2/1 1752/1/1
f 707/3/2 1751/2/2 1749/1/2
f 1751/3/2 707/2/2 709/1/2
f 710/565/3 1750/5/3 1752/1513/3
f 1750/5/3 710/565/3 708/5/3
f 710/5/4 707/5/4 708/1514/4
f 707/5/4 710/5/4 709/1515/4
f 707/570/5 1750/5/5 708/5/5
f 1750/5/5 707/570/5 1749/1516/5
f 1751/2/6 710/3/6 1752/11/6
f 710/3/6 1751/2/6 709/1/6
f 1406/3/1 779/2/1 1404/1/1
f 779/3/1 1406/2/1 781/1/1
f 1410/3/2 1406/2/2 1404/1/2
f 1406/3/2 1410/2/2 1409/1/2
f 784/5/3 779/5/3 781/1517/3
f 779/5/3 784/5/3 783/1518/3
f 784/628/4 1410/1179/4 783/5/4
f 1410/1179/4 784/628/4 1409/5/4
f 1410/1181/5 779/630/5 783/5/5
f 779/630/5 1410/1181/5 1404/5/5
f 1406/2/6 784/3/6 781/11/6
f 784/3/6 1406/2/6 1409/1/6
f 1668/3/1 1670/2/1 1667/1/1
f 1670/3/1 1668/2/1 1669/1/1
f 1671/3/2 1668/2/2 1667/1/2
f 1668/3/2 1671/2/2 1673/1/2
f 1674/1427/3 1670/1423/3 1669/5/3
f 1670/1423/3 1674/1427/3 1672/5/3
f 1674/5/4 1671/5/4 1672/1519/4
f 1671/5/4 1674/5/4 1673/1520/4
f 1671/1430/5 1670/1426/5 1672/5/5
f 1670/1426/5 1671/1430/5 1667/5/5
f 1668/2/6 1674/3/6 1669/11/6
f 1674/3/6 1668/2/6 1673/1/6
f 1755/3/1 1754/2/1 1753/1/1
f 1754/3/1 1755/2/1 1756/1/1
f 1454/3/2 1755/2/2 1753/1/2
f 1755/3/2 1454/2/2 1453/1/2
f 1757/5/3 1754/5/3 1756/1521/3
f 1754/5/3 1757/5/3 1758/1522/3
f 1757/5/4 1454/1217/4 1758/1523/4
f 1454/1217/4 1757/5/4 1453/5/4
f 1454/1219/5 1754/5/5 1758/1524/5
f 1754/5/5 1454/1219/5 1753/1525/5
f 1755/2/6 1757/3/6 1756/11/6
f 1757/3/6 1755/2/6 1453/1/6
f 1760/3/1 815/2/1 1759/1/1
f 815/3/1 1760/2/1 816/1/1
f 239/3/2 1760/2/2 1759/1/2
f 1760/3/2 239/2/2 241/1/2
f 242/193/3 815/5/3 816/1526/3
f 815/5/3 242/193/3 240/5/3
f 242/5/4 239/5/4 240/1527/4
f 239/5/4 242/5/4 241/1528/4
f 239/198/5 815/5/5 240/5/5
f 815/5/5 239/198/5 1759/1529/5
f 1760/2/6 242/3/6 816/11/6
f 242/3/6 1760/2/6 241/1/6
f 244/3/1 246/2/1 243/1/1
f 246/3/1 244/2/1 245/1/1
f 1761/3/2 244/2/2 243/1/2
f 244/3/2 1761/2/2 1762/1/2
f 266/5/3 246/194/3 245/5/3
f 246/194/3 266/5/3 265/1530/3
f 266/214/4 1761/5/4 265/5/4
f 1761/5/4 266/214/4 1762/1531/4
f 1761/5/5 246/197/5 265/5/5
f 246/197/5 1761/5/5 243/5/5
f 244/2/6 266/3/6 245/11/6
f 266/3/6 244/2/6 1762/1/6
f 808/3/1 810/2/1 807/1/1
f 810/3/1 808/2/1 809/1/1
f 1567/3/2 808/2/2 807/1/2
f 808/3/2 1567/2/2 1569/1/2
f 1570/1325/3 810/647/3 809/5/3
f 810/647/3 1570/1325/3 1568/5/3
f 1570/5/4 1567/5/4 1568/1532/4
f 1567/5/4 1570/5/4 1569/1533/4
f 1567/1330/5 810/650/5 1568/5/5
f 810/650/5 1567/1330/5 807/5/5
f 808/2/6 1570/3/6 809/11/6
f 1570/3/6 808/2/6 1569/1/6
f 1765/3/1 1764/2/1 1763/1/1
f 1764/3/1 1765/2/1 1766/1/1
f 1767/3/2 1765/2/2 1763/1/2
f 1765/3/2 1767/2/2 1768/1/2
f 1769/5/3 1764/5/3 1766/1534/3
f 1764/5/3 1769/5/3 1770/1535/3
f 1769/5/4 1767/5/4 1770/1536/4
f 1767/5/4 1769/5/4 1768/1537/4
f 1767/5/5 1764/5/5 1770/1538/5
f 1764/5/5 1767/5/5 1763/1539/5
f 1765/2/6 1769/3/6 1766/11/6
f 1769/3/6 1765/2/6 1768/1/6
f 266/3/1 268/2/1 265/1/1
f 268/3/1 266/2/1 267/1/1
f 1771/3/2 266/2/2 265/1/2
f 266/3/2 1771/2/2 1772/1/2
f 286/5/3 268/212/3 267/5/3
f 268/212/3 286/5/3 285/1540/3
f 286/231/4 1771/5/4 285/5/4
f 1771/5/4 286/231/4 1772/1541/4
f 1771/5/5 268/215/5 285/5/5
f 268/215/5 1771/5/5 265/5/5
f 266/2/6 286/3/6 267/11/6
f 286/3/6 266/2/6 1772/1/6
f 832/3/1 297/2/1 831/1/1
f 297/3/1 832/2/1 299/1/1
f 1461/3/2 832/2/2 831/1/2
f 832/3/2 1461/2/2 1463/1/2
f 1464/1227/3 297/665/3 299/5/3
f 297/665/3 1464/1227/3 1462/5/3
f 1464/5/4 1461/5/4 1462/1542/4
f 1461/5/4 1464/5/4 1463/1543/4
f 1461/1232/5 297/244/5 1462/5/5
f 297/244/5 1461/1232/5 831/5/5
f 832/2/6 1464/3/6 299/11/6
f 1464/3/6 832/2/6 1463/1/6
f 1774/3/1 1485/2/1 1773/1/1
f 1485/3/1 1774/2/1 1487/1/1
f 1775/3/2 1774/2/2 1773/1/2
f 1774/3/2 1775/2/2 1776/1/2
f 1490/5/3 1485/5/3 1487/1544/3
f 1485/5/3 1490/5/3 1489/1545/3
f 1490/1248/4 1775/5/4 1489/5/4
f 1775/5/4 1490/1248/4 1776/1546/4
f 1775/5/5 1485/1250/5 1489/5/5
f 1485/1250/5 1775/5/5 1773/1547/5
f 1774/2/6 1490/3/6 1487/11/6
f 1490/3/6 1774/2/6 1776/1/6
f 1769/3/1 1777/2/1 1770/1/1
f 1777/3/1 1769/2/1 1778/1/1
f 1779/3/2 1769/2/2 1770/1/2
f 1769/3/2 1779/2/2 1780/1/2
f 307/5/3 1777/5/3 1778/1548/3
f 1777/5/3 307/5/3 305/1549/3
f 307/5/4 1779/5/4 305/1550/4
f 1779/5/4 307/5/4 1780/1551/4
f 1779/5/5 1777/5/5 305/250/5
f 1777/5/5 1779/5/5 1770/1538/5
f 1769/2/6 307/3/6 1778/11/6
f 307/3/6 1769/2/6 1780/1/6
f 1191/3/1 1781/2/1 1192/1/1
f 1781/3/1 1191/2/1 1782/1/1
f 1783/3/2 1191/2/2 1192/1/2
f 1191/3/2 1783/2/2 1784/1/2
f 1785/5/3 1781/5/3 1782/1552/3
f 1781/5/3 1785/5/3 1786/1553/3
f 1785/5/4 1783/5/4 1786/1554/4
f 1783/5/4 1785/5/4 1784/1555/4
f 1783/5/5 1781/5/5 1786/1556/5
f 1781/5/5 1783/5/5 1192/977/5
f 1191/2/6 1785/3/6 1782/11/6
f 1785/3/6 1191/2/6 1784/1/6
f 1591/3/1 1787/2/1 1592/1/1
f 1787/3/1 1591/2/1 1788/1/1
f 1789/3/2 1591/2/2 1592/1/2
f 1591/3/2 1789/2/2 1790/1/2
f 1791/5/3 1787/5/3 1788/1557/3
f 1787/5/3 1791/5/3 1792/1558/3
f 1791/5/4 1789/5/4 1792/1559/4
f 1789/5/4 1791/5/4 1790/1560/4
f 1789/5/5 1787/5/5 1792/1561/5
f 1787/5/5 1789/5/5 1592/1345/5
f 1591/2/6 1791/3/6 1788/11/6
f 1791/3/6 1591/2/6 1790/1/6
f 884/3/1 886/2/1 883/1/1
f 886/3/1 884/2/1 885/1/1
f 1793/3/2 884/2/2 883/1/2
f 884/3/2 1793/2/2 1794/1/2
f 1795/5/3 886/706/3 885/5/3
f 886/706/3 1795/5/3 1796/1562/3
f 1795/5/4 1793/5/4 1796/1563/4
f 1793/5/4 1795/5/4 1794/1564/4
f 1793/5/5 886/709/5 1796/1565/5
f 886/709/5 1793/5/5 883/5/5
f 884/2/6 1795/3/6 885/11/6
f 1795/3/6 884/2/6 1794/1/6
f 1785/3/1 1797/2/1 1786/1/1
f 1797/3/1 1785/2/1 1798/1/1
f 1799/3/2 1785/2/2 1786/1/2
f 1785/3/2 1799/2/2 1800/1/2
f 347/5/3 1797/5/3 1798/1566/3
f 1797/5/3 347/5/3 345/1567/3
f 347/5/4 1799/5/4 345/1568/4
f 1799/5/4 347/5/4 1800/1569/4
f 1799/5/5 1797/5/5 345/280/5
f 1797/5/5 1799/5/5 1786/1556/5
f 1785/2/6 347/3/6 1798/11/6
f 347/3/6 1785/2/6 1800/1/6
f 847/3/1 1801/2/1 848/1/1
f 1801/3/1 847/2/1 1802/1/1
f 887/3/2 847/2/2 848/1/2
f 847/3/2 887/2/2 889/1/2
f 890/711/3 1801/5/3 1802/1570/3
f 1801/5/3 890/711/3 888/5/3
f 890/5/4 887/5/4 888/1571/4
f 887/5/4 890/5/4 889/1572/4
f 887/716/5 1801/5/5 888/5/5
f 1801/5/5 887/716/5 848/679/5
f 847/2/6 890/3/6 1802/11/6
f 890/3/6 847/2/6 889/1/6
f 825/3/1 1803/2/1 826/1/1
f 1803/3/1 825/2/1 1804/1/1
f 1805/3/2 825/2/2 826/1/2
f 825/3/2 1805/2/2 1806/1/2
f 1807/5/3 1803/5/3 1804/1573/3
f 1803/5/3 1807/5/3 1808/1574/3
f 1807/5/4 1805/5/4 1808/1575/4
f 1805/5/4 1807/5/4 1806/1576/4
f 1805/5/5 1803/5/5 1808/1577/5
f 1803/5/5 1805/5/5 826/662/5
f 825/2/6 1807/3/6 1804/11/6
f 1807/3/6 825/2/6 1806/1/6
f 1811/3/1 1810/2/1 1809/1/1
f 1810/3/1 1811/2/1 1812/1/1
f 1787/3/2 1811/2/2 1809/1/2
f 1811/3/2 1787/2/2 1788/1/2
f 1813/5/3 1810/5/3 1812/1578/3
f 1810/5/3 1813/5/3 1814/1579/3
f 1813/5/4 1787/5/4 1814/1580/4
f 1787/5/4 1813/5/4 1788/1581/4
f 1787/5/5 1810/5/5 1814/1582/5
f 1810/5/5 1787/5/5 1809/1583/5
f 1811/2/6 1813/3/6 1812/11/6
f 1813/3/6 1811/2/6 1788/1/6
f 944/3/1 946/2/1 943/1/1
f 946/3/1 944/2/1 945/1/1
f 1815/3/2 944/2/2 943/1/2
f 944/3/2 1815/2/2 1816/1/2
f 1817/5/3 946/754/3 945/5/3
f 946/754/3 1817/5/3 1818/1584/3
f 1817/5/4 1815/5/4 1818/1585/4
f 1815/5/4 1817/5/4 1816/1586/4
f 1815/5/5 946/757/5 1818/1587/5
f 946/757/5 1815/5/5 943/5/5
f 944/2/6 1817/3/6 945/11/6
f 1817/3/6 944/2/6 1816/1/6
f 428/3/1 1819/2/1 426/1/1
f 1819/3/1 428/2/1 1820/1/1
f 432/3/2 428/2/2 426/1/2
f 428/3/2 432/2/2 431/1/2
f 1821/5/3 1819/5/3 1820/1588/3
f 1819/5/3 1821/5/3 1822/1589/3
f 1821/5/4 432/342/4 1822/1590/4
f 432/342/4 1821/5/4 431/5/4
f 432/344/5 1819/5/5 1822/1591/5
f 1819/5/5 432/344/5 426/5/5
f 428/2/6 1821/3/6 1820/11/6
f 1821/3/6 428/2/6 431/1/6

usemtl color26

f 1656/3/1 1658/2/1 1655/1/1
f 1658/3/1 1656/2/1 1657/1/1
f 1823/3/2 1656/2/2 1655/1/2
f 1656/3/2 1823/2/2 1824/1/2
f 1825/5/3 1658/1402/3 1657/5/3
f 1658/1402/3 1825/5/3 1826/1592/3
f 1825/5/4 1823/5/4 1826/1593/4
f 1823/5/4 1825/5/4 1824/1594/4
f 1823/5/5 1658/1405/5 1826/1595/5
f 1658/1405/5 1823/5/5 1655/5/5
f 1656/2/6 1825/3/6 1657/11/6
f 1825/3/6 1656/2/6 1824/1/6

usemtl color15

f 54/3/1 1049/2/1 52/1/1
f 1049/3/1 54/2/1 1051/1/1
f 58/3/2 54/2/2 52/1/2
f 54/3/2 58/2/2 57/1/2
f 1054/5/3 1049/5/3 1051/1596/3
f 1049/5/3 1054/5/3 1053/1597/3
f 1054/854/4 58/48/4 1053/5/4
f 58/48/4 1054/854/4 57/5/4
f 58/50/5 1049/856/5 1053/5/5
f 1049/856/5 58/50/5 52/5/5
f 54/2/6 1054/3/6 1051/11/6
f 1054/3/6 54/2/6 57/1/6
f 798/3/1 800/2/1 797/1/1
f 800/3/1 798/2/1 799/1/1
f 191/3/2 798/2/2 797/1/2
f 798/3/2 191/2/2 193/1/2
f 194/157/3 800/638/3 799/5/3
f 800/638/3 194/157/3 192/5/3
f 194/5/4 191/5/4 192/1598/4
f 191/5/4 194/5/4 193/1599/4
f 191/162/5 800/641/5 192/5/5
f 800/641/5 191/162/5 797/5/5
f 798/2/6 194/3/6 799/11/6
f 194/3/6 798/2/6 193/1/6
f 1829/3/1 1828/2/1 1827/1/1
f 1828/3/1 1829/2/1 1830/1/1
f 164/3/2 1829/2/2 1827/1/2
f 1829/3/2 164/2/2 163/1/2
f 1831/5/3 1828/5/3 1830/1600/3
f 1828/5/3 1831/5/3 1832/1601/3
f 1831/5/4 164/133/4 1832/1602/4
f 164/133/4 1831/5/4 163/5/4
f 164/135/5 1828/5/5 1832/1603/5
f 1828/5/5 164/135/5 1827/1604/5
f 1829/2/6 1831/3/6 1830/11/6
f 1831/3/6 1829/2/6 163/1/6
f 1835/3/1 1834/2/1 1833/1/1
f 1834/3/1 1835/2/1 1836/1/1
f 1837/3/2 1835/2/2 1833/1/2
f 1835/3/2 1837/2/2 1838/1/2
f 1839/5/3 1834/5/3 1836/1605/3
f 1834/5/3 1839/5/3 1840/1606/3
f 1839/5/4 1837/5/4 1840/1607/4
f 1837/5/4 1839/5/4 1838/1608/4
f 1837/5/5 1834/5/5 1840/1609/5
f 1834/5/5 1837/5/5 1833/1610/5
f 1835/2/6 1839/3/6 1836/11/6
f 1839/3/6 1835/2/6 1838/1/6
f 1843/3/1 1842/2/1 1841/1/1
f 1842/3/1 1843/2/1 1844/1/1
f 1845/3/2 1843/2/2 1841/1/2
f 1843/3/2 1845/2/2 1846/1/2
f 1847/5/3 1842/5/3 1844/1611/3
f 1842/5/3 1847/5/3 1848/1612/3
f 1847/5/4 1845/5/4 1848/1613/4
f 1845/5/4 1847/5/4 1846/1614/4
f 1845/5/5 1842/5/5 1848/1615/5
f 1842/5/5 1845/5/5 1841/1616/5
f 1843/2/6 1847/3/6 1844/11/6
f 1847/3/6 1843/2/6 1846/1/6
f 1851/3/1 1850/2/1 1849/1/1
f 1850/3/1 1851/2/1 1852/1/1
f 1853/3/2 1851/2/2 1849/1/2
f 1851/3/2 1853/2/2 1854/1/2
f 1855/5/3 1850/5/3 1852/1617/3
f 1850/5/3 1855/5/3 1856/1618/3
f 1855/5/4 1853/5/4 1856/1619/4
f 1853/5/4 1855/5/4 1854/1620/4
f 1853/5/5 1850/5/5 1856/1621/5
f 1850/5/5 1853/5/5 1849/1622/5
f 1851/2/6 1855/3/6 1852/11/6
f 1855/3/6 1851/2/6 1854/1/6
f 1859/3/1 1858/2/1 1857/1/1
f 1858/3/1 1859/2/1 1860/1/1
f 1861/3/2 1859/2/2 1857/1/2
f 1859/3/2 1861/2/2 1862/1/2
f 1863/5/3 1858/5/3 1860/1623/3
f 1858/5/3 1863/5/3 1864/1624/3
f 1863/5/4 1861/5/4 1864/1625/4
f 1861/5/4 1863/5/4 1862/1626/4
f 1861/5/5 1858/5/5 1864/1627/5
f 1858/5/5 1861/5/5 1857/1628/5
f 1859/2/6 1863/3/6 1860/11/6
f 1863/3/6 1859/2/6 1862/1/6
f 1867/3/1 1866/2/1 1865/1/1
f 1866/3/1 1867/2/1 1868/1/1
f 1869/3/2 1867/2/2 1865/1/2
f 1867/3/2 1869/2/2 1870/1/2
f 1871/5/3 1866/5/3 1868/1629/3
f 1866/5/3 1871/5/3 1872/1630/3
f 1871/5/4 1869/5/4 1872/1631/4
f 1869/5/4 1871/5/4 1870/1632/4
f 1869/5/5 1866/5/5 1872/1633/5
f 1866/5/5 1869/5/5 1865/1634/5
f 1867/2/6 1871/3/6 1868/11/6
f 1871/3/6 1867/2/6 1870/1/6
f 1875/3/1 1874/2/1 1873/1/1
f 1874/3/1 1875/2/1 1876/1/1
f 1877/3/2 1875/2/2 1873/1/2
f 1875/3/2 1877/2/2 1878/1/2
f 1879/5/3 1874/5/3 1876/1635/3
f 1874/5/3 1879/5/3 1880/1636/3
f 1879/5/4 1877/5/4 1880/1637/4
f 1877/5/4 1879/5/4 1878/1638/4
f 1877/5/5 1874/5/5 1880/1639/5
f 1874/5/5 1877/5/5 1873/1640/5
f 1875/2/6 1879/3/6 1876/11/6
f 1879/3/6 1875/2/6 1878/1/6

usemtl color5

f 57/3/1 1053/2/1 58/1/1
f 1053/3/1 57/2/1 1054/1/1
f 77/3/2 57/2/2 58/1/2
f 57/3/2 77/2/2 79/1/2
f 80/68/3 1053/1597/3 1054/5/3
f 1053/1597/3 80/68/3 78/5/3
f 80/5/4 77/845/4 78/1641/4
f 77/845/4 80/5/4 79/5/4
f 77/73/5 1053/5/5 78/5/5
f 1053/5/5 77/73/5 58/50/5
f 57/2/6 80/3/6 1054/11/6
f 80/3/6 57/2/6 79/1/6
f 1883/3/1 1882/2/1 1881/1/1
f 1882/3/1 1883/2/1 1884/1/1
f 1885/3/2 1883/2/2 1881/1/2
f 1883/3/2 1885/2/2 1886/1/2
f 1887/5/3 1882/5/3 1884/1642/3
f 1882/5/3 1887/5/3 1888/1643/3
f 1887/5/4 1885/5/4 1888/1644/4
f 1885/5/4 1887/5/4 1886/1645/4
f 1885/5/5 1882/5/5 1888/1646/5
f 1882/5/5 1885/5/5 1881/1647/5
f 1883/2/6 1887/3/6 1884/11/6
f 1887/3/6 1883/2/6 1886/1/6
f 1891/3/1 1890/2/1 1889/1/1
f 1890/3/1 1891/2/1 1892/1/1
f 1893/3/2 1891/2/2 1889/1/2
f 1891/3/2 1893/2/2 1894/1/2
f 123/5/3 1890/5/3 1892/1648/3
f 1890/5/3 123/5/3 121/1649/3
f 123/5/4 1893/5/4 121/1650/4
f 1893/5/4 123/5/4 1894/1651/4
f 1893/5/5 1890/5/5 121/108/5
f 1890/5/5 1893/5/5 1889/1652/5
f 1891/2/6 123/3/6 1892/11/6
f 123/3/6 1891/2/6 1894/1/6
f 118/3/1 120/2/1 117/1/1
f 120/3/1 118/2/1 119/1/1
f 1882/3/2 118/2/2 117/1/2
f 118/3/2 1882/2/2 1884/1/2
f 1084/5/3 120/98/3 119/5/3
f 120/98/3 1084/5/3 1083/1653/3
f 1084/879/4 1882/5/4 1083/5/4
f 1882/5/4 1084/879/4 1884/1654/4
f 1882/5/5 120/101/5 1083/5/5
f 120/101/5 1882/5/5 117/5/5
f 118/2/6 1084/3/6 119/11/6
f 1084/3/6 118/2/6 1884/1/6
f 1887/3/1 1895/2/1 1888/1/1
f 1895/3/1 1887/2/1 1896/1/1
f 1890/3/2 1887/2/2 1888/1/2
f 1887/3/2 1890/2/2 1892/1/2
f 1897/5/3 1895/5/3 1896/1655/3
f 1895/5/3 1897/5/3 1898/1656/3
f 1897/5/4 1890/5/4 1898/1657/4
f 1890/5/4 1897/5/4 1892/1658/4
f 1890/5/5 1895/5/5 1898/1659/5
f 1895/5/5 1890/5/5 1888/1646/5
f 1887/2/6 1897/3/6 1896/11/6
f 1897/3/6 1887/2/6 1892/1/6
f 1084/3/1 1899/2/1 1083/1/1
f 1899/3/1 1084/2/1 1900/1/1
f 1901/3/2 1084/2/2 1083/1/2
f 1084/3/2 1901/2/2 1902/1/2
f 1903/5/3 1899/5/3 1900/1660/3
f 1899/5/3 1903/5/3 1904/1661/3
f 1903/5/4 1901/5/4 1904/1662/4
f 1901/5/4 1903/5/4 1902/1663/4
f 1901/5/5 1899/5/5 1904/1664/5
f 1899/5/5 1901/5/5 1083/5/5
f 1084/2/6 1903/3/6 1900/11/6
f 1903/3/6 1084/2/6 1902/1/6
f 168/3/1 170/2/1 167/1/1
f 170/3/1 168/2/1 169/1/1
f 171/3/2 168/2/2 167/1/2
f 168/3/2 171/2/2 173/1/2
f 174/142/3 170/138/3 169/5/3
f 170/138/3 174/142/3 172/5/3
f 174/5/4 171/1510/4 172/1665/4
f 171/1510/4 174/5/4 173/5/4
f 171/147/5 170/141/5 172/5/5
f 170/141/5 171/147/5 167/5/5
f 168/2/6 174/3/6 169/11/6
f 174/3/6 168/2/6 173/1/6
f 1907/3/1 1906/2/1 1905/1/1
f 1906/3/1 1907/2/1 1908/1/1
f 1909/3/2 1907/2/2 1905/1/2
f 1907/3/2 1909/2/2 1910/1/2
f 1911/5/3 1906/5/3 1908/1666/3
f 1906/5/3 1911/5/3 1912/1667/3
f 1911/5/4 1909/5/4 1912/1668/4
f 1909/5/4 1911/5/4 1910/1669/4
f 1909/5/5 1906/5/5 1912/1670/5
f 1906/5/5 1909/5/5 1905/1671/5
f 1907/2/6 1911/3/6 1908/11/6
f 1911/3/6 1907/2/6 1910/1/6
f 166/3/1 164/2/1 165/1/1
f 164/3/1 166/2/1 163/1/1
f 170/3/2 166/2/2 165/1/2
f 166/3/2 170/2/2 169/1/2
f 1913/5/3 164/132/3 163/5/3
f 164/132/3 1913/5/3 1914/1672/3
f 1913/5/4 170/139/4 1914/1673/4
f 170/139/4 1913/5/4 169/5/4
f 170/141/5 164/135/5 1914/1674/5
f 164/135/5 170/141/5 165/5/5
f 166/2/6 1913/3/6 163/11/6
f 1913/3/6 166/2/6 169/1/6
f 174/3/1 1915/2/1 172/1/1
f 1915/3/1 174/2/1 1916/1/1
f 178/3/2 174/2/2 172/1/2
f 174/3/2 178/2/2 177/1/2
f 186/152/3 1915/5/3 1916/1675/3
f 1915/5/3 186/152/3 185/5/3
f 186/5/4 178/144/4 185/1676/4
f 178/144/4 186/5/4 177/5/4
f 178/146/5 1915/5/5 185/5/5
f 1915/5/5 178/146/5 172/5/5
f 174/2/6 186/3/6 1916/11/6
f 186/3/6 174/2/6 177/1/6
f 727/3/1 1917/2/1 728/1/1
f 1917/3/1 727/2/1 1918/1/1
f 1153/3/2 727/2/2 728/1/2
f 727/3/2 1153/2/2 1155/1/2
f 1156/943/3 1917/5/3 1918/1677/3
f 1917/5/3 1156/943/3 1154/5/3
f 1156/5/4 1153/5/4 1154/1678/4
f 1153/5/4 1156/5/4 1155/1679/4
f 1153/948/5 1917/5/5 1154/5/5
f 1917/5/5 1153/948/5 728/585/5
f 727/2/6 1156/3/6 1918/11/6
f 1156/3/6 727/2/6 1155/1/6
f 1921/3/1 1920/2/1 1919/1/1
f 1920/3/1 1921/2/1 1922/1/1
f 787/3/2 1921/2/2 1919/1/2
f 1921/3/2 787/2/2 789/1/2
f 790/631/3 1920/5/3 1922/1680/3
f 1920/5/3 790/631/3 788/5/3
f 790/5/4 787/1212/4 788/1681/4
f 787/1212/4 790/5/4 789/5/4
f 787/636/5 1920/5/5 788/5/5
f 1920/5/5 787/636/5 1919/1682/5
f 1921/2/6 790/3/6 1922/11/6
f 790/3/6 1921/2/6 789/1/6
f 1911/3/1 1923/2/1 1912/1/1
f 1923/3/1 1911/2/1 1924/1/1
f 1925/3/2 1911/2/2 1912/1/2
f 1911/3/2 1925/2/2 1926/1/2
f 1927/5/3 1923/5/3 1924/1683/3
f 1923/5/3 1927/5/3 1928/1684/3
f 1927/5/4 1925/5/4 1928/1685/4
f 1925/5/4 1927/5/4 1926/1686/4
f 1925/5/5 1923/5/5 1928/1687/5
f 1923/5/5 1925/5/5 1912/1670/5
f 1911/2/6 1927/3/6 1924/11/6
f 1927/3/6 1911/2/6 1926/1/6
f 182/3/1 1929/2/1 180/1/1
f 1929/3/1 182/2/1 1930/1/1
f 1931/3/2 182/2/2 180/1/2
f 182/3/2 1931/2/2 1932/1/2
f 1933/5/3 1929/5/3 1930/1688/3
f 1929/5/3 1933/5/3 1934/1689/3
f 1933/5/4 1931/5/4 1934/1690/4
f 1931/5/4 1933/5/4 1932/1691/4
f 1931/5/5 1929/5/5 1934/1692/5
f 1929/5/5 1931/5/5 180/5/5
f 182/2/6 1933/3/6 1930/11/6
f 1933/3/6 182/2/6 1932/1/6
f 1937/3/1 1936/2/1 1935/1/1
f 1936/3/1 1937/2/1 1938/1/1
f 1939/3/2 1937/2/2 1935/1/2
f 1937/3/2 1939/2/2 1940/1/2
f 1941/5/3 1936/5/3 1938/1693/3
f 1936/5/3 1941/5/3 1942/1694/3
f 1941/5/4 1939/5/4 1942/1695/4
f 1939/5/4 1941/5/4 1940/1696/4
f 1939/5/5 1936/5/5 1942/1697/5
f 1936/5/5 1939/5/5 1935/1698/5
f 1937/2/6 1941/3/6 1938/11/6
f 1941/3/6 1937/2/6 1940/1/6
f 1945/3/1 1944/2/1 1943/1/1
f 1944/3/1 1945/2/1 1946/1/1
f 158/3/2 1945/2/2 1943/1/2
f 1945/3/2 158/2/2 160/1/2
f 1947/5/3 1944/5/3 1946/1699/3
f 1944/5/3 1947/5/3 1948/1700/3
f 1947/5/4 158/149/4 1948/1701/4
f 158/149/4 1947/5/4 160/5/4
f 158/5/5 1944/5/5 1948/1702/5
f 1944/5/5 158/5/5 1943/1703/5
f 1945/2/6 1947/3/6 1946/11/6
f 1947/3/6 1945/2/6 160/1/6
f 1950/3/1 1215/2/1 1949/1/1
f 1215/3/1 1950/2/1 1216/1/1
f 1138/3/2 1950/2/2 1949/1/2
f 1950/3/2 1138/2/2 1140/1/2
f 1218/5/3 1215/5/3 1216/1704/3
f 1215/5/3 1218/5/3 1217/1705/3
f 1218/1002/4 1138/5/4 1217/5/4
f 1138/5/4 1218/1002/4 1140/1706/4
f 1138/5/5 1215/1003/5 1217/5/5
f 1215/1003/5 1138/5/5 1949/1707/5
f 1950/2/6 1218/3/6 1216/11/6
f 1218/3/6 1950/2/6 1140/1/6
f 1151/3/1 1219/2/1 1152/1/1
f 1219/3/1 1151/2/1 1220/1/1
f 1951/3/2 1151/2/2 1152/1/2
f 1151/3/2 1951/2/2 1952/1/2
f 1222/5/3 1219/5/3 1220/1708/3
f 1219/5/3 1222/5/3 1221/1709/3
f 1222/1006/4 1951/5/4 1221/5/4
f 1951/5/4 1222/1006/4 1952/1710/4
f 1951/5/5 1219/1007/5 1221/5/5
f 1219/1007/5 1951/5/5 1152/940/5
f 1151/2/6 1222/3/6 1220/11/6
f 1222/3/6 1151/2/6 1952/1/6
f 1107/3/1 1953/2/1 1108/1/1
f 1953/3/1 1107/2/1 1954/1/1
f 1917/3/2 1107/2/2 1108/1/2
f 1107/3/2 1917/2/2 1918/1/2
f 1955/5/3 1953/5/3 1954/1711/3
f 1953/5/3 1955/5/3 1956/1712/3
f 1955/5/4 1917/5/4 1956/1713/4
f 1917/5/4 1955/5/4 1918/1714/4
f 1917/5/5 1953/5/5 1956/1715/5
f 1953/5/5 1917/5/5 1108/902/5
f 1107/2/6 1955/3/6 1954/11/6
f 1955/3/6 1107/2/6 1918/1/6
f 790/3/1 1957/2/1 788/1/1
f 1957/3/1 790/2/1 1958/1/1
f 1959/3/2 790/2/2 788/1/2
f 790/3/2 1959/2/2 1960/1/2
f 1961/5/3 1957/5/3 1958/1716/3
f 1957/5/3 1961/5/3 1962/1717/3
f 1961/5/4 1959/5/4 1962/1718/4
f 1959/5/4 1961/5/4 1960/1719/4
f 1959/5/5 1957/5/5 1962/1720/5
f 1957/5/5 1959/5/5 788/5/5
f 790/2/6 1961/3/6 1958/11/6
f 1961/3/6 790/2/6 1960/1/6
f 1964/3/1 273/2/1 1963/1/1
f 273/3/1 1964/2/1 274/1/1
f 247/3/2 1964/2/2 1963/1/2
f 1964/3/2 247/2/2 249/1/2
f 250/199/3 273/5/3 274/1721/3
f 273/5/3 250/199/3 248/5/3
f 250/1439/4 247/5/4 248/5/4
f 247/5/4 250/1439/4 249/1722/4
f 247/204/5 273/5/5 248/5/5
f 273/5/5 247/204/5 1963/1723/5
f 1964/2/6 250/3/6 274/11/6
f 250/3/6 1964/2/6 249/1/6
f 194/3/1 1965/2/1 192/1/1
f 1965/3/1 194/2/1 1966/1/1
f 198/3/2 194/2/2 192/1/2
f 194/3/2 198/2/2 197/1/2
f 1174/961/3 1965/5/3 1966/1724/3
f 1965/5/3 1174/961/3 1173/5/3
f 1174/5/4 198/159/4 1173/1725/4
f 198/159/4 1174/5/4 197/5/4
f 198/161/5 1965/5/5 1173/5/5
f 1965/5/5 198/161/5 192/5/5
f 194/2/6 1174/3/6 1966/11/6
f 1174/3/6 194/2/6 197/1/6
f 1969/3/1 1968/2/1 1967/1/1
f 1968/3/1 1969/2/1 1970/1/1
f 255/3/2 1969/2/2 1967/1/2
f 1969/3/2 255/2/2 257/1/2
f 1971/5/3 1968/5/3 1970/1726/3
f 1968/5/3 1971/5/3 1972/1727/3
f 1971/5/4 255/5/4 1972/1728/4
f 255/5/4 1971/5/4 257/1729/4
f 255/210/5 1968/5/5 1972/1730/5
f 1968/5/5 255/210/5 1967/1731/5
f 1969/2/6 1971/3/6 1970/11/6
f 1971/3/6 1969/2/6 257/1/6
f 1212/3/1 1973/2/1 1211/1/1
f 1973/3/1 1212/2/1 1974/1/1
f 1975/3/2 1212/2/2 1211/1/2
f 1212/3/2 1975/2/2 1976/1/2
f 1977/5/3 1973/5/3 1974/1732/3
f 1973/5/3 1977/5/3 1978/1733/3
f 1977/5/4 1975/5/4 1978/1734/4
f 1975/5/4 1977/5/4 1976/1735/4
f 1975/5/5 1973/5/5 1978/1736/5
f 1973/5/5 1975/5/5 1211/5/5
f 1212/2/6 1977/3/6 1974/11/6
f 1977/3/6 1212/2/6 1976/1/6
f 816/3/1 818/2/1 815/1/1
f 818/3/1 816/2/1 817/1/1
f 240/3/2 816/2/2 815/1/2
f 816/3/2 240/2/2 242/1/2
f 1979/5/3 818/653/3 817/5/3
f 818/653/3 1979/5/3 1980/1737/3
f 1979/5/4 240/1527/4 1980/1738/4
f 240/1527/4 1979/5/4 242/5/4
f 240/5/5 818/656/5 1980/1739/5
f 818/656/5 240/5/5 815/5/5
f 816/2/6 1979/3/6 817/11/6
f 1979/3/6 816/2/6 242/1/6
f 1983/3/1 1982/2/1 1981/1/1
f 1982/3/1 1983/2/1 1984/1/1
f 1985/3/2 1983/2/2 1981/1/2
f 1983/3/2 1985/2/2 1986/1/2
f 292/233/3 1982/5/3 1984/1740/3
f 1982/5/3 292/233/3 290/5/3
f 292/5/4 1985/5/4 290/1741/4
f 1985/5/4 292/5/4 1986/1742/4
f 1985/5/5 1982/5/5 290/5/5
f 1982/5/5 1985/5/5 1981/1743/5
f 1983/2/6 292/3/6 1984/11/6
f 292/3/6 1983/2/6 1986/1/6
f 1226/3/1 1228/2/1 1225/1/1
f 1228/3/1 1226/2/1 1227/1/1
f 1953/3/2 1226/2/2 1225/1/2
f 1226/3/2 1953/2/2 1954/1/2
f 919/5/3 1228/1008/3 1227/5/3
f 1228/1008/3 919/5/3 917/1744/3
f 919/5/4 1953/5/4 917/1745/4
f 1953/5/4 919/5/4 1954/1746/4
f 1953/5/5 1228/1011/5 917/740/5
f 1228/1011/5 1953/5/5 1225/5/5
f 1226/2/6 919/3/6 1227/11/6
f 919/3/6 1226/2/6 1954/1/6
f 1171/3/1 1987/2/1 1172/1/1
f 1987/3/1 1171/2/1 1988/1/1
f 1989/3/2 1171/2/2 1172/1/2
f 1171/3/2 1989/2/2 1990/1/2
f 1991/5/3 1987/5/3 1988/1747/3
f 1987/5/3 1991/5/3 1992/1748/3
f 1991/5/4 1989/5/4 1992/1749/4
f 1989/5/4 1991/5/4 1990/1750/4
f 1989/5/5 1987/5/5 1992/1751/5
f 1987/5/5 1989/5/5 1172/960/5
f 1171/2/6 1991/3/6 1988/11/6
f 1991/3/6 1171/2/6 1990/1/6
f 250/3/1 1680/2/1 248/1/1
f 1680/3/1 250/2/1 1679/1/1
f 254/3/2 250/2/2 248/1/2
f 250/3/2 254/2/2 253/1/2
f 1230/1013/3 1680/1437/3 1679/5/3
f 1680/1437/3 1230/1013/3 1229/5/3
f 1230/5/4 254/201/4 1229/1752/4
f 254/201/4 1230/5/4 253/5/4
f 254/203/5 1680/1440/5 1229/5/5
f 1680/1440/5 254/203/5 248/5/5
f 250/2/6 1230/3/6 1679/11/6
f 1230/3/6 250/2/6 253/1/6
f 1174/3/1 1993/2/1 1173/1/1
f 1993/3/1 1174/2/1 1994/1/1
f 827/3/2 1174/2/2 1173/1/2
f 1174/3/2 827/2/2 829/1/2
f 830/664/3 1993/5/3 1994/1753/3
f 1993/5/3 830/664/3 828/5/3
f 830/5/4 827/963/4 828/1754/4
f 827/963/4 830/5/4 829/5/4
f 827/668/5 1993/5/5 828/5/5
f 1993/5/5 827/668/5 1173/5/5
f 1174/2/6 830/3/6 1994/11/6
f 830/3/6 1174/2/6 829/1/6
f 1466/3/1 1468/2/1 1465/1/1
f 1468/3/1 1466/2/1 1467/1/1
f 1972/3/2 1466/2/2 1465/1/2
f 1466/3/2 1972/2/2 1971/1/2
f 1995/5/3 1468/1228/3 1467/5/3
f 1468/1228/3 1995/5/3 1996/1755/3
f 1995/5/4 1972/1728/4 1996/1756/4
f 1972/1728/4 1995/5/4 1971/5/4
f 1972/1730/5 1468/1231/5 1996/1757/5
f 1468/1231/5 1972/1730/5 1465/5/5
f 1466/2/6 1995/3/6 1467/11/6
f 1995/3/6 1466/2/6 1971/1/6
f 275/3/1 1997/2/1 276/1/1
f 1997/3/1 275/2/1 1998/1/1
f 1680/3/2 275/2/2 276/1/2
f 275/3/2 1680/2/2 1679/1/2
f 1999/5/3 1997/5/3 1998/1758/3
f 1997/5/3 1999/5/3 2000/1759/3
f 1999/5/4 1680/1438/4 2000/1760/4
f 1680/1438/4 1999/5/4 1679/5/4
f 1680/1440/5 1997/5/5 2000/1761/5
f 1997/5/5 1680/1440/5 276/220/5
f 275/2/6 1999/3/6 1998/11/6
f 1999/3/6 275/2/6 1679/1/6
f 876/3/1 878/2/1 875/1/1
f 878/3/1 876/2/1 877/1/1
f 2001/3/2 876/2/2 875/1/2
f 876/3/2 2001/2/2 2002/1/2
f 2003/5/3 878/700/3 877/5/3
f 878/700/3 2003/5/3 2004/1762/3
f 2003/5/4 2001/5/4 2004/1763/4
f 2001/5/4 2003/5/4 2002/1764/4
f 2001/5/5 878/703/5 2004/1765/5
f 878/703/5 2001/5/5 875/5/5
f 876/2/6 2003/3/6 877/11/6
f 2003/3/6 876/2/6 2002/1/6
f 2006/3/1 955/2/1 2005/1/1
f 955/3/1 2006/2/1 957/1/1
f 2007/3/2 2006/2/2 2005/1/2
f 2006/3/2 2007/2/2 2008/1/2
f 960/5/3 955/5/3 957/1766/3
f 955/5/3 960/5/3 959/1767/3
f 960/769/4 2007/5/4 959/5/4
f 2007/5/4 960/769/4 2008/1768/4
f 2007/5/5 955/771/5 959/5/5
f 955/771/5 2007/5/5 2005/1769/5
f 2006/2/6 960/3/6 957/11/6
f 960/3/6 2006/2/6 2008/1/6
f 2011/3/1 2010/2/1 2009/1/1
f 2010/3/1 2011/2/1 2012/1/1
f 313/3/2 2011/2/2 2009/1/2
f 2011/3/2 313/2/2 315/1/2
f 316/251/3 2010/5/3 2012/1770/3
f 2010/5/3 316/251/3 314/5/3
f 316/5/4 313/5/4 314/1771/4
f 313/5/4 316/5/4 315/1772/4
f 313/256/5 2010/5/5 314/5/5
f 2010/5/5 313/256/5 2009/1773/5
f 2011/2/6 316/3/6 2012/11/6
f 316/3/6 2011/2/6 315/1/6
f 1256/3/1 1258/2/1 1255/1/1
f 1258/3/1 1256/2/1 1257/1/1
f 2013/3/2 1256/2/2 1255/1/2
f 1256/3/2 2013/2/2 2014/1/2
f 2015/5/3 1258/1034/3 1257/5/3
f 1258/1034/3 2015/5/3 2016/1774/3
f 2015/5/4 2013/5/4 2016/1775/4
f 2013/5/4 2015/5/4 2014/1776/4
f 2013/5/5 1258/1037/5 2016/1777/5
f 1258/1037/5 2013/5/5 1255/5/5
f 1256/2/6 2015/3/6 1257/11/6
f 2015/3/6 1256/2/6 2014/1/6
f 2019/3/1 2018/2/1 2017/1/1
f 2018/3/1 2019/2/1 2020/1/1
f 1987/3/2 2019/2/2 2017/1/2
f 2019/3/2 1987/2/2 1988/1/2
f 2021/5/3 2018/5/3 2020/1778/3
f 2018/5/3 2021/5/3 2022/1779/3
f 2021/5/4 1987/5/4 2022/1780/4
f 1987/5/4 2021/5/4 1988/1781/4
f 1987/5/5 2018/5/5 2022/1782/5
f 2018/5/5 1987/5/5 2017/1783/5
f 2019/2/6 2021/3/6 2020/11/6
f 2021/3/6 2019/2/6 1988/1/6
f 334/3/1 336/2/1 333/1/1
f 336/3/1 334/2/1 335/1/1
f 2023/3/2 334/2/2 333/1/2
f 334/3/2 2023/2/2 2024/1/2
f 2025/5/3 336/264/3 335/5/3
f 336/264/3 2025/5/3 2026/1784/3
f 2025/5/4 2023/5/4 2026/1785/4
f 2023/5/4 2025/5/4 2024/1786/4
f 2023/5/5 336/267/5 2026/1787/5
f 336/267/5 2023/5/5 333/5/5
f 334/2/6 2025/3/6 335/11/6
f 2025/3/6 334/2/6 2024/1/6
f 1862/3/1 1864/2/1 1861/1/1
f 1864/3/1 1862/2/1 1863/1/1
f 337/3/2 1862/2/2 1861/1/2
f 1862/3/2 337/2/2 339/1/2
f 340/269/3 1864/1624/3 1863/5/3
f 1864/1624/3 340/269/3 338/5/3
f 340/5/4 337/5/4 338/1788/4
f 337/5/4 340/5/4 339/1789/4
f 337/274/5 1864/1627/5 338/5/5
f 1864/1627/5 337/274/5 1861/5/5
f 1862/2/6 340/3/6 1863/11/6
f 340/3/6 1862/2/6 339/1/6
f 960/3/1 962/2/1 959/1/1
f 962/3/1 960/2/1 961/1/1
f 904/3/2 960/2/2 959/1/2
f 960/3/2 904/2/2 906/1/2
f 383/5/3 962/767/3 961/5/3
f 962/767/3 383/5/3 381/1790/3
f 383/1080/4 904/5/4 381/5/4
f 904/5/4 383/1080/4 906/1791/4
f 904/5/5 962/770/5 381/310/5
f 962/770/5 904/5/5 959/5/5
f 960/2/6 383/3/6 961/11/6
f 383/3/6 960/2/6 906/1/6
f 2028/3/1 1315/2/1 2027/1/1
f 1315/3/1 2028/2/1 1316/1/1
f 1273/3/2 2028/2/2 2027/1/2
f 2028/3/2 1273/2/2 1275/1/2
f 1276/1052/3 1315/5/3 1316/1792/3
f 1315/5/3 1276/1052/3 1274/5/3
f 1276/5/4 1273/5/4 1274/1793/4
f 1273/5/4 1276/5/4 1275/1794/4
f 1273/1055/5 1315/5/5 1274/5/5
f 1315/5/5 1273/1055/5 2027/1795/5
f 2028/2/6 1276/3/6 1316/11/6
f 1276/3/6 2028/2/6 1275/1/6
f 2015/3/1 2029/2/1 2016/1/1
f 2029/3/1 2015/2/1 2030/1/1
f 1865/3/2 2015/2/2 2016/1/2
f 2015/3/2 1865/2/2 1867/1/2
f 1868/1629/3 2029/5/3 2030/1796/3
f 2029/5/3 1868/1629/3 1866/5/3
f 1868/5/4 1865/5/4 1866/1797/4
f 1865/5/4 1868/5/4 1867/1798/4
f 1865/1634/5 2029/5/5 1866/5/5
f 2029/5/5 1865/1634/5 2016/1777/5
f 2015/2/6 1868/3/6 2030/11/6
f 1868/3/6 2015/2/6 1867/1/6
f 1870/3/1 1872/2/1 1869/1/1
f 1872/3/1 1870/2/1 1871/1/1
f 2031/3/2 1870/2/2 1869/1/2
f 1870/3/2 2031/2/2 2032/1/2
f 2033/5/3 1872/1630/3 1871/5/3
f 1872/1630/3 2033/5/3 2034/1799/3
f 2033/5/4 2031/5/4 2034/1800/4
f 2031/5/4 2033/5/4 2032/1801/4
f 2031/5/5 1872/1633/5 2034/1802/5
f 1872/1633/5 2031/5/5 1869/5/5
f 1870/2/6 2033/3/6 1871/11/6
f 2033/3/6 1870/2/6 2032/1/6
f 2037/3/1 2036/2/1 2035/1/1
f 2036/3/1 2037/2/1 2038/1/1
f 359/3/2 2037/2/2 2035/1/2
f 2037/3/2 359/2/2 361/1/2
f 362/287/3 2036/5/3 2038/1803/3
f 2036/5/3 362/287/3 360/5/3
f 362/5/4 359/5/4 360/1804/4
f 359/5/4 362/5/4 361/1805/4
f 359/292/5 2036/5/5 360/5/5
f 2036/5/5 359/292/5 2035/1806/5
f 2037/2/6 362/3/6 2038/11/6
f 362/3/6 2037/2/6 361/1/6
f 1282/3/1 1284/2/1 1281/1/1
f 1284/3/1 1282/2/1 1283/1/1
f 2039/3/2 1282/2/2 1281/1/2
f 1282/3/2 2039/2/2 2040/1/2
f 2041/5/3 1284/1058/3 1283/5/3
f 1284/1058/3 2041/5/3 2042/1807/3
f 2041/5/4 2039/5/4 2042/1808/4
f 2039/5/4 2041/5/4 2040/1809/4
f 2039/5/5 1284/1061/5 2042/1810/5
f 1284/1061/5 2039/5/5 1281/5/5
f 1282/2/6 2041/3/6 1283/11/6
f 2041/3/6 1282/2/6 2040/1/6
f 2044/3/1 411/2/1 2043/1/1
f 411/3/1 2044/2/1 413/1/1
f 2045/3/2 2044/2/2 2043/1/2
f 2044/3/2 2045/2/2 2046/1/2
f 416/5/3 411/5/3 413/1811/3
f 411/5/3 416/5/3 415/1812/3
f 416/332/4 2045/5/4 415/5/4
f 2045/5/4 416/332/4 2046/1813/4
f 2045/5/5 411/334/5 415/5/5
f 411/334/5 2045/5/5 2043/1814/5
f 2044/2/6 416/3/6 413/11/6
f 416/3/6 2044/2/6 2046/1/6
f 2033/3/1 2047/2/1 2034/1/1
f 2047/3/1 2033/2/1 2048/1/1
f 2036/3/2 2033/2/2 2034/1/2
f 2033/3/2 2036/2/2 2038/1/2
f 2049/5/3 2047/5/3 2048/1815/3
f 2047/5/3 2049/5/3 2050/1816/3
f 2049/5/4 2036/5/4 2050/1817/4
f 2036/5/4 2049/5/4 2038/1818/4
f 2036/5/5 2047/5/5 2050/1819/5
f 2047/5/5 2036/5/5 2034/1802/5
f 2033/2/6 2049/3/6 2048/11/6
f 2049/3/6 2033/2/6 2038/1/6
f 2053/3/1 2052/2/1 2051/1/1
f 2052/3/1 2053/2/1 2054/1/1
f 447/3/2 2053/2/2 2051/1/2
f 2053/3/2 447/2/2 449/1/2
f 450/358/3 2052/5/3 2054/1820/3
f 2052/5/3 450/358/3 448/5/3
f 450/5/4 447/1125/4 448/1821/4
f 447/1125/4 450/5/4 449/5/4
f 447/363/5 2052/5/5 448/5/5
f 2052/5/5 447/363/5 2051/1822/5
f 2053/2/6 450/3/6 2054/11/6
f 450/3/6 2053/2/6 449/1/6

usemtl color2

f 487/3/1 1048/2/1 488/1/1
f 1048/3/1 487/2/1 1047/1/1
f 1658/3/2 487/2/2 488/1/2
f 487/3/2 1658/2/2 1657/1/2
f 2055/5/3 1048/848/3 1047/5/3
f 1048/848/3 2055/5/3 2056/1823/3
f 2055/5/4 1658/1403/4 2056/1824/4
f 1658/1403/4 2055/5/4 1657/5/4
f 1658/1405/5 1048/850/5 2056/1825/5
f 1048/850/5 1658/1405/5 488/389/5
f 487/2/6 2055/3/6 1047/11/6
f 2055/3/6 487/2/6 1657/1/6
f 2058/3/1 715/2/1 2057/1/1
f 715/3/1 2058/2/1 716/1/1
f 691/3/2 2058/2/2 2057/1/2
f 2058/3/2 691/2/2 693/1/2
f 718/5/3 715/5/3 716/1826/3
f 715/5/3 718/5/3 717/1827/3
f 718/573/4 691/5/4 717/5/4
f 691/5/4 718/573/4 693/1828/4
f 691/558/5 715/574/5 717/5/5
f 715/574/5 691/558/5 2057/1829/5
f 2058/2/6 718/3/6 716/11/6
f 718/3/6 2058/2/6 693/1/6
f 696/3/1 1103/2/1 695/1/1
f 1103/3/1 696/2/1 1104/1/1
f 1666/3/2 696/2/2 695/1/2
f 696/3/2 1666/2/2 1665/1/2
f 634/508/3 1103/5/3 1104/1830/3
f 1103/5/3 634/508/3 632/5/3
f 634/5/4 1666/1415/4 632/1831/4
f 1666/1415/4 634/5/4 1665/5/4
f 1666/1417/5 1103/898/5 632/5/5
f 1103/898/5 1666/1417/5 695/5/5
f 696/2/6 634/3/6 1104/11/6
f 634/3/6 696/2/6 1665/1/6
f 212/3/1 2059/2/1 211/1/1
f 2059/3/1 212/2/1 2060/1/1
f 215/3/2 212/2/2 211/1/2
f 212/3/2 215/2/2 217/1/2
f 218/175/3 2059/5/3 2060/1832/3
f 2059/5/3 218/175/3 216/5/3
f 218/5/4 215/5/4 216/1833/4
f 215/5/4 218/5/4 217/1834/4
f 215/180/5 2059/5/5 216/5/5
f 2059/5/5 215/180/5 211/5/5
f 212/2/6 218/3/6 2060/11/6
f 218/3/6 212/2/6 217/1/6
f 220/3/1 222/2/1 219/1/1
f 222/3/1 220/2/1 221/1/1
f 223/3/2 220/2/2 219/1/2
f 220/3/2 223/2/2 225/1/2
f 226/181/3 222/176/3 221/5/3
f 222/176/3 226/181/3 224/5/3
f 226/5/4 223/5/4 224/1835/4
f 223/5/4 226/5/4 225/1836/4
f 223/186/5 222/179/5 224/5/5
f 222/179/5 223/186/5 219/5/5
f 220/2/6 226/3/6 221/11/6
f 226/3/6 220/2/6 225/1/6
f 1140/3/1 1217/2/1 1138/1/1
f 1217/3/1 1140/2/1 1218/1/1
f 1144/3/2 1140/2/2 1138/1/2
f 1140/3/2 1144/2/2 1143/1/2
f 2061/5/3 1217/1705/3 1218/5/3
f 1217/1705/3 2061/5/3 2062/1837/3
f 2061/5/4 1144/932/4 2062/1838/4
f 1144/932/4 2061/5/4 1143/5/4
f 1144/934/5 1217/5/5 2062/1839/5
f 1217/5/5 1144/934/5 1138/5/5
f 1140/2/6 2061/3/6 1218/11/6
f 2061/3/6 1140/2/6 1143/1/6
f 1148/3/1 2063/2/1 1146/1/1
f 2063/3/1 1148/2/1 2064/1/1
f 1152/3/2 1148/2/2 1146/1/2
f 1148/3/2 1152/2/2 1151/1/2
f 1220/1708/3 2063/5/3 2064/1840/3
f 2063/5/3 1220/1708/3 1219/5/3
f 1220/5/4 1152/938/4 1219/1841/4
f 1152/938/4 1220/5/4 1151/5/4
f 1152/940/5 2063/5/5 1219/1007/5
f 2063/5/5 1152/940/5 1146/5/5
f 1148/2/6 1220/3/6 2064/11/6
f 1220/3/6 1148/2/6 1151/1/6
f 1204/3/1 849/2/1 1203/1/1
f 849/3/1 1204/2/1 851/1/1
f 1205/3/2 1204/2/2 1203/1/2
f 1204/3/2 1205/2/2 1206/1/2
f 854/989/3 849/985/3 851/5/3
f 849/985/3 854/989/3 853/5/3
f 854/684/4 1205/5/4 853/5/4
f 1205/5/4 854/684/4 1206/1842/4
f 1205/993/5 849/686/5 853/5/5
f 849/686/5 1205/993/5 1203/5/5
f 1204/2/6 854/3/6 851/11/6
f 854/3/6 1204/2/6 1206/1/6
f 1208/3/1 857/2/1 1207/1/1
f 857/3/1 1208/2/1 859/1/1
f 1209/3/2 1208/2/2 1207/1/2
f 1208/3/2 1209/2/2 1210/1/2
f 862/994/3 857/990/3 859/5/3
f 857/990/3 862/994/3 861/5/3
f 862/690/4 1209/5/4 861/5/4
f 1209/5/4 862/690/4 1210/1843/4
f 1209/999/5 857/692/5 861/5/5
f 857/692/5 1209/999/5 1207/5/5
f 1208/2/6 862/3/6 859/11/6
f 862/3/6 1208/2/6 1210/1/6
f 1679/3/1 2000/2/1 1680/1/1
f 2000/3/1 1679/2/1 1999/1/1
f 1229/3/2 1679/2/2 1680/1/2
f 1679/3/2 1229/2/2 1230/1/2
f 2065/5/3 2000/1759/3 1999/5/3
f 2000/1759/3 2065/5/3 2066/1844/3
f 2065/5/4 1229/1752/4 2066/1845/4
f 1229/1752/4 2065/5/4 1230/5/4
f 1229/5/5 2000/1761/5 2066/1846/5
f 2000/1761/5 1229/5/5 1680/1440/5
f 1679/2/6 2065/3/6 1999/11/6
f 2065/3/6 1679/2/6 1230/1/6
f 994/3/1 2067/2/1 992/1/1
f 2067/3/1 994/2/1 2068/1/1
f 998/3/2 994/2/2 992/1/2
f 994/3/2 998/2/2 997/1/2
f 2069/5/3 2067/5/3 2068/1847/3
f 2067/5/3 2069/5/3 2070/1848/3
f 2069/5/4 998/798/4 2070/1849/4
f 998/798/4 2069/5/4 997/5/4
f 998/800/5 2067/5/5 2070/1850/5
f 2067/5/5 998/800/5 992/5/5
f 994/2/6 2069/3/6 2068/11/6
f 2069/3/6 994/2/6 997/1/6
f 2073/3/1 2072/2/1 2071/1/1
f 2072/3/1 2073/2/1 2074/1/1
f 2067/3/2 2073/2/2 2071/1/2
f 2073/3/2 2067/2/2 2068/1/2
f 2075/5/3 2072/5/3 2074/1851/3
f 2072/5/3 2075/5/3 2076/1852/3
f 2075/5/4 2067/5/4 2076/1853/4
f 2067/5/4 2075/5/4 2068/1854/4
f 2067/5/5 2072/5/5 2076/1855/5
f 2072/5/5 2067/5/5 2071/1856/5
f 2073/2/6 2075/3/6 2074/11/6
f 2075/3/6 2073/2/6 2068/1/6
f 2079/3/1 2078/2/1 2077/1/1
f 2078/3/1 2079/2/1 2080/1/1
f 2072/3/2 2079/2/2 2077/1/2
f 2079/3/2 2072/2/2 2074/1/2
f 2081/5/3 2078/5/3 2080/1857/3
f 2078/5/3 2081/5/3 2082/1858/3
f 2081/5/4 2072/5/4 2082/1859/4
f 2072/5/4 2081/5/4 2074/1860/4
f 2072/5/5 2078/5/5 2082/1861/5
f 2078/5/5 2072/5/5 2077/1862/5
f 2079/2/6 2081/3/6 2080/11/6
f 2081/3/6 2079/2/6 2074/1/6

usemtl color22

f 2085/3/1 2084/2/1 2083/1/1
f 2084/3/1 2085/2/1 2086/1/1
f 1067/3/2 2085/2/2 2083/1/2
f 2085/3/2 1067/2/2 1069/1/2
f 1070/866/3 2084/5/3 2086/1863/3
f 2084/5/3 1070/866/3 1068/5/3
f 1070/5/4 1067/5/4 1068/1864/4
f 1067/5/4 1070/5/4 1069/1865/4
f 1067/871/5 2084/5/5 1068/5/5
f 2084/5/5 1067/871/5 2083/1866/5
f 2085/2/6 1070/3/6 2086/11/6
f 1070/3/6 2085/2/6 1069/1/6
f 126/3/1 128/2/1 125/1/1
f 128/3/1 126/2/1 127/1/1
f 2087/3/2 126/2/2 125/1/2
f 126/3/2 2087/2/2 2088/1/2
f 132/5/3 128/104/3 127/5/3
f 128/104/3 132/5/3 131/1867/3
f 132/112/4 2087/5/4 131/5/4
f 2087/5/4 132/112/4 2088/1868/4
f 2087/5/5 128/107/5 131/5/5
f 128/107/5 2087/5/5 125/5/5
f 126/2/6 132/3/6 127/11/6
f 132/3/6 126/2/6 2088/1/6
f 2091/3/1 2090/2/1 2089/1/1
f 2090/3/1 2091/2/1 2092/1/1
f 1719/3/2 2091/2/2 2089/1/2
f 2091/3/2 1719/2/2 1721/1/2
f 1722/1487/3 2090/5/3 2092/1869/3
f 2090/5/3 1722/1487/3 1720/5/3
f 1722/5/4 1719/5/4 1720/1870/4
f 1719/5/4 1722/5/4 1721/1871/4
f 1719/1492/5 2090/5/5 1720/5/5
f 2090/5/5 1719/1492/5 2089/1872/5
f 2091/2/6 1722/3/6 2092/11/6
f 1722/3/6 2091/2/6 1721/1/6
f 138/3/1 140/2/1 137/1/1
f 140/3/1 138/2/1 139/1/1
f 2093/3/2 138/2/2 137/1/2
f 138/3/2 2093/2/2 2094/1/2
f 701/5/3 140/115/3 139/5/3
f 140/115/3 701/5/3 699/1873/3
f 701/5/4 2093/5/4 699/1874/4
f 2093/5/4 701/5/4 2094/1875/4
f 2093/5/5 140/118/5 699/564/5
f 140/118/5 2093/5/5 137/5/5
f 138/2/6 701/3/6 139/11/6
f 701/3/6 138/2/6 2094/1/6
f 2096/3/1 153/2/1 2095/1/1
f 153/3/1 2096/2/1 154/1/1
f 1727/3/2 2096/2/2 2095/1/2
f 2096/3/2 1727/2/2 1729/1/2
f 1730/1493/3 153/5/3 154/1876/3
f 153/5/3 1730/1493/3 1728/5/3
f 1730/5/4 1727/5/4 1728/1877/4
f 1727/5/4 1730/5/4 1729/1878/4
f 1727/1496/5 153/5/5 1728/5/5
f 153/5/5 1727/1496/5 2095/1879/5
f 2096/2/6 1730/3/6 154/11/6
f 1730/3/6 2096/2/6 1729/1/6
f 726/3/1 1108/2/1 725/1/1
f 1108/3/1 726/2/1 1107/1/1
f 728/3/2 726/2/2 725/1/2
f 726/3/2 728/2/2 727/1/2
f 1918/1677/3 1108/900/3 1107/5/3
f 1108/900/3 1918/1677/3 1917/5/3
f 1918/1714/4 728/583/4 1917/5/4
f 728/583/4 1918/1714/4 727/5/4
f 728/585/5 1108/902/5 1917/5/5
f 1108/902/5 728/585/5 725/5/5
f 726/2/6 1918/3/6 1107/11/6
f 1918/3/6 726/2/6 727/1/6
f 202/3/1 827/2/1 200/1/1
f 827/3/1 202/2/1 829/1/1
f 1967/3/2 202/2/2 200/1/2
f 202/3/2 1967/2/2 1969/1/2
f 1970/1726/3 827/962/3 829/5/3
f 827/962/3 1970/1726/3 1968/5/3
f 1970/5/4 1967/5/4 1968/1880/4
f 1967/5/4 1970/5/4 1969/1881/4
f 1967/1731/5 827/668/5 1968/5/5
f 827/668/5 1967/1731/5 200/5/5
f 202/2/6 1970/3/6 829/11/6
f 1970/3/6 202/2/6 1969/1/6
f 1986/3/1 289/2/1 1985/1/1
f 289/3/1 1986/2/1 291/1/1
f 1223/3/2 1986/2/2 1985/1/2
f 1986/3/2 1223/2/2 1224/1/2
f 294/5/3 289/5/3 291/1882/3
f 289/5/3 294/5/3 293/1883/3
f 294/236/4 1223/5/4 293/5/4
f 1223/5/4 294/236/4 1224/1884/4
f 1223/1012/5 289/238/5 293/5/5
f 289/238/5 1223/1012/5 1985/5/5
f 1986/2/6 294/3/6 291/11/6
f 294/3/6 1986/2/6 1224/1/6
f 2098/3/1 1235/2/1 2097/1/1
f 1235/3/1 2098/2/1 1237/1/1
f 2099/3/2 2098/2/2 2097/1/2
f 2098/3/2 2099/2/2 2100/1/2
f 2101/5/3 1235/5/3 1237/1885/3
f 1235/5/3 2101/5/3 2102/1886/3
f 2101/5/4 2099/5/4 2102/1887/4
f 2099/5/4 2101/5/4 2100/1888/4
f 2099/5/5 1235/1023/5 2102/1889/5
f 1235/1023/5 2099/5/5 2097/1890/5
f 2098/2/6 2101/3/6 1237/11/6
f 2101/3/6 2098/2/6 2100/1/6

usemtl color16

f 147/3/1 2103/2/1 148/1/1
f 2103/3/1 147/2/1 2104/1/1
f 1553/3/2 147/2/2 148/1/2
f 147/3/2 1553/2/2 1555/1/2
f 1556/1312/3 2103/5/3 2104/1891/3
f 2103/5/3 1556/1312/3 1554/5/3
f 1556/5/4 1553/5/4 1554/1892/4
f 1553/5/4 1556/5/4 1555/1893/4
f 1553/1317/5 2103/5/5 1554/5/5
f 2103/5/5 1553/1317/5 148/123/5
f 147/2/6 1556/3/6 2104/11/6
f 1556/3/6 147/2/6 1555/1/6
f 1558/3/1 1560/2/1 1557/1/1
f 1560/3/1 1558/2/1 1559/1/1
f 2105/3/2 1558/2/2 1557/1/2
f 1558/3/2 2105/2/2 2106/1/2
f 2107/5/3 1560/1313/3 1559/5/3
f 1560/1313/3 2107/5/3 2108/1894/3
f 2107/5/4 2105/5/4 2108/1895/4
f 2105/5/4 2107/5/4 2106/1896/4
f 2105/5/5 1560/1316/5 2108/1897/5
f 1560/1316/5 2105/5/5 1557/5/5
f 1558/2/6 2107/3/6 1559/11/6
f 2107/3/6 1558/2/6 2106/1/6
f 2111/3/1 2110/2/1 2109/1/1
f 2110/3/1 2111/2/1 2112/1/1
f 2113/3/2 2111/2/2 2109/1/2
f 2111/3/2 2113/2/2 2114/1/2
f 2115/5/3 2110/5/3 2112/1898/3
f 2110/5/3 2115/5/3 2116/1899/3
f 2115/5/4 2113/5/4 2116/1900/4
f 2113/5/4 2115/5/4 2114/1901/4
f 2113/5/5 2110/5/5 2116/1902/5
f 2110/5/5 2113/5/5 2109/1903/5
f 2111/2/6 2115/3/6 2112/11/6
f 2115/3/6 2111/2/6 2114/1/6
f 1998/3/1 2117/2/1 1997/1/1
f 2117/3/1 1998/2/1 2118/1/1
f 2000/3/2 1998/2/2 1997/1/2
f 1998/3/2 2000/2/2 1999/1/2
f 2119/5/3 2117/5/3 2118/1904/3
f 2117/5/3 2119/5/3 2120/1905/3
f 2119/5/4 2000/1760/4 2120/1906/4
f 2000/1760/4 2119/5/4 1999/5/4
f 2000/1761/5 2117/5/5 2120/1907/5
f 2117/5/5 2000/1761/5 1997/5/5
f 1998/2/6 2119/3/6 2118/11/6
f 2119/3/6 1998/2/6 1999/1/6
f 2115/3/1 2121/2/1 2116/1/1
f 2121/3/1 2115/2/1 2122/1/1
f 2123/3/2 2115/2/2 2116/1/2
f 2115/3/2 2123/2/2 2124/1/2
f 2125/5/3 2121/5/3 2122/1908/3
f 2121/5/3 2125/5/3 2126/1909/3
f 2125/5/4 2123/5/4 2126/1910/4
f 2123/5/4 2125/5/4 2124/1911/4
f 2123/5/5 2121/5/5 2126/1912/5
f 2121/5/5 2123/5/5 2116/1902/5
f 2115/2/6 2125/3/6 2122/11/6
f 2125/3/6 2115/2/6 2124/1/6

usemtl color8

f 705/3/1 1112/2/1 706/1/1
f 1112/3/1 705/2/1 1111/1/1
f 1441/3/2 705/2/2 706/1/2
f 705/3/2 1441/2/2 1443/1/2
f 1444/1210/3 1112/905/3 1111/5/3
f 1112/905/3 1444/1210/3 1442/5/3
f 1444/5/4 1441/5/4 1442/1913/4
f 1441/5/4 1444/5/4 1443/1914/4
f 1441/1214/5 1112/907/5 1442/5/5
f 1112/907/5 1441/1214/5 706/563/5
f 705/2/6 1444/3/6 1111/11/6
f 1444/3/6 705/2/6 1443/1/6
f 1446/3/1 787/2/1 1445/1/1
f 787/3/1 1446/2/1 789/1/1
f 743/3/2 1446/2/2 1445/1/2
f 1446/3/2 743/2/2 745/1/2
f 746/597/3 787/1211/3 789/5/3
f 787/1211/3 746/597/3 744/5/3
f 746/634/4 743/5/4 744/5/4
f 743/5/4 746/634/4 745/1915/4
f 743/602/5 787/636/5 744/5/5
f 787/636/5 743/602/5 1445/5/5
f 1446/2/6 746/3/6 789/11/6
f 746/3/6 1446/2/6 745/1/6
f 1474/3/1 1476/2/1 1473/1/1
f 1476/3/1 1474/2/1 1475/1/1
f 2127/3/2 1474/2/2 1473/1/2
f 1474/3/2 2127/2/2 2128/1/2
f 2129/5/3 1476/1234/3 1475/5/3
f 1476/1234/3 2129/5/3 2130/1916/3
f 2129/5/4 2127/5/4 2130/1917/4
f 2127/5/4 2129/5/4 2128/1918/4
f 2127/5/5 1476/1237/5 2130/1919/5
f 1476/1237/5 2127/5/5 1473/5/5
f 1474/2/6 2129/3/6 1475/11/6
f 2129/3/6 1474/2/6 2128/1/6
f 2133/3/1 2132/2/1 2131/1/1
f 2132/3/1 2133/2/1 2134/1/1
f 276/3/2 2133/2/2 2131/1/2
f 2133/3/2 276/2/2 275/1/2
f 1998/1758/3 2132/5/3 2134/1920/3
f 2132/5/3 1998/1758/3 1997/5/3
f 1998/5/4 276/218/4 1997/1921/4
f 276/218/4 1998/5/4 275/5/4
f 276/220/5 2132/5/5 1997/5/5
f 2132/5/5 276/220/5 2131/1922/5
f 2133/2/6 1998/3/6 2134/11/6
f 1998/3/6 2133/2/6 275/1/6
f 2137/3/1 2136/2/1 2135/1/1
f 2136/3/1 2137/2/1 2138/1/1
f 1997/3/2 2137/2/2 2135/1/2
f 2137/3/2 1997/2/2 1998/1/2
f 2118/1904/3 2136/5/3 2138/1923/3
f 2136/5/3 2118/1904/3 2117/5/3
f 2118/5/4 1997/1921/4 2117/1924/4
f 1997/1921/4 2118/5/4 1998/5/4
f 1997/5/5 2136/5/5 2117/5/5
f 2136/5/5 1997/5/5 2135/1925/5
f 2137/2/6 2118/3/6 2138/11/6
f 2118/3/6 2137/2/6 1998/1/6
f 1606/3/1 365/2/1 1605/1/1
f 365/3/1 1606/2/1 367/1/1
f 2139/3/2 1606/2/2 1605/1/2
f 1606/3/2 2139/2/2 2140/1/2
f 2141/5/3 365/1356/3 367/5/3
f 365/1356/3 2141/5/3 2142/1926/3
f 2141/5/4 2139/5/4 2142/1927/4
f 2139/5/4 2141/5/4 2140/1928/4
f 2139/5/5 365/298/5 2142/1929/5
f 365/298/5 2139/5/5 1605/5/5
f 1606/2/6 2141/3/6 367/11/6
f 2141/3/6 1606/2/6 2140/1/6
f 2145/3/1 2144/2/1 2143/1/1
f 2144/3/1 2145/2/1 2146/1/1
f 352/3/2 2145/2/2 2143/1/2
f 2145/3/2 352/2/2 351/1/2
f 2147/5/3 2144/5/3 2146/1930/3
f 2144/5/3 2147/5/3 2148/1931/3
f 2147/5/4 352/277/4 2148/1932/4
f 352/277/4 2147/5/4 351/5/4
f 352/279/5 2144/5/5 2148/1933/5
f 2144/5/5 352/279/5 2143/1934/5
f 2145/2/6 2147/3/6 2146/11/6
f 2147/3/6 2145/2/6 351/1/6
f 2151/3/1 2150/2/1 2149/1/1
f 2150/3/1 2151/2/1 2152/1/1
f 2153/3/2 2151/2/2 2149/1/2
f 2151/3/2 2153/2/2 2154/1/2
f 2155/5/3 2150/5/3 2152/1935/3
f 2150/5/3 2155/5/3 2156/1936/3
f 2155/5/4 2153/5/4 2156/1937/4
f 2153/5/4 2155/5/4 2154/1938/4
f 2153/5/5 2150/5/5 2156/1939/5
f 2150/5/5 2153/5/5 2149/1940/5
f 2151/2/6 2155/3/6 2152/11/6
f 2155/3/6 2151/2/6 2154/1/6
f 2155/3/1 2157/2/1 2156/1/1
f 2157/3/1 2155/2/1 2158/1/1
f 1621/3/2 2155/2/2 2156/1/2
f 2155/3/2 1621/2/2 1623/1/2
f 1624/1372/3 2157/5/3 2158/1941/3
f 2157/5/3 1624/1372/3 1622/5/3
f 1624/5/4 1621/5/4 1622/1942/4
f 1621/5/4 1624/5/4 1623/1943/4
f 1621/1377/5 2157/5/5 1622/5/5
f 2157/5/5 1621/1377/5 2156/1939/5
f 2155/2/6 1624/3/6 2158/11/6
f 1624/3/6 2155/2/6 1623/1/6
f 1627/3/1 2159/2/1 1628/1/1
f 2159/3/1 1627/2/1 2160/1/1
f 1629/3/2 1627/2/2 1628/1/2
f 1627/3/2 1629/2/2 1631/1/2
f 1632/1378/3 2159/5/3 2160/1944/3
f 2159/5/3 1632/1378/3 1630/5/3
f 1632/5/4 1629/5/4 1630/1945/4
f 1629/5/4 1632/5/4 1631/1946/4
f 1629/1383/5 2159/5/5 1630/5/5
f 2159/5/5 1629/1383/5 1628/1376/5
f 1627/2/6 1632/3/6 2160/11/6
f 1632/3/6 1627/2/6 1631/1/6
f 2162/3/1 1503/2/1 2161/1/1
f 1503/3/1 2162/2/1 1505/1/1
f 2163/3/2 2162/2/2 2161/1/2
f 2162/3/2 2163/2/2 2164/1/2
f 1508/5/3 1503/5/3 1505/1947/3
f 1503/5/3 1508/5/3 1507/1948/3
f 1508/1264/4 2163/5/4 1507/5/4
f 2163/5/4 1508/1264/4 2164/1949/4
f 2163/5/5 1503/1266/5 1507/5/5
f 1503/1266/5 2163/5/5 2161/1950/5
f 2162/2/6 1508/3/6 1505/11/6
f 1508/3/6 2162/2/6 2164/1/6

usemtl color23

f 1134/3/1 2165/2/1 1133/1/1
f 2165/3/1 1134/2/1 2166/1/1
f 1136/3/2 1134/2/2 1133/1/2
f 1134/3/2 1136/2/2 1135/1/2
f 2167/5/3 2165/5/3 2166/1951/3
f 2165/5/3 2167/5/3 2168/1952/3
f 2167/5/4 1136/928/4 2168/1953/4
f 1136/928/4 2167/5/4 1135/5/4
f 1136/929/5 2165/5/5 2168/1954/5
f 2165/5/5 1136/929/5 1133/5/5
f 1134/2/6 2167/3/6 2166/11/6
f 2167/3/6 1134/2/6 1135/1/6
f 2170/3/1 1199/2/1 2169/1/1
f 1199/3/1 2170/2/1 1201/1/1
f 2171/3/2 2170/2/2 2169/1/2
f 2170/3/2 2171/2/2 2172/1/2
f 1204/5/3 1199/5/3 1201/1955/3
f 1199/5/3 1204/5/3 1203/1956/3
f 1204/987/4 2171/5/4 1203/5/4
f 2171/5/4 1204/987/4 2172/1957/4
f 2171/5/5 1199/988/5 1203/5/5
f 1199/988/5 2171/5/5 2169/1958/5
f 2170/2/6 1204/3/6 1201/11/6
f 1204/3/6 2170/2/6 2172/1/6
f 2174/3/1 1205/2/1 2173/1/1
f 1205/3/1 2174/2/1 1206/1/1
f 2175/3/2 2174/2/2 2173/1/2
f 2174/3/2 2175/2/2 2176/1/2
f 1208/5/3 1205/5/3 1206/1959/3
f 1205/5/3 1208/5/3 1207/1960/3
f 1208/992/4 2175/5/4 1207/5/4
f 2175/5/4 1208/992/4 2176/1961/4
f 2175/5/5 1205/993/5 1207/5/5
f 1205/993/5 2175/5/5 2173/1962/5
f 2174/2/6 1208/3/6 1206/11/6
f 1208/3/6 2174/2/6 2176/1/6
f 2178/3/1 1209/2/1 2177/1/1
f 1209/3/1 2178/2/1 1210/1/1
f 2179/3/2 2178/2/2 2177/1/2
f 2178/3/2 2179/2/2 2180/1/2
f 1212/5/3 1209/5/3 1210/1963/3
f 1209/5/3 1212/5/3 1211/1964/3
f 1212/997/4 2179/5/4 1211/5/4
f 2179/5/4 1212/997/4 2180/1965/4
f 2179/5/5 1209/999/5 1211/5/5
f 1209/999/5 2179/5/5 2177/1966/5
f 2178/2/6 1212/3/6 1210/11/6
f 1212/3/6 2178/2/6 2180/1/6

usemtl color10

f 1564/3/1 1566/2/1 1563/1/1
f 1566/3/1 1564/2/1 1565/1/1
f 2181/3/2 1564/2/2 1563/1/2
f 1564/3/2 2181/2/2 2182/1/2
f 1590/5/3 1566/1321/3 1565/5/3
f 1566/1321/3 1590/5/3 1589/1967/3
f 1590/1344/4 2181/5/4 1589/5/4
f 2181/5/4 1590/1344/4 2182/1968/4
f 2181/5/5 1566/1324/5 1589/5/5
f 1566/1324/5 2181/5/5 1563/5/5
f 1564/2/6 1590/3/6 1565/11/6
f 1590/3/6 1564/2/6 2182/1/6
f 1590/3/1 1592/2/1 1589/1/1
f 1592/3/1 1590/2/1 1591/1/1
f 2183/3/2 1590/2/2 1589/1/2
f 1590/3/2 2183/2/2 2184/1/2
f 1790/5/3 1592/1342/3 1591/5/3
f 1592/1342/3 1790/5/3 1789/1969/3
f 1790/1560/4 2183/5/4 1789/5/4
f 2183/5/4 1790/1560/4 2184/1970/4
f 2183/5/5 1592/1345/5 1789/5/5
f 1592/1345/5 2183/5/5 1589/5/5
f 1590/2/6 1790/3/6 1591/11/6
f 1790/3/6 1590/2/6 2184/1/6
f 2187/3/1 2186/2/1 2185/1/1
f 2186/3/1 2187/2/1 2188/1/1
f 1594/3/2 2187/2/2 2185/1/2
f 2187/3/2 1594/2/2 1596/1/2
f 2111/5/3 2186/5/3 2188/1971/3
f 2186/5/3 2111/5/3 2109/1972/3
f 2111/5/4 1594/5/4 2109/1973/4
f 1594/5/4 2111/5/4 1596/1974/4
f 1594/5/5 2186/5/5 2109/1903/5
f 2186/5/5 1594/5/5 2185/1975/5
f 2187/2/6 2111/3/6 2188/11/6
f 2111/3/6 2187/2/6 1596/1/6
f 351/3/1 2148/2/1 352/1/1
f 2148/3/1 351/2/1 2147/1/1
f 2149/3/2 351/2/2 352/1/2
f 351/3/2 2149/2/2 2151/1/2
f 2152/1935/3 2148/1931/3 2147/5/3
f 2148/1931/3 2152/1935/3 2150/5/3
f 2152/5/4 2149/5/4 2150/1976/4
f 2149/5/4 2152/5/4 2151/1977/4
f 2149/1940/5 2148/1933/5 2150/5/5
f 2148/1933/5 2149/1940/5 352/279/5
f 351/2/6 2152/3/6 2147/11/6
f 2152/3/6 351/2/6 2151/1/6
f 2191/3/1 2190/2/1 2189/1/1
f 2190/3/1 2191/2/1 2192/1/1
f 2144/3/2 2191/2/2 2189/1/2
f 2191/3/2 2144/2/2 2146/1/2
f 2193/5/3 2190/5/3 2192/1978/3
f 2190/5/3 2193/5/3 2194/1979/3
f 2193/5/4 2144/5/4 2194/1980/4
f 2144/5/4 2193/5/4 2146/1981/4
f 2144/5/5 2190/5/5 2194/1982/5
f 2190/5/5 2144/5/5 2189/1983/5
f 2191/2/6 2193/3/6 2192/11/6
f 2193/3/6 2191/2/6 2146/1/6
f 2196/3/1 2161/2/1 2195/1/1
f 2161/3/1 2196/2/1 2162/1/1
f 2190/3/2 2196/2/2 2195/1/2
f 2196/3/2 2190/2/2 2192/1/2
f 2164/5/3 2161/5/3 2162/1984/3
f 2161/5/3 2164/5/3 2163/1985/3
f 2164/1949/4 2190/5/4 2163/5/4
f 2190/5/4 2164/1949/4 2192/1986/4
f 2190/5/5 2161/1950/5 2163/5/5
f 2161/1950/5 2190/5/5 2195/1987/5
f 2196/2/6 2164/3/6 2162/11/6
f 2164/3/6 2196/2/6 2192/1/6

usemtl color14

f 2199/3/1 2198/2/1 2197/1/1
f 2198/3/1 2199/2/1 2200/1/1
f 2201/3/2 2199/2/2 2197/1/2
f 2199/3/2 2201/2/2 2202/1/2
f 2203/5/3 2198/5/3 2200/1988/3
f 2198/5/3 2203/5/3 2204/1989/3
f 2203/5/4 2201/5/4 2204/1990/4
f 2201/5/4 2203/5/4 2202/1991/4
f 2201/5/5 2198/5/5 2204/1992/5
f 2198/5/5 2201/5/5 2197/1993/5
f 2199/2/6 2203/3/6 2200/11/6
f 2203/3/6 2199/2/6 2202/1/6
f 2207/3/1 2206/2/1 2205/1/1
f 2206/3/1 2207/2/1 2208/1/1
f 2198/3/2 2207/2/2 2205/1/2
f 2207/3/2 2198/2/2 2200/1/2
f 2209/5/3 2206/5/3 2208/1994/3
f 2206/5/3 2209/5/3 2210/1995/3
f 2209/5/4 2198/5/4 2210/1996/4
f 2198/5/4 2209/5/4 2200/1997/4
f 2198/5/5 2206/5/5 2210/1998/5
f 2206/5/5 2198/5/5 2205/1999/5
f 2207/2/6 2209/3/6 2208/11/6
f 2209/3/6 2207/2/6 2200/1/6
f 2203/3/1 2211/2/1 2204/1/1
f 2211/3/1 2203/2/1 2212/1/1
f 2213/3/2 2203/2/2 2204/1/2
f 2203/3/2 2213/2/2 2214/1/2
f 2215/5/3 2211/5/3 2212/2000/3
f 2211/5/3 2215/5/3 2216/2001/3
f 2215/5/4 2213/5/4 2216/2002/4
f 2213/5/4 2215/5/4 2214/2003/4
f 2213/5/5 2211/5/5 2216/2004/5
f 2211/5/5 2213/5/5 2204/1992/5
f 2203/2/6 2215/3/6 2212/11/6
f 2215/3/6 2203/2/6 2214/1/6
f 2209/3/1 2217/2/1 2210/1/1
f 2217/3/1 2209/2/1 2218/1/1
f 2211/3/2 2209/2/2 2210/1/2
f 2209/3/2 2211/2/2 2212/1/2
f 2219/5/3 2217/5/3 2218/2005/3
f 2217/5/3 2219/5/3 2220/2006/3
f 2219/5/4 2211/5/4 2220/2007/4
f 2211/5/4 2219/5/4 2212/2008/4
f 2211/5/5 2217/5/5 2220/2009/5
f 2217/5/5 2211/5/5 2210/1998/5
f 2209/2/6 2219/3/6 2218/11/6
f 2219/3/6 2209/2/6 2212/1/6

usemtl color18

f 2223/3/1 2222/2/1 2221/1/1
f 2222/3/1 2223/2/1 2224/1/1
f 2225/3/2 2223/2/2 2221/1/2
f 2223/3/2 2225/2/2 2226/1/2
f 2227/5/3 2222/5/3 2224/2010/3
f 2222/5/3 2227/5/3 2228/2011/3
f 2227/5/4 2225/5/4 2228/2012/4
f 2225/5/4 2227/5/4 2226/2013/4
f 2225/5/5 2222/5/5 2228/2014/5
f 2222/5/5 2225/5/5 2221/2015/5
f 2223/2/6 2227/3/6 2224/11/6
f 2227/3/6 2223/2/6 2226/1/6
f 1846/3/1 1848/2/1 1845/1/1
f 1848/3/1 1846/2/1 1847/1/1
f 2229/3/2 1846/2/2 1845/1/2
f 1846/3/2 2229/2/2 2230/1/2
f 2231/5/3 1848/1612/3 1847/5/3
f 1848/1612/3 2231/5/3 2232/2016/3
f 2231/5/4 2229/5/4 2232/2017/4
f 2229/5/4 2231/5/4 2230/2018/4
f 2229/5/5 1848/1615/5 2232/2019/5
f 1848/1615/5 2229/5/5 1845/5/5
f 1846/2/6 2231/3/6 1847/11/6
f 2231/3/6 1846/2/6 2230/1/6
f 930/3/1 932/2/1 929/1/1
f 932/3/1 930/2/1 931/1/1
f 2233/3/2 930/2/2 929/1/2
f 930/3/2 2233/2/2 2234/1/2
f 1496/5/3 932/742/3 931/5/3
f 932/742/3 1496/5/3 1495/2020/3
f 1496/1255/4 2233/5/4 1495/5/4
f 2233/5/4 1496/1255/4 2234/2021/4
f 2233/5/5 932/745/5 1495/5/5
f 932/745/5 2233/5/5 929/5/5
f 930/2/6 1496/3/6 931/11/6
f 1496/3/6 930/2/6 2234/1/6

usemtl color19

f 2128/3/1 2130/2/1 2127/1/1
f 2130/3/1 2128/2/1 2129/1/1
f 2235/3/2 2128/2/2 2127/1/2
f 2128/3/2 2235/2/2 2236/1/2
f 2237/5/3 2130/1916/3 2129/5/3
f 2130/1916/3 2237/5/3 2238/2022/3
f 2237/5/4 2235/5/4 2238/2023/4
f 2235/5/4 2237/5/4 2236/2024/4
f 2235/5/5 2130/1919/5 2238/2025/5
f 2130/1919/5 2235/5/5 2127/5/5
f 2128/2/6 2237/3/6 2129/11/6
f 2237/3/6 2128/2/6 2236/1/6
f 1475/3/1 1604/2/1 1476/1/1
f 1604/3/1 1475/2/1 1603/1/1
f 2130/3/2 1475/2/2 1476/1/2
f 1475/3/2 2130/2/2 2129/1/2
f 2239/5/3 1604/1353/3 1603/5/3
f 1604/1353/3 2239/5/3 2240/2026/3
f 2239/5/4 2130/1917/4 2240/2027/4
f 2130/1917/4 2239/5/4 2129/5/4
f 2130/1919/5 1604/1355/5 2240/2028/5
f 1604/1355/5 2130/1919/5 1476/1237/5
f 1475/2/6 2239/3/6 1603/11/6
f 2239/3/6 1475/2/6 2129/1/6
f 2140/3/1 2142/2/1 2139/1/1
f 2142/3/1 2140/2/1 2141/1/1
f 2241/3/2 2140/2/2 2139/1/2
f 2140/3/2 2241/2/2 2242/1/2
f 2243/5/3 2142/1926/3 2141/5/3
f 2142/1926/3 2243/5/3 2244/2029/3
f 2243/5/4 2241/5/4 2244/2030/4
f 2241/5/4 2243/5/4 2242/2031/4
f 2241/5/5 2142/1929/5 2244/2032/5
f 2142/1929/5 2241/5/5 2139/5/5
f 2140/2/6 2243/3/6 2141/11/6
f 2243/3/6 2140/2/6 2242/1/6

usemtl color0

f 1573/3/1 2241/2/1 1574/1/1
f 2241/3/1 1573/2/1 2242/1/1
f 2245/3/2 1573/2/2 1574/1/2
f 1573/3/2 2245/2/2 2246/1/2
f 2247/5/3 2241/5/3 2242/2033/3
f 2241/5/3 2247/5/3 2248/2034/3
f 2247/5/4 2245/5/4 2248/2035/4
f 2245/5/4 2247/5/4 2246/2036/4
f 2245/5/5 2241/5/5 2248/2037/5
f 2241/5/5 2245/5/5 1574/1329/5
f 1573/2/6 2247/3/6 2242/11/6
f 2247/3/6 1573/2/6 2246/1/6

usemtl color20

f 814/3/1 2005/2/1 812/1/1
f 2005/3/1 814/2/1 2006/1/1
f 818/3/2 814/2/2 812/1/2
f 814/3/2 818/2/2 817/1/2
f 2008/5/3 2005/5/3 2006/2038/3
f 2005/5/3 2008/5/3 2007/2039/3
f 2008/1768/4 818/654/4 2007/5/4
f 818/654/4 2008/1768/4 817/5/4
f 818/656/5 2005/1769/5 2007/5/5
f 2005/1769/5 818/656/5 812/5/5
f 814/2/6 2008/3/6 2006/11/6
f 2008/3/6 814/2/6 817/1/6

usemtl color17

f 1979/3/1 903/2/1 1980/1/1
f 903/3/1 1979/2/1 905/1/1
f 865/3/2 1979/2/2 1980/1/2
f 1979/3/2 865/2/2 867/1/2
f 868/693/3 903/5/3 905/2040/3
f 903/5/3 868/693/3 866/5/3
f 868/726/4 865/5/4 866/5/4
f 865/5/4 868/726/4 867/2041/4
f 865/698/5 903/728/5 866/5/5
f 903/728/5 865/698/5 1980/1739/5
f 1979/2/6 868/3/6 905/11/6
f 868/3/6 1979/2/6 867/1/6
f 868/3/1 908/2/1 866/1/1
f 908/3/1 868/2/1 907/1/1
f 870/3/2 868/2/2 866/1/2
f 868/3/2 870/2/2 869/1/2
f 355/5/3 908/724/3 907/5/3
f 908/724/3 355/5/3 353/2042/3
f 355/5/4 870/695/4 353/2043/4
f 870/695/4 355/5/4 869/5/4
f 870/697/5 908/727/5 353/286/5
f 908/727/5 870/697/5 866/5/5
f 868/2/6 355/3/6 907/11/6
f 355/3/6 868/2/6 869/1/6

usemtl color21

f 2129/3/1 2240/2/1 2130/1/1
f 2240/3/1 2129/2/1 2239/1/1
f 2238/3/2 2129/2/2 2130/1/2
f 2129/3/2 2238/2/2 2237/1/2
f 2249/5/3 2240/2026/3 2239/5/3
f 2240/2026/3 2249/5/3 2250/2044/3
f 2249/5/4 2238/2023/4 2250/2045/4
f 2238/2023/4 2249/5/4 2237/5/4
f 2238/2025/5 2240/2028/5 2250/2046/5
f 2240/2028/5 2238/2025/5 2130/1919/5
f 2129/2/6 2249/3/6 2239/11/6
f 2249/3/6 2129/2/6 2237/1/6

usemtl color13

f 2253/3/1 2252/2/1 2251/1/1
f 2252/3/1 2253/2/1 2254/1/1
f 2255/3/2 2253/2/2 2251/1/2
f 2253/3/2 2255/2/2 2256/1/2
f 2257/5/3 2252/5/3 2254/2047/3
f 2252/5/3 2257/5/3 2258/2048/3
f 2257/5/4 2255/5/4 2258/2049/4
f 2255/5/4 2257/5/4 2256/2050/4
f 2255/5/5 2252/5/5 2258/2051/5
f 2252/5/5 2255/5/5 2251/2052/5
f 2253/2/6 2257/3/6 2254/11/6
f 2257/3/6 2253/2/6 2256/1/6

