# Created by Kenney (www.kenney.nl)

mtllib Emitter 9QA Minivivi.mtl

v 13 10 -0.5
v 13 9 -0.5
v 13 10 0.5
v 13 9 0.5
v 12 10 -0.5
v 12 10 0.5
v 12 9 0.5
v 12 9 -0.5
v -1 7 -1
v -1 6 -1
v -1 7 1
v -1 6 1
v -2 7 -1
v -2 7 1
v -2 6 1
v -2 6 -1
v 9 6 -1.5
v 9 5 -1.5
v 9 6 1.5
v 9 5 1.5
v 8 6 -1.5
v 8 6 1.5
v 8 5 1.5
v 8 5 -1.5
v 10 5 -1.5
v 10 4 -1.5
v 10 5 1.5
v 10 4 1.5
v 9 4 1.5
v 9 4 -1.5
v -13 5 -1
v -13 4 -1
v -13 5 1
v -13 4 1
v -15 5 -1
v -15 5 1
v -15 4 1
v -15 4 -1
v 10 -4 -1.5
v 10 -5 -1.5
v 10 -4 1.5
v 10 -5 1.5
v 9 -4 -1.5
v 9 -4 1.5
v 9 -5 1.5
v 9 -5 -1.5
v -13 -4 -1
v -13 -5 -1
v -13 -4 1
v -13 -5 1
v -15 -4 -1
v -15 -4 1
v -15 -5 1
v -15 -5 -1
v 9 -6 -1.5
v 9 -6 1.5
v 8 -5 -1.5
v 8 -5 1.5
v 8 -6 1.5
v 8 -6 -1.5
v -1 -6 -1
v -1 -7 -1
v -1 -6 1
v -1 -7 1
v -2 -6 -1
v -2 -6 1
v -2 -7 1
v -2 -7 -1
v 13 -9 -0.5
v 13 -10 -0.5
v 13 -9 0.5
v 13 -10 0.5
v 12 -9 -0.5
v 12 -9 0.5
v 12 -10 0.5
v 12 -10 -0.5
v 11 10 -0.5
v 11 10 0.5
v 11 9 0.5
v 11 9 -0.5
v 14 9 -0.5
v 14 8 -0.5
v 14 9 0.5
v 14 8 0.5
v 13 8 0.5
v 13 8 -0.5
v 10 9 -0.5
v 10 8 -0.5
v 10 9 0.5
v 10 8 0.5
v 9 9 -0.5
v 9 9 0.5
v 9 8 0.5
v 9 8 -0.5
v 7 8 -1
v 7 7 -1
v 7 8 1
v 7 7 1
v 6 8 -1
v 6 8 1
v 6 7 1
v 6 7 -1
v 5 8 -1
v 5 7 -1
v 5 8 1
v 5 7 1
v 4 8 -1
v 4 8 1
v 4 7 1
v 4 7 -1
v -6 8 -1
v -6 7 -1
v -6 8 1
v -6 7 1
v -7 8 -1
v -7 8 1
v -7 7 1
v -7 7 -1
v 8 7 -1.5
v 8 7 1.5
v 7 7 -1.5
v 7 7 1.5
v 7 6 1.5
v 7 6 -1.5
v 1 7 -1
v 1 6 -1
v 1 7 1
v 1 6 1
v 0 7 -1
v 0 7 1
v 0 6 1
v 0 6 -1
v -3 6 -1
v -3 5 -1
v -3 6 1
v -3 5 1
v -4 6 -1
v -4 6 1
v -4 5 1
v -4 5 -1
v -6 6 -1
v -6 5 -1
v -6 6 1
v -6 5 1
v -7 6 -1
v -7 6 1
v -7 5 1
v -7 5 -1
v -7 4 -1
v -7 4 1
v -8 5 -1
v -8 5 1
v -8 4 1
v -8 4 -1
v -10 5 -1
v -10 4 -1
v -10 5 1
v -10 4 1
v -11 5 -1
v -11 5 1
v -11 4 1
v -11 4 -1
v 5 4 -2.5
v 5 3 -2.5
v 5 4 2.5
v 5 3 2.5
v 2 4 -2.5
v 2 4 2.5
v 2 3 2.5
v 2 3 -2.5
v -11 3 -1
v -11 3 1
v -13 3 1
v -13 3 -1
v 15 3 -1
v 15 2 -1
v 15 3 1
v 15 2 1
v 14 3 -1
v 14 3 1
v 14 2 1
v 14 2 -1
v 1 3 -2.5
v 1 2 -2.5
v 1 3 2.5
v 1 2 2.5
v 0 3 -2.5
v 0 3 2.5
v 0 2 2.5
v 0 2 -2.5
v 12 2 -2.5
v 12 -2 -2.5
v 12 2 2.5
v 12 -2 2.5
v 11 2 -2.5
v 11 2 2.5
v 11 -2 2.5
v 11 -2 -2.5
v 4 2 -2.5
v 4 1 -2.5
v 4 2 2.5
v 4 1 2.5
v 2 2 -2.5
v 2 2 2.5
v 2 1 2.5
v 2 1 -2.5
v 14 1 -2.5
v 14 -1 -2.5
v 14 1 2.5
v 14 -1 2.5
v 12 1 -2.5
v 12 1 2.5
v 12 -1 2.5
v 12 -1 -2.5
v 3 1 -2.5
v 3 -2 -2.5
v 3 1 2.5
v 3 -2 2.5
v 2 -2 2.5
v 2 -2 -2.5
v 1 1 -2.5
v 1 -1 -2.5
v 1 1 2.5
v 1 -1 2.5
v -1 1 -2.5
v -1 1 2.5
v -1 -1 2.5
v -1 -1 -2.5
v 4 -1 -2.5
v 4 -2 -2.5
v 4 -1 2.5
v 4 -2 2.5
v 3 -1 -2.5
v 3 -1 2.5
v 15 -2 -1
v 15 -3 -1
v 15 -2 1
v 15 -3 1
v 14 -2 -1
v 14 -2 1
v 14 -3 1
v 14 -3 -1
v 1 -2 -2.5
v 1 -3 -2.5
v 1 -2 2.5
v 1 -3 2.5
v 0 -2 -2.5
v 0 -2 2.5
v 0 -3 2.5
v 0 -3 -2.5
v 5 -3 -2.5
v 5 -4 -2.5
v 5 -3 2.5
v 5 -4 2.5
v 2 -3 -2.5
v 2 -3 2.5
v 2 -4 2.5
v 2 -4 -2.5
v -11 -3 -1
v -11 -4 -1
v -11 -3 1
v -11 -4 1
v -13 -3 -1
v -13 -3 1
v -7 -4 -1
v -7 -5 -1
v -7 -4 1
v -7 -5 1
v -8 -4 -1
v -8 -4 1
v -8 -5 1
v -8 -5 -1
v -10 -4 -1
v -10 -5 -1
v -10 -4 1
v -10 -5 1
v -11 -5 1
v -11 -5 -1
v -3 -5 -1
v -3 -6 -1
v -3 -5 1
v -3 -6 1
v -4 -5 -1
v -4 -5 1
v -4 -6 1
v -4 -6 -1
v -6 -5 -1
v -6 -6 -1
v -6 -5 1
v -6 -6 1
v -7 -6 1
v -7 -6 -1
v 8 -7 -1.5
v 8 -7 1.5
v 7 -6 -1.5
v 7 -6 1.5
v 7 -7 1.5
v 7 -7 -1.5
v 1 -6 -1
v 1 -7 -1
v 1 -6 1
v 1 -7 1
v 0 -6 -1
v 0 -6 1
v 0 -7 1
v 0 -7 -1
v 7 -7 -1
v 7 -8 -1
v 7 -7 1
v 7 -8 1
v 6 -7 -1
v 6 -7 1
v 6 -8 1
v 6 -8 -1
v 5 -7 -1
v 5 -8 -1
v 5 -7 1
v 5 -8 1
v 4 -7 -1
v 4 -7 1
v 4 -8 1
v 4 -8 -1
v -6 -7 -1
v -6 -8 -1
v -6 -7 1
v -6 -8 1
v -7 -7 -1
v -7 -7 1
v -7 -8 1
v -7 -8 -1
v 14 -8 -0.5
v 14 -9 -0.5
v 14 -8 0.5
v 14 -9 0.5
v 13 -8 -0.5
v 13 -8 0.5
v 10 -8 -0.5
v 10 -9 -0.5
v 10 -8 0.5
v 10 -9 0.5
v 9 -8 -0.5
v 9 -8 0.5
v 9 -9 0.5
v 9 -9 -0.5
v 11 -9 -0.5
v 11 -9 0.5
v 11 -10 0.5
v 11 -10 -0.5
v 10 10 -0.5
v 10 10 0.5
v 3 8 -1
v 3 8 1
v 3 7 1
v 3 7 -1
v 0 1 -2.5
v 0 1 2.5
v -1 2 -2.5
v -1 2 2.5
v 0 -1 -2.5
v 0 -1 2.5
v -1 -2 2.5
v -1 -2 -2.5
v 3 -7 -1
v 3 -7 1
v 3 -8 1
v 3 -8 -1
v 10 -10 0.5
v 10 -10 -0.5
v 12 8 0.5
v 12 8 -0.5
v 11 8 -0.5
v 11 8 0.5
v 8 9 -0.5
v 8 9 0.5
v 8 8 0.5
v 8 8 -0.5
v 12 7 -0.5
v 12 7 0.5
v 11 7 0.5
v 11 7 -0.5
v 11 8 -1
v 11 6 -1
v 11 8 1
v 11 6 1
v 10 8 -1
v 10 8 1
v 10 6 1
v 10 6 -1
v 10 7 -1
v 10 7 1
v 9 8 -1
v 9 8 1
v 9 7 1
v 9 7 -1
v -3 8 -1
v -3 7 -1
v -3 8 1
v -3 7 1
v 7 5 -1.5
v 7 5 1.5
v 6 7 -1.5
v 6 7 1.5
v 6 5 1.5
v 6 5 -1.5
v 5 7 -1.5
v 5 5 -1.5
v 5 7 1.5
v 5 5 1.5
v 4 7 -1.5
v 4 7 1.5
v 4 5 1.5
v 4 5 -1.5
v 3 7 -1.5
v 3 5 -1.5
v 3 7 1.5
v 3 5 1.5
v 1 7 -1.5
v 1 7 1.5
v 1 5 1.5
v 1 5 -1.5
v -6 7 -1.5
v -6 6 -1.5
v -6 7 1.5
v -6 6 1.5
v -7 7 -1.5
v -7 7 1.5
v -7 6 1.5
v -7 6 -1.5
v 15 6 -0.5
v 15 5 -0.5
v 15 6 0.5
v 15 5 0.5
v 14 6 -0.5
v 14 6 0.5
v 14 5 0.5
v 14 5 -0.5
v 8 3 -1.5
v 8 3 1.5
v 7 3 1.5
v 7 3 -1.5
v 6 6 -1.5
v 6 6 1.5
v 5 6 -1.5
v 5 6 1.5
v 4 6 -1.5
v 4 6 1.5
v 3 6 -1.5
v 3 6 1.5
v 1 6 -1.5
v 1 4 -1.5
v 1 6 1.5
v 1 4 1.5
v -3 6 -1.5
v -3 6 1.5
v -3 4 1.5
v -3 4 -1.5
v 16 5 -1
v 16 4 -1
v 16 5 1
v 16 4 1
v 15 5 -1
v 15 5 1
v 15 4 1
v 15 4 -1
v 14 5 -1.5
v 14 2 -1.5
v 14 5 1.5
v 14 2 1.5
v 13 5 -1.5
v 13 5 1.5
v 13 2 1.5
v 13 2 -1.5
v 13 4 -1.5
v 13 4 1.5
v 12 5 -1.5
v 12 5 1.5
v 12 4 1.5
v 12 4 -1.5
v 9 3 -1.5
v 9 3 1.5
v 2 5 -1.5
v 2 4 -1.5
v 2 5 1.5
v 2 4 1.5
v -3 5 -1.5
v -3 3 -1.5
v -3 5 1.5
v -3 3 1.5
v -5 5 -1.5
v -5 5 1.5
v -5 3 1.5
v -5 3 -1.5
v -5 4 -1.5
v -5 4 1.5
v -7 5 -1.5
v -7 5 1.5
v -7 4 1.5
v -7 4 -1.5
v -15 5 -0.5
v -15 4 -0.5
v -15 5 0.5
v -15 4 0.5
v -16 5 -0.5
v -16 5 0.5
v -16 4 0.5
v -16 4 -0.5
v 10 3 -1.5
v 10 3 1.5
v 6 4 -2.5
v 6 3 -2.5
v 6 4 2.5
v 6 3 2.5
v 2 4 -2
v 2 3 -2
v 2 4 2
v 2 3 2
v 1 4 -2
v 1 4 2
v 1 3 2
v 1 3 -2
v -6 4 -1.5
v -6 3 -1.5
v -6 4 1.5
v -6 3 1.5
v -8 4 -1.5
v -8 4 1.5
v -8 3 1.5
v -8 3 -1.5
v -9 4 -1.5
v -9 3 -1.5
v -9 4 1.5
v -9 3 1.5
v -11 4 -1.5
v -11 4 1.5
v -11 3 1.5
v -11 3 -1.5
v 16 2 -1
v 16 1 -1
v 16 2 1
v 16 1 1
v 15 1 1
v 15 1 -1
v 11 2 -2
v 11 1 -2
v 11 2 2
v 11 1 2
v 7 2 -2
v 7 2 2
v 7 1 2
v 7 1 -2
v 6 2 -2.5
v 6 1 -2.5
v 6 2 2.5
v 6 1 2.5
v 7 1 -2.5
v 7 -1 -2.5
v 7 1 2.5
v 7 -1 2.5
v 6 -1 2.5
v 6 -1 -2.5
v 2 -1 -2.5
v 2 -1 2.5
v 16 -1 -1
v 16 -2 -1
v 16 -1 1
v 16 -2 1
v 15 -1 -1
v 15 -1 1
v 11 -1 -2
v 11 -2 -2
v 11 -1 2
v 11 -2 2
v 7 -1 -2
v 7 -1 2
v 7 -2 2
v 7 -2 -2
v 6 -2 -2.5
v 6 -2 2.5
v 14 -2 -1.5
v 14 -5 -1.5
v 14 -2 1.5
v 14 -5 1.5
v 13 -2 -1.5
v 13 -2 1.5
v 13 -5 1.5
v 13 -5 -1.5
v 10 -3 -1.5
v 10 -3 1.5
v 7 -3 -1.5
v 7 -3 1.5
v 7 -4 1.5
v 7 -4 -1.5
v 6 -3 -2.5
v 6 -4 -2.5
v 6 -3 2.5
v 6 -4 2.5
v 2 -3 -2
v 2 -4 -2
v 2 -3 2
v 2 -4 2
v 1 -3 -2
v 1 -3 2
v 1 -4 2
v 1 -4 -2
v -3 -3 -1.5
v -3 -5 -1.5
v -3 -3 1.5
v -3 -5 1.5
v -4 -3 -1.5
v -4 -3 1.5
v -4 -5 1.5
v -4 -5 -1.5
v -4 -3 -0.5
v -4 -4 -0.5
v -4 -3 0.5
v -4 -4 0.5
v -5 -3 -0.5
v -5 -3 0.5
v -5 -4 0.5
v -5 -4 -0.5
v -6 -3 -1.5
v -6 -5 -1.5
v -6 -3 1.5
v -6 -5 1.5
v -7 -3 -1.5
v -7 -3 1.5
v -7 -5 1.5
v -7 -5 -1.5
v -7 -4 -1.5
v -7 -4 1.5
v -8 -3 -1.5
v -8 -3 1.5
v -8 -4 1.5
v -8 -4 -1.5
v -9 -3 -1.5
v -9 -4 -1.5
v -9 -3 1.5
v -9 -4 1.5
v -11 -3 -1.5
v -11 -3 1.5
v -11 -4 1.5
v -11 -4 -1.5
v 16 -4 -1
v 16 -5 -1
v 16 -4 1
v 16 -5 1
v 15 -4 -1
v 15 -4 1
v 15 -5 1
v 15 -5 -1
v 13 -4 -1.5
v 13 -4 1.5
v 12 -4 -1.5
v 12 -4 1.5
v 12 -5 1.5
v 12 -5 -1.5
v 7 -5 1.5
v 7 -5 -1.5
v 2 -4 -1.5
v 2 -7 -1.5
v 2 -4 1.5
v 2 -7 1.5
v 1 -4 -1.5
v 1 -4 1.5
v 1 -7 1.5
v 1 -7 -1.5
v 1 -5 -1.5
v 1 -5 1.5
v -3 -4 -1.5
v -3 -4 1.5
v -4 -4 -1.5
v -4 -4 1.5
v -6 -4 -1.5
v -6 -4 1.5
v -15 -4 -0.5
v -15 -5 -0.5
v -15 -4 0.5
v -15 -5 0.5
v -16 -4 -0.5
v -16 -4 0.5
v -16 -5 0.5
v -16 -5 -0.5
v 15 -5 -0.5
v 15 -6 -0.5
v 15 -5 0.5
v 15 -6 0.5
v 14 -5 -0.5
v 14 -5 0.5
v 14 -6 0.5
v 14 -6 -0.5
v 2 -5 -1.5
v 2 -5 1.5
v 2 -6 1.5
v 2 -6 -1.5
v 1 -6 -1.5
v 1 -6 1.5
v -3 -6 1.5
v -3 -6 -1.5
v 11 -6 -1
v 11 -8 -1
v 11 -6 1
v 11 -8 1
v 10 -6 -1
v 10 -6 1
v 10 -8 1
v 10 -8 -1
v 6 -6 -1.5
v 6 -6 1.5
v 6 -7 1.5
v 6 -7 -1.5
v 5 -6 -1.5
v 5 -7 -1.5
v 5 -6 1.5
v 5 -7 1.5
v 4 -6 -1.5
v 4 -6 1.5
v 4 -7 1.5
v 4 -7 -1.5
v 3 -6 -1.5
v 3 -7 -1.5
v 3 -6 1.5
v 3 -7 1.5
v -6 -6 -1.5
v -6 -7 -1.5
v -6 -6 1.5
v -6 -7 1.5
v -7 -6 -1.5
v -7 -6 1.5
v -7 -7 1.5
v -7 -7 -1.5
v 12 -7 -0.5
v 12 -8 -0.5
v 12 -7 0.5
v 12 -8 0.5
v 11 -7 -0.5
v 11 -7 0.5
v 11 -8 0.5
v 11 -8 -0.5
v 10 -7 -1
v 10 -7 1
v 9 -7 -1
v 9 -7 1
v 9 -8 1
v 9 -8 -1
v -3 -7 -1
v -3 -8 -1
v -3 -7 1
v -3 -8 1
v 8 -8 -0.5
v 8 -8 0.5
v 8 -9 0.5
v 8 -9 -0.5
v 5 2 -2.5
v 5 2 2.5
v 5 -2 -2.5
v 5 -2 2.5
v 13 7 -0.5
v 13 7 0.5
v 15 2 -2
v 15 1 -2
v 15 2 2
v 15 1 2
v 14 2 -2
v 14 2 2
v 14 1 2
v 14 1 -2
v 14 2 -2.5
v 14 2 2.5
v 13 2 -2.5
v 13 2 2.5
v 13 1 2.5
v 13 1 -2.5
v 15 -1 -2
v 15 -2 -2
v 15 -1 2
v 15 -2 2
v 14 -1 -2
v 14 -1 2
v 14 -2 2
v 14 -2 -2
v 14 -2 -2.5
v 14 -2 2.5
v 13 -1 -2.5
v 13 -1 2.5
v 13 -2 2.5
v 13 -2 -2.5
v 13 -7 -0.5
v 13 -7 0.5
v 8 8 -1
v 8 8 1
v 8 7 1
v 8 7 -1
v 12 7 -1
v 12 6 -1
v 12 7 1
v 12 6 1
v 11 7 -1
v 11 7 1
v 9 6 1
v 9 6 -1
v -3 7 -1.5
v -3 7 1.5
v 14 6 -1
v 14 5 -1
v 14 6 1
v 14 5 1
v 13 6 -1
v 13 6 1
v 13 5 1
v 13 5 -1
v 13 6 -0.5
v 13 5 -0.5
v 13 6 0.5
v 13 5 0.5
v 11 6 -0.5
v 11 6 0.5
v 11 5 0.5
v 11 5 -0.5
v 11 5 -1
v 11 5 1
v 10 5 1
v 10 5 -1
v 12 5 -0.5
v 12 4 -0.5
v 12 5 0.5
v 12 4 0.5
v 11 4 0.5
v 11 4 -0.5
v 7 5 -2
v 7 5 2
v 6 5 -2
v 6 5 2
v 6 2 2
v 6 2 -2
v 13 3 -1.5
v 13 3 1.5
v 12 3 1.5
v 12 3 -1.5
v -1 4 -1.5
v -1 3 -1.5
v -1 4 1.5
v -1 3 1.5
v -2 4 -1.5
v -2 4 1.5
v -2 3 1.5
v -2 3 -1.5
v -2 4 -1
v -2 3 -1
v -2 4 1
v -2 3 1
v -3 4 -1
v -3 4 1
v -3 3 1
v -3 3 -1
v -5 4 -1
v -5 2 -1
v -5 4 1
v -5 2 1
v -6 4 -1
v -6 4 1
v -6 2 1
v -6 2 -1
v -8 2 -1
v -8 2 1
v -9 4 -1
v -9 4 1
v -9 2 1
v -9 2 -1
v -15 3 -0.5
v -15 3 0.5
v -16 3 0.5
v -16 3 -0.5
v 12 3 -2
v 12 2 -2
v 12 3 2
v 12 2 2
v 7 3 -2
v 7 3 2
v -1 3 -2
v -1 2 -2
v -1 3 2
v -1 2 2
v -2 3 -2
v -2 3 2
v -2 2 2
v -2 2 -2
v -3 2 -1
v -3 2 1
v -5 3 -1
v -5 3 1
v -6 3 -1
v -6 3 1
v -8 3 -1
v -8 3 1
v -9 3 -1
v -9 3 1
v -16 3 -1
v -16 3 1
v -16 2 1
v -16 2 -1
v 7 2 -2.5
v 7 2 2.5
v -15 2 -0.5
v -15 1 -0.5
v -15 2 0.5
v -15 1 0.5
v -16 2 -0.5
v -16 2 0.5
v -16 1 0.5
v -16 1 -0.5
v 16 1 -1.5
v 16 -1 -1.5
v 16 1 1.5
v 16 -1 1.5
v 15 1 -1.5
v 15 1 1.5
v 15 -1 1.5
v 15 -1 -1.5
v 5 1 -2.5
v 5 1 2.5
v 5 -1 2.5
v 5 -1 -2.5
v 7 -2 -2.5
v 7 -2 2.5
v -15 -1 -0.5
v -15 -2 -0.5
v -15 -1 0.5
v -15 -2 0.5
v -16 -1 -0.5
v -16 -1 0.5
v -16 -2 0.5
v -16 -2 -0.5
v 12 -2 -2
v 12 -3 -2
v 12 -2 2
v 12 -3 2
v 6 -2 -2
v 6 -2 2
v 6 -3 2
v 6 -3 -2
v -1 -2 -2
v -1 -3 -2
v -1 -2 2
v -1 -3 2
v -2 -2 -2
v -2 -2 2
v -2 -3 2
v -2 -3 -2
v -3 -2 -1
v -3 -3 -1
v -3 -2 1
v -3 -3 1
v -16 -2 -1
v -16 -2 1
v -16 -3 1
v -16 -3 -1
v 13 -3 -1.5
v 13 -3 1.5
v 12 -3 -1.5
v 12 -3 1.5
v 7 -3 -2
v 7 -5 -2
v 7 -3 2
v 7 -5 2
v 6 -5 2
v 6 -5 -2
v -1 -3 -1.5
v -1 -4 -1.5
v -1 -3 1.5
v -1 -4 1.5
v -2 -3 -1.5
v -2 -3 1.5
v -2 -4 1.5
v -2 -4 -1.5
v -2 -3 -1
v -2 -4 -1
v -2 -3 1
v -2 -4 1
v -3 -4 1
v -3 -4 -1
v -5 -3 -1
v -5 -4 -1
v -5 -3 1
v -5 -4 1
v -6 -3 -1
v -6 -3 1
v -6 -4 1
v -6 -4 -1
v -8 -3 -1
v -8 -3 1
v -9 -3 -1
v -9 -3 1
v -9 -4 1
v -9 -4 -1
v -15 -3 -0.5
v -15 -3 0.5
v -16 -3 -0.5
v -16 -3 0.5
v 12 -4 -0.5
v 12 -6 -0.5
v 12 -4 0.5
v 12 -6 0.5
v 11 -4 -0.5
v 11 -4 0.5
v 11 -6 0.5
v 11 -6 -0.5
v 14 -5 -1
v 14 -6 -1
v 14 -5 1
v 14 -6 1
v 13 -5 -1
v 13 -5 1
v 13 -6 1
v 13 -6 -1
v 13 -5 -0.5
v 13 -6 -0.5
v 13 -5 0.5
v 13 -6 0.5
v 12 -5 -0.5
v 12 -5 0.5
v 11 -5 -1
v 11 -5 1
v 10 -5 -1
v 10 -5 1
v 12 -6 -1
v 12 -7 -1
v 12 -6 1
v 12 -7 1
v 11 -7 1
v 11 -7 -1
v 9 -6 -1
v 9 -6 1
v -3 -7 -1.5
v -3 -7 1.5
v 8 -7 -1
v 8 -7 1
v 8 -8 1
v 8 -8 -1
v 8 6 1
v 8 6 -1
v 9 5 1
v 9 5 -1
v 14 4 1
v 14 4 -1
v 10 5 -0.5
v 10 5 0.5
v 10 4 0.5
v 10 4 -0.5
v 12 4 -1
v 12 3 -1
v 12 4 1
v 12 3 1
v 11 4 -1
v 11 4 1
v 11 3 1
v 11 3 -1
v 12 -3 -1
v 12 -4 -1
v 12 -3 1
v 12 -4 1
v 11 -3 -1
v 11 -3 1
v 11 -4 1
v 11 -4 -1
v 14 -4 -1
v 14 -4 1
v 11 -5 -0.5
v 11 -5 0.5
v 10 -4 -0.5
v 10 -4 0.5
v 10 -5 0.5
v 10 -5 -0.5
v 9 -5 -1
v 9 -5 1
v 8 -6 -1
v 8 -6 1
v 1 8 -1
v 1 8 1
v 6 4 -2
v 6 4 2
v 2 5 -2
v 2 5 2
v -1 4 -2
v -1 4 2
v -15 3 1
v -15 3 -1
v -1 3 -2.5
v -1 3 2.5
v -3 3 -2
v -3 3 2
v -3 2 2
v -3 2 -2
v -1 -3 2.5
v -1 -3 -2.5
v -3 -2 -2
v -3 -2 2
v -3 -3 2
v -3 -3 -2
v -1 -4 2
v -1 -4 -2
v -15 -3 -1
v -15 -3 1
v 6 -4 -2
v 6 -4 2
v 2 -5 2
v 2 -5 -2
v 1 -8 1
v 1 -8 -1
v -7 7 -0.5
v -7 5 -0.5
v -7 7 0.5
v -7 5 0.5
v -8 7 -0.5
v -8 7 0.5
v -8 5 0.5
v -8 5 -0.5
v -7 -5 -0.5
v -7 -7 -0.5
v -7 -5 0.5
v -7 -7 0.5
v -8 -5 -0.5
v -8 -5 0.5
v -8 -7 0.5
v -8 -7 -0.5
v 16 6 -0.5
v 16 5 -0.5
v 16 6 0.5
v 16 5 0.5
v 16 -5 -0.5
v 16 -6 -0.5
v 16 -5 0.5
v 16 -6 0.5
v 10 4 -1
v 10 4 1
v 10 3 1
v 10 3 -1
v 5 1 -2
v 5 -1 -2
v 5 1 2
v 5 -1 2
v 3 1 -2
v 3 1 2
v 3 -1 2
v 3 -1 -2
v -2 1 -1.5
v -2 -1 -1.5
v -2 1 1.5
v -2 -1 1.5
v -3 1 -1.5
v -3 1 1.5
v -3 -1 1.5
v -3 -1 -1.5
v 10 -3 -1
v 10 -3 1
v 10 -4 1
v 10 -4 -1
v 13 3 -2.5
v 13 3 2.5
v 12 3 -2.5
v 12 3 2.5
v 13 -3 -2.5
v 13 -3 2.5
v 12 -3 2.5
v 12 -3 -2.5
v -2 2 -0.5
v -2 1 -0.5
v -2 2 0.5
v -2 1 0.5
v -3 2 -0.5
v -3 2 0.5
v -3 1 0.5
v -3 1 -0.5
v -4 2 -0.5
v -4 1 -0.5
v -4 2 0.5
v -4 1 0.5
v -5 2 -0.5
v -5 2 0.5
v -5 1 0.5
v -5 1 -0.5
v -6 2 -0.5
v -6 1 -0.5
v -6 2 0.5
v -6 1 0.5
v -7 2 -0.5
v -7 2 0.5
v -7 1 0.5
v -7 1 -0.5
v -8 2 -0.5
v -8 1 -0.5
v -8 2 0.5
v -8 1 0.5
v -9 2 -0.5
v -9 2 0.5
v -9 1 0.5
v -9 1 -0.5
v -10 2 -0.5
v -10 1 -0.5
v -10 2 0.5
v -10 1 0.5
v -11 2 -0.5
v -11 2 0.5
v -11 1 0.5
v -11 1 -0.5
v -12 2 -0.5
v -12 1 -0.5
v -12 2 0.5
v -12 1 0.5
v -13 2 -0.5
v -13 2 0.5
v -13 1 0.5
v -13 1 -0.5
v -14 2 -0.5
v -14 1 -0.5
v -14 2 0.5
v -14 1 0.5
v -3 -1 -0.5
v -3 -1 0.5
v -4 -1 0.5
v -4 -1 -0.5
v -2 -1 -0.5
v -2 -2 -0.5
v -2 -1 0.5
v -2 -2 0.5
v -3 -2 0.5
v -3 -2 -0.5
v -4 -2 -0.5
v -4 -2 0.5
v -5 -1 -0.5
v -5 -1 0.5
v -5 -2 0.5
v -5 -2 -0.5
v -6 -1 -0.5
v -6 -2 -0.5
v -6 -1 0.5
v -6 -2 0.5
v -7 -1 -0.5
v -7 -1 0.5
v -7 -2 0.5
v -7 -2 -0.5
v -8 -1 -0.5
v -8 -2 -0.5
v -8 -1 0.5
v -8 -2 0.5
v -9 -1 -0.5
v -9 -1 0.5
v -9 -2 0.5
v -9 -2 -0.5
v -10 -1 -0.5
v -10 -2 -0.5
v -10 -1 0.5
v -10 -2 0.5
v -11 -1 -0.5
v -11 -1 0.5
v -11 -2 0.5
v -11 -2 -0.5
v -12 -1 -0.5
v -12 -2 -0.5
v -12 -1 0.5
v -12 -2 0.5
v -13 -1 -0.5
v -13 -1 0.5
v -13 -2 0.5
v -13 -2 -0.5
v -14 -1 -0.5
v -14 -2 -0.5
v -14 -1 0.5
v -14 -2 0.5
v -3 1 -1
v -3 1 1
v -4 2 -1
v -4 2 1
v -4 1 1
v -4 1 -1
v -5 1 -1
v -5 1 1
v -6 1 1
v -6 1 -1
v -7 2 -1
v -7 1 -1
v -7 2 1
v -7 1 1
v -8 1 1
v -8 1 -1
v -9 1 -1
v -9 1 1
v -10 2 -1
v -10 2 1
v -10 1 1
v -10 1 -1
v -11 2 -1
v -11 1 -1
v -11 2 1
v -11 1 1
v -12 2 -1
v -12 2 1
v -12 1 1
v -12 1 -1
v -13 2 -1
v -13 1 -1
v -13 2 1
v -13 1 1
v -14 2 -1
v -14 2 1
v -14 1 1
v -14 1 -1
v -3 -1 -1
v -3 -1 1
v -4 -1 -1
v -4 -1 1
v -4 -2 1
v -4 -2 -1
v -5 -1 -1
v -5 -2 -1
v -5 -1 1
v -5 -2 1
v -6 -1 -1
v -6 -1 1
v -6 -2 1
v -6 -2 -1
v -7 -1 -1
v -7 -2 -1
v -7 -1 1
v -7 -2 1
v -8 -1 -1
v -8 -1 1
v -8 -2 1
v -8 -2 -1
v -9 -1 -1
v -9 -2 -1
v -9 -1 1
v -9 -2 1
v -10 -1 -1
v -10 -1 1
v -10 -2 1
v -10 -2 -1
v -11 -1 -1
v -11 -2 -1
v -11 -1 1
v -11 -2 1
v -12 -1 -1
v -12 -1 1
v -12 -2 1
v -12 -2 -1
v -13 -1 -1
v -13 -2 -1
v -13 -1 1
v -13 -2 1
v -14 -1 -1
v -14 -1 1
v -14 -2 1
v -14 -2 -1
v 11 1 -2.5
v 11 -1 -2.5
v 11 1 2.5
v 11 -1 2.5
v 10 1 -2.5
v 10 1 2.5
v 10 -1 2.5
v 10 -1 -2.5
v 9 1 -2.5
v 9 -1 -2.5
v 9 1 2.5
v 9 -1 2.5
v 8 1 -2.5
v 8 1 2.5
v 8 -1 2.5
v 8 -1 -2.5
v 10 1 -2
v 10 -1 -2
v 10 1 2
v 10 -1 2
v 9 1 -2
v 9 1 2
v 9 -1 2
v 9 -1 -2
v 8 1 -2
v 8 -1 -2
v 8 1 2
v 8 -1 2

vn 1 0 0
vn 0 1 0
vn 0 -1 0
vn -1 0 0
vn 0 0 -1
vn 0 0 1

vt -19.68504 19.68504
vt 19.68504 19.68504
vt -19.68504 -19.68504
vt 0 NaN
vt 0 0
vt 0 NaN
vt 0 NaN
vt 0 NaN
vt 0 NaN
vt 0 NaN
vt 19.68504 -19.68504
vt 0 NaN
vt 0 NaN
vt 0 NaN
vt 0 NaN
vt 0 NaN
vt 0 NaN
vt 0 NaN
vt 0 NaN
vt 0 NaN
vt 0 NaN
vt 0 NaN
vt 0 NaN
vt 0 NaN
vt 0 NaN
vt 0 NaN
vt 0 NaN
vt 0 NaN
vt 0 NaN
vt 0 NaN
vt 0 NaN
vt 0 NaN
vt 0 NaN
vt 0 NaN
vt 0 NaN
vt 0 NaN
vt 0 NaN
vt 0 NaN
vt 0 NaN
vt 0 NaN
vt 0 NaN
vt 0 NaN
vt 0 NaN
vt 0 NaN
vt 0 NaN
vt 0 NaN
vt 0 NaN
vt 0 NaN
vt 0 NaN
vt 0 NaN
vt 0 NaN
vt 0 NaN
vt 0 NaN
vt 0 NaN
vt 0 NaN
vt 0 NaN
vt 0 NaN
vt 0 NaN
vt 0 NaN
vt 0 NaN
vt 0 NaN
vt 0 NaN
vt 0 NaN
vt 0 NaN
vt 0 NaN
vt 0 NaN
vt 0 NaN
vt 0 NaN
vt 0 NaN
vt 0 NaN
vt 0 NaN
vt 0 NaN
vt 0 NaN
vt 0 NaN
vt 0 NaN
vt 0 NaN
vt 0 NaN
vt 0 NaN
vt 0 NaN
vt 0 NaN
vt 0 NaN
vt 0 NaN
vt 0 NaN
vt 0 NaN
vt 0 NaN
vt 0 NaN
vt 0 NaN
vt 0 NaN
vt 0 NaN
vt 0 NaN
vt 0 NaN
vt 0 NaN
vt 0 NaN
vt 0 NaN
vt 0 NaN
vt 0 NaN
vt 0 NaN
vt 0 NaN
vt 0 NaN
vt 0 NaN
vt 0 NaN
vt 0 NaN
vt 0 NaN
vt 0 NaN
vt 0 NaN
vt 0 NaN
vt 0 NaN
vt 0 NaN
vt 0 NaN
vt 0 NaN
vt 0 NaN
vt 0 NaN
vt 0 NaN
vt 0 NaN
vt 0 NaN
vt 0 NaN
vt 0 NaN
vt 0 NaN
vt 0 NaN
vt 0 NaN
vt 0 NaN
vt 0 NaN
vt 0 NaN
vt 0 NaN
vt 0 NaN
vt 0 NaN
vt 0 NaN
vt 0 NaN
vt 0 NaN
vt 0 NaN
vt 0 NaN
vt 0 NaN
vt 0 NaN
vt 0 NaN
vt 0 NaN
vt 0 NaN
vt 0 NaN
vt 0 NaN
vt 0 NaN
vt 0 NaN
vt 0 NaN
vt 0 NaN
vt 0 NaN
vt 0 NaN
vt 0 NaN
vt 0 NaN
vt 0 NaN
vt 0 NaN
vt 0 NaN
vt 0 NaN
vt 0 NaN
vt 0 NaN
vt 0 NaN
vt 0 NaN
vt 0 NaN
vt 0 NaN
vt 0 NaN
vt 0 NaN
vt 0 NaN
vt 0 NaN
vt 0 NaN
vt 0 NaN
vt 0 NaN
vt 0 NaN
vt 0 NaN
vt 0 NaN
vt 0 NaN
vt 0 NaN
vt 0 NaN
vt 0 NaN
vt 0 NaN
vt 0 NaN
vt 0 NaN
vt 0 NaN
vt 0 NaN
vt 0 NaN
vt 0 NaN
vt 0 NaN
vt 0 NaN
vt 0 NaN
vt 0 NaN
vt 0 NaN
vt 0 NaN
vt 0 NaN
vt 0 NaN
vt 0 NaN
vt 0 NaN
vt 0 NaN
vt 0 NaN
vt 0 NaN
vt 0 NaN
vt 0 NaN
vt 0 NaN
vt 0 NaN
vt 0 NaN
vt 0 NaN
vt 0 NaN
vt 0 NaN
vt 0 NaN
vt 0 NaN
vt 0 NaN
vt 0 NaN
vt 0 NaN
vt 0 NaN
vt 0 NaN
vt 0 NaN
vt 0 NaN
vt 0 NaN
vt 0 NaN
vt 0 NaN
vt 0 NaN
vt 0 NaN
vt 0 NaN
vt 0 NaN
vt 0 NaN
vt 0 NaN
vt 0 NaN
vt 0 NaN
vt 0 NaN
vt 0 NaN
vt 0 NaN
vt 0 NaN
vt 0 NaN
vt 0 NaN
vt 0 NaN
vt 0 NaN
vt 0 NaN
vt 0 NaN
vt 0 NaN
vt 0 NaN
vt 0 NaN
vt 0 NaN
vt 0 NaN
vt 0 NaN
vt 0 NaN
vt 0 NaN
vt 0 NaN
vt 0 NaN
vt 0 NaN
vt 0 NaN
vt 0 NaN
vt 0 NaN
vt 0 NaN
vt 0 NaN
vt 0 NaN
vt 0 NaN
vt 0 NaN
vt 0 NaN
vt 0 NaN
vt 0 NaN
vt 0 NaN
vt 0 NaN
vt 0 NaN
vt 0 NaN
vt 0 NaN
vt 0 NaN
vt 0 NaN
vt 0 NaN
vt 0 NaN
vt 0 NaN
vt 0 NaN
vt 0 NaN
vt 0 NaN
vt 0 NaN
vt 0 NaN
vt 0 NaN
vt 0 NaN
vt 0 NaN
vt 0 NaN
vt 0 NaN
vt 0 NaN
vt 0 NaN
vt 0 NaN
vt 0 NaN
vt 0 NaN
vt 0 NaN
vt 0 NaN
vt 0 NaN
vt 0 NaN
vt 0 NaN
vt 0 NaN
vt 0 NaN
vt 0 NaN
vt 0 NaN
vt 0 NaN
vt 0 NaN
vt 0 NaN
vt 0 NaN
vt 0 NaN
vt 0 NaN
vt 0 NaN
vt 0 NaN
vt 0 NaN
vt 0 NaN
vt 0 NaN
vt 0 NaN
vt 0 NaN
vt 0 NaN
vt 0 NaN
vt 0 NaN
vt 0 NaN
vt 0 NaN
vt 0 NaN
vt 0 NaN
vt 0 NaN
vt 0 NaN
vt 0 NaN
vt 0 NaN
vt 0 NaN
vt 0 NaN
vt 0 NaN
vt 0 NaN
vt 0 NaN
vt 0 NaN
vt 0 NaN
vt 0 NaN
vt 0 NaN
vt 0 NaN
vt 0 NaN
vt 0 NaN
vt 0 NaN
vt 0 NaN
vt 0 NaN
vt 0 NaN
vt 0 NaN
vt 0 NaN
vt 0 NaN
vt 0 NaN
vt 0 NaN
vt 0 NaN
vt 0 NaN
vt 0 NaN
vt 0 NaN
vt 0 NaN
vt 0 NaN
vt 0 NaN
vt 0 NaN
vt 0 NaN
vt 0 NaN
vt 0 NaN
vt 0 NaN
vt 0 NaN
vt 0 NaN
vt 0 NaN
vt 0 NaN
vt 0 NaN
vt 0 NaN
vt 0 NaN
vt 0 NaN
vt 0 NaN
vt 0 NaN
vt 0 NaN
vt 0 NaN
vt 0 NaN
vt 0 NaN
vt 0 NaN
vt 0 NaN
vt 0 NaN
vt 0 NaN
vt 0 NaN
vt 0 NaN
vt 0 NaN
vt 0 NaN
vt 0 NaN
vt 0 NaN
vt 0 NaN
vt 0 NaN
vt 0 NaN
vt 0 NaN
vt 0 NaN
vt 0 NaN
vt 0 NaN
vt 0 NaN
vt 0 NaN
vt 0 NaN
vt 0 NaN
vt 0 NaN
vt 0 NaN
vt 0 NaN
vt 0 NaN
vt 0 NaN
vt 0 NaN
vt 0 NaN
vt 0 NaN
vt 0 NaN
vt 0 NaN
vt 0 NaN
vt 0 NaN
vt 0 NaN
vt 0 NaN
vt 0 NaN
vt 0 NaN
vt 0 NaN
vt 0 NaN
vt 0 NaN
vt 0 NaN
vt 0 NaN
vt 0 NaN
vt 0 NaN
vt 0 NaN
vt 0 NaN
vt 0 NaN
vt 0 NaN
vt 0 NaN
vt 0 NaN
vt 0 NaN
vt 0 NaN
vt 0 NaN
vt 0 NaN
vt 0 NaN
vt 0 NaN
vt 0 NaN
vt 0 NaN
vt 0 NaN
vt 0 NaN
vt 0 NaN
vt 0 NaN
vt 0 NaN
vt 0 NaN
vt 0 NaN
vt 0 NaN
vt 0 NaN
vt 0 NaN
vt 0 NaN
vt 0 NaN
vt 0 NaN
vt 0 NaN
vt 0 NaN
vt 0 NaN
vt 0 NaN
vt 0 NaN
vt 0 NaN
vt 0 NaN
vt 0 NaN
vt 0 NaN
vt 0 NaN
vt 0 NaN
vt 0 NaN
vt 0 NaN
vt 0 NaN
vt 0 NaN
vt 0 NaN
vt 0 NaN
vt 0 NaN
vt 0 NaN
vt 0 NaN
vt 0 NaN
vt 0 NaN
vt 0 NaN
vt 0 NaN
vt 0 NaN
vt 0 NaN
vt 0 NaN
vt 0 NaN
vt 0 NaN
vt 0 NaN
vt 0 NaN
vt 0 NaN
vt 0 NaN
vt 0 NaN
vt 0 NaN
vt 0 NaN
vt 0 NaN
vt 0 NaN
vt 0 NaN
vt 0 NaN
vt 0 NaN
vt 0 NaN
vt 0 NaN
vt 0 NaN
vt 0 NaN
vt 0 NaN
vt 0 NaN
vt 0 NaN
vt 0 NaN
vt 0 NaN
vt 0 NaN
vt 0 NaN
vt 0 NaN
vt 0 NaN
vt 0 NaN
vt 0 NaN
vt 0 NaN
vt 0 NaN
vt 0 NaN
vt 0 NaN
vt 0 NaN
vt 0 NaN
vt 0 NaN
vt 0 NaN
vt 0 NaN
vt 0 NaN
vt 0 NaN
vt 0 NaN
vt 0 NaN
vt 0 NaN
vt 0 NaN
vt 0 NaN
vt 0 NaN
vt 0 NaN
vt 0 NaN
vt 0 NaN
vt 0 NaN
vt 0 NaN
vt 0 NaN
vt 0 NaN
vt 0 NaN
vt 0 NaN
vt 0 NaN
vt 0 NaN
vt 0 NaN
vt 0 NaN
vt 0 NaN
vt 0 NaN
vt 0 NaN
vt 0 NaN
vt 0 NaN
vt 0 NaN
vt 0 NaN
vt 0 NaN
vt 0 NaN
vt 0 NaN
vt 0 NaN
vt 0 NaN
vt 0 NaN
vt 0 NaN
vt 0 NaN
vt 0 NaN
vt 0 NaN
vt 0 NaN
vt 0 NaN
vt 0 NaN
vt 0 NaN
vt 0 NaN
vt 0 NaN
vt 0 NaN
vt 0 NaN
vt 0 NaN
vt 0 NaN
vt 0 NaN
vt 0 NaN
vt 0 NaN
vt 0 NaN
vt 0 NaN
vt 0 NaN
vt 0 NaN
vt 0 NaN
vt 0 NaN
vt 0 NaN
vt 0 NaN
vt 0 NaN
vt 0 NaN
vt 0 NaN
vt 0 NaN
vt 0 NaN
vt 0 NaN
vt 0 NaN
vt 0 NaN
vt 0 NaN
vt 0 NaN
vt 0 NaN
vt 0 NaN
vt 0 NaN
vt 0 NaN
vt 0 NaN
vt 0 NaN
vt 0 NaN
vt 0 NaN
vt 0 NaN
vt 0 NaN
vt 0 NaN
vt 0 NaN
vt 0 NaN
vt 0 NaN
vt 0 NaN
vt 0 NaN
vt 0 NaN
vt 0 NaN
vt 0 NaN
vt 0 NaN
vt 0 NaN
vt 0 NaN
vt 0 NaN
vt 0 NaN
vt 0 NaN
vt 0 NaN
vt 0 NaN
vt 0 NaN
vt 0 NaN
vt 0 NaN
vt 0 NaN
vt 0 NaN
vt 0 NaN
vt 0 NaN
vt 0 NaN
vt 0 NaN
vt 0 NaN
vt 0 NaN
vt 0 NaN
vt 0 NaN
vt 0 NaN
vt 0 NaN
vt 0 NaN
vt 0 NaN
vt 0 NaN
vt 0 NaN
vt 0 NaN
vt 0 NaN
vt 0 NaN
vt 0 NaN
vt 0 NaN
vt 0 NaN
vt 0 NaN
vt 0 NaN
vt 0 NaN
vt 0 NaN
vt 0 NaN
vt 0 NaN
vt 0 NaN
vt 0 NaN
vt 0 NaN
vt 0 NaN
vt 0 NaN
vt 0 NaN
vt 0 NaN
vt 0 NaN
vt 0 NaN
vt 0 NaN
vt 0 NaN
vt 0 NaN
vt 0 NaN
vt 0 NaN
vt 0 NaN
vt 0 NaN
vt 0 NaN
vt 0 NaN
vt 0 NaN
vt 0 NaN
vt 0 NaN
vt 0 NaN
vt 0 NaN
vt 0 NaN
vt 0 NaN
vt 0 NaN
vt 0 NaN
vt 0 NaN
vt 0 NaN
vt 0 NaN
vt 0 NaN
vt 0 NaN
vt 0 NaN
vt 0 NaN
vt 0 NaN
vt 0 NaN
vt 0 NaN
vt 0 NaN
vt 0 NaN
vt 0 NaN
vt 0 NaN
vt 0 NaN
vt 0 NaN
vt 0 NaN
vt 0 NaN
vt 0 NaN
vt 0 NaN
vt 0 NaN
vt 0 NaN
vt 0 NaN
vt 0 NaN
vt 0 NaN
vt 0 NaN
vt 0 NaN
vt 0 NaN
vt 0 NaN
vt 0 NaN
vt 0 NaN
vt 0 NaN
vt 0 NaN
vt 0 NaN
vt 0 NaN
vt 0 NaN
vt 0 NaN
vt 0 NaN
vt 0 NaN
vt 0 NaN
vt 0 NaN
vt 0 NaN
vt 0 NaN
vt 0 NaN
vt 0 NaN
vt 0 NaN
vt 0 NaN
vt 0 NaN
vt 0 NaN
vt 0 NaN
vt 0 NaN
vt 0 NaN
vt 0 NaN
vt 0 NaN
vt 0 NaN
vt 0 NaN
vt 0 NaN
vt 0 NaN
vt 0 NaN
vt 0 NaN
vt 0 NaN
vt 0 NaN
vt 0 NaN
vt 0 NaN
vt 0 NaN
vt 0 NaN
vt 0 NaN
vt 0 NaN
vt 0 NaN
vt 0 NaN
vt 0 NaN
vt 0 NaN
vt 0 NaN
vt 0 NaN
vt 0 NaN
vt 0 NaN
vt 0 NaN
vt 0 NaN
vt 0 NaN
vt 0 NaN
vt 0 NaN
vt 0 NaN
vt 0 NaN
vt 0 NaN
vt 0 NaN
vt 0 NaN
vt 0 NaN
vt 0 NaN
vt 0 NaN
vt 0 NaN
vt 0 NaN
vt 0 NaN
vt 0 NaN
vt 0 NaN
vt 0 NaN
vt 0 NaN
vt 0 NaN
vt 0 NaN
vt 0 NaN
vt 0 NaN
vt 0 NaN
vt 0 NaN
vt 0 NaN
vt 0 NaN
vt 0 NaN
vt 0 NaN
vt 0 NaN
vt 0 NaN
vt 0 NaN
vt 0 NaN
vt 0 NaN
vt 0 NaN
vt 0 NaN
vt 0 NaN
vt 0 NaN
vt 0 NaN
vt 0 NaN
vt 0 NaN
vt 0 NaN
vt 0 NaN
vt 0 NaN
vt 0 NaN
vt 0 NaN
vt 0 NaN
vt 0 NaN
vt 0 NaN
vt 0 NaN
vt 0 NaN
vt 0 NaN
vt 0 NaN
vt 0 NaN
vt 0 NaN
vt 0 NaN
vt 0 NaN
vt 0 NaN
vt 0 NaN
vt 0 NaN
vt 0 NaN
vt 0 NaN
vt 0 NaN
vt 0 NaN
vt 0 NaN
vt 0 NaN
vt 0 NaN
vt 0 NaN
vt 0 NaN
vt 0 NaN
vt 0 NaN
vt 0 NaN
vt 0 NaN
vt 0 NaN
vt 0 NaN
vt 0 NaN
vt 0 NaN
vt 0 NaN
vt 0 NaN
vt 0 NaN
vt 0 NaN
vt 0 NaN
vt 0 NaN
vt 0 NaN
vt 0 NaN
vt 0 NaN
vt 0 NaN
vt 0 NaN
vt 0 NaN
vt 0 NaN
vt 0 NaN
vt 0 NaN
vt 0 NaN
vt 0 NaN
vt 0 NaN
vt 0 NaN
vt 0 NaN
vt 0 NaN
vt 0 NaN
vt 0 NaN
vt 0 NaN
vt 0 NaN
vt 0 NaN
vt 0 NaN
vt 0 NaN
vt 0 NaN
vt 0 NaN
vt 0 NaN
vt 0 NaN
vt 0 NaN
vt 0 NaN
vt 0 NaN
vt 0 NaN
vt 0 NaN
vt 0 NaN
vt 0 NaN
vt 0 NaN
vt 0 NaN
vt 0 NaN
vt 0 NaN
vt 0 NaN
vt 0 NaN
vt 0 NaN
vt 0 NaN
vt 0 NaN
vt 0 NaN
vt 0 NaN
vt 0 NaN
vt 0 NaN
vt 0 NaN
vt 0 NaN
vt 0 NaN
vt 0 NaN
vt 0 NaN
vt 0 NaN
vt 0 NaN
vt 0 NaN
vt 0 NaN
vt 0 NaN
vt 0 NaN
vt 0 NaN
vt 0 NaN
vt 0 NaN
vt 0 NaN
vt 0 NaN
vt 0 NaN
vt 0 NaN
vt 0 NaN
vt 0 NaN
vt 0 NaN
vt 0 NaN
vt 0 NaN
vt 0 NaN
vt 0 NaN
vt 0 NaN
vt 0 NaN
vt 0 NaN
vt 0 NaN
vt 0 NaN
vt 0 NaN
vt 0 NaN
vt 0 NaN
vt 0 NaN
vt 0 NaN
vt 0 NaN
vt 0 NaN
vt 0 NaN
vt 0 NaN
vt 0 NaN
vt 0 NaN
vt 0 NaN
vt 0 NaN
vt 0 NaN
vt 0 NaN
vt 0 NaN
vt 0 NaN
vt 0 NaN
vt 0 NaN
vt 0 NaN
vt 0 NaN
vt 0 NaN
vt 0 NaN
vt 0 NaN
vt 0 NaN
vt 0 NaN
vt 0 NaN
vt 0 NaN
vt 0 NaN
vt 0 NaN
vt 0 NaN
vt 0 NaN
vt 0 NaN
vt 0 NaN
vt 0 NaN
vt 0 NaN
vt 0 NaN
vt 0 NaN
vt 0 NaN
vt 0 NaN
vt 0 NaN
vt 0 NaN
vt 0 NaN
vt 0 NaN
vt 0 NaN
vt 0 NaN
vt 0 NaN
vt 0 NaN
vt 0 NaN
vt 0 NaN
vt 0 NaN
vt 0 NaN
vt 0 NaN
vt 0 NaN
vt 0 NaN
vt 0 NaN
vt 0 NaN
vt 0 NaN
vt 0 NaN
vt 0 NaN
vt 0 NaN
vt 0 NaN
vt 0 NaN
vt 0 NaN
vt 0 NaN
vt 0 NaN
vt 0 NaN
vt 0 NaN
vt 0 NaN
vt 0 NaN
vt 0 NaN
vt 0 NaN
vt 0 NaN
vt 0 NaN
vt 0 NaN
vt 0 NaN
vt 0 NaN
vt 0 NaN
vt 0 NaN
vt 0 NaN
vt 0 NaN
vt 0 NaN
vt 0 NaN
vt 0 NaN
vt 0 NaN
vt 0 NaN
vt 0 NaN
vt 0 NaN
vt 0 NaN
vt 0 NaN
vt 0 NaN
vt 0 NaN
vt 0 NaN
vt 0 NaN
vt 0 NaN
vt 0 NaN
vt 0 NaN
vt 0 NaN
vt 0 NaN
vt 0 NaN
vt 0 NaN
vt 0 NaN
vt 0 NaN
vt 0 NaN
vt 0 NaN
vt 0 NaN
vt 0 NaN
vt 0 NaN
vt 0 NaN
vt 0 NaN
vt 0 NaN
vt 0 NaN
vt 0 NaN
vt 0 NaN
vt 0 NaN
vt 0 NaN
vt 0 NaN
vt 0 NaN
vt 0 NaN
vt 0 NaN
vt 0 NaN
vt 0 NaN
vt 0 NaN
vt 0 NaN
vt 0 NaN
vt 0 NaN
vt 0 NaN
vt 0 NaN
vt 0 NaN
vt 0 NaN
vt 0 NaN
vt 0 NaN
vt 0 NaN
vt 0 NaN
vt 0 NaN
vt 0 NaN
vt 0 NaN
vt 0 NaN
vt 0 NaN
vt 0 NaN
vt 0 NaN
vt 0 NaN
vt 0 NaN
vt 0 NaN
vt 0 NaN
vt 0 NaN
vt 0 NaN
vt 0 NaN
vt 0 NaN
vt 0 NaN
vt 0 NaN
vt 0 NaN
vt 0 NaN
vt 0 NaN
vt 0 NaN
vt 0 NaN
vt 0 NaN
vt 0 NaN
vt 0 NaN
vt 0 NaN
vt 0 NaN
vt 0 NaN
vt 0 NaN
vt 0 NaN
vt 0 NaN
vt 0 NaN
vt 0 NaN
vt 0 NaN
vt 0 NaN
vt 0 NaN
vt 0 NaN
vt 0 NaN
vt 0 NaN
vt 0 NaN
vt 0 NaN
vt 0 NaN
vt 0 NaN
vt 0 NaN
vt 0 NaN
vt 0 NaN
vt 0 NaN
vt 0 NaN
vt 0 NaN
vt 0 NaN
vt 0 NaN
vt 0 NaN
vt 0 NaN
vt 0 NaN
vt 0 NaN
vt 0 NaN
vt 0 NaN
vt 0 NaN
vt 0 NaN
vt 0 NaN
vt 0 NaN
vt 0 NaN
vt 0 NaN
vt 0 NaN
vt 0 NaN
vt 0 NaN
vt 0 NaN
vt 0 NaN
vt 0 NaN
vt 0 NaN
vt 0 NaN
vt 0 NaN
vt 0 NaN
vt 0 NaN
vt 0 NaN
vt 0 NaN
vt 0 NaN
vt 0 NaN
vt 0 NaN
vt 0 NaN
vt 0 NaN
vt 0 NaN
vt 0 NaN
vt 0 NaN
vt 0 NaN
vt 0 NaN
vt 0 NaN
vt 0 NaN
vt 0 NaN
vt 0 NaN
vt 0 NaN
vt 0 NaN
vt 0 NaN
vt 0 NaN
vt 0 NaN
vt 0 NaN
vt 0 NaN
vt 0 NaN
vt 0 NaN
vt 0 NaN
vt 0 NaN
vt 0 NaN
vt 0 NaN
vt 0 NaN
vt 0 NaN
vt 0 NaN
vt 0 NaN
vt 0 NaN
vt 0 NaN
vt 0 NaN
vt 0 NaN
vt 0 NaN
vt 0 NaN
vt 0 NaN
vt 0 NaN
vt 0 NaN
vt 0 NaN
vt 0 NaN
vt 0 NaN
vt 0 NaN
vt 0 NaN
vt 0 NaN
vt 0 NaN
vt 0 NaN
vt 0 NaN
vt 0 NaN
vt 0 NaN
vt 0 NaN
vt 0 NaN
vt 0 NaN
vt 0 NaN
vt 0 NaN
vt 0 NaN
vt 0 NaN
vt 0 NaN
vt 0 NaN
vt 0 NaN
vt 0 NaN
vt 0 NaN
vt 0 NaN
vt 0 NaN
vt 0 NaN
vt 0 NaN
vt 0 NaN
vt 0 NaN
vt 0 NaN
vt 0 NaN
vt 0 NaN
vt 0 NaN
vt 0 NaN
vt 0 NaN
vt 0 NaN
vt 0 NaN
vt 0 NaN
vt 0 NaN
vt 0 NaN
vt 0 NaN
vt 0 NaN
vt 0 NaN
vt 0 NaN
vt 0 NaN
vt 0 NaN
vt 0 NaN
vt 0 NaN
vt 0 NaN
vt 0 NaN
vt 0 NaN
vt 0 NaN
vt 0 NaN
vt 0 NaN
vt 0 NaN
vt 0 NaN
vt 0 NaN
vt 0 NaN
vt 0 NaN
vt 0 NaN
vt 0 NaN
vt 0 NaN
vt 0 NaN
vt 0 NaN
vt 0 NaN
vt 0 NaN
vt 0 NaN
vt 0 NaN
vt 0 NaN
vt 0 NaN
vt 0 NaN
vt 0 NaN
vt 0 NaN
vt 0 NaN
vt 0 NaN
vt 0 NaN
vt 0 NaN
vt 0 NaN
vt 0 NaN
vt 0 NaN
vt 0 NaN
vt 0 NaN
vt 0 NaN
vt 0 NaN
vt 0 NaN
vt 0 NaN
vt 0 NaN
vt 0 NaN
vt 0 NaN
vt 0 NaN
vt 0 NaN
vt 0 NaN
vt 0 NaN
vt 0 NaN
vt 0 NaN

usemtl color2

f 3/3/1 2/2/1 1/1/1
f 2/3/1 3/2/1 4/1/1
f 5/3/2 3/2/2 1/1/2
f 3/3/2 5/2/2 6/1/2
f 7/5/3 2/5/3 4/4/3
f 2/5/3 7/5/3 8/6/3
f 7/5/4 5/5/4 8/7/4
f 5/5/4 7/5/4 6/8/4
f 5/5/5 2/5/5 8/9/5
f 2/5/5 5/5/5 1/10/5
f 3/2/6 7/3/6 4/11/6
f 7/3/6 3/2/6 6/1/6
f 3/3/1 2/2/1 1/1/1
f 2/3/1 3/2/1 4/1/1
f 5/3/2 3/2/2 1/1/2
f 3/3/2 5/2/2 6/1/2
f 7/5/3 2/5/3 4/4/3
f 2/5/3 7/5/3 8/6/3
f 7/5/4 5/5/4 8/7/4
f 5/5/4 7/5/4 6/8/4
f 5/5/5 2/5/5 8/9/5
f 2/5/5 5/5/5 1/10/5
f 3/2/6 7/3/6 4/11/6
f 7/3/6 3/2/6 6/1/6
f 11/3/1 10/2/1 9/1/1
f 10/3/1 11/2/1 12/1/1
f 13/3/2 11/2/2 9/1/2
f 11/3/2 13/2/2 14/1/2
f 15/5/3 10/5/3 12/12/3
f 10/5/3 15/5/3 16/13/3
f 15/5/4 13/5/4 16/14/4
f 13/5/4 15/5/4 14/15/4
f 13/5/5 10/5/5 16/16/5
f 10/5/5 13/5/5 9/17/5
f 11/2/6 15/3/6 12/11/6
f 15/3/6 11/2/6 14/1/6
f 19/3/1 18/2/1 17/1/1
f 18/3/1 19/2/1 20/1/1
f 21/3/2 19/2/2 17/1/2
f 19/3/2 21/2/2 22/1/2
f 23/5/3 18/5/3 20/18/3
f 18/5/3 23/5/3 24/19/3
f 23/5/4 21/5/4 24/20/4
f 21/5/4 23/5/4 22/21/4
f 21/5/5 18/5/5 24/22/5
f 18/5/5 21/5/5 17/23/5
f 19/2/6 23/3/6 20/11/6
f 23/3/6 19/2/6 22/1/6
f 27/3/1 26/2/1 25/1/1
f 26/3/1 27/2/1 28/1/1
f 18/3/2 27/2/2 25/1/2
f 27/3/2 18/2/2 20/1/2
f 29/5/3 26/5/3 28/24/3
f 26/5/3 29/5/3 30/25/3
f 29/5/4 18/5/4 30/26/4
f 18/5/4 29/5/4 20/27/4
f 18/5/5 26/5/5 30/28/5
f 26/5/5 18/5/5 25/29/5
f 27/2/6 29/3/6 28/11/6
f 29/3/6 27/2/6 20/1/6
f 33/3/1 32/2/1 31/1/1
f 32/3/1 33/2/1 34/1/1
f 35/3/2 33/2/2 31/1/2
f 33/3/2 35/2/2 36/1/2
f 37/5/3 32/5/3 34/30/3
f 32/5/3 37/5/3 38/31/3
f 37/5/4 35/5/4 38/32/4
f 35/5/4 37/5/4 36/33/4
f 35/5/5 32/5/5 38/34/5
f 32/5/5 35/5/5 31/35/5
f 33/2/6 37/3/6 34/11/6
f 37/3/6 33/2/6 36/1/6
f 41/3/1 40/2/1 39/1/1
f 40/3/1 41/2/1 42/1/1
f 43/3/2 41/2/2 39/1/2
f 41/3/2 43/2/2 44/1/2
f 45/5/3 40/5/3 42/36/3
f 40/5/3 45/5/3 46/37/3
f 45/5/4 43/5/4 46/38/4
f 43/5/4 45/5/4 44/39/4
f 43/5/5 40/5/5 46/40/5
f 40/5/5 43/5/5 39/41/5
f 41/2/6 45/3/6 42/11/6
f 45/3/6 41/2/6 44/1/6
f 49/3/1 48/2/1 47/1/1
f 48/3/1 49/2/1 50/1/1
f 51/3/2 49/2/2 47/1/2
f 49/3/2 51/2/2 52/1/2
f 53/5/3 48/5/3 50/42/3
f 48/5/3 53/5/3 54/43/3
f 53/5/4 51/5/4 54/44/4
f 51/5/4 53/5/4 52/45/4
f 51/5/5 48/5/5 54/46/5
f 48/5/5 51/5/5 47/47/5
f 49/2/6 53/3/6 50/11/6
f 53/3/6 49/2/6 52/1/6
f 45/3/1 55/2/1 46/1/1
f 55/3/1 45/2/1 56/1/1
f 57/3/2 45/2/2 46/1/2
f 45/3/2 57/2/2 58/1/2
f 59/5/3 55/5/3 56/48/3
f 55/5/3 59/5/3 60/49/3
f 59/5/4 57/5/4 60/50/4
f 57/5/4 59/5/4 58/51/4
f 57/5/5 55/5/5 60/52/5
f 55/5/5 57/5/5 46/40/5
f 45/2/6 59/3/6 56/11/6
f 59/3/6 45/2/6 58/1/6
f 63/3/1 62/2/1 61/1/1
f 62/3/1 63/2/1 64/1/1
f 65/3/2 63/2/2 61/1/2
f 63/3/2 65/2/2 66/1/2
f 67/5/3 62/5/3 64/53/3
f 62/5/3 67/5/3 68/54/3
f 67/5/4 65/5/4 68/55/4
f 65/5/4 67/5/4 66/56/4
f 65/5/5 62/5/5 68/57/5
f 62/5/5 65/5/5 61/58/5
f 63/2/6 67/3/6 64/11/6
f 67/3/6 63/2/6 66/1/6
f 71/3/1 70/2/1 69/1/1
f 70/3/1 71/2/1 72/1/1
f 73/3/2 71/2/2 69/1/2
f 71/3/2 73/2/2 74/1/2
f 75/5/3 70/5/3 72/59/3
f 70/5/3 75/5/3 76/60/3
f 75/5/4 73/5/4 76/61/4
f 73/5/4 75/5/4 74/62/4
f 73/5/5 70/5/5 76/63/5
f 70/5/5 73/5/5 69/64/5
f 71/2/6 75/3/6 72/11/6
f 75/3/6 71/2/6 74/1/6

usemtl color3

f 6/3/1 8/2/1 5/1/1
f 8/3/1 6/2/1 7/1/1
f 77/3/2 6/2/2 5/1/2
f 6/3/2 77/2/2 78/1/2
f 79/5/3 8/6/3 7/5/3
f 8/6/3 79/5/3 80/65/3
f 79/5/4 77/5/4 80/66/4
f 77/5/4 79/5/4 78/67/4
f 77/5/5 8/9/5 80/68/5
f 8/9/5 77/5/5 5/5/5
f 6/2/6 79/3/6 7/11/6
f 79/3/6 6/2/6 78/1/6
f 83/3/1 82/2/1 81/1/1
f 82/3/1 83/2/1 84/1/1
f 2/3/2 83/2/2 81/1/2
f 83/3/2 2/2/2 4/1/2
f 85/5/3 82/5/3 84/69/3
f 82/5/3 85/5/3 86/70/3
f 85/5/4 2/5/4 86/71/4
f 2/5/4 85/5/4 4/72/4
f 2/5/5 82/5/5 86/73/5
f 82/5/5 2/5/5 81/74/5
f 83/2/6 85/3/6 84/11/6
f 85/3/6 83/2/6 4/1/6
f 89/3/1 88/2/1 87/1/1
f 88/3/1 89/2/1 90/1/1
f 91/3/2 89/2/2 87/1/2
f 89/3/2 91/2/2 92/1/2
f 93/5/3 88/5/3 90/75/3
f 88/5/3 93/5/3 94/76/3
f 93/5/4 91/5/4 94/77/4
f 91/5/4 93/5/4 92/78/4
f 91/5/5 88/5/5 94/79/5
f 88/5/5 91/5/5 87/80/5
f 89/2/6 93/3/6 90/11/6
f 93/3/6 89/2/6 92/1/6
f 97/3/1 96/2/1 95/1/1
f 96/3/1 97/2/1 98/1/1
f 99/3/2 97/2/2 95/1/2
f 97/3/2 99/2/2 100/1/2
f 101/5/3 96/5/3 98/81/3
f 96/5/3 101/5/3 102/82/3
f 101/5/4 99/5/4 102/83/4
f 99/5/4 101/5/4 100/84/4
f 99/5/5 96/5/5 102/85/5
f 96/5/5 99/5/5 95/86/5
f 97/2/6 101/3/6 98/11/6
f 101/3/6 97/2/6 100/1/6
f 105/3/1 104/2/1 103/1/1
f 104/3/1 105/2/1 106/1/1
f 107/3/2 105/2/2 103/1/2
f 105/3/2 107/2/2 108/1/2
f 109/5/3 104/5/3 106/87/3
f 104/5/3 109/5/3 110/88/3
f 109/5/4 107/5/4 110/89/4
f 107/5/4 109/5/4 108/90/4
f 107/5/5 104/5/5 110/91/5
f 104/5/5 107/5/5 103/92/5
f 105/2/6 109/3/6 106/11/6
f 109/3/6 105/2/6 108/1/6
f 113/3/1 112/2/1 111/1/1
f 112/3/1 113/2/1 114/1/1
f 115/3/2 113/2/2 111/1/2
f 113/3/2 115/2/2 116/1/2
f 117/5/3 112/5/3 114/93/3
f 112/5/3 117/5/3 118/94/3
f 117/5/4 115/5/4 118/95/4
f 115/5/4 117/5/4 116/96/4
f 115/5/5 112/5/5 118/97/5
f 112/5/5 115/5/5 111/98/5
f 113/2/6 117/3/6 114/11/6
f 117/3/6 113/2/6 116/1/6
f 120/3/1 21/2/1 119/1/1
f 21/3/1 120/2/1 22/1/1
f 121/3/2 120/2/2 119/1/2
f 120/3/2 121/2/2 122/1/2
f 123/5/3 21/5/3 22/99/3
f 21/5/3 123/5/3 124/100/3
f 123/5/4 121/5/4 124/101/4
f 121/5/4 123/5/4 122/102/4
f 121/5/5 21/5/5 124/103/5
f 21/5/5 121/5/5 119/104/5
f 120/2/6 123/3/6 22/11/6
f 123/3/6 120/2/6 122/1/6
f 127/3/1 126/2/1 125/1/1
f 126/3/1 127/2/1 128/1/1
f 129/3/2 127/2/2 125/1/2
f 127/3/2 129/2/2 130/1/2
f 131/5/3 126/5/3 128/105/3
f 126/5/3 131/5/3 132/106/3
f 131/5/4 129/5/4 132/107/4
f 129/5/4 131/5/4 130/108/4
f 129/5/5 126/5/5 132/109/5
f 126/5/5 129/5/5 125/110/5
f 127/2/6 131/3/6 128/11/6
f 131/3/6 127/2/6 130/1/6
f 135/3/1 134/2/1 133/1/1
f 134/3/1 135/2/1 136/1/1
f 137/3/2 135/2/2 133/1/2
f 135/3/2 137/2/2 138/1/2
f 139/5/3 134/5/3 136/111/3
f 134/5/3 139/5/3 140/112/3
f 139/5/4 137/5/4 140/113/4
f 137/5/4 139/5/4 138/114/4
f 137/5/5 134/5/5 140/115/5
f 134/5/5 137/5/5 133/116/5
f 135/2/6 139/3/6 136/11/6
f 139/3/6 135/2/6 138/1/6
f 143/3/1 142/2/1 141/1/1
f 142/3/1 143/2/1 144/1/1
f 145/3/2 143/2/2 141/1/2
f 143/3/2 145/2/2 146/1/2
f 147/5/3 142/5/3 144/117/3
f 142/5/3 147/5/3 148/118/3
f 147/5/4 145/5/4 148/119/4
f 145/5/4 147/5/4 146/120/4
f 145/5/5 142/5/5 148/121/5
f 142/5/5 145/5/5 141/122/5
f 143/2/6 147/3/6 144/11/6
f 147/3/6 143/2/6 146/1/6
f 147/3/1 149/2/1 148/1/1
f 149/3/1 147/2/1 150/1/1
f 151/3/2 147/2/2 148/1/2
f 147/3/2 151/2/2 152/1/2
f 153/5/3 149/5/3 150/123/3
f 149/5/3 153/5/3 154/124/3
f 153/5/4 151/5/4 154/125/4
f 151/5/4 153/5/4 152/126/4
f 151/5/5 149/5/5 154/127/5
f 149/5/5 151/5/5 148/121/5
f 147/2/6 153/3/6 150/11/6
f 153/3/6 147/2/6 152/1/6
f 157/3/1 156/2/1 155/1/1
f 156/3/1 157/2/1 158/1/1
f 159/3/2 157/2/2 155/1/2
f 157/3/2 159/2/2 160/1/2
f 161/5/3 156/5/3 158/128/3
f 156/5/3 161/5/3 162/129/3
f 161/5/4 159/5/4 162/130/4
f 159/5/4 161/5/4 160/131/4
f 159/5/5 156/5/5 162/132/5
f 156/5/5 159/5/5 155/133/5
f 157/2/6 161/3/6 158/11/6
f 161/3/6 157/2/6 160/1/6
f 165/3/1 164/2/1 163/1/1
f 164/3/1 165/2/1 166/1/1
f 167/3/2 165/2/2 163/1/2
f 165/3/2 167/2/2 168/1/2
f 169/5/3 164/5/3 166/134/3
f 164/5/3 169/5/3 170/135/3
f 169/5/4 167/5/4 170/136/4
f 167/5/4 169/5/4 168/137/4
f 167/5/5 164/5/5 170/138/5
f 164/5/5 167/5/5 163/139/5
f 165/2/6 169/3/6 166/11/6
f 169/3/6 165/2/6 168/1/6
f 161/3/1 171/2/1 162/1/1
f 171/3/1 161/2/1 172/1/1
f 32/3/2 161/2/2 162/1/2
f 161/3/2 32/2/2 34/1/2
f 173/5/3 171/5/3 172/140/3
f 171/5/3 173/5/3 174/141/3
f 173/5/4 32/5/4 174/142/4
f 32/5/4 173/5/4 34/143/4
f 32/5/5 171/5/5 174/144/5
f 171/5/5 32/5/5 162/132/5
f 161/2/6 173/3/6 172/11/6
f 173/3/6 161/2/6 34/1/6
f 177/3/1 176/2/1 175/1/1
f 176/3/1 177/2/1 178/1/1
f 179/3/2 177/2/2 175/1/2
f 177/3/2 179/2/2 180/1/2
f 181/5/3 176/5/3 178/145/3
f 176/5/3 181/5/3 182/146/3
f 181/5/4 179/5/4 182/147/4
f 179/5/4 181/5/4 180/148/4
f 179/5/5 176/5/5 182/149/5
f 176/5/5 179/5/5 175/150/5
f 177/2/6 181/3/6 178/11/6
f 181/3/6 177/2/6 180/1/6
f 185/3/1 184/2/1 183/1/1
f 184/3/1 185/2/1 186/1/1
f 187/3/2 185/2/2 183/1/2
f 185/3/2 187/2/2 188/1/2
f 189/5/3 184/5/3 186/151/3
f 184/5/3 189/5/3 190/152/3
f 189/5/4 187/5/4 190/153/4
f 187/5/4 189/5/4 188/154/4
f 187/5/5 184/5/5 190/155/5
f 184/5/5 187/5/5 183/156/5
f 185/2/6 189/3/6 186/11/6
f 189/3/6 185/2/6 188/1/6
f 193/3/1 192/2/1 191/1/1
f 192/3/1 193/2/1 194/1/1
f 195/3/2 193/2/2 191/1/2
f 193/3/2 195/2/2 196/1/2
f 197/5/3 192/5/3 194/157/3
f 192/5/3 197/5/3 198/158/3
f 197/5/4 195/5/4 198/159/4
f 195/5/4 197/5/4 196/160/4
f 195/5/5 192/5/5 198/161/5
f 192/5/5 195/5/5 191/162/5
f 193/2/6 197/3/6 194/11/6
f 197/3/6 193/2/6 196/1/6
f 201/3/1 200/2/1 199/1/1
f 200/3/1 201/2/1 202/1/1
f 203/3/2 201/2/2 199/1/2
f 201/3/2 203/2/2 204/1/2
f 205/5/3 200/5/3 202/163/3
f 200/5/3 205/5/3 206/164/3
f 205/5/4 203/5/4 206/165/4
f 203/5/4 205/5/4 204/166/4
f 203/5/5 200/5/5 206/167/5
f 200/5/5 203/5/5 199/168/5
f 201/2/6 205/3/6 202/11/6
f 205/3/6 201/2/6 204/1/6
f 209/3/1 208/2/1 207/1/1
f 208/3/1 209/2/1 210/1/1
f 211/3/2 209/2/2 207/1/2
f 209/3/2 211/2/2 212/1/2
f 213/5/3 208/5/3 210/169/3
f 208/5/3 213/5/3 214/170/3
f 213/5/4 211/5/4 214/171/4
f 211/5/4 213/5/4 212/172/4
f 211/5/5 208/5/5 214/173/5
f 208/5/5 211/5/5 207/174/5
f 209/2/6 213/3/6 210/11/6
f 213/3/6 209/2/6 212/1/6
f 217/3/1 216/2/1 215/1/1
f 216/3/1 217/2/1 218/1/1
f 206/3/2 217/2/2 215/1/2
f 217/3/2 206/2/2 205/1/2
f 219/5/3 216/5/3 218/175/3
f 216/5/3 219/5/3 220/176/3
f 219/5/4 206/165/4 220/177/4
f 206/165/4 219/5/4 205/5/4
f 206/167/5 216/5/5 220/178/5
f 216/5/5 206/167/5 215/179/5
f 217/2/6 219/3/6 218/11/6
f 219/3/6 217/2/6 205/1/6
f 223/3/1 222/2/1 221/1/1
f 222/3/1 223/2/1 224/1/1
f 225/3/2 223/2/2 221/1/2
f 223/3/2 225/2/2 226/1/2
f 227/5/3 222/5/3 224/180/3
f 222/5/3 227/5/3 228/181/3
f 227/5/4 225/5/4 228/182/4
f 225/5/4 227/5/4 226/183/4
f 225/5/5 222/5/5 228/184/5
f 222/5/5 225/5/5 221/185/5
f 223/2/6 227/3/6 224/11/6
f 227/3/6 223/2/6 226/1/6
f 231/3/1 230/2/1 229/1/1
f 230/3/1 231/2/1 232/1/1
f 233/3/2 231/2/2 229/1/2
f 231/3/2 233/2/2 234/1/2
f 218/175/3 230/5/3 232/186/3
f 230/5/3 218/175/3 216/5/3
f 218/5/4 233/5/4 216/187/4
f 233/5/4 218/5/4 234/188/4
f 233/5/5 230/5/5 216/5/5
f 230/5/5 233/5/5 229/189/5
f 231/2/6 218/3/6 232/11/6
f 218/3/6 231/2/6 234/1/6
f 237/3/1 236/2/1 235/1/1
f 236/3/1 237/2/1 238/1/1
f 239/3/2 237/2/2 235/1/2
f 237/3/2 239/2/2 240/1/2
f 241/5/3 236/5/3 238/190/3
f 236/5/3 241/5/3 242/191/3
f 241/5/4 239/5/4 242/192/4
f 239/5/4 241/5/4 240/193/4
f 239/5/5 236/5/5 242/194/5
f 236/5/5 239/5/5 235/195/5
f 237/2/6 241/3/6 238/11/6
f 241/3/6 237/2/6 240/1/6
f 245/3/1 244/2/1 243/1/1
f 244/3/1 245/2/1 246/1/1
f 247/3/2 245/2/2 243/1/2
f 245/3/2 247/2/2 248/1/2
f 249/5/3 244/5/3 246/196/3
f 244/5/3 249/5/3 250/197/3
f 249/5/4 247/5/4 250/198/4
f 247/5/4 249/5/4 248/199/4
f 247/5/5 244/5/5 250/200/5
f 244/5/5 247/5/5 243/201/5
f 245/2/6 249/3/6 246/11/6
f 249/3/6 245/2/6 248/1/6
f 253/3/1 252/2/1 251/1/1
f 252/3/1 253/2/1 254/1/1
f 255/3/2 253/2/2 251/1/2
f 253/3/2 255/2/2 256/1/2
f 257/5/3 252/5/3 254/202/3
f 252/5/3 257/5/3 258/203/3
f 257/5/4 255/5/4 258/204/4
f 255/5/4 257/5/4 256/205/4
f 255/5/5 252/5/5 258/206/5
f 252/5/5 255/5/5 251/207/5
f 253/2/6 257/3/6 254/11/6
f 257/3/6 253/2/6 256/1/6
f 261/3/1 260/2/1 259/1/1
f 260/3/1 261/2/1 262/1/1
f 263/3/2 261/2/2 259/1/2
f 261/3/2 263/2/2 264/1/2
f 49/5/3 260/5/3 262/208/3
f 260/5/3 49/5/3 47/209/3
f 49/5/4 263/5/4 47/210/4
f 263/5/4 49/5/4 264/211/4
f 263/5/5 260/5/5 47/47/5
f 260/5/5 263/5/5 259/212/5
f 261/2/6 49/3/6 262/11/6
f 49/3/6 261/2/6 264/1/6
f 267/3/1 266/2/1 265/1/1
f 266/3/1 267/2/1 268/1/1
f 269/3/2 267/2/2 265/1/2
f 267/3/2 269/2/2 270/1/2
f 271/5/3 266/5/3 268/213/3
f 266/5/3 271/5/3 272/214/3
f 271/5/4 269/5/4 272/215/4
f 269/5/4 271/5/4 270/216/4
f 269/5/5 266/5/5 272/217/5
f 266/5/5 269/5/5 265/218/5
f 267/2/6 271/3/6 268/11/6
f 271/3/6 267/2/6 270/1/6
f 275/3/1 274/2/1 273/1/1
f 274/3/1 275/2/1 276/1/1
f 260/3/2 275/2/2 273/1/2
f 275/3/2 260/2/2 262/1/2
f 277/5/3 274/5/3 276/219/3
f 274/5/3 277/5/3 278/220/3
f 277/5/4 260/5/4 278/221/4
f 260/5/4 277/5/4 262/222/4
f 260/5/5 274/5/5 278/223/5
f 274/5/5 260/5/5 273/224/5
f 275/2/6 277/3/6 276/11/6
f 277/3/6 275/2/6 262/1/6
f 281/3/1 280/2/1 279/1/1
f 280/3/1 281/2/1 282/1/1
f 283/3/2 281/2/2 279/1/2
f 281/3/2 283/2/2 284/1/2
f 285/5/3 280/5/3 282/225/3
f 280/5/3 285/5/3 286/226/3
f 285/5/4 283/5/4 286/227/4
f 283/5/4 285/5/4 284/228/4
f 283/5/5 280/5/5 286/229/5
f 280/5/5 283/5/5 279/230/5
f 281/2/6 285/3/6 282/11/6
f 285/3/6 281/2/6 284/1/6
f 289/3/1 288/2/1 287/1/1
f 288/3/1 289/2/1 290/1/1
f 266/3/2 289/2/2 287/1/2
f 289/3/2 266/2/2 268/1/2
f 291/5/3 288/5/3 290/231/3
f 288/5/3 291/5/3 292/232/3
f 291/5/4 266/5/4 292/233/4
f 266/5/4 291/5/4 268/234/4
f 266/5/5 288/5/5 292/235/5
f 288/5/5 266/5/5 287/236/5
f 289/2/6 291/3/6 290/11/6
f 291/3/6 289/2/6 268/1/6
f 59/3/1 293/2/1 60/1/1
f 293/3/1 59/2/1 294/1/1
f 295/3/2 59/2/2 60/1/2
f 59/3/2 295/2/2 296/1/2
f 297/5/3 293/5/3 294/237/3
f 293/5/3 297/5/3 298/238/3
f 297/5/4 295/5/4 298/239/4
f 295/5/4 297/5/4 296/240/4
f 295/5/5 293/5/5 298/241/5
f 293/5/5 295/5/5 60/52/5
f 59/2/6 297/3/6 294/11/6
f 297/3/6 59/2/6 296/1/6
f 301/3/1 300/2/1 299/1/1
f 300/3/1 301/2/1 302/1/1
f 303/3/2 301/2/2 299/1/2
f 301/3/2 303/2/2 304/1/2
f 305/5/3 300/5/3 302/242/3
f 300/5/3 305/5/3 306/243/3
f 305/5/4 303/5/4 306/244/4
f 303/5/4 305/5/4 304/245/4
f 303/5/5 300/5/5 306/246/5
f 300/5/5 303/5/5 299/247/5
f 301/2/6 305/3/6 302/11/6
f 305/3/6 301/2/6 304/1/6
f 309/3/1 308/2/1 307/1/1
f 308/3/1 309/2/1 310/1/1
f 311/3/2 309/2/2 307/1/2
f 309/3/2 311/2/2 312/1/2
f 313/5/3 308/5/3 310/248/3
f 308/5/3 313/5/3 314/249/3
f 313/5/4 311/5/4 314/250/4
f 311/5/4 313/5/4 312/251/4
f 311/5/5 308/5/5 314/252/5
f 308/5/5 311/5/5 307/253/5
f 309/2/6 313/3/6 310/11/6
f 313/3/6 309/2/6 312/1/6
f 317/3/1 316/2/1 315/1/1
f 316/3/1 317/2/1 318/1/1
f 319/3/2 317/2/2 315/1/2
f 317/3/2 319/2/2 320/1/2
f 321/5/3 316/5/3 318/254/3
f 316/5/3 321/5/3 322/255/3
f 321/5/4 319/5/4 322/256/4
f 319/5/4 321/5/4 320/257/4
f 319/5/5 316/5/5 322/258/5
f 316/5/5 319/5/5 315/259/5
f 317/2/6 321/3/6 318/11/6
f 321/3/6 317/2/6 320/1/6
f 325/3/1 324/2/1 323/1/1
f 324/3/1 325/2/1 326/1/1
f 327/3/2 325/2/2 323/1/2
f 325/3/2 327/2/2 328/1/2
f 329/5/3 324/5/3 326/260/3
f 324/5/3 329/5/3 330/261/3
f 329/5/4 327/5/4 330/262/4
f 327/5/4 329/5/4 328/263/4
f 327/5/5 324/5/5 330/264/5
f 324/5/5 327/5/5 323/265/5
f 325/2/6 329/3/6 326/11/6
f 329/3/6 325/2/6 328/1/6
f 333/3/1 332/2/1 331/1/1
f 332/3/1 333/2/1 334/1/1
f 335/3/2 333/2/2 331/1/2
f 333/3/2 335/2/2 336/1/2
f 71/5/3 332/5/3 334/266/3
f 332/5/3 71/5/3 69/267/3
f 71/5/4 335/5/4 69/268/4
f 335/5/4 71/5/4 336/269/4
f 335/5/5 332/5/5 69/64/5
f 332/5/5 335/5/5 331/270/5
f 333/2/6 71/3/6 334/11/6
f 71/3/6 333/2/6 336/1/6
f 339/3/1 338/2/1 337/1/1
f 338/3/1 339/2/1 340/1/1
f 341/3/2 339/2/2 337/1/2
f 339/3/2 341/2/2 342/1/2
f 343/5/3 338/5/3 340/271/3
f 338/5/3 343/5/3 344/272/3
f 343/5/4 341/5/4 344/273/4
f 341/5/4 343/5/4 342/274/4
f 341/5/5 338/5/5 344/275/5
f 338/5/5 341/5/5 337/276/5
f 339/2/6 343/3/6 340/11/6
f 343/3/6 339/2/6 342/1/6
f 74/3/1 76/2/1 73/1/1
f 76/3/1 74/2/1 75/1/1
f 345/3/2 74/2/2 73/1/2
f 74/3/2 345/2/2 346/1/2
f 347/5/3 76/60/3 75/5/3
f 76/60/3 347/5/3 348/277/3
f 347/5/4 345/5/4 348/278/4
f 345/5/4 347/5/4 346/279/4
f 345/5/5 76/63/5 348/280/5
f 76/63/5 345/5/5 73/5/5
f 74/2/6 347/3/6 75/11/6
f 347/3/6 74/2/6 346/1/6

usemtl color4

f 78/3/1 80/2/1 77/1/1
f 80/3/1 78/2/1 79/1/1
f 349/3/2 78/2/2 77/1/2
f 78/3/2 349/2/2 350/1/2
f 89/5/3 80/65/3 79/5/3
f 80/65/3 89/5/3 87/281/3
f 89/5/4 349/5/4 87/282/4
f 349/5/4 89/5/4 350/283/4
f 349/5/5 80/68/5 87/80/5
f 80/68/5 349/5/5 77/5/5
f 78/2/6 89/3/6 79/11/6
f 89/3/6 78/2/6 350/1/6
f 100/3/1 102/2/1 99/1/1
f 102/3/1 100/2/1 101/1/1
f 103/3/2 100/2/2 99/1/2
f 100/3/2 103/2/2 105/1/2
f 106/87/3 102/82/3 101/5/3
f 102/82/3 106/87/3 104/5/3
f 106/5/4 103/5/4 104/284/4
f 103/5/4 106/5/4 105/285/4
f 103/92/5 102/85/5 104/5/5
f 102/85/5 103/92/5 99/5/5
f 100/2/6 106/3/6 101/11/6
f 106/3/6 100/2/6 105/1/6
f 108/3/1 110/2/1 107/1/1
f 110/3/1 108/2/1 109/1/1
f 351/3/2 108/2/2 107/1/2
f 108/3/2 351/2/2 352/1/2
f 353/5/3 110/88/3 109/5/3
f 110/88/3 353/5/3 354/286/3
f 353/5/4 351/5/4 354/287/4
f 351/5/4 353/5/4 352/288/4
f 351/5/5 110/91/5 354/289/5
f 110/91/5 351/5/5 107/5/5
f 108/2/6 353/3/6 109/11/6
f 353/3/6 108/2/6 352/1/6
f 189/3/1 355/2/1 190/1/1
f 355/3/1 189/2/1 356/1/1
f 357/3/2 189/2/2 190/1/2
f 189/3/2 357/2/2 358/1/2
f 226/5/3 355/5/3 356/290/3
f 355/5/3 226/5/3 225/291/3
f 226/183/4 357/5/4 225/5/4
f 357/5/4 226/183/4 358/292/4
f 357/5/5 355/5/5 225/5/5
f 355/5/5 357/5/5 190/155/5
f 189/2/6 226/3/6 356/11/6
f 226/3/6 189/2/6 358/1/6
f 360/3/1 247/2/1 359/1/1
f 247/3/1 360/2/1 248/1/1
f 228/3/2 360/2/2 359/1/2
f 360/3/2 228/2/2 227/1/2
f 361/5/3 247/5/3 248/293/3
f 247/5/3 361/5/3 362/294/3
f 361/5/4 228/182/4 362/295/4
f 228/182/4 361/5/4 227/5/4
f 228/184/5 247/5/5 362/296/5
f 247/5/5 228/184/5 359/297/5
f 360/2/6 361/3/6 248/11/6
f 361/3/6 360/2/6 227/1/6
f 312/3/1 314/2/1 311/1/1
f 314/3/1 312/2/1 313/1/1
f 315/3/2 312/2/2 311/1/2
f 312/3/2 315/2/2 317/1/2
f 318/254/3 314/249/3 313/5/3
f 314/249/3 318/254/3 316/5/3
f 318/5/4 315/5/4 316/298/4
f 315/5/4 318/5/4 317/299/4
f 315/259/5 314/252/5 316/5/5
f 314/252/5 315/259/5 311/5/5
f 312/2/6 318/3/6 313/11/6
f 318/3/6 312/2/6 317/1/6
f 320/3/1 322/2/1 319/1/1
f 322/3/1 320/2/1 321/1/1
f 363/3/2 320/2/2 319/1/2
f 320/3/2 363/2/2 364/1/2
f 365/5/3 322/255/3 321/5/3
f 322/255/3 365/5/3 366/300/3
f 365/5/4 363/5/4 366/301/4
f 363/5/4 365/5/4 364/302/4
f 363/5/5 322/258/5 366/303/5
f 322/258/5 363/5/5 319/5/5
f 320/2/6 365/3/6 321/11/6
f 365/3/6 320/2/6 364/1/6
f 346/3/1 348/2/1 345/1/1
f 348/3/1 346/2/1 347/1/1
f 338/3/2 346/2/2 345/1/2
f 346/3/2 338/2/2 340/1/2
f 367/5/3 348/277/3 347/5/3
f 348/277/3 367/5/3 368/304/3
f 367/5/4 338/5/4 368/305/4
f 338/5/4 367/5/4 340/306/4
f 338/5/5 348/280/5 368/307/5
f 348/280/5 338/5/5 345/5/5
f 346/2/6 367/3/6 347/11/6
f 367/3/6 346/2/6 340/1/6

usemtl color5

f 4/3/1 86/2/1 2/1/1
f 86/3/1 4/2/1 85/1/1
f 8/3/2 4/2/2 2/1/2
f 4/3/2 8/2/2 7/1/2
f 369/5/3 86/70/3 85/5/3
f 86/70/3 369/5/3 370/308/3
f 369/5/4 8/7/4 370/309/4
f 8/7/4 369/5/4 7/5/4
f 8/9/5 86/73/5 370/310/5
f 86/73/5 8/9/5 2/5/5
f 4/2/6 369/3/6 85/11/6
f 369/3/6 4/2/6 7/1/6
f 79/3/1 371/2/1 80/1/1
f 371/3/1 79/2/1 372/1/1
f 87/3/2 79/2/2 80/1/2
f 79/3/2 87/2/2 89/1/2
f 90/75/3 371/5/3 372/311/3
f 371/5/3 90/75/3 88/5/3
f 90/5/4 87/282/4 88/312/4
f 87/282/4 90/5/4 89/5/4
f 87/80/5 371/5/5 88/5/5
f 371/5/5 87/80/5 80/68/5
f 79/2/6 90/3/6 372/11/6
f 90/3/6 79/2/6 89/1/6
f 92/3/1 94/2/1 91/1/1
f 94/3/1 92/2/1 93/1/1
f 373/3/2 92/2/2 91/1/2
f 92/3/2 373/2/2 374/1/2
f 375/5/3 94/76/3 93/5/3
f 94/76/3 375/5/3 376/313/3
f 375/5/4 373/5/4 376/314/4
f 373/5/4 375/5/4 374/315/4
f 373/5/5 94/79/5 376/316/5
f 94/79/5 373/5/5 91/5/5
f 92/2/6 375/3/6 93/11/6
f 375/3/6 92/2/6 374/1/6
f 369/3/1 377/2/1 370/1/1
f 377/3/1 369/2/1 378/1/1
f 371/3/2 369/2/2 370/1/2
f 369/3/2 371/2/2 372/1/2
f 379/5/3 377/5/3 378/317/3
f 377/5/3 379/5/3 380/318/3
f 379/5/4 371/5/4 380/319/4
f 371/5/4 379/5/4 372/320/4
f 371/5/5 377/5/5 380/321/5
f 377/5/5 371/5/5 370/310/5
f 369/2/6 379/3/6 378/11/6
f 379/3/6 369/2/6 372/1/6
f 383/3/1 382/2/1 381/1/1
f 382/3/1 383/2/1 384/1/1
f 385/3/2 383/2/2 381/1/2
f 383/3/2 385/2/2 386/1/2
f 387/5/3 382/5/3 384/322/3
f 382/5/3 387/5/3 388/323/3
f 387/5/4 385/5/4 388/324/4
f 385/5/4 387/5/4 386/325/4
f 385/5/5 382/5/5 388/326/5
f 382/5/5 385/5/5 381/327/5
f 383/2/6 387/3/6 384/11/6
f 387/3/6 383/2/6 386/1/6
f 386/3/1 389/2/1 385/1/1
f 389/3/1 386/2/1 390/1/1
f 391/3/2 386/2/2 385/1/2
f 386/3/2 391/2/2 392/1/2
f 393/5/3 389/5/3 390/328/3
f 389/5/3 393/5/3 394/329/3
f 393/5/4 391/5/4 394/330/4
f 391/5/4 393/5/4 392/331/4
f 391/5/5 389/5/5 394/332/5
f 389/5/5 391/5/5 385/5/5
f 386/2/6 393/3/6 390/11/6
f 393/3/6 386/2/6 392/1/6
f 397/3/1 396/2/1 395/1/1
f 396/3/1 397/2/1 398/1/1
f 111/3/2 397/2/2 395/1/2
f 397/3/2 111/2/2 113/1/2
f 114/93/3 396/5/3 398/333/3
f 396/5/3 114/93/3 112/5/3
f 114/5/4 111/5/4 112/334/4
f 111/5/4 114/5/4 113/335/4
f 111/98/5 396/5/5 112/5/5
f 396/5/5 111/98/5 395/336/5
f 397/2/6 114/3/6 398/11/6
f 114/3/6 397/2/6 113/1/6
f 122/3/1 399/2/1 121/1/1
f 399/3/1 122/2/1 400/1/1
f 401/3/2 122/2/2 121/1/2
f 122/3/2 401/2/2 402/1/2
f 403/5/3 399/5/3 400/337/3
f 399/5/3 403/5/3 404/338/3
f 403/5/4 401/5/4 404/339/4
f 401/5/4 403/5/4 402/340/4
f 401/5/5 399/5/5 404/341/5
f 399/5/5 401/5/5 121/5/5
f 122/2/6 403/3/6 400/11/6
f 403/3/6 122/2/6 402/1/6
f 407/3/1 406/2/1 405/1/1
f 406/3/1 407/2/1 408/1/1
f 409/3/2 407/2/2 405/1/2
f 407/3/2 409/2/2 410/1/2
f 411/5/3 406/5/3 408/342/3
f 406/5/3 411/5/3 412/343/3
f 411/5/4 409/5/4 412/344/4
f 409/5/4 411/5/4 410/345/4
f 409/5/5 406/5/5 412/346/5
f 406/5/5 409/5/5 405/347/5
f 407/2/6 411/3/6 408/11/6
f 411/3/6 407/2/6 410/1/6
f 415/3/1 414/2/1 413/1/1
f 414/3/1 415/2/1 416/1/1
f 417/3/2 415/2/2 413/1/2
f 415/3/2 417/2/2 418/1/2
f 419/5/3 414/5/3 416/348/3
f 414/5/3 419/5/3 420/349/3
f 419/5/4 417/5/4 420/350/4
f 417/5/4 419/5/4 418/351/4
f 417/5/5 414/5/5 420/352/5
f 414/5/5 417/5/5 413/353/5
f 415/2/6 419/3/6 416/11/6
f 419/3/6 415/2/6 418/1/6
f 423/3/1 422/2/1 421/1/1
f 422/3/1 423/2/1 424/1/1
f 425/3/2 423/2/2 421/1/2
f 423/3/2 425/2/2 426/1/2
f 427/5/3 422/5/3 424/354/3
f 422/5/3 427/5/3 428/355/3
f 427/5/4 425/5/4 428/356/4
f 425/5/4 427/5/4 426/357/4
f 425/5/5 422/5/5 428/358/5
f 422/5/5 425/5/5 421/359/5
f 423/2/6 427/3/6 424/11/6
f 427/3/6 423/2/6 426/1/6
f 431/3/1 430/2/1 429/1/1
f 430/3/1 431/2/1 432/1/1
f 433/3/2 431/2/2 429/1/2
f 431/3/2 433/2/2 434/1/2
f 435/5/3 430/5/3 432/360/3
f 430/5/3 435/5/3 436/361/3
f 435/5/4 433/5/4 436/362/4
f 433/5/4 435/5/4 434/363/4
f 433/5/5 430/5/5 436/364/5
f 430/5/5 433/5/5 429/365/5
f 431/2/6 435/3/6 432/11/6
f 435/3/6 431/2/6 434/1/6
f 22/3/1 437/2/1 21/1/1
f 437/3/1 22/2/1 438/1/1
f 124/3/2 22/2/2 21/1/2
f 22/3/2 124/2/2 123/1/2
f 439/5/3 437/5/3 438/366/3
f 437/5/3 439/5/3 440/367/3
f 439/5/4 124/101/4 440/368/4
f 124/101/4 439/5/4 123/5/4
f 124/103/5 437/5/5 440/369/5
f 437/5/5 124/103/5 21/5/5
f 22/2/6 439/3/6 438/11/6
f 439/3/6 22/2/6 123/1/6
f 442/3/1 404/2/1 441/1/1
f 404/3/1 442/2/1 403/1/1
f 443/3/2 442/2/2 441/1/2
f 442/3/2 443/2/2 444/1/2
f 408/342/3 404/338/3 403/5/3
f 404/338/3 408/342/3 406/5/3
f 408/5/4 443/5/4 406/370/4
f 443/5/4 408/5/4 444/371/4
f 443/5/5 404/341/5 406/5/5
f 404/341/5 443/5/5 441/372/5
f 442/2/6 408/3/6 403/11/6
f 408/3/6 442/2/6 444/1/6
f 446/3/1 412/2/1 445/1/1
f 412/3/1 446/2/1 411/1/1
f 447/3/2 446/2/2 445/1/2
f 446/3/2 447/2/2 448/1/2
f 416/348/3 412/343/3 411/5/3
f 412/343/3 416/348/3 414/5/3
f 416/5/4 447/5/4 414/373/4
f 447/5/4 416/5/4 448/374/4
f 447/5/5 412/346/5 414/5/5
f 412/346/5 447/5/5 445/375/5
f 446/2/6 416/3/6 411/11/6
f 416/3/6 446/2/6 448/1/6
f 451/3/1 450/2/1 449/1/1
f 450/3/1 451/2/1 452/1/1
f 453/3/2 451/2/2 449/1/2
f 451/3/2 453/2/2 454/1/2
f 455/5/3 450/5/3 452/376/3
f 450/5/3 455/5/3 456/377/3
f 455/5/4 453/5/4 456/378/4
f 453/5/4 455/5/4 454/379/4
f 453/5/5 450/5/5 456/380/5
f 450/5/5 453/5/5 449/381/5
f 451/2/6 455/3/6 452/11/6
f 455/3/6 451/2/6 454/1/6
f 459/3/1 458/2/1 457/1/1
f 458/3/1 459/2/1 460/1/1
f 461/3/2 459/2/2 457/1/2
f 459/3/2 461/2/2 462/1/2
f 463/5/3 458/5/3 460/382/3
f 458/5/3 463/5/3 464/383/3
f 463/5/4 461/5/4 464/384/4
f 461/5/4 463/5/4 462/385/4
f 461/5/5 458/5/5 464/386/5
f 458/5/5 461/5/5 457/387/5
f 459/2/6 463/3/6 460/11/6
f 463/3/6 459/2/6 462/1/6
f 467/3/1 466/2/1 465/1/1
f 466/3/1 467/2/1 468/1/1
f 469/3/2 467/2/2 465/1/2
f 467/3/2 469/2/2 470/1/2
f 471/5/3 466/5/3 468/388/3
f 466/5/3 471/5/3 472/389/3
f 471/5/4 469/5/4 472/390/4
f 469/5/4 471/5/4 470/391/4
f 469/5/5 466/5/5 472/392/5
f 466/5/5 469/5/5 465/393/5
f 467/2/6 471/3/6 468/11/6
f 471/3/6 467/2/6 470/1/6
f 470/3/1 473/2/1 469/1/1
f 473/3/1 470/2/1 474/1/1
f 475/3/2 470/2/2 469/1/2
f 470/3/2 475/2/2 476/1/2
f 477/5/3 473/5/3 474/394/3
f 473/5/3 477/5/3 478/395/3
f 477/5/4 475/5/4 478/396/4
f 475/5/4 477/5/4 476/397/4
f 475/5/5 473/5/5 478/398/5
f 473/5/5 475/5/5 469/5/5
f 470/2/6 477/3/6 474/11/6
f 477/3/6 470/2/6 476/1/6
f 20/3/1 479/2/1 18/1/1
f 479/3/1 20/2/1 480/1/1
f 24/3/2 20/2/2 18/1/2
f 20/3/2 24/2/2 23/1/2
f 438/366/3 479/5/3 480/399/3
f 479/5/3 438/366/3 437/5/3
f 438/5/4 24/20/4 437/400/4
f 24/20/4 438/5/4 23/5/4
f 24/22/5 479/5/5 437/5/5
f 479/5/5 24/22/5 18/5/5
f 20/2/6 438/3/6 480/11/6
f 438/3/6 20/2/6 23/1/6
f 483/3/1 482/2/1 481/1/1
f 482/3/1 483/2/1 484/1/1
f 420/3/2 483/2/2 481/1/2
f 483/3/2 420/2/2 419/1/2
f 452/376/3 482/5/3 484/401/3
f 482/5/3 452/376/3 450/5/3
f 452/5/4 420/350/4 450/402/4
f 420/350/4 452/5/4 419/5/4
f 420/352/5 482/5/5 450/5/5
f 482/5/5 420/352/5 481/403/5
f 483/2/6 452/3/6 484/11/6
f 452/3/6 483/2/6 419/1/6
f 487/3/1 486/2/1 485/1/1
f 486/3/1 487/2/1 488/1/1
f 489/3/2 487/2/2 485/1/2
f 487/3/2 489/2/2 490/1/2
f 491/5/3 486/5/3 488/404/3
f 486/5/3 491/5/3 492/405/3
f 491/5/4 489/5/4 492/406/4
f 489/5/4 491/5/4 490/407/4
f 489/5/5 486/5/5 492/408/5
f 486/5/5 489/5/5 485/409/5
f 487/2/6 491/3/6 488/11/6
f 491/3/6 487/2/6 490/1/6
f 490/3/1 493/2/1 489/1/1
f 493/3/1 490/2/1 494/1/1
f 495/3/2 490/2/2 489/1/2
f 490/3/2 495/2/2 496/1/2
f 497/5/3 493/5/3 494/410/3
f 493/5/3 497/5/3 498/411/3
f 497/5/4 495/5/4 498/412/4
f 495/5/4 497/5/4 496/413/4
f 495/5/5 493/5/5 498/414/5
f 493/5/5 495/5/5 489/5/5
f 490/2/6 497/3/6 494/11/6
f 497/3/6 490/2/6 496/1/6
f 501/3/1 500/2/1 499/1/1
f 500/3/1 501/2/1 502/1/1
f 503/3/2 501/2/2 499/1/2
f 501/3/2 503/2/2 504/1/2
f 505/5/3 500/5/3 502/415/3
f 500/5/3 505/5/3 506/416/3
f 505/5/4 503/5/4 506/417/4
f 503/5/4 505/5/4 504/418/4
f 503/5/5 500/5/5 506/419/5
f 500/5/5 503/5/5 499/420/5
f 501/2/6 505/3/6 502/11/6
f 505/3/6 501/2/6 504/1/6
f 28/3/1 507/2/1 26/1/1
f 507/3/1 28/2/1 508/1/1
f 30/3/2 28/2/2 26/1/2
f 28/3/2 30/2/2 29/1/2
f 480/399/3 507/5/3 508/421/3
f 507/5/3 480/399/3 479/5/3
f 480/5/4 30/26/4 479/422/4
f 30/26/4 480/5/4 29/5/4
f 30/28/5 507/5/5 479/5/5
f 507/5/5 30/28/5 26/5/5
f 28/2/6 480/3/6 508/11/6
f 480/3/6 28/2/6 29/1/6
f 511/3/1 510/2/1 509/1/1
f 510/3/1 511/2/1 512/1/1
f 163/3/2 511/2/2 509/1/2
f 511/3/2 163/2/2 165/1/2
f 166/134/3 510/5/3 512/423/3
f 510/5/3 166/134/3 164/5/3
f 166/5/4 163/5/4 164/424/4
f 163/5/4 166/5/4 165/425/4
f 163/139/5 510/5/5 164/5/5
f 510/5/5 163/139/5 509/426/5
f 511/2/6 166/3/6 512/11/6
f 166/3/6 511/2/6 165/1/6
f 515/3/1 514/2/1 513/1/1
f 514/3/1 515/2/1 516/1/1
f 517/3/2 515/2/2 513/1/2
f 515/3/2 517/2/2 518/1/2
f 519/5/3 514/5/3 516/427/3
f 514/5/3 519/5/3 520/428/3
f 519/5/4 517/5/4 520/429/4
f 517/5/4 519/5/4 518/430/4
f 517/5/5 514/5/5 520/431/5
f 514/5/5 517/5/5 513/432/5
f 515/2/6 519/3/6 516/11/6
f 519/3/6 515/2/6 518/1/6
f 523/3/1 522/2/1 521/1/1
f 522/3/1 523/2/1 524/1/1
f 525/3/2 523/2/2 521/1/2
f 523/3/2 525/2/2 526/1/2
f 527/5/3 522/5/3 524/433/3
f 522/5/3 527/5/3 528/434/3
f 527/5/4 525/5/4 528/435/4
f 525/5/4 527/5/4 526/436/4
f 525/5/5 522/5/5 528/437/5
f 522/5/5 525/5/5 521/438/5
f 523/2/6 527/3/6 524/11/6
f 527/3/6 523/2/6 526/1/6
f 531/3/1 530/2/1 529/1/1
f 530/3/1 531/2/1 532/1/1
f 533/3/2 531/2/2 529/1/2
f 531/3/2 533/2/2 534/1/2
f 535/5/3 530/5/3 532/439/3
f 530/5/3 535/5/3 536/440/3
f 535/5/4 533/5/4 536/441/4
f 533/5/4 535/5/4 534/442/4
f 533/5/5 530/5/5 536/443/5
f 530/5/5 533/5/5 529/444/5
f 531/2/6 535/3/6 532/11/6
f 535/3/6 531/2/6 534/1/6
f 169/3/1 203/2/1 170/1/1
f 203/3/1 169/2/1 204/1/1
f 183/3/2 169/2/2 170/1/2
f 169/3/2 183/2/2 185/1/2
f 186/151/3 203/5/3 204/445/3
f 203/5/3 186/151/3 184/5/3
f 186/5/4 183/5/4 184/446/4
f 183/5/4 186/5/4 185/447/4
f 183/156/5 203/5/5 184/5/5
f 203/5/5 183/156/5 170/138/5
f 169/2/6 186/3/6 204/11/6
f 186/3/6 169/2/6 185/1/6
f 539/3/1 538/2/1 537/1/1
f 538/3/1 539/2/1 540/1/1
f 176/3/2 539/2/2 537/1/2
f 539/3/2 176/2/2 178/1/2
f 541/5/3 538/5/3 540/448/3
f 538/5/3 541/5/3 542/449/3
f 541/5/4 176/5/4 542/450/4
f 176/5/4 541/5/4 178/451/4
f 176/5/5 538/5/5 542/452/5
f 538/5/5 176/5/5 537/453/5
f 539/2/6 541/3/6 540/11/6
f 541/3/6 539/2/6 178/1/6
f 545/3/1 544/2/1 543/1/1
f 544/3/1 545/2/1 546/1/1
f 547/3/2 545/2/2 543/1/2
f 545/3/2 547/2/2 548/1/2
f 549/5/3 544/5/3 546/454/3
f 544/5/3 549/5/3 550/455/3
f 549/5/4 547/5/4 550/456/4
f 547/5/4 549/5/4 548/457/4
f 547/5/5 544/5/5 550/458/5
f 544/5/5 547/5/5 543/459/5
f 545/2/6 549/3/6 546/11/6
f 549/3/6 545/2/6 548/1/6
f 553/3/1 552/2/1 551/1/1
f 552/3/1 553/2/1 554/1/1
f 199/3/2 553/2/2 551/1/2
f 553/3/2 199/2/2 201/1/2
f 202/163/3 552/5/3 554/460/3
f 552/5/3 202/163/3 200/5/3
f 202/5/4 199/5/4 200/461/4
f 199/5/4 202/5/4 201/462/4
f 199/168/5 552/5/5 200/5/5
f 552/5/5 199/168/5 551/463/5
f 553/2/6 202/3/6 554/11/6
f 202/3/6 553/2/6 201/1/6
f 557/3/1 556/2/1 555/1/1
f 556/3/1 557/2/1 558/1/1
f 552/3/2 557/2/2 555/1/2
f 557/3/2 552/2/2 554/1/2
f 559/5/3 556/5/3 558/464/3
f 556/5/3 559/5/3 560/465/3
f 559/5/4 552/5/4 560/466/4
f 552/5/4 559/5/4 554/467/4
f 552/5/5 556/5/5 560/468/5
f 556/5/5 552/5/5 555/469/5
f 557/2/6 559/3/6 558/11/6
f 559/3/6 557/2/6 554/1/6
f 205/3/1 561/2/1 206/1/1
f 561/3/1 205/2/1 562/1/1
f 221/3/2 205/2/2 206/1/2
f 205/3/2 221/2/2 223/1/2
f 224/180/3 561/5/3 562/470/3
f 561/5/3 224/180/3 222/5/3
f 224/5/4 221/5/4 222/471/4
f 221/5/4 224/5/4 223/472/4
f 221/185/5 561/5/5 222/5/5
f 561/5/5 221/185/5 206/167/5
f 205/2/6 224/3/6 562/11/6
f 224/3/6 205/2/6 223/1/6
f 565/3/1 564/2/1 563/1/1
f 564/3/1 565/2/1 566/1/1
f 567/3/2 565/2/2 563/1/2
f 565/3/2 567/2/2 568/1/2
f 237/5/3 564/5/3 566/473/3
f 564/5/3 237/5/3 235/474/3
f 237/5/4 567/5/4 235/475/4
f 567/5/4 237/5/4 568/476/4
f 567/5/5 564/5/5 235/195/5
f 564/5/5 567/5/5 563/477/5
f 565/2/6 237/3/6 566/11/6
f 237/3/6 565/2/6 568/1/6
f 571/3/1 570/2/1 569/1/1
f 570/3/1 571/2/1 572/1/1
f 573/3/2 571/2/2 569/1/2
f 571/3/2 573/2/2 574/1/2
f 575/5/3 570/5/3 572/478/3
f 570/5/3 575/5/3 576/479/3
f 575/5/4 573/5/4 576/480/4
f 573/5/4 575/5/4 574/481/4
f 573/5/5 570/5/5 576/482/5
f 570/5/5 573/5/5 569/483/5
f 571/2/6 575/3/6 572/11/6
f 575/3/6 571/2/6 574/1/6
f 559/3/1 577/2/1 560/1/1
f 577/3/1 559/2/1 578/1/1
f 229/3/2 559/2/2 560/1/2
f 559/3/2 229/2/2 231/1/2
f 232/186/3 577/5/3 578/484/3
f 577/5/3 232/186/3 230/5/3
f 232/5/4 229/5/4 230/485/4
f 229/5/4 232/5/4 231/486/4
f 229/189/5 577/5/5 230/5/5
f 577/5/5 229/189/5 560/468/5
f 559/2/6 232/3/6 578/11/6
f 232/3/6 559/2/6 231/1/6
f 581/3/1 580/2/1 579/1/1
f 580/3/1 581/2/1 582/1/1
f 583/3/2 581/2/2 579/1/2
f 581/3/2 583/2/2 584/1/2
f 585/5/3 580/5/3 582/487/3
f 580/5/3 585/5/3 586/488/3
f 585/5/4 583/5/4 586/489/4
f 583/5/4 585/5/4 584/490/4
f 583/5/5 580/5/5 586/491/5
f 580/5/5 583/5/5 579/492/5
f 581/2/6 585/3/6 582/11/6
f 585/3/6 581/2/6 584/1/6
f 219/3/1 255/2/1 220/1/1
f 255/3/1 219/2/1 256/1/1
f 243/3/2 219/2/2 220/1/2
f 219/3/2 243/2/2 245/1/2
f 246/196/3 255/5/3 256/493/3
f 255/5/3 246/196/3 244/5/3
f 246/5/4 243/5/4 244/494/4
f 243/5/4 246/5/4 245/495/4
f 243/201/5 255/5/5 244/5/5
f 255/5/5 243/201/5 220/178/5
f 219/2/6 246/3/6 256/11/6
f 246/3/6 219/2/6 245/1/6
f 588/3/1 39/2/1 587/1/1
f 39/3/1 588/2/1 41/1/1
f 589/3/2 588/2/2 587/1/2
f 588/3/2 589/2/2 590/1/2
f 591/5/3 39/5/3 41/496/3
f 39/5/3 591/5/3 592/497/3
f 591/5/4 589/5/4 592/498/4
f 589/5/4 591/5/4 590/499/4
f 589/5/5 39/41/5 592/500/5
f 39/41/5 589/5/5 587/501/5
f 588/2/6 591/3/6 41/11/6
f 591/3/6 588/2/6 590/1/6
f 595/3/1 594/2/1 593/1/1
f 594/3/1 595/2/1 596/1/1
f 251/3/2 595/2/2 593/1/2
f 595/3/2 251/2/2 253/1/2
f 254/202/3 594/5/3 596/502/3
f 594/5/3 254/202/3 252/5/3
f 254/5/4 251/5/4 252/503/4
f 251/5/4 254/5/4 253/504/4
f 251/207/5 594/5/5 252/5/5
f 594/5/5 251/207/5 593/505/5
f 595/2/6 254/3/6 596/11/6
f 254/3/6 595/2/6 253/1/6
f 599/3/1 598/2/1 597/1/1
f 598/3/1 599/2/1 600/1/1
f 601/3/2 599/2/2 597/1/2
f 599/3/2 601/2/2 602/1/2
f 603/5/3 598/5/3 600/506/3
f 598/5/3 603/5/3 604/507/3
f 603/5/4 601/5/4 604/508/4
f 601/5/4 603/5/4 602/509/4
f 601/5/5 598/5/5 604/510/5
f 598/5/5 601/5/5 597/511/5
f 599/2/6 603/3/6 600/11/6
f 603/3/6 599/2/6 602/1/6
f 607/3/1 606/2/1 605/1/1
f 606/3/1 607/2/1 608/1/1
f 609/3/2 607/2/2 605/1/2
f 607/3/2 609/2/2 610/1/2
f 611/5/3 606/5/3 608/512/3
f 606/5/3 611/5/3 612/513/3
f 611/5/4 609/5/4 612/514/4
f 609/5/4 611/5/4 610/515/4
f 609/5/5 606/5/5 612/516/5
f 606/5/5 609/5/5 605/517/5
f 607/2/6 611/3/6 608/11/6
f 611/3/6 607/2/6 610/1/6
f 615/3/1 614/2/1 613/1/1
f 614/3/1 615/2/1 616/1/1
f 617/3/2 615/2/2 613/1/2
f 615/3/2 617/2/2 618/1/2
f 619/5/3 614/5/3 616/518/3
f 614/5/3 619/5/3 620/519/3
f 619/5/4 617/5/4 620/520/4
f 617/5/4 619/5/4 618/521/4
f 617/5/5 614/5/5 620/522/5
f 614/5/5 617/5/5 613/523/5
f 615/2/6 619/3/6 616/11/6
f 619/3/6 615/2/6 618/1/6
f 623/3/1 622/2/1 621/1/1
f 622/3/1 623/2/1 624/1/1
f 625/3/2 623/2/2 621/1/2
f 623/3/2 625/2/2 626/1/2
f 627/5/3 622/5/3 624/524/3
f 622/5/3 627/5/3 628/525/3
f 627/5/4 625/5/4 628/526/4
f 625/5/4 627/5/4 626/527/4
f 625/5/5 622/5/5 628/528/5
f 622/5/5 625/5/5 621/529/5
f 623/2/6 627/3/6 624/11/6
f 627/3/6 623/2/6 626/1/6
f 626/3/1 629/2/1 625/1/1
f 629/3/1 626/2/1 630/1/1
f 631/3/2 626/2/2 625/1/2
f 626/3/2 631/2/2 632/1/2
f 633/5/3 629/5/3 630/530/3
f 629/5/3 633/5/3 634/531/3
f 633/5/4 631/5/4 634/532/4
f 631/5/4 633/5/4 632/533/4
f 631/5/5 629/5/5 634/534/5
f 629/5/5 631/5/5 625/5/5
f 626/2/6 633/3/6 630/11/6
f 633/3/6 626/2/6 632/1/6
f 637/3/1 636/2/1 635/1/1
f 636/3/1 637/2/1 638/1/1
f 639/3/2 637/2/2 635/1/2
f 637/3/2 639/2/2 640/1/2
f 641/5/3 636/5/3 638/535/3
f 636/5/3 641/5/3 642/536/3
f 641/5/4 639/5/4 642/537/4
f 639/5/4 641/5/4 640/538/4
f 639/5/5 636/5/5 642/539/5
f 636/5/5 639/5/5 635/540/5
f 637/2/6 641/3/6 638/11/6
f 641/3/6 637/2/6 640/1/6
f 645/3/1 644/2/1 643/1/1
f 644/3/1 645/2/1 646/1/1
f 647/3/2 645/2/2 643/1/2
f 645/3/2 647/2/2 648/1/2
f 649/5/3 644/5/3 646/541/3
f 644/5/3 649/5/3 650/542/3
f 649/5/4 647/5/4 650/543/4
f 647/5/4 649/5/4 648/544/4
f 647/5/5 644/5/5 650/545/5
f 644/5/5 647/5/5 643/546/5
f 645/2/6 649/3/6 646/11/6
f 649/3/6 645/2/6 648/1/6
f 652/3/1 586/2/1 651/1/1
f 586/3/1 652/2/1 585/1/1
f 653/3/2 652/2/2 651/1/2
f 652/3/2 653/2/2 654/1/2
f 655/5/3 586/488/3 585/5/3
f 586/488/3 655/5/3 656/547/3
f 655/5/4 653/5/4 656/548/4
f 653/5/4 655/5/4 654/549/4
f 653/5/5 586/491/5 656/550/5
f 586/491/5 653/5/5 651/551/5
f 652/2/6 655/3/6 585/11/6
f 655/3/6 652/2/6 654/1/6
f 44/3/1 46/2/1 43/1/1
f 46/3/1 44/2/1 45/1/1
f 592/3/2 44/2/2 43/1/2
f 44/3/2 592/2/2 591/1/2
f 657/5/3 46/37/3 45/5/3
f 46/37/3 657/5/3 658/552/3
f 657/5/4 592/498/4 658/553/4
f 592/498/4 657/5/4 591/5/4
f 592/500/5 46/40/5 658/554/5
f 46/40/5 592/500/5 43/5/5
f 44/2/6 657/3/6 45/11/6
f 657/3/6 44/2/6 591/1/6
f 661/3/1 660/2/1 659/1/1
f 660/3/1 661/2/1 662/1/1
f 663/3/2 661/2/2 659/1/2
f 661/3/2 663/2/2 664/1/2
f 665/5/3 660/5/3 662/555/3
f 660/5/3 665/5/3 666/556/3
f 665/5/4 663/5/4 666/557/4
f 663/5/4 665/5/4 664/558/4
f 663/5/5 660/5/5 666/559/5
f 660/5/5 663/5/5 659/560/5
f 661/2/6 665/3/6 662/11/6
f 665/3/6 661/2/6 664/1/6
f 664/3/1 667/2/1 663/1/1
f 667/3/1 664/2/1 668/1/1
f 669/3/2 664/2/2 663/1/2
f 664/3/2 669/2/2 670/1/2
f 608/512/3 667/5/3 668/561/3
f 667/5/3 608/512/3 606/5/3
f 608/5/4 669/5/4 606/562/4
f 669/5/4 608/5/4 670/563/4
f 669/5/5 667/5/5 606/5/5
f 667/5/5 669/5/5 663/5/5
f 664/2/6 608/3/6 668/11/6
f 608/3/6 664/2/6 670/1/6
f 672/3/1 612/2/1 671/1/1
f 612/3/1 672/2/1 611/1/1
f 673/3/2 672/2/2 671/1/2
f 672/3/2 673/2/2 674/1/2
f 624/524/3 612/513/3 611/5/3
f 612/513/3 624/524/3 622/5/3
f 624/5/4 673/5/4 622/564/4
f 673/5/4 624/5/4 674/565/4
f 673/5/5 612/516/5 622/5/5
f 612/516/5 673/5/5 671/566/5
f 672/2/6 624/3/6 611/11/6
f 624/3/6 672/2/6 674/1/6
f 677/3/1 676/2/1 675/1/1
f 676/3/1 677/2/1 678/1/1
f 679/3/2 677/2/2 675/1/2
f 677/3/2 679/2/2 680/1/2
f 681/5/3 676/5/3 678/567/3
f 676/5/3 681/5/3 682/568/3
f 681/5/4 679/5/4 682/569/4
f 679/5/4 681/5/4 680/570/4
f 679/5/5 676/5/5 682/571/5
f 676/5/5 679/5/5 675/572/5
f 677/2/6 681/3/6 678/11/6
f 681/3/6 677/2/6 680/1/6
f 685/3/1 684/2/1 683/1/1
f 684/3/1 685/2/1 686/1/1
f 687/3/2 685/2/2 683/1/2
f 685/3/2 687/2/2 688/1/2
f 689/5/3 684/5/3 686/573/3
f 684/5/3 689/5/3 690/574/3
f 689/5/4 687/5/4 690/575/4
f 687/5/4 689/5/4 688/576/4
f 687/5/5 684/5/5 690/577/5
f 684/5/5 687/5/5 683/578/5
f 685/2/6 689/3/6 686/11/6
f 689/3/6 685/2/6 688/1/6
f 58/3/1 60/2/1 57/1/1
f 60/3/1 58/2/1 59/1/1
f 691/3/2 58/2/2 57/1/2
f 58/3/2 691/2/2 692/1/2
f 693/5/3 60/49/3 59/5/3
f 60/49/3 693/5/3 694/579/3
f 693/5/4 691/5/4 694/580/4
f 691/5/4 693/5/4 692/581/4
f 691/5/5 60/52/5 694/582/5
f 60/52/5 691/5/5 57/5/5
f 58/2/6 693/3/6 59/11/6
f 693/3/6 58/2/6 692/1/6
f 668/3/1 695/2/1 667/1/1
f 695/3/1 668/2/1 696/1/1
f 606/3/2 668/2/2 667/1/2
f 668/3/2 606/2/2 608/1/2
f 697/5/3 695/5/3 696/583/3
f 695/5/3 697/5/3 698/584/3
f 697/5/4 606/562/4 698/585/4
f 606/562/4 697/5/4 608/5/4
f 606/5/5 695/5/5 698/586/5
f 695/5/5 606/5/5 667/5/5
f 668/2/6 697/3/6 696/11/6
f 697/3/6 668/2/6 608/1/6
f 701/3/1 700/2/1 699/1/1
f 700/3/1 701/2/1 702/1/1
f 703/3/2 701/2/2 699/1/2
f 701/3/2 703/2/2 704/1/2
f 705/5/3 700/5/3 702/587/3
f 700/5/3 705/5/3 706/588/3
f 705/5/4 703/5/4 706/589/4
f 703/5/4 705/5/4 704/590/4
f 703/5/5 700/5/5 706/591/5
f 700/5/5 703/5/5 699/592/5
f 701/2/6 705/3/6 702/11/6
f 705/3/6 701/2/6 704/1/6
f 296/3/1 298/2/1 295/1/1
f 298/3/1 296/2/1 297/1/1
f 707/3/2 296/2/2 295/1/2
f 296/3/2 707/2/2 708/1/2
f 709/5/3 298/238/3 297/5/3
f 298/238/3 709/5/3 710/593/3
f 709/5/4 707/5/4 710/594/4
f 707/5/4 709/5/4 708/595/4
f 707/5/5 298/241/5 710/596/5
f 298/241/5 707/5/5 295/5/5
f 296/2/6 709/3/6 297/11/6
f 709/3/6 296/2/6 708/1/6
f 713/3/1 712/2/1 711/1/1
f 712/3/1 713/2/1 714/1/1
f 715/3/2 713/2/2 711/1/2
f 713/3/2 715/2/2 716/1/2
f 717/5/3 712/5/3 714/597/3
f 712/5/3 717/5/3 718/598/3
f 717/5/4 715/5/4 718/599/4
f 715/5/4 717/5/4 716/600/4
f 715/5/5 712/5/5 718/601/5
f 712/5/5 715/5/5 711/602/5
f 713/2/6 717/3/6 714/11/6
f 717/3/6 713/2/6 716/1/6
f 721/3/1 720/2/1 719/1/1
f 720/3/1 721/2/1 722/1/1
f 694/3/2 721/2/2 719/1/2
f 721/3/2 694/2/2 693/1/2
f 662/555/3 720/5/3 722/603/3
f 720/5/3 662/555/3 660/5/3
f 662/5/4 694/580/4 660/604/4
f 694/580/4 662/5/4 693/5/4
f 694/582/5 720/5/5 660/5/5
f 720/5/5 694/582/5 719/605/5
f 721/2/6 662/3/6 722/11/6
f 662/3/6 721/2/6 693/1/6
f 725/3/1 724/2/1 723/1/1
f 724/3/1 725/2/1 726/1/1
f 727/3/2 725/2/2 723/1/2
f 725/3/2 727/2/2 728/1/2
f 729/5/3 724/5/3 726/606/3
f 724/5/3 729/5/3 730/607/3
f 729/5/4 727/5/4 730/608/4
f 727/5/4 729/5/4 728/609/4
f 727/5/5 724/5/5 730/610/5
f 724/5/5 727/5/5 723/611/5
f 725/2/6 729/3/6 726/11/6
f 729/3/6 725/2/6 728/1/6
f 733/3/1 732/2/1 731/1/1
f 732/3/1 733/2/1 734/1/1
f 735/3/2 733/2/2 731/1/2
f 733/3/2 735/2/2 736/1/2
f 737/5/3 732/5/3 734/612/3
f 732/5/3 737/5/3 738/613/3
f 737/5/4 735/5/4 738/614/4
f 735/5/4 737/5/4 736/615/4
f 735/5/5 732/5/5 738/616/5
f 732/5/5 735/5/5 731/617/5
f 733/2/6 737/3/6 734/11/6
f 737/3/6 733/2/6 736/1/6
f 740/3/1 706/2/1 739/1/1
f 706/3/1 740/2/1 705/1/1
f 741/3/2 740/2/2 739/1/2
f 740/3/2 741/2/2 742/1/2
f 743/5/3 706/588/3 705/5/3
f 706/588/3 743/5/3 744/618/3
f 743/5/4 741/5/4 744/619/4
f 741/5/4 743/5/4 742/620/4
f 741/5/5 706/591/5 744/621/5
f 706/591/5 741/5/5 739/622/5
f 740/2/6 743/3/6 705/11/6
f 743/3/6 740/2/6 742/1/6
f 747/3/1 746/2/1 745/1/1
f 746/3/1 747/2/1 748/1/1
f 323/3/2 747/2/2 745/1/2
f 747/3/2 323/2/2 325/1/2
f 326/260/3 746/5/3 748/623/3
f 746/5/3 326/260/3 324/5/3
f 326/5/4 323/5/4 324/624/4
f 323/5/4 326/5/4 325/625/4
f 323/265/5 746/5/5 324/5/5
f 746/5/5 323/265/5 745/626/5
f 747/2/6 326/3/6 748/11/6
f 326/3/6 747/2/6 325/1/6
f 336/3/1 69/2/1 335/1/1
f 69/3/1 336/2/1 71/1/1
f 732/3/2 336/2/2 335/1/2
f 336/3/2 732/2/2 734/1/2
f 74/5/3 69/267/3 71/5/3
f 69/267/3 74/5/3 73/627/3
f 74/62/4 732/5/4 73/5/4
f 732/5/4 74/62/4 734/628/4
f 732/5/5 69/64/5 73/5/5
f 69/64/5 732/5/5 335/5/5
f 336/2/6 74/3/6 71/11/6
f 74/3/6 336/2/6 734/1/6
f 737/3/1 345/2/1 738/1/1
f 345/3/1 737/2/1 346/1/1
f 337/3/2 737/2/2 738/1/2
f 737/3/2 337/2/2 339/1/2
f 340/271/3 345/5/3 346/629/3
f 345/5/3 340/271/3 338/5/3
f 340/306/4 337/5/4 338/5/4
f 337/5/4 340/306/4 339/630/4
f 337/276/5 345/5/5 338/5/5
f 345/5/5 337/276/5 738/616/5
f 737/2/6 340/3/6 346/11/6
f 340/3/6 737/2/6 339/1/6
f 342/3/1 344/2/1 341/1/1
f 344/3/1 342/2/1 343/1/1
f 749/3/2 342/2/2 341/1/2
f 342/3/2 749/2/2 750/1/2
f 751/5/3 344/272/3 343/5/3
f 344/272/3 751/5/3 752/631/3
f 751/5/4 749/5/4 752/632/4
f 749/5/4 751/5/4 750/633/4
f 749/5/5 344/275/5 752/634/5
f 344/275/5 749/5/5 341/5/5
f 342/2/6 751/3/6 343/11/6
f 751/3/6 342/2/6 750/1/6
f 386/3/1 389/2/1 385/1/1
f 389/3/1 386/2/1 390/1/1
f 391/3/2 386/2/2 385/1/2
f 386/3/2 391/2/2 392/1/2
f 393/5/3 389/5/3 390/328/3
f 389/5/3 393/5/3 394/329/3
f 393/5/4 391/5/4 394/330/4
f 391/5/4 393/5/4 392/331/4
f 391/5/5 389/5/5 394/332/5
f 389/5/5 391/5/5 385/5/5
f 386/2/6 393/3/6 390/11/6
f 393/3/6 386/2/6 392/1/6
f 470/3/1 473/2/1 469/1/1
f 473/3/1 470/2/1 474/1/1
f 475/3/2 470/2/2 469/1/2
f 470/3/2 475/2/2 476/1/2
f 477/5/3 473/5/3 474/394/3
f 473/5/3 477/5/3 478/395/3
f 477/5/4 475/5/4 478/396/4
f 475/5/4 477/5/4 476/397/4
f 475/5/5 473/5/5 478/398/5
f 473/5/5 475/5/5 469/5/5
f 470/2/6 477/3/6 474/11/6
f 477/3/6 470/2/6 476/1/6
f 490/3/1 493/2/1 489/1/1
f 493/3/1 490/2/1 494/1/1
f 495/3/2 490/2/2 489/1/2
f 490/3/2 495/2/2 496/1/2
f 497/5/3 493/5/3 494/410/3
f 493/5/3 497/5/3 498/411/3
f 497/5/4 495/5/4 498/412/4
f 495/5/4 497/5/4 496/413/4
f 495/5/5 493/5/5 498/414/5
f 493/5/5 495/5/5 489/5/5
f 490/2/6 497/3/6 494/11/6
f 497/3/6 490/2/6 496/1/6
f 626/3/1 629/2/1 625/1/1
f 629/3/1 626/2/1 630/1/1
f 631/3/2 626/2/2 625/1/2
f 626/3/2 631/2/2 632/1/2
f 633/5/3 629/5/3 630/530/3
f 629/5/3 633/5/3 634/531/3
f 633/5/4 631/5/4 634/532/4
f 631/5/4 633/5/4 632/533/4
f 631/5/5 629/5/5 634/534/5
f 629/5/5 631/5/5 625/5/5
f 626/2/6 633/3/6 630/11/6
f 633/3/6 626/2/6 632/1/6
f 664/3/1 667/2/1 663/1/1
f 667/3/1 664/2/1 668/1/1
f 669/3/2 664/2/2 663/1/2
f 664/3/2 669/2/2 670/1/2
f 608/512/3 667/5/3 668/561/3
f 667/5/3 608/512/3 606/5/3
f 608/5/4 669/5/4 606/562/4
f 669/5/4 608/5/4 670/563/4
f 669/5/5 667/5/5 606/5/5
f 667/5/5 669/5/5 663/5/5
f 664/2/6 608/3/6 668/11/6
f 608/3/6 664/2/6 670/1/6

usemtl color6

f 7/3/1 370/2/1 8/1/1
f 370/3/1 7/2/1 369/1/1
f 80/3/2 7/2/2 8/1/2
f 7/3/2 80/2/2 79/1/2
f 372/311/3 370/308/3 369/5/3
f 370/308/3 372/311/3 371/5/3
f 372/320/4 80/66/4 371/5/4
f 80/66/4 372/320/4 79/5/4
f 80/68/5 370/310/5 371/5/5
f 370/310/5 80/68/5 8/9/5
f 7/2/6 372/3/6 369/11/6
f 372/3/6 7/2/6 79/1/6
f 402/3/1 441/2/1 401/1/1
f 441/3/1 402/2/1 442/1/1
f 405/3/2 402/2/2 401/1/2
f 402/3/2 405/2/2 407/1/2
f 444/5/3 441/5/3 442/635/3
f 441/5/3 444/5/3 443/636/3
f 444/371/4 405/5/4 443/5/4
f 405/5/4 444/371/4 407/637/4
f 405/347/5 441/372/5 443/5/5
f 441/372/5 405/347/5 401/5/5
f 402/2/6 444/3/6 442/11/6
f 444/3/6 402/2/6 407/1/6
f 410/3/1 445/2/1 409/1/1
f 445/3/1 410/2/1 446/1/1
f 413/3/2 410/2/2 409/1/2
f 410/3/2 413/2/2 415/1/2
f 448/5/3 445/5/3 446/638/3
f 445/5/3 448/5/3 447/639/3
f 448/374/4 413/5/4 447/5/4
f 413/5/4 448/374/4 415/640/4
f 413/353/5 445/375/5 447/5/5
f 445/375/5 413/353/5 409/5/5
f 410/2/6 448/3/6 446/11/6
f 448/3/6 410/2/6 415/1/6
f 166/3/1 753/2/1 164/1/1
f 753/3/1 166/2/1 754/1/1
f 170/3/2 166/2/2 164/1/2
f 166/3/2 170/2/2 169/1/2
f 204/445/3 753/5/3 754/641/3
f 753/5/3 204/445/3 203/5/3
f 204/166/4 170/136/4 203/5/4
f 170/136/4 204/166/4 169/5/4
f 170/138/5 753/5/5 203/5/5
f 753/5/5 170/138/5 164/5/5
f 166/2/6 204/3/6 754/11/6
f 204/3/6 166/2/6 169/1/6
f 204/3/1 206/2/1 203/1/1
f 206/3/1 204/2/1 205/1/1
f 190/3/2 204/2/2 203/1/2
f 204/3/2 190/2/2 189/1/2
f 356/290/3 206/164/3 205/5/3
f 206/164/3 356/290/3 355/5/3
f 356/5/4 190/153/4 355/642/4
f 190/153/4 356/5/4 189/5/4
f 190/155/5 206/167/5 355/5/5
f 206/167/5 190/155/5 203/5/5
f 204/2/6 356/3/6 205/11/6
f 356/3/6 204/2/6 189/1/6
f 562/3/1 220/2/1 561/1/1
f 220/3/1 562/2/1 219/1/1
f 359/3/2 562/2/2 561/1/2
f 562/3/2 359/2/2 360/1/2
f 248/293/3 220/176/3 219/5/3
f 220/176/3 248/293/3 247/5/3
f 248/199/4 359/5/4 247/5/4
f 359/5/4 248/199/4 360/643/4
f 359/297/5 220/178/5 247/5/5
f 220/178/5 359/297/5 561/5/5
f 562/2/6 248/3/6 219/11/6
f 248/3/6 562/2/6 360/1/6
f 756/3/1 251/2/1 755/1/1
f 251/3/1 756/2/1 253/1/1
f 220/3/2 756/2/2 755/1/2
f 756/3/2 220/2/2 219/1/2
f 256/493/3 251/5/3 253/644/3
f 251/5/3 256/493/3 255/5/3
f 256/205/4 220/177/4 255/5/4
f 220/177/4 256/205/4 219/5/4
f 220/178/5 251/207/5 255/5/5
f 251/207/5 220/178/5 755/645/5
f 756/2/6 256/3/6 253/11/6
f 256/3/6 756/2/6 219/1/6
f 708/3/1 710/2/1 707/1/1
f 710/3/1 708/2/1 709/1/1
f 711/3/2 708/2/2 707/1/2
f 708/3/2 711/2/2 713/1/2
f 714/597/3 710/593/3 709/5/3
f 710/593/3 714/597/3 712/5/3
f 714/5/4 711/5/4 712/646/4
f 711/5/4 714/5/4 713/647/4
f 711/602/5 710/596/5 712/5/5
f 710/596/5 711/602/5 707/5/5
f 708/2/6 714/3/6 709/11/6
f 714/3/6 708/2/6 713/1/6
f 716/3/1 718/2/1 715/1/1
f 718/3/1 716/2/1 717/1/1
f 719/3/2 716/2/2 715/1/2
f 716/3/2 719/2/2 721/1/2
f 722/603/3 718/598/3 717/5/3
f 718/598/3 722/603/3 720/5/3
f 722/5/4 719/5/4 720/648/4
f 719/5/4 722/5/4 721/649/4
f 719/605/5 718/601/5 720/5/5
f 718/601/5 719/605/5 715/5/5
f 716/2/6 722/3/6 717/11/6
f 722/3/6 716/2/6 721/1/6
f 734/3/1 73/2/1 732/1/1
f 73/3/1 734/2/1 74/1/1
f 738/3/2 734/2/2 732/1/2
f 734/3/2 738/2/2 737/1/2
f 346/629/3 73/627/3 74/5/3
f 73/627/3 346/629/3 345/5/3
f 346/279/4 738/614/4 345/5/4
f 738/614/4 346/279/4 737/5/4
f 738/616/5 73/5/5 345/5/5
f 73/5/5 738/616/5 732/5/5
f 734/2/6 346/3/6 74/11/6
f 346/3/6 734/2/6 737/1/6

usemtl color7

f 85/3/1 757/2/1 86/1/1
f 757/3/1 85/2/1 758/1/1
f 370/3/2 85/2/2 86/1/2
f 85/3/2 370/2/2 369/1/2
f 378/317/3 757/5/3 758/650/3
f 757/5/3 378/317/3 377/5/3
f 378/5/4 370/309/4 377/651/4
f 370/309/4 378/5/4 369/5/4
f 370/310/5 757/5/5 377/5/5
f 757/5/5 370/310/5 86/73/5
f 85/2/6 378/3/6 758/11/6
f 378/3/6 85/2/6 369/1/6
f 512/3/1 551/2/1 510/1/1
f 551/3/1 512/2/1 553/1/1
f 164/3/2 512/2/2 510/1/2
f 512/3/2 164/2/2 166/1/2
f 754/641/3 551/5/3 553/652/3
f 551/5/3 754/641/3 753/5/3
f 754/5/4 164/424/4 753/653/4
f 164/424/4 754/5/4 166/5/4
f 164/5/5 551/463/5 753/5/5
f 551/463/5 164/5/5 510/5/5
f 512/2/6 754/3/6 553/11/6
f 754/3/6 512/2/6 166/1/6
f 761/3/1 760/2/1 759/1/1
f 760/3/1 761/2/1 762/1/1
f 763/3/2 761/2/2 759/1/2
f 761/3/2 763/2/2 764/1/2
f 765/5/3 760/5/3 762/654/3
f 760/5/3 765/5/3 766/655/3
f 765/5/4 763/5/4 766/656/4
f 763/5/4 765/5/4 764/657/4
f 763/5/5 760/5/5 766/658/5
f 760/5/5 763/5/5 759/659/5
f 761/2/6 765/3/6 762/11/6
f 765/3/6 761/2/6 764/1/6
f 768/3/1 207/2/1 767/1/1
f 207/3/1 768/2/1 209/1/1
f 769/3/2 768/2/2 767/1/2
f 768/3/2 769/2/2 770/1/2
f 771/5/3 207/5/3 209/660/3
f 207/5/3 771/5/3 772/661/3
f 771/5/4 769/5/4 772/662/4
f 769/5/4 771/5/4 770/663/4
f 769/5/5 207/174/5 772/664/5
f 207/174/5 769/5/5 767/665/5
f 768/2/6 771/3/6 209/11/6
f 771/3/6 768/2/6 770/1/6
f 775/3/1 774/2/1 773/1/1
f 774/3/1 775/2/1 776/1/1
f 777/3/2 775/2/2 773/1/2
f 775/3/2 777/2/2 778/1/2
f 779/5/3 774/5/3 776/666/3
f 774/5/3 779/5/3 780/667/3
f 779/5/4 777/5/4 780/668/4
f 777/5/4 779/5/4 778/669/4
f 777/5/5 774/5/5 780/670/5
f 774/5/5 777/5/5 773/671/5
f 775/2/6 779/3/6 776/11/6
f 779/3/6 775/2/6 778/1/6
f 210/3/1 781/2/1 208/1/1
f 781/3/1 210/2/1 782/1/1
f 783/3/2 210/2/2 208/1/2
f 210/3/2 783/2/2 784/1/2
f 785/5/3 781/5/3 782/672/3
f 781/5/3 785/5/3 786/673/3
f 785/5/4 783/5/4 786/674/4
f 783/5/4 785/5/4 784/675/4
f 783/5/5 781/5/5 786/676/5
f 781/5/5 783/5/5 208/5/5
f 210/2/6 785/3/6 782/11/6
f 785/3/6 210/2/6 784/1/6
f 578/3/1 593/2/1 577/1/1
f 593/3/1 578/2/1 595/1/1
f 755/3/2 578/2/2 577/1/2
f 578/3/2 755/2/2 756/1/2
f 253/644/3 593/5/3 595/677/3
f 593/5/3 253/644/3 251/5/3
f 253/504/4 755/5/4 251/5/4
f 755/5/4 253/504/4 756/678/4
f 755/645/5 593/505/5 251/207/5
f 593/505/5 755/645/5 577/5/5
f 578/2/6 253/3/6 595/11/6
f 253/3/6 578/2/6 756/1/6
f 788/3/1 335/2/1 787/1/1
f 335/3/1 788/2/1 336/1/1
f 731/3/2 788/2/2 787/1/2
f 788/3/2 731/2/2 733/1/2
f 734/612/3 335/5/3 336/679/3
f 335/5/3 734/612/3 732/5/3
f 734/628/4 731/5/4 732/5/4
f 731/5/4 734/628/4 733/680/4
f 731/617/5 335/5/5 732/5/5
f 335/5/5 731/617/5 787/681/5
f 788/2/6 734/3/6 336/11/6
f 734/3/6 788/2/6 733/1/6

usemtl color8

f 392/3/1 394/2/1 391/1/1
f 394/3/1 392/2/1 393/1/1
f 789/3/2 392/2/2 391/1/2
f 392/3/2 789/2/2 790/1/2
f 791/5/3 394/329/3 393/5/3
f 394/329/3 791/5/3 792/682/3
f 791/5/4 789/5/4 792/683/4
f 789/5/4 791/5/4 790/684/4
f 789/5/5 394/332/5 792/685/5
f 394/332/5 789/5/5 391/5/5
f 392/2/6 791/3/6 393/11/6
f 791/3/6 392/2/6 790/1/6
f 795/3/1 794/2/1 793/1/1
f 794/3/1 795/2/1 796/1/1
f 797/3/2 795/2/2 793/1/2
f 795/3/2 797/2/2 798/1/2
f 384/322/3 794/5/3 796/686/3
f 794/5/3 384/322/3 382/5/3
f 384/5/4 797/5/4 382/687/4
f 797/5/4 384/5/4 798/688/4
f 797/5/5 794/5/5 382/5/5
f 794/5/5 797/5/5 793/689/5
f 795/2/6 384/3/6 796/11/6
f 384/3/6 795/2/6 798/1/6
f 390/3/1 388/2/1 389/1/1
f 388/3/1 390/2/1 387/1/1
f 394/3/2 390/2/2 389/1/2
f 390/3/2 394/2/2 393/1/2
f 799/5/3 388/323/3 387/5/3
f 388/323/3 799/5/3 800/690/3
f 799/5/4 394/330/4 800/691/4
f 394/330/4 799/5/4 393/5/4
f 394/332/5 388/326/5 800/692/5
f 388/326/5 394/332/5 389/5/5
f 390/2/6 799/3/6 387/11/6
f 799/3/6 390/2/6 393/1/6
f 802/3/1 453/2/1 801/1/1
f 453/3/1 802/2/1 454/1/1
f 421/3/2 802/2/2 801/1/2
f 802/3/2 421/2/2 423/1/2
f 424/354/3 453/5/3 454/693/3
f 453/5/3 424/354/3 422/5/3
f 424/5/4 421/5/4 422/694/4
f 421/5/4 424/5/4 423/695/4
f 421/359/5 453/5/5 422/5/5
f 453/5/5 421/359/5 801/696/5
f 802/2/6 424/3/6 454/11/6
f 424/3/6 802/2/6 423/1/6
f 805/3/1 804/2/1 803/1/1
f 804/3/1 805/2/1 806/1/1
f 807/3/2 805/2/2 803/1/2
f 805/3/2 807/2/2 808/1/2
f 809/5/3 804/5/3 806/697/3
f 804/5/3 809/5/3 810/698/3
f 809/5/4 807/5/4 810/699/4
f 807/5/4 809/5/4 808/700/4
f 807/5/5 804/5/5 810/701/5
f 804/5/5 807/5/5 803/702/5
f 805/2/6 809/3/6 806/11/6
f 809/3/6 805/2/6 808/1/6
f 813/3/1 812/2/1 811/1/1
f 812/3/1 813/2/1 814/1/1
f 815/3/2 813/2/2 811/1/2
f 813/3/2 815/2/2 816/1/2
f 817/5/3 812/5/3 814/703/3
f 812/5/3 817/5/3 818/704/3
f 817/5/4 815/5/4 818/705/4
f 815/5/4 817/5/4 816/706/4
f 815/5/5 812/5/5 818/707/5
f 812/5/5 815/5/5 811/708/5
f 813/2/6 817/3/6 814/11/6
f 817/3/6 813/2/6 816/1/6
f 384/3/1 819/2/1 382/1/1
f 819/3/1 384/2/1 820/1/1
f 388/3/2 384/2/2 382/1/2
f 384/3/2 388/2/2 387/1/2
f 821/5/3 819/5/3 820/709/3
f 819/5/3 821/5/3 822/710/3
f 821/5/4 388/324/4 822/711/4
f 388/324/4 821/5/4 387/5/4
f 388/326/5 819/5/5 822/712/5
f 819/5/5 388/326/5 382/5/5
f 384/2/6 821/3/6 820/11/6
f 821/3/6 384/2/6 387/1/6
f 825/3/1 824/2/1 823/1/1
f 824/3/1 825/2/1 826/1/1
f 818/3/2 825/2/2 823/1/2
f 825/3/2 818/2/2 817/1/2
f 827/5/3 824/5/3 826/713/3
f 824/5/3 827/5/3 828/714/3
f 827/5/4 818/705/4 828/715/4
f 818/705/4 827/5/4 817/5/4
f 818/707/5 824/5/5 828/716/5
f 824/5/5 818/707/5 823/717/5
f 825/2/6 827/3/6 826/11/6
f 827/3/6 825/2/6 817/1/6
f 830/3/1 547/2/1 829/1/1
f 547/3/1 830/2/1 548/1/1
f 831/3/2 830/2/2 829/1/2
f 830/3/2 831/2/2 832/1/2
f 833/5/3 547/5/3 548/718/3
f 547/5/3 833/5/3 834/719/3
f 833/5/4 831/5/4 834/720/4
f 831/5/4 833/5/4 832/721/4
f 831/5/5 547/5/5 834/722/5
f 547/5/5 831/5/5 829/723/5
f 830/2/6 833/3/6 548/11/6
f 833/3/6 830/2/6 832/1/6
f 474/3/1 835/2/1 473/1/1
f 835/3/1 474/2/1 836/1/1
f 478/3/2 474/2/2 473/1/2
f 474/3/2 478/2/2 477/1/2
f 837/5/3 835/5/3 836/724/3
f 835/5/3 837/5/3 838/725/3
f 837/5/4 478/396/4 838/726/4
f 478/396/4 837/5/4 477/5/4
f 478/398/5 835/5/5 838/727/5
f 835/5/5 478/398/5 473/5/5
f 474/2/6 837/3/6 836/11/6
f 837/3/6 474/2/6 477/1/6
f 841/3/1 840/2/1 839/1/1
f 840/3/1 841/2/1 842/1/1
f 843/3/2 841/2/2 839/1/2
f 841/3/2 843/2/2 844/1/2
f 845/5/3 840/5/3 842/728/3
f 840/5/3 845/5/3 846/729/3
f 845/5/4 843/5/4 846/730/4
f 843/5/4 845/5/4 844/731/4
f 843/5/5 840/5/5 846/732/5
f 840/5/5 843/5/5 839/733/5
f 841/2/6 845/3/6 842/11/6
f 845/3/6 841/2/6 844/1/6
f 849/3/1 848/2/1 847/1/1
f 848/3/1 849/2/1 850/1/1
f 851/3/2 849/2/2 847/1/2
f 849/3/2 851/2/2 852/1/2
f 853/5/3 848/5/3 850/734/3
f 848/5/3 853/5/3 854/735/3
f 853/5/4 851/5/4 854/736/4
f 851/5/4 853/5/4 852/737/4
f 851/5/5 848/5/5 854/738/5
f 848/5/5 851/5/5 847/739/5
f 849/2/6 853/3/6 850/11/6
f 853/3/6 849/2/6 852/1/6
f 857/3/1 856/2/1 855/1/1
f 856/3/1 857/2/1 858/1/1
f 859/3/2 857/2/2 855/1/2
f 857/3/2 859/2/2 860/1/2
f 861/5/3 856/5/3 858/740/3
f 856/5/3 861/5/3 862/741/3
f 861/5/4 859/5/4 862/742/4
f 859/5/4 861/5/4 860/743/4
f 859/5/5 856/5/5 862/744/5
f 856/5/5 859/5/5 855/745/5
f 857/2/6 861/3/6 858/11/6
f 861/3/6 857/2/6 860/1/6
f 153/3/1 863/2/1 154/1/1
f 863/3/1 153/2/1 864/1/1
f 865/3/2 153/2/2 154/1/2
f 153/3/2 865/2/2 866/1/2
f 867/5/3 863/5/3 864/746/3
f 863/5/3 867/5/3 868/747/3
f 867/5/4 865/5/4 868/748/4
f 865/5/4 867/5/4 866/749/4
f 865/5/5 863/5/5 868/750/5
f 863/5/5 865/5/5 154/127/5
f 153/2/6 867/3/6 864/11/6
f 867/3/6 153/2/6 866/1/6
f 502/3/1 869/2/1 500/1/1
f 869/3/1 502/2/1 870/1/1
f 506/3/2 502/2/2 500/1/2
f 502/3/2 506/2/2 505/1/2
f 871/5/3 869/5/3 870/751/3
f 869/5/3 871/5/3 872/752/3
f 871/5/4 506/417/4 872/753/4
f 506/417/4 871/5/4 505/5/4
f 506/419/5 869/5/5 872/754/5
f 869/5/5 506/419/5 500/5/5
f 502/2/6 871/3/6 870/11/6
f 871/3/6 502/2/6 505/1/6
f 875/3/1 874/2/1 873/1/1
f 874/3/1 875/2/1 876/1/1
f 877/3/2 875/2/2 873/1/2
f 875/3/2 877/2/2 878/1/2
f 548/718/3 874/5/3 876/755/3
f 874/5/3 548/718/3 547/5/3
f 548/457/4 877/5/4 547/5/4
f 877/5/4 548/457/4 878/756/4
f 877/5/5 874/5/5 547/5/5
f 874/5/5 877/5/5 873/757/5
f 875/2/6 548/3/6 876/11/6
f 548/3/6 875/2/6 878/1/6
f 881/3/1 880/2/1 879/1/1
f 880/3/1 881/2/1 882/1/1
f 883/3/2 881/2/2 879/1/2
f 881/3/2 883/2/2 884/1/2
f 885/5/3 880/5/3 882/758/3
f 880/5/3 885/5/3 886/759/3
f 885/5/4 883/5/4 886/760/4
f 883/5/4 885/5/4 884/761/4
f 883/5/5 880/5/5 886/762/5
f 880/5/5 883/5/5 879/763/5
f 881/2/6 885/3/6 882/11/6
f 885/3/6 881/2/6 884/1/6
f 853/3/1 887/2/1 854/1/1
f 887/3/1 853/2/1 888/1/1
f 889/3/2 853/2/2 854/1/2
f 853/3/2 889/2/2 890/1/2
f 858/740/3 887/5/3 888/764/3
f 887/5/3 858/740/3 856/5/3
f 858/5/4 889/5/4 856/765/4
f 889/5/4 858/5/4 890/766/4
f 889/5/5 887/5/5 856/5/5
f 887/5/5 889/5/5 854/738/5
f 853/2/6 858/3/6 888/11/6
f 858/3/6 853/2/6 890/1/6
f 892/3/1 862/2/1 891/1/1
f 862/3/1 892/2/1 861/1/1
f 893/3/2 892/2/2 891/1/2
f 892/3/2 893/2/2 894/1/2
f 864/746/3 862/741/3 861/5/3
f 862/741/3 864/746/3 863/5/3
f 864/5/4 893/5/4 863/767/4
f 893/5/4 864/5/4 894/768/4
f 893/5/5 862/744/5 863/5/5
f 862/744/5 893/5/5 891/769/5
f 892/2/6 864/3/6 861/11/6
f 864/3/6 892/2/6 894/1/6
f 896/3/1 868/2/1 895/1/1
f 868/3/1 896/2/1 867/1/1
f 897/3/2 896/2/2 895/1/2
f 896/3/2 897/2/2 898/1/2
f 899/5/3 868/747/3 867/5/3
f 868/747/3 899/5/3 900/770/3
f 899/5/4 897/5/4 900/771/4
f 897/5/4 899/5/4 898/772/4
f 897/5/5 868/750/5 900/773/5
f 868/750/5 897/5/5 895/774/5
f 896/2/6 899/3/6 867/11/6
f 899/3/6 896/2/6 898/1/6
f 902/3/1 555/2/1 901/1/1
f 555/3/1 902/2/1 557/1/1
f 551/3/2 902/2/2 901/1/2
f 902/3/2 551/2/2 553/1/2
f 554/460/3 555/5/3 557/775/3
f 555/5/3 554/460/3 552/5/3
f 554/467/4 551/5/4 552/5/4
f 551/5/4 554/467/4 553/776/4
f 551/463/5 555/469/5 552/5/5
f 555/469/5 551/463/5 901/777/5
f 902/2/6 554/3/6 557/11/6
f 554/3/6 902/2/6 553/1/6
f 905/3/1 904/2/1 903/1/1
f 904/3/1 905/2/1 906/1/1
f 907/3/2 905/2/2 903/1/2
f 905/3/2 907/2/2 908/1/2
f 909/5/3 904/5/3 906/778/3
f 904/5/3 909/5/3 910/779/3
f 909/5/4 907/5/4 910/780/4
f 907/5/4 909/5/4 908/781/4
f 907/5/5 904/5/5 910/782/5
f 904/5/5 907/5/5 903/783/5
f 905/2/6 909/3/6 906/11/6
f 909/3/6 905/2/6 908/1/6
f 913/3/1 912/2/1 911/1/1
f 912/3/1 913/2/1 914/1/1
f 915/3/2 913/2/2 911/1/2
f 913/3/2 915/2/2 916/1/2
f 917/5/3 912/5/3 914/784/3
f 912/5/3 917/5/3 918/785/3
f 917/5/4 915/5/4 918/786/4
f 915/5/4 917/5/4 916/787/4
f 915/5/5 912/5/5 918/788/5
f 912/5/5 915/5/5 911/789/5
f 913/2/6 917/3/6 914/11/6
f 917/3/6 913/2/6 916/1/6
f 554/3/1 560/2/1 552/1/1
f 560/3/1 554/2/1 559/1/1
f 919/3/2 554/2/2 552/1/2
f 554/3/2 919/2/2 920/1/2
f 921/5/3 560/465/3 559/5/3
f 560/465/3 921/5/3 922/790/3
f 921/5/4 919/5/4 922/791/4
f 919/5/4 921/5/4 920/792/4
f 919/5/5 560/468/5 922/793/5
f 560/468/5 919/5/5 552/5/5
f 554/2/6 921/3/6 559/11/6
f 921/3/6 554/2/6 920/1/6
f 558/3/1 923/2/1 556/1/1
f 923/3/1 558/2/1 924/1/1
f 560/3/2 558/2/2 556/1/2
f 558/3/2 560/2/2 559/1/2
f 578/484/3 923/5/3 924/794/3
f 923/5/3 578/484/3 577/5/3
f 578/5/4 560/466/4 577/795/4
f 560/466/4 578/5/4 559/5/4
f 560/468/5 923/5/5 577/5/5
f 923/5/5 560/468/5 556/5/5
f 558/2/6 578/3/6 924/11/6
f 578/3/6 558/2/6 559/1/6
f 927/3/1 926/2/1 925/1/1
f 926/3/1 927/2/1 928/1/1
f 929/3/2 927/2/2 925/1/2
f 927/3/2 929/2/2 930/1/2
f 931/5/3 926/5/3 928/796/3
f 926/5/3 931/5/3 932/797/3
f 931/5/4 929/5/4 932/798/4
f 929/5/4 931/5/4 930/799/4
f 929/5/5 926/5/5 932/800/5
f 926/5/5 929/5/5 925/801/5
f 927/2/6 931/3/6 928/11/6
f 931/3/6 927/2/6 930/1/6
f 935/3/1 934/2/1 933/1/1
f 934/3/1 935/2/1 936/1/1
f 937/3/2 935/2/2 933/1/2
f 935/3/2 937/2/2 938/1/2
f 939/5/3 934/5/3 936/802/3
f 934/5/3 939/5/3 940/803/3
f 939/5/4 937/5/4 940/804/4
f 937/5/4 939/5/4 938/805/4
f 937/5/5 934/5/5 940/806/5
f 934/5/5 937/5/5 933/807/5
f 935/2/6 939/3/6 936/11/6
f 939/3/6 935/2/6 938/1/6
f 943/3/1 942/2/1 941/1/1
f 942/3/1 943/2/1 944/1/1
f 945/3/2 943/2/2 941/1/2
f 943/3/2 945/2/2 946/1/2
f 947/5/3 942/5/3 944/808/3
f 942/5/3 947/5/3 948/809/3
f 947/5/4 945/5/4 948/810/4
f 945/5/4 947/5/4 946/811/4
f 945/5/5 942/5/5 948/812/5
f 942/5/5 945/5/5 941/813/5
f 943/2/6 947/3/6 944/11/6
f 947/3/6 943/2/6 946/1/6
f 951/3/1 950/2/1 949/1/1
f 950/3/1 951/2/1 952/1/1
f 953/3/2 951/2/2 949/1/2
f 951/3/2 953/2/2 954/1/2
f 955/5/3 950/5/3 952/814/3
f 950/5/3 955/5/3 956/815/3
f 955/5/4 953/5/4 956/816/4
f 953/5/4 955/5/4 954/817/4
f 953/5/5 950/5/5 956/818/5
f 950/5/5 953/5/5 949/819/5
f 951/2/6 955/3/6 952/11/6
f 955/3/6 951/2/6 954/1/6
f 958/3/1 651/2/1 957/1/1
f 651/3/1 958/2/1 652/1/1
f 959/3/2 958/2/2 957/1/2
f 958/3/2 959/2/2 960/1/2
f 654/5/3 651/5/3 652/820/3
f 651/5/3 654/5/3 653/821/3
f 654/549/4 959/5/4 653/5/4
f 959/5/4 654/549/4 960/822/4
f 959/5/5 651/551/5 653/5/5
f 651/551/5 959/5/5 957/823/5
f 958/2/6 654/3/6 652/11/6
f 654/3/6 958/2/6 960/1/6
f 963/3/1 962/2/1 961/1/1
f 962/3/1 963/2/1 964/1/1
f 940/3/2 963/2/2 961/1/2
f 963/3/2 940/2/2 939/1/2
f 965/5/3 962/5/3 964/824/3
f 962/5/3 965/5/3 966/825/3
f 965/5/4 940/804/4 966/826/4
f 940/804/4 965/5/4 939/5/4
f 940/806/5 962/5/5 966/827/5
f 962/5/5 940/806/5 961/828/5
f 963/2/6 965/3/6 964/11/6
f 965/3/6 963/2/6 939/1/6
f 969/3/1 968/2/1 967/1/1
f 968/3/1 969/2/1 970/1/1
f 971/3/2 969/2/2 967/1/2
f 969/3/2 971/2/2 972/1/2
f 973/5/3 968/5/3 970/829/3
f 968/5/3 973/5/3 974/830/3
f 973/5/4 971/5/4 974/831/4
f 971/5/4 973/5/4 972/832/4
f 971/5/5 968/5/5 974/833/5
f 968/5/5 971/5/5 967/834/5
f 969/2/6 973/3/6 970/11/6
f 973/3/6 969/2/6 972/1/6
f 977/3/1 976/2/1 975/1/1
f 976/3/1 977/2/1 978/1/1
f 950/3/2 977/2/2 975/1/2
f 977/3/2 950/2/2 952/1/2
f 979/5/3 976/5/3 978/835/3
f 976/5/3 979/5/3 980/836/3
f 979/5/4 950/5/4 980/837/4
f 950/5/4 979/5/4 952/838/4
f 950/5/5 976/5/5 980/839/5
f 976/5/5 950/5/5 975/840/5
f 977/2/6 979/3/6 978/11/6
f 979/3/6 977/2/6 952/1/6
f 983/3/1 982/2/1 981/1/1
f 982/3/1 983/2/1 984/1/1
f 985/3/2 983/2/2 981/1/2
f 983/3/2 985/2/2 986/1/2
f 987/5/3 982/5/3 984/841/3
f 982/5/3 987/5/3 988/842/3
f 987/5/4 985/5/4 988/843/4
f 985/5/4 987/5/4 986/844/4
f 985/5/5 982/5/5 988/845/5
f 982/5/5 985/5/5 981/846/5
f 983/2/6 987/3/6 984/11/6
f 987/3/6 983/2/6 986/1/6
f 990/3/1 269/2/1 989/1/1
f 269/3/1 990/2/1 270/1/1
f 991/3/2 990/2/2 989/1/2
f 990/3/2 991/2/2 992/1/2
f 993/5/3 269/5/3 270/847/3
f 269/5/3 993/5/3 994/848/3
f 993/5/4 991/5/4 994/849/4
f 991/5/4 993/5/4 992/850/4
f 991/5/5 269/5/5 994/851/5
f 269/5/5 991/5/5 989/852/5
f 990/2/6 993/3/6 270/11/6
f 993/3/6 990/2/6 992/1/6
f 996/3/1 675/2/1 995/1/1
f 675/3/1 996/2/1 677/1/1
f 997/3/2 996/2/2 995/1/2
f 996/3/2 997/2/2 998/1/2
f 680/5/3 675/5/3 677/853/3
f 675/5/3 680/5/3 679/854/3
f 680/570/4 997/5/4 679/5/4
f 997/5/4 680/570/4 998/855/4
f 997/5/5 675/572/5 679/5/5
f 675/572/5 997/5/5 995/856/5
f 996/2/6 680/3/6 677/11/6
f 680/3/6 996/2/6 998/1/6
f 1001/3/1 1000/2/1 999/1/1
f 1000/3/1 1001/2/1 1002/1/1
f 1003/3/2 1001/2/2 999/1/2
f 1001/3/2 1003/2/2 1004/1/2
f 1005/5/3 1000/5/3 1002/857/3
f 1000/5/3 1005/5/3 1006/858/3
f 1005/5/4 1003/5/4 1006/859/4
f 1003/5/4 1005/5/4 1004/860/4
f 1003/5/5 1000/5/5 1006/861/5
f 1000/5/5 1003/5/5 999/862/5
f 1001/2/6 1005/3/6 1002/11/6
f 1005/3/6 1001/2/6 1004/1/6
f 1009/3/1 1008/2/1 1007/1/1
f 1008/3/1 1009/2/1 1010/1/1
f 1011/3/2 1009/2/2 1007/1/2
f 1009/3/2 1011/2/2 1012/1/2
f 1013/5/3 1008/5/3 1010/863/3
f 1008/5/3 1013/5/3 1014/864/3
f 1013/5/4 1011/5/4 1014/865/4
f 1011/5/4 1013/5/4 1012/866/4
f 1011/5/5 1008/5/5 1014/867/5
f 1008/5/5 1011/5/5 1007/868/5
f 1009/2/6 1013/3/6 1010/11/6
f 1013/3/6 1009/2/6 1012/1/6
f 1017/3/1 1016/2/1 1015/1/1
f 1016/3/1 1017/2/1 1018/1/1
f 1019/3/2 1017/2/2 1015/1/2
f 1017/3/2 1019/2/2 1020/1/2
f 1002/857/3 1016/5/3 1018/869/3
f 1016/5/3 1002/857/3 1000/5/3
f 1002/5/4 1019/5/4 1000/870/4
f 1019/5/4 1002/5/4 1020/871/4
f 1019/5/5 1016/5/5 1000/5/5
f 1016/5/5 1019/5/5 1015/872/5
f 1017/2/6 1002/3/6 1018/11/6
f 1002/3/6 1017/2/6 1020/1/6
f 1022/3/1 699/2/1 1021/1/1
f 699/3/1 1022/2/1 701/1/1
f 1023/3/2 1022/2/2 1021/1/2
f 1022/3/2 1023/2/2 1024/1/2
f 704/5/3 699/5/3 701/873/3
f 699/5/3 704/5/3 703/874/3
f 704/590/4 1023/5/4 703/5/4
f 1023/5/4 704/590/4 1024/875/4
f 1023/5/5 699/592/5 703/5/5
f 699/592/5 1023/5/5 1021/876/5
f 1022/2/6 704/3/6 701/11/6
f 704/3/6 1022/2/6 1024/1/6
f 1027/3/1 1026/2/1 1025/1/1
f 1026/3/1 1027/2/1 1028/1/1
f 699/3/2 1027/2/2 1025/1/2
f 1027/3/2 699/2/2 701/1/2
f 1029/5/3 1026/5/3 1028/877/3
f 1026/5/3 1029/5/3 1030/878/3
f 1029/5/4 699/5/4 1030/879/4
f 699/5/4 1029/5/4 701/880/4
f 699/592/5 1026/5/5 1030/881/5
f 1026/5/5 699/592/5 1025/882/5
f 1027/2/6 1029/3/6 1028/11/6
f 1029/3/6 1027/2/6 701/1/6
f 704/3/1 739/2/1 703/1/1
f 739/3/1 704/2/1 740/1/1
f 1031/3/2 704/2/2 703/1/2
f 704/3/2 1031/2/2 1032/1/2
f 742/5/3 739/5/3 740/883/3
f 739/5/3 742/5/3 741/884/3
f 742/620/4 1031/5/4 741/5/4
f 1031/5/4 742/620/4 1032/885/4
f 1031/5/5 739/622/5 741/5/5
f 739/622/5 1031/5/5 703/5/5
f 704/2/6 742/3/6 740/11/6
f 742/3/6 704/2/6 1032/1/6
f 697/3/1 1033/2/1 698/1/1
f 1033/3/1 697/2/1 1034/1/1
f 723/3/2 697/2/2 698/1/2
f 697/3/2 723/2/2 725/1/2
f 726/606/3 1033/5/3 1034/886/3
f 1033/5/3 726/606/3 724/5/3
f 726/5/4 723/5/4 724/887/4
f 723/5/4 726/5/4 725/888/4
f 723/611/5 1033/5/5 724/5/5
f 1033/5/5 723/611/5 698/586/5
f 697/2/6 726/3/6 1034/11/6
f 726/3/6 697/2/6 725/1/6
f 742/3/1 744/2/1 741/1/1
f 744/3/1 742/2/1 743/1/1
f 1035/3/2 742/2/2 741/1/2
f 742/3/2 1035/2/2 1036/1/2
f 1037/5/3 744/618/3 743/5/3
f 744/618/3 1037/5/3 1038/889/3
f 1037/5/4 1035/5/4 1038/890/4
f 1035/5/4 1037/5/4 1036/891/4
f 1035/5/5 744/621/5 1038/892/5
f 744/621/5 1035/5/5 741/5/5
f 742/2/6 1037/3/6 743/11/6
f 1037/3/6 742/2/6 1036/1/6

usemtl color9

f 790/3/1 792/2/1 789/1/1
f 792/3/1 790/2/1 791/1/1
f 95/3/2 790/2/2 789/1/2
f 790/3/2 95/2/2 97/1/2
f 98/81/3 792/682/3 791/5/3
f 792/682/3 98/81/3 96/5/3
f 98/5/4 95/5/4 96/893/4
f 95/5/4 98/5/4 97/894/4
f 95/86/5 792/685/5 96/5/5
f 792/685/5 95/86/5 789/5/5
f 790/2/6 98/3/6 791/11/6
f 98/3/6 790/2/6 97/1/6
f 393/3/1 800/2/1 394/1/1
f 800/3/1 393/2/1 799/1/1
f 792/3/2 393/2/2 394/1/2
f 393/3/2 792/2/2 791/1/2
f 1039/5/3 800/690/3 799/5/3
f 800/690/3 1039/5/3 1040/895/3
f 1039/5/4 792/683/4 1040/896/4
f 792/683/4 1039/5/4 791/5/4
f 792/685/5 800/692/5 1040/897/5
f 800/692/5 792/685/5 394/332/5
f 393/2/6 1039/3/6 799/11/6
f 1039/3/6 393/2/6 791/1/6
f 387/3/1 822/2/1 388/1/1
f 822/3/1 387/2/1 821/1/1
f 800/3/2 387/2/2 388/1/2
f 387/3/2 800/2/2 799/1/2
f 1041/5/3 822/710/3 821/5/3
f 822/710/3 1041/5/3 1042/898/3
f 1041/5/4 800/691/4 1042/899/4
f 800/691/4 1041/5/4 799/5/4
f 800/692/5 822/712/5 1042/900/5
f 822/712/5 800/692/5 388/326/5
f 387/2/6 1041/3/6 821/11/6
f 1041/3/6 387/2/6 799/1/6
f 462/3/1 464/2/1 461/1/1
f 464/3/1 462/2/1 463/1/1
f 804/3/2 462/2/2 461/1/2
f 462/3/2 804/2/2 806/1/2
f 1043/5/3 464/383/3 463/5/3
f 464/383/3 1043/5/3 1044/901/3
f 1043/5/4 804/5/4 1044/902/4
f 804/5/4 1043/5/4 806/903/4
f 804/5/5 464/386/5 1044/904/5
f 464/386/5 804/5/5 461/5/5
f 462/2/6 1043/3/6 463/11/6
f 1043/3/6 462/2/6 806/1/6
f 817/3/1 828/2/1 818/1/1
f 828/3/1 817/2/1 827/1/1
f 1045/3/2 817/2/2 818/1/2
f 817/3/2 1045/2/2 1046/1/2
f 1047/5/3 828/714/3 827/5/3
f 828/714/3 1047/5/3 1048/905/3
f 1047/5/4 1045/5/4 1048/906/4
f 1045/5/4 1047/5/4 1046/907/4
f 1045/5/5 828/716/5 1048/908/5
f 828/716/5 1045/5/5 818/707/5
f 817/2/6 1047/3/6 827/11/6
f 1047/3/6 817/2/6 1046/1/6
f 1051/3/1 1050/2/1 1049/1/1
f 1050/3/1 1051/2/1 1052/1/1
f 1053/3/2 1051/2/2 1049/1/2
f 1051/3/2 1053/2/2 1054/1/2
f 1055/5/3 1050/5/3 1052/909/3
f 1050/5/3 1055/5/3 1056/910/3
f 1055/5/4 1053/5/4 1056/911/4
f 1053/5/4 1055/5/4 1054/912/4
f 1053/5/5 1050/5/5 1056/913/5
f 1050/5/5 1053/5/5 1049/914/5
f 1051/2/6 1055/3/6 1052/11/6
f 1055/3/6 1051/2/6 1054/1/6
f 1059/3/1 1058/2/1 1057/1/1
f 1058/3/1 1059/2/1 1060/1/1
f 1061/3/2 1059/2/2 1057/1/2
f 1059/3/2 1061/2/2 1062/1/2
f 1063/5/3 1058/5/3 1060/915/3
f 1058/5/3 1063/5/3 1064/916/3
f 1063/5/4 1061/5/4 1064/917/4
f 1061/5/4 1063/5/4 1062/918/4
f 1061/5/5 1058/5/5 1064/919/5
f 1058/5/5 1061/5/5 1057/920/5
f 1059/2/6 1063/3/6 1060/11/6
f 1063/3/6 1059/2/6 1062/1/6
f 648/3/1 650/2/1 647/1/1
f 650/3/1 648/2/1 649/1/1
f 1065/3/2 648/2/2 647/1/2
f 648/3/2 1065/2/2 1066/1/2
f 1009/5/3 650/542/3 649/5/3
f 650/542/3 1009/5/3 1007/921/3
f 1009/5/4 1065/5/4 1007/922/4
f 1065/5/4 1009/5/4 1066/923/4
f 1065/5/5 650/545/5 1007/868/5
f 650/545/5 1065/5/5 647/5/5
f 648/2/6 1009/3/6 649/11/6
f 1009/3/6 648/2/6 1066/1/6
f 1004/3/1 1067/2/1 1003/1/1
f 1067/3/1 1004/2/1 1068/1/1
f 1069/3/2 1004/2/2 1003/1/2
f 1004/3/2 1069/2/2 1070/1/2
f 1071/5/3 1067/5/3 1068/924/3
f 1067/5/3 1071/5/3 1072/925/3
f 1071/5/4 1069/5/4 1072/926/4
f 1069/5/4 1071/5/4 1070/927/4
f 1069/5/5 1067/5/5 1072/928/5
f 1067/5/5 1069/5/5 1003/5/5
f 1004/2/6 1071/3/6 1068/11/6
f 1071/3/6 1004/2/6 1070/1/6
f 1024/3/1 703/2/1 1023/1/1
f 703/3/1 1024/2/1 704/1/1
f 1073/3/2 1024/2/2 1023/1/2
f 1024/3/2 1073/2/2 1074/1/2
f 1032/5/3 703/874/3 704/5/3
f 703/874/3 1032/5/3 1031/929/3
f 1032/885/4 1073/5/4 1031/5/4
f 1073/5/4 1032/885/4 1074/930/4
f 1073/5/5 703/5/5 1031/5/5
f 703/5/5 1073/5/5 1023/5/5
f 1024/2/6 1032/3/6 704/11/6
f 1032/3/6 1024/2/6 1074/1/6
f 1032/3/1 741/2/1 1031/1/1
f 741/3/1 1032/2/1 742/1/1
f 1075/3/2 1032/2/2 1031/1/2
f 1032/3/2 1075/2/2 1076/1/2
f 1036/5/3 741/884/3 742/5/3
f 741/884/3 1036/5/3 1035/931/3
f 1036/891/4 1075/5/4 1035/5/4
f 1075/5/4 1036/891/4 1076/932/4
f 1075/5/5 741/5/5 1035/5/5
f 741/5/5 1075/5/5 1031/5/5
f 1032/2/6 1036/3/6 742/11/6
f 1036/3/6 1032/2/6 1076/1/6
f 1036/3/1 1038/2/1 1035/1/1
f 1038/3/1 1036/2/1 1037/1/1
f 307/3/2 1036/2/2 1035/1/2
f 1036/3/2 307/2/2 309/1/2
f 310/248/3 1038/889/3 1037/5/3
f 1038/889/3 310/248/3 308/5/3
f 310/5/4 307/5/4 308/933/4
f 307/5/4 310/5/4 309/934/4
f 307/253/5 1038/892/5 308/5/5
f 1038/892/5 307/253/5 1035/5/5
f 1036/2/6 310/3/6 1037/11/6
f 310/3/6 1036/2/6 309/1/6

usemtl color10

f 352/3/1 354/2/1 351/1/1
f 354/3/1 352/2/1 353/1/1
f 1077/3/2 352/2/2 351/1/2
f 352/3/2 1077/2/2 1078/1/2
f 127/5/3 354/286/3 353/5/3
f 354/286/3 127/5/3 125/935/3
f 127/5/4 1077/5/4 125/936/4
f 1077/5/4 127/5/4 1078/937/4
f 1077/5/5 354/289/5 125/110/5
f 354/289/5 1077/5/5 351/5/5
f 352/2/6 127/3/6 353/11/6
f 127/3/6 352/2/6 1078/1/6
f 130/3/1 132/2/1 129/1/1
f 132/3/1 130/2/1 131/1/1
f 9/3/2 130/2/2 129/1/2
f 130/3/2 9/2/2 11/1/2
f 12/12/3 132/106/3 131/5/3
f 132/106/3 12/12/3 10/5/3
f 12/5/4 9/5/4 10/938/4
f 9/5/4 12/5/4 11/939/4
f 9/17/5 132/109/5 10/5/5
f 132/109/5 9/17/5 129/5/5
f 130/2/6 12/3/6 131/11/6
f 12/3/6 130/2/6 11/1/6
f 14/3/1 16/2/1 13/1/1
f 16/3/1 14/2/1 15/1/1
f 396/3/2 14/2/2 13/1/2
f 14/3/2 396/2/2 398/1/2
f 135/5/3 16/13/3 15/5/3
f 16/13/3 135/5/3 133/940/3
f 135/5/4 396/5/4 133/941/4
f 396/5/4 135/5/4 398/942/4
f 396/5/5 16/16/5 133/116/5
f 16/16/5 396/5/5 13/5/5
f 14/2/6 135/3/6 15/11/6
f 135/3/6 14/2/6 398/1/6
f 138/3/1 140/2/1 137/1/1
f 140/3/1 138/2/1 139/1/1
f 141/3/2 138/2/2 137/1/2
f 138/3/2 141/2/2 143/1/2
f 144/117/3 140/112/3 139/5/3
f 140/112/3 144/117/3 142/5/3
f 144/5/4 141/5/4 142/943/4
f 141/5/4 144/5/4 143/944/4
f 141/122/5 140/115/5 142/5/5
f 140/115/5 141/122/5 137/5/5
f 138/2/6 144/3/6 139/11/6
f 144/3/6 138/2/6 143/1/6
f 832/3/1 1079/2/1 831/1/1
f 1079/3/1 832/2/1 1080/1/1
f 1081/3/2 832/2/2 831/1/2
f 832/3/2 1081/2/2 1082/1/2
f 515/5/3 1079/5/3 1080/945/3
f 1079/5/3 515/5/3 513/946/3
f 515/5/4 1081/5/4 513/947/4
f 1081/5/4 515/5/4 1082/948/4
f 1081/5/5 1079/5/5 513/432/5
f 1079/5/5 1081/5/5 831/5/5
f 832/2/6 515/3/6 1080/11/6
f 515/3/6 832/2/6 1082/1/6
f 152/3/1 154/2/1 151/1/1
f 154/3/1 152/2/1 153/1/1
f 155/3/2 152/2/2 151/1/2
f 152/3/2 155/2/2 157/1/2
f 158/128/3 154/124/3 153/5/3
f 154/124/3 158/128/3 156/5/3
f 158/5/4 155/5/4 156/949/4
f 155/5/4 158/5/4 157/950/4
f 155/133/5 154/127/5 156/5/5
f 154/127/5 155/133/5 151/5/5
f 152/2/6 158/3/6 153/11/6
f 158/3/6 152/2/6 157/1/6
f 160/3/1 162/2/1 159/1/1
f 162/3/1 160/2/1 161/1/1
f 31/3/2 160/2/2 159/1/2
f 160/3/2 31/2/2 33/1/2
f 34/30/3 162/129/3 161/5/3
f 162/129/3 34/30/3 32/5/3
f 34/143/4 31/5/4 32/5/4
f 31/5/4 34/143/4 33/951/4
f 31/35/5 162/132/5 32/5/5
f 162/132/5 31/35/5 159/5/5
f 160/2/6 34/3/6 161/11/6
f 34/3/6 160/2/6 33/1/6
f 463/3/1 175/2/1 464/1/1
f 175/3/1 463/2/1 177/1/1
f 1044/3/2 463/2/2 464/1/2
f 463/3/2 1044/2/2 1043/1/2
f 180/5/3 175/5/3 177/952/3
f 175/5/3 180/5/3 179/953/3
f 180/148/4 1044/902/4 179/5/4
f 1044/902/4 180/148/4 1043/5/4
f 1044/904/5 175/150/5 179/5/5
f 175/150/5 1044/904/5 464/386/5
f 463/2/6 180/3/6 177/11/6
f 180/3/6 463/2/6 1043/1/6
f 518/3/1 520/2/1 517/1/1
f 520/3/1 518/2/1 519/1/1
f 1083/3/2 518/2/2 517/1/2
f 518/3/2 1083/2/2 1084/1/2
f 881/5/3 520/428/3 519/5/3
f 520/428/3 881/5/3 879/954/3
f 881/5/4 1083/5/4 879/955/4
f 1083/5/4 881/5/4 1084/956/4
f 1083/5/5 520/431/5 879/763/5
f 520/431/5 1083/5/5 517/5/5
f 518/2/6 881/3/6 519/11/6
f 881/3/6 518/2/6 1084/1/6
f 34/3/1 174/2/1 32/1/1
f 174/3/1 34/2/1 173/1/1
f 38/3/2 34/2/2 32/1/2
f 34/3/2 38/2/2 37/1/2
f 1085/5/3 174/141/3 173/5/3
f 174/141/3 1085/5/3 1086/957/3
f 1085/5/4 38/32/4 1086/958/4
f 38/32/4 1085/5/4 37/5/4
f 38/34/5 174/144/5 1086/959/5
f 174/144/5 38/34/5 32/5/5
f 34/2/6 1085/3/6 173/11/6
f 1085/3/6 34/2/6 37/1/6
f 188/3/1 190/2/1 187/1/1
f 190/3/1 188/2/1 189/1/1
f 1087/3/2 188/2/2 187/1/2
f 188/3/2 1087/2/2 1088/1/2
f 358/5/3 190/152/3 189/5/3
f 190/152/3 358/5/3 357/960/3
f 358/292/4 1087/5/4 357/5/4
f 1087/5/4 358/292/4 1088/961/4
f 1087/5/5 190/155/5 357/5/5
f 190/155/5 1087/5/5 187/5/5
f 188/2/6 358/3/6 189/11/6
f 358/3/6 188/2/6 1088/1/6
f 884/3/1 886/2/1 883/1/1
f 886/3/1 884/2/1 885/1/1
f 1089/3/2 884/2/2 883/1/2
f 884/3/2 1089/2/2 1090/1/2
f 1091/5/3 886/759/3 885/5/3
f 886/759/3 1091/5/3 1092/962/3
f 1091/5/4 1089/5/4 1092/963/4
f 1089/5/4 1091/5/4 1090/964/4
f 1089/5/5 886/762/5 1092/965/5
f 886/762/5 1089/5/5 883/5/5
f 884/2/6 1091/3/6 885/11/6
f 1091/3/6 884/2/6 1090/1/6
f 770/3/1 772/2/1 769/1/1
f 772/3/1 770/2/1 771/1/1
f 191/3/2 770/2/2 769/1/2
f 770/3/2 191/2/2 193/1/2
f 212/5/3 772/661/3 771/5/3
f 772/661/3 212/5/3 211/966/3
f 212/172/4 191/5/4 211/5/4
f 191/5/4 212/172/4 193/967/4
f 191/162/5 772/664/5 211/5/5
f 772/664/5 191/162/5 769/5/5
f 770/2/6 212/3/6 771/11/6
f 212/3/6 770/2/6 193/1/6
f 762/3/1 773/2/1 760/1/1
f 773/3/1 762/2/1 775/1/1
f 766/3/2 762/2/2 760/1/2
f 762/3/2 766/2/2 765/1/2
f 778/5/3 773/5/3 775/968/3
f 773/5/3 778/5/3 777/969/3
f 778/669/4 766/656/4 777/5/4
f 766/656/4 778/669/4 765/5/4
f 766/658/5 773/671/5 777/5/5
f 773/671/5 766/658/5 760/5/5
f 762/2/6 778/3/6 775/11/6
f 778/3/6 762/2/6 765/1/6
f 784/3/1 786/2/1 783/1/1
f 786/3/1 784/2/1 785/1/1
f 214/3/2 784/2/2 783/1/2
f 784/3/2 214/2/2 213/1/2
f 194/157/3 786/673/3 785/5/3
f 786/673/3 194/157/3 192/5/3
f 194/5/4 214/171/4 192/970/4
f 214/171/4 194/5/4 213/5/4
f 214/173/5 786/676/5 192/5/5
f 786/676/5 214/173/5 783/5/5
f 784/2/6 194/3/6 785/11/6
f 194/3/6 784/2/6 213/1/6
f 248/3/1 250/2/1 247/1/1
f 250/3/1 248/2/1 249/1/1
f 362/3/2 248/2/2 247/1/2
f 248/3/2 362/2/2 361/1/2
f 1093/5/3 250/197/3 249/5/3
f 250/197/3 1093/5/3 1094/971/3
f 1093/5/4 362/295/4 1094/972/4
f 362/295/4 1093/5/4 361/5/4
f 362/296/5 250/200/5 1094/973/5
f 250/200/5 362/296/5 247/5/5
f 248/2/6 1093/3/6 249/11/6
f 1093/3/6 248/2/6 361/1/6
f 946/3/1 948/2/1 945/1/1
f 948/3/1 946/2/1 947/1/1
f 1095/3/2 946/2/2 945/1/2
f 946/3/2 1095/2/2 1096/1/2
f 1097/5/3 948/809/3 947/5/3
f 948/809/3 1097/5/3 1098/974/3
f 1097/5/4 1095/5/4 1098/975/4
f 1095/5/4 1097/5/4 1096/976/4
f 1095/5/5 948/812/5 1098/977/5
f 948/812/5 1095/5/5 945/5/5
f 946/2/6 1097/3/6 947/11/6
f 1097/3/6 946/2/6 1096/1/6
f 238/3/1 647/2/1 236/1/1
f 647/3/1 238/2/1 648/1/1
f 242/3/2 238/2/2 236/1/2
f 238/3/2 242/2/2 241/1/2
f 1066/5/3 647/5/3 648/978/3
f 647/5/3 1066/5/3 1065/979/3
f 1066/923/4 242/192/4 1065/5/4
f 242/192/4 1066/923/4 241/5/4
f 242/194/5 647/5/5 1065/5/5
f 647/5/5 242/194/5 236/5/5
f 238/2/6 1066/3/6 648/11/6
f 1066/3/6 238/2/6 241/1/6
f 602/3/1 604/2/1 601/1/1
f 604/3/1 602/2/1 603/1/1
f 942/3/2 602/2/2 601/1/2
f 602/3/2 942/2/2 944/1/2
f 1099/5/3 604/507/3 603/5/3
f 604/507/3 1099/5/3 1100/980/3
f 1099/5/4 942/5/4 1100/981/4
f 942/5/4 1099/5/4 944/982/4
f 942/5/5 604/510/5 1100/983/5
f 604/510/5 942/5/5 601/5/5
f 602/2/6 1099/3/6 603/11/6
f 1099/3/6 602/2/6 944/1/6
f 264/3/1 47/2/1 263/1/1
f 47/3/1 264/2/1 49/1/1
f 1101/3/2 264/2/2 263/1/2
f 264/3/2 1101/2/2 1102/1/2
f 52/5/3 47/209/3 49/5/3
f 47/209/3 52/5/3 51/984/3
f 52/45/4 1101/5/4 51/5/4
f 1101/5/4 52/45/4 1102/985/4
f 1101/5/5 47/47/5 51/5/5
f 47/47/5 1101/5/5 263/5/5
f 264/2/6 52/3/6 49/11/6
f 52/3/6 264/2/6 1102/1/6
f 1104/3/1 966/2/1 1103/1/1
f 966/3/1 1104/2/1 965/1/1
f 598/3/2 1104/2/2 1103/1/2
f 1104/3/2 598/2/2 600/1/2
f 1105/5/3 966/825/3 965/5/3
f 966/825/3 1105/5/3 1106/986/3
f 1105/5/4 598/5/4 1106/987/4
f 598/5/4 1105/5/4 600/988/4
f 598/5/5 966/827/5 1106/989/5
f 966/827/5 598/5/5 1103/990/5
f 1104/2/6 1105/3/6 965/11/6
f 1105/3/6 1104/2/6 600/1/6
f 270/3/1 272/2/1 269/1/1
f 272/3/1 270/2/1 271/1/1
f 273/3/2 270/2/2 269/1/2
f 270/3/2 273/2/2 275/1/2
f 276/219/3 272/214/3 271/5/3
f 272/214/3 276/219/3 274/5/3
f 276/5/4 273/5/4 274/991/4
f 273/5/4 276/5/4 275/992/4
f 273/224/5 272/217/5 274/5/5
f 272/217/5 273/224/5 269/5/5
f 270/2/6 276/3/6 271/11/6
f 276/3/6 270/2/6 275/1/6
f 262/3/1 278/2/1 260/1/1
f 278/3/1 262/2/1 277/1/1
f 47/3/2 262/2/2 260/1/2
f 262/3/2 47/2/2 49/1/2
f 50/42/3 278/220/3 277/5/3
f 278/220/3 50/42/3 48/5/3
f 50/5/4 47/210/4 48/993/4
f 47/210/4 50/5/4 49/5/4
f 47/47/5 278/223/5 48/5/5
f 278/223/5 47/47/5 260/5/5
f 262/2/6 50/3/6 277/11/6
f 50/3/6 262/2/6 49/1/6
f 284/3/1 286/2/1 283/1/1
f 286/3/1 284/2/1 285/1/1
f 287/3/2 284/2/2 283/1/2
f 284/3/2 287/2/2 289/1/2
f 290/231/3 286/226/3 285/5/3
f 286/226/3 290/231/3 288/5/3
f 290/5/4 287/5/4 288/994/4
f 287/5/4 290/5/4 289/995/4
f 287/236/5 286/229/5 288/5/5
f 286/229/5 287/236/5 283/5/5
f 284/2/6 290/3/6 285/11/6
f 290/3/6 284/2/6 289/1/6
f 304/3/1 306/2/1 303/1/1
f 306/3/1 304/2/1 305/1/1
f 61/3/2 304/2/2 303/1/2
f 304/3/2 61/2/2 63/1/2
f 64/53/3 306/243/3 305/5/3
f 306/243/3 64/53/3 62/5/3
f 64/5/4 61/5/4 62/996/4
f 61/5/4 64/5/4 63/997/4
f 61/58/5 306/246/5 62/5/5
f 306/246/5 61/58/5 303/5/5
f 304/2/6 64/3/6 305/11/6
f 64/3/6 304/2/6 63/1/6
f 66/3/1 68/2/1 65/1/1
f 68/3/1 66/2/1 67/1/1
f 280/3/2 66/2/2 65/1/2
f 66/3/2 280/2/2 282/1/2
f 747/5/3 68/54/3 67/5/3
f 68/54/3 747/5/3 745/998/3
f 747/5/4 280/5/4 745/999/4
f 280/5/4 747/5/4 282/1000/4
f 280/5/5 68/57/5 745/626/5
f 68/57/5 280/5/5 65/5/5
f 66/2/6 747/3/6 67/11/6
f 747/3/6 66/2/6 282/1/6
f 364/3/1 366/2/1 363/1/1
f 366/3/1 364/2/1 365/1/1
f 300/3/2 364/2/2 363/1/2
f 364/3/2 300/2/2 302/1/2
f 1107/5/3 366/300/3 365/5/3
f 366/300/3 1107/5/3 1108/1001/3
f 1107/5/4 300/5/4 1108/1002/4
f 300/5/4 1107/5/4 302/1003/4
f 300/5/5 366/303/5 1108/1004/5
f 366/303/5 300/5/5 363/5/5
f 364/2/6 1107/3/6 365/11/6
f 1107/3/6 364/2/6 302/1/6

usemtl color0

f 1111/3/1 1110/2/1 1109/1/1
f 1110/3/1 1111/2/1 1112/1/1
f 1113/3/2 1111/2/2 1109/1/2
f 1111/3/2 1113/2/2 1114/1/2
f 1115/5/3 1110/5/3 1112/1005/3
f 1110/5/3 1115/5/3 1116/1006/3
f 1115/5/4 1113/5/4 1116/1007/4
f 1113/5/4 1115/5/4 1114/1008/4
f 1113/5/5 1110/5/5 1116/1009/5
f 1110/5/5 1113/5/5 1109/1010/5
f 1111/2/6 1115/3/6 1112/11/6
f 1115/3/6 1111/2/6 1114/1/6
f 1119/3/1 1118/2/1 1117/1/1
f 1118/3/1 1119/2/1 1120/1/1
f 1121/3/2 1119/2/2 1117/1/2
f 1119/3/2 1121/2/2 1122/1/2
f 1123/5/3 1118/5/3 1120/1011/3
f 1118/5/3 1123/5/3 1124/1012/3
f 1123/5/4 1121/5/4 1124/1013/4
f 1121/5/4 1123/5/4 1122/1014/4
f 1121/5/5 1118/5/5 1124/1015/5
f 1118/5/5 1121/5/5 1117/1016/5
f 1119/2/6 1123/3/6 1120/11/6
f 1123/3/6 1119/2/6 1122/1/6

usemtl color11

f 1127/3/1 1126/2/1 1125/1/1
f 1126/3/1 1127/2/1 1128/1/1
f 429/3/2 1127/2/2 1125/1/2
f 1127/3/2 429/2/2 431/1/2
f 432/360/3 1126/5/3 1128/1017/3
f 1126/5/3 432/360/3 430/5/3
f 432/5/4 429/5/4 430/1018/4
f 429/5/4 432/5/4 431/1019/4
f 429/365/5 1126/5/5 430/5/5
f 1126/5/5 429/365/5 1125/1020/5
f 1127/2/6 432/3/6 1128/11/6
f 432/3/6 1127/2/6 431/1/6
f 1131/3/1 1130/2/1 1129/1/1
f 1130/3/1 1131/2/1 1132/1/1
f 683/3/2 1131/2/2 1129/1/2
f 1131/3/2 683/2/2 685/1/2
f 686/573/3 1130/5/3 1132/1021/3
f 1130/5/3 686/573/3 684/5/3
f 686/5/4 683/5/4 684/1022/4
f 683/5/4 686/5/4 685/1023/4
f 683/578/5 1130/5/5 684/5/5
f 1130/5/5 683/578/5 1129/1024/5
f 1131/2/6 686/3/6 1132/11/6
f 686/3/6 1131/2/6 685/1/6

usemtl color12

f 1054/3/1 1056/2/1 1053/1/1
f 1056/3/1 1054/2/1 1055/1/1
f 1133/3/2 1054/2/2 1053/1/2
f 1054/3/2 1133/2/2 1134/1/2
f 1135/5/3 1056/910/3 1055/5/3
f 1056/910/3 1135/5/3 1136/1025/3
f 1135/5/4 1133/5/4 1136/1026/4
f 1133/5/4 1135/5/4 1134/1027/4
f 1133/5/5 1056/913/5 1136/1028/5
f 1056/913/5 1133/5/5 1053/5/5
f 1054/2/6 1135/3/6 1055/11/6
f 1135/3/6 1054/2/6 1134/1/6
f 882/3/1 941/2/1 880/1/1
f 941/3/1 882/2/1 943/1/1
f 886/3/2 882/2/2 880/1/2
f 882/3/2 886/2/2 885/1/2
f 946/5/3 941/5/3 943/1029/3
f 941/5/3 946/5/3 945/1030/3
f 946/811/4 886/760/4 945/5/4
f 886/760/4 946/811/4 885/5/4
f 886/762/5 941/813/5 945/5/5
f 941/813/5 886/762/5 880/5/5
f 882/2/6 946/3/6 943/11/6
f 946/3/6 882/2/6 885/1/6
f 1139/3/1 1138/2/1 1137/1/1
f 1138/3/1 1139/2/1 1140/1/1
f 1141/3/2 1139/2/2 1137/1/2
f 1139/3/2 1141/2/2 1142/1/2
f 1143/5/3 1138/5/3 1140/1031/3
f 1138/5/3 1143/5/3 1144/1032/3
f 1143/5/4 1141/5/4 1144/1033/4
f 1141/5/4 1143/5/4 1142/1034/4
f 1141/5/5 1138/5/5 1144/1035/5
f 1138/5/5 1141/5/5 1137/1036/5
f 1139/2/6 1143/3/6 1140/11/6
f 1143/3/6 1139/2/6 1142/1/6
f 1147/3/1 1146/2/1 1145/1/1
f 1146/3/1 1147/2/1 1148/1/1
f 1149/3/2 1147/2/2 1145/1/2
f 1147/3/2 1149/2/2 1150/1/2
f 1151/5/3 1146/5/3 1148/1037/3
f 1146/5/3 1151/5/3 1152/1038/3
f 1151/5/4 1149/5/4 1152/1039/4
f 1149/5/4 1151/5/4 1150/1040/4
f 1149/5/5 1146/5/5 1152/1041/5
f 1146/5/5 1149/5/5 1145/1042/5
f 1147/2/6 1151/3/6 1148/11/6
f 1151/3/6 1147/2/6 1150/1/6
f 1062/3/1 1064/2/1 1061/1/1
f 1064/3/1 1062/2/1 1063/1/1
f 1153/3/2 1062/2/2 1061/1/2
f 1062/3/2 1153/2/2 1154/1/2
f 1155/5/3 1064/916/3 1063/5/3
f 1064/916/3 1155/5/3 1156/1043/3
f 1155/5/4 1153/5/4 1156/1044/4
f 1153/5/4 1155/5/4 1154/1045/4
f 1153/5/5 1064/919/5 1156/1046/5
f 1064/919/5 1153/5/5 1061/5/5
f 1062/2/6 1155/3/6 1063/11/6
f 1155/3/6 1062/2/6 1154/1/6

usemtl color13

f 1158/3/1 769/2/1 1157/1/1
f 769/3/1 1158/2/1 770/1/1
f 1159/3/2 1158/2/2 1157/1/2
f 1158/3/2 1159/2/2 1160/1/2
f 193/5/3 769/5/3 770/1047/3
f 769/5/3 193/5/3 191/1048/3
f 193/967/4 1159/5/4 191/5/4
f 1159/5/4 193/967/4 1160/1049/4
f 1159/5/5 769/5/5 191/162/5
f 769/5/5 1159/5/5 1157/1050/5
f 1158/2/6 193/3/6 770/11/6
f 193/3/6 1158/2/6 1160/1/6
f 785/3/1 1161/2/1 786/1/1
f 1161/3/1 785/2/1 1162/1/1
f 192/3/2 785/2/2 786/1/2
f 785/3/2 192/2/2 194/1/2
f 1163/5/3 1161/5/3 1162/1051/3
f 1161/5/3 1163/5/3 1164/1052/3
f 1163/5/4 192/970/4 1164/1053/4
f 192/970/4 1163/5/4 194/5/4
f 192/5/5 1161/5/5 1164/1054/5
f 1161/5/5 192/5/5 786/676/5
f 785/2/6 1163/3/6 1162/11/6
f 1163/3/6 785/2/6 194/1/6

usemtl color14

f 1167/3/1 1166/2/1 1165/1/1
f 1166/3/1 1167/2/1 1168/1/1
f 1169/3/2 1167/2/2 1165/1/2
f 1167/3/2 1169/2/2 1170/1/2
f 1171/5/3 1166/5/3 1168/1055/3
f 1166/5/3 1171/5/3 1172/1056/3
f 1171/5/4 1169/5/4 1172/1057/4
f 1169/5/4 1171/5/4 1170/1058/4
f 1169/5/5 1166/5/5 1172/1059/5
f 1166/5/5 1169/5/5 1165/1060/5
f 1167/2/6 1171/3/6 1168/11/6
f 1171/3/6 1167/2/6 1170/1/6
f 1175/3/1 1174/2/1 1173/1/1
f 1174/3/1 1175/2/1 1176/1/1
f 1177/3/2 1175/2/2 1173/1/2
f 1175/3/2 1177/2/2 1178/1/2
f 1179/5/3 1174/5/3 1176/1061/3
f 1174/5/3 1179/5/3 1180/1062/3
f 1179/5/4 1177/5/4 1180/1063/4
f 1177/5/4 1179/5/4 1178/1064/4
f 1177/5/5 1174/5/5 1180/1065/5
f 1174/5/5 1177/5/5 1173/1066/5
f 1175/2/6 1179/3/6 1176/11/6
f 1179/3/6 1175/2/6 1178/1/6
f 1183/3/1 1182/2/1 1181/1/1
f 1182/3/1 1183/2/1 1184/1/1
f 1185/3/2 1183/2/2 1181/1/2
f 1183/3/2 1185/2/2 1186/1/2
f 1187/5/3 1182/5/3 1184/1067/3
f 1182/5/3 1187/5/3 1188/1068/3
f 1187/5/4 1185/5/4 1188/1069/4
f 1185/5/4 1187/5/4 1186/1070/4
f 1185/5/5 1182/5/5 1188/1071/5
f 1182/5/5 1185/5/5 1181/1072/5
f 1183/2/6 1187/3/6 1184/11/6
f 1187/3/6 1183/2/6 1186/1/6
f 1191/3/1 1190/2/1 1189/1/1
f 1190/3/1 1191/2/1 1192/1/1
f 1193/3/2 1191/2/2 1189/1/2
f 1191/3/2 1193/2/2 1194/1/2
f 1195/5/3 1190/5/3 1192/1073/3
f 1190/5/3 1195/5/3 1196/1074/3
f 1195/5/4 1193/5/4 1196/1075/4
f 1193/5/4 1195/5/4 1194/1076/4
f 1193/5/5 1190/5/5 1196/1077/5
f 1190/5/5 1193/5/5 1189/1078/5
f 1191/2/6 1195/3/6 1192/11/6
f 1195/3/6 1191/2/6 1194/1/6
f 1199/3/1 1198/2/1 1197/1/1
f 1198/3/1 1199/2/1 1200/1/1
f 1201/3/2 1199/2/2 1197/1/2
f 1199/3/2 1201/2/2 1202/1/2
f 1203/5/3 1198/5/3 1200/1079/3
f 1198/5/3 1203/5/3 1204/1080/3
f 1203/5/4 1201/5/4 1204/1081/4
f 1201/5/4 1203/5/4 1202/1082/4
f 1201/5/5 1198/5/5 1204/1083/5
f 1198/5/5 1201/5/5 1197/1084/5
f 1199/2/6 1203/3/6 1200/11/6
f 1203/3/6 1199/2/6 1202/1/6
f 1207/3/1 1206/2/1 1205/1/1
f 1206/3/1 1207/2/1 1208/1/1
f 1209/3/2 1207/2/2 1205/1/2
f 1207/3/2 1209/2/2 1210/1/2
f 1211/5/3 1206/5/3 1208/1085/3
f 1206/5/3 1211/5/3 1212/1086/3
f 1211/5/4 1209/5/4 1212/1087/4
f 1209/5/4 1211/5/4 1210/1088/4
f 1209/5/5 1206/5/5 1212/1089/5
f 1206/5/5 1209/5/5 1205/1090/5
f 1207/2/6 1211/3/6 1208/11/6
f 1211/3/6 1207/2/6 1210/1/6
f 1215/3/1 1214/2/1 1213/1/1
f 1214/3/1 1215/2/1 1216/1/1
f 903/3/2 1215/2/2 1213/1/2
f 1215/3/2 903/2/2 905/1/2
f 906/778/3 1214/5/3 1216/1091/3
f 1214/5/3 906/778/3 904/5/3
f 906/5/4 903/5/4 904/1092/4
f 903/5/4 906/5/4 905/1093/4
f 903/783/5 1214/5/5 904/5/5
f 1214/5/5 903/783/5 1213/1094/5
f 1215/2/6 906/3/6 1216/11/6
f 906/3/6 1215/2/6 905/1/6
f 1171/3/1 1217/2/1 1172/1/1
f 1217/3/1 1171/2/1 1218/1/1
f 1174/3/2 1171/2/2 1172/1/2
f 1171/3/2 1174/2/2 1176/1/2
f 1219/5/3 1217/5/3 1218/1095/3
f 1217/5/3 1219/5/3 1220/1096/3
f 1219/5/4 1174/5/4 1220/1097/4
f 1174/5/4 1219/5/4 1176/1098/4
f 1174/5/5 1217/5/5 1220/1099/5
f 1217/5/5 1174/5/5 1172/1059/5
f 1171/2/6 1219/3/6 1218/11/6
f 1219/3/6 1171/2/6 1176/1/6
f 1223/3/1 1222/2/1 1221/1/1
f 1222/3/1 1223/2/1 1224/1/1
f 1217/3/2 1223/2/2 1221/1/2
f 1223/3/2 1217/2/2 1218/1/2
f 1225/5/3 1222/5/3 1224/1100/3
f 1222/5/3 1225/5/3 1226/1101/3
f 1225/5/4 1217/5/4 1226/1102/4
f 1217/5/4 1225/5/4 1218/1103/4
f 1217/5/5 1222/5/5 1226/1104/5
f 1222/5/5 1217/5/5 1221/1105/5
f 1223/2/6 1225/3/6 1224/11/6
f 1225/3/6 1223/2/6 1218/1/6
f 1219/3/1 1227/2/1 1220/1/1
f 1227/3/1 1219/2/1 1228/1/1
f 1229/3/2 1219/2/2 1220/1/2
f 1219/3/2 1229/2/2 1230/1/2
f 1231/5/3 1227/5/3 1228/1106/3
f 1227/5/3 1231/5/3 1232/1107/3
f 1231/5/4 1229/5/4 1232/1108/4
f 1229/5/4 1231/5/4 1230/1109/4
f 1229/5/5 1227/5/5 1232/1110/5
f 1227/5/5 1229/5/5 1220/1099/5
f 1219/2/6 1231/3/6 1228/11/6
f 1231/3/6 1219/2/6 1230/1/6
f 1235/3/1 1234/2/1 1233/1/1
f 1234/3/1 1235/2/1 1236/1/1
f 1237/3/2 1235/2/2 1233/1/2
f 1235/3/2 1237/2/2 1238/1/2
f 1239/5/3 1234/5/3 1236/1111/3
f 1234/5/3 1239/5/3 1240/1112/3
f 1239/5/4 1237/5/4 1240/1113/4
f 1237/5/4 1239/5/4 1238/1114/4
f 1237/5/5 1234/5/5 1240/1115/5
f 1234/5/5 1237/5/5 1233/1116/5
f 1235/2/6 1239/3/6 1236/11/6
f 1239/3/6 1235/2/6 1238/1/6
f 1243/3/1 1242/2/1 1241/1/1
f 1242/3/1 1243/2/1 1244/1/1
f 1245/3/2 1243/2/2 1241/1/2
f 1243/3/2 1245/2/2 1246/1/2
f 1247/5/3 1242/5/3 1244/1117/3
f 1242/5/3 1247/5/3 1248/1118/3
f 1247/5/4 1245/5/4 1248/1119/4
f 1245/5/4 1247/5/4 1246/1120/4
f 1245/5/5 1242/5/5 1248/1121/5
f 1242/5/5 1245/5/5 1241/1122/5
f 1243/2/6 1247/3/6 1244/11/6
f 1247/3/6 1243/2/6 1246/1/6
f 1251/3/1 1250/2/1 1249/1/1
f 1250/3/1 1251/2/1 1252/1/1
f 1253/3/2 1251/2/2 1249/1/2
f 1251/3/2 1253/2/2 1254/1/2
f 1255/5/3 1250/5/3 1252/1123/3
f 1250/5/3 1255/5/3 1256/1124/3
f 1255/5/4 1253/5/4 1256/1125/4
f 1253/5/4 1255/5/4 1254/1126/4
f 1253/5/5 1250/5/5 1256/1127/5
f 1250/5/5 1253/5/5 1249/1128/5
f 1251/2/6 1255/3/6 1252/11/6
f 1255/3/6 1251/2/6 1254/1/6
f 1259/3/1 1258/2/1 1257/1/1
f 1258/3/1 1259/2/1 1260/1/1
f 1261/3/2 1259/2/2 1257/1/2
f 1259/3/2 1261/2/2 1262/1/2
f 1263/5/3 1258/5/3 1260/1129/3
f 1258/5/3 1263/5/3 1264/1130/3
f 1263/5/4 1261/5/4 1264/1131/4
f 1261/5/4 1263/5/4 1262/1132/4
f 1261/5/5 1258/5/5 1264/1133/5
f 1258/5/5 1261/5/5 1257/1134/5
f 1259/2/6 1263/3/6 1260/11/6
f 1263/3/6 1259/2/6 1262/1/6
f 1267/3/1 1266/2/1 1265/1/1
f 1266/3/1 1267/2/1 1268/1/1
f 925/3/2 1267/2/2 1265/1/2
f 1267/3/2 925/2/2 927/1/2
f 928/796/3 1266/5/3 1268/1135/3
f 1266/5/3 928/796/3 926/5/3
f 928/5/4 925/5/4 926/1136/4
f 925/5/4 928/5/4 927/1137/4
f 925/801/5 1266/5/5 926/5/5
f 1266/5/5 925/801/5 1265/1138/5
f 1267/2/6 928/3/6 1268/11/6
f 928/3/6 1267/2/6 927/1/6

usemtl color15

f 888/3/1 1269/2/1 887/1/1
f 1269/3/1 888/2/1 1270/1/1
f 1271/3/2 888/2/2 887/1/2
f 888/3/2 1271/2/2 1272/1/2
f 1273/5/3 1269/5/3 1270/1139/3
f 1269/5/3 1273/5/3 1274/1140/3
f 1273/5/4 1271/5/4 1274/1141/4
f 1271/5/4 1273/5/4 1272/1142/4
f 1271/5/5 1269/5/5 1274/1143/5
f 1269/5/5 1271/5/5 887/5/5
f 888/2/6 1273/3/6 1270/11/6
f 1273/3/6 888/2/6 1272/1/6
f 858/3/1 1275/2/1 856/1/1
f 1275/3/1 858/2/1 1276/1/1
f 862/3/2 858/2/2 856/1/2
f 858/3/2 862/2/2 861/1/2
f 1277/5/3 1275/5/3 1276/1144/3
f 1275/5/3 1277/5/3 1278/1145/3
f 1277/5/4 862/742/4 1278/1146/4
f 862/742/4 1277/5/4 861/5/4
f 862/744/5 1275/5/5 1278/1147/5
f 1275/5/5 862/744/5 856/5/5
f 858/2/6 1277/3/6 1276/11/6
f 1277/3/6 858/2/6 861/1/6
f 1281/3/1 1280/2/1 1279/1/1
f 1280/3/1 1281/2/1 1282/1/1
f 863/3/2 1281/2/2 1279/1/2
f 1281/3/2 863/2/2 864/1/2
f 1283/5/3 1280/5/3 1282/1148/3
f 1280/5/3 1283/5/3 1284/1149/3
f 1283/5/4 863/767/4 1284/1150/4
f 863/767/4 1283/5/4 864/5/4
f 863/5/5 1280/5/5 1284/1151/5
f 1280/5/5 863/5/5 1279/1152/5
f 1281/2/6 1283/3/6 1282/11/6
f 1283/3/6 1281/2/6 864/1/6
f 867/3/1 1285/2/1 868/1/1
f 1285/3/1 867/2/1 1286/1/1
f 1287/3/2 867/2/2 868/1/2
f 867/3/2 1287/2/2 1288/1/2
f 1289/5/3 1285/5/3 1286/1153/3
f 1285/5/3 1289/5/3 1290/1154/3
f 1289/5/4 1287/5/4 1290/1155/4
f 1287/5/4 1289/5/4 1288/1156/4
f 1287/5/5 1285/5/5 1290/1157/5
f 1285/5/5 1287/5/5 868/750/5
f 867/2/6 1289/3/6 1286/11/6
f 1289/3/6 867/2/6 1288/1/6
f 1293/3/1 1292/2/1 1291/1/1
f 1292/3/1 1293/2/1 1294/1/1
f 1295/3/2 1293/2/2 1291/1/2
f 1293/3/2 1295/2/2 1296/1/2
f 1297/5/3 1292/5/3 1294/1158/3
f 1292/5/3 1297/5/3 1298/1159/3
f 1297/5/4 1295/5/4 1298/1160/4
f 1295/5/4 1297/5/4 1296/1161/4
f 1295/5/5 1292/5/5 1298/1162/5
f 1292/5/5 1295/5/5 1291/1163/5
f 1293/2/6 1297/3/6 1294/11/6
f 1297/3/6 1293/2/6 1296/1/6
f 1301/3/1 1300/2/1 1299/1/1
f 1300/3/1 1301/2/1 1302/1/1
f 1303/3/2 1301/2/2 1299/1/2
f 1301/3/2 1303/2/2 1304/1/2
f 1305/5/3 1300/5/3 1302/1164/3
f 1300/5/3 1305/5/3 1306/1165/3
f 1305/5/4 1303/5/4 1306/1166/4
f 1303/5/4 1305/5/4 1304/1167/4
f 1303/5/5 1300/5/5 1306/1168/5
f 1300/5/5 1303/5/5 1299/1169/5
f 1301/2/6 1305/3/6 1302/11/6
f 1305/3/6 1301/2/6 1304/1/6
f 1308/3/1 949/2/1 1307/1/1
f 949/3/1 1308/2/1 951/1/1
f 1309/3/2 1308/2/2 1307/1/2
f 1308/3/2 1309/2/2 1310/1/2
f 1311/5/3 949/5/3 951/1170/3
f 949/5/3 1311/5/3 1312/1171/3
f 1311/5/4 1309/5/4 1312/1172/4
f 1309/5/4 1311/5/4 1310/1173/4
f 1309/5/5 949/819/5 1312/1174/5
f 949/819/5 1309/5/5 1307/1175/5
f 1308/2/6 1311/3/6 951/11/6
f 1311/3/6 1308/2/6 1310/1/6
f 1315/3/1 1314/2/1 1313/1/1
f 1314/3/1 1315/2/1 1316/1/1
f 1317/3/2 1315/2/2 1313/1/2
f 1315/3/2 1317/2/2 1318/1/2
f 1319/5/3 1314/5/3 1316/1176/3
f 1314/5/3 1319/5/3 1320/1177/3
f 1319/5/4 1317/5/4 1320/1178/4
f 1317/5/4 1319/5/4 1318/1179/4
f 1317/5/5 1314/5/5 1320/1180/5
f 1314/5/5 1317/5/5 1313/1181/5
f 1315/2/6 1319/3/6 1316/11/6
f 1319/3/6 1315/2/6 1318/1/6
f 1323/3/1 1322/2/1 1321/1/1
f 1322/3/1 1323/2/1 1324/1/1
f 1325/3/2 1323/2/2 1321/1/2
f 1323/3/2 1325/2/2 1326/1/2
f 1327/5/3 1322/5/3 1324/1182/3
f 1322/5/3 1327/5/3 1328/1183/3
f 1327/5/4 1325/5/4 1328/1184/4
f 1325/5/4 1327/5/4 1326/1185/4
f 1325/5/5 1322/5/5 1328/1186/5
f 1322/5/5 1325/5/5 1321/1187/5
f 1323/2/6 1327/3/6 1324/11/6
f 1327/3/6 1323/2/6 1326/1/6
f 1331/3/1 1330/2/1 1329/1/1
f 1330/3/1 1331/2/1 1332/1/1
f 1333/3/2 1331/2/2 1329/1/2
f 1331/3/2 1333/2/2 1334/1/2
f 1335/5/3 1330/5/3 1332/1188/3
f 1330/5/3 1335/5/3 1336/1189/3
f 1335/5/4 1333/5/4 1336/1190/4
f 1333/5/4 1335/5/4 1334/1191/4
f 1333/5/5 1330/5/5 1336/1192/5
f 1330/5/5 1333/5/5 1329/1193/5
f 1331/2/6 1335/3/6 1332/11/6
f 1335/3/6 1331/2/6 1334/1/6
f 1339/3/1 1338/2/1 1337/1/1
f 1338/3/1 1339/2/1 1340/1/1
f 1341/3/2 1339/2/2 1337/1/2
f 1339/3/2 1341/2/2 1342/1/2
f 1343/5/3 1338/5/3 1340/1194/3
f 1338/5/3 1343/5/3 1344/1195/3
f 1343/5/4 1341/5/4 1344/1196/4
f 1341/5/4 1343/5/4 1342/1197/4
f 1341/5/5 1338/5/5 1344/1198/5
f 1338/5/5 1341/5/5 1337/1199/5
f 1339/2/6 1343/3/6 1340/11/6
f 1343/3/6 1339/2/6 1342/1/6
f 1347/3/1 1346/2/1 1345/1/1
f 1346/3/1 1347/2/1 1348/1/1
f 1349/3/2 1347/2/2 1345/1/2
f 1347/3/2 1349/2/2 1350/1/2
f 1351/5/3 1346/5/3 1348/1200/3
f 1346/5/3 1351/5/3 1352/1201/3
f 1351/5/4 1349/5/4 1352/1202/4
f 1349/5/4 1351/5/4 1350/1203/4
f 1349/5/5 1346/5/5 1352/1204/5
f 1346/5/5 1349/5/5 1345/1205/5
f 1347/2/6 1351/3/6 1348/11/6
f 1351/3/6 1347/2/6 1350/1/6

usemtl color16

f 1355/3/1 1354/2/1 1353/1/1
f 1354/3/1 1355/2/1 1356/1/1
f 1357/3/2 1355/2/2 1353/1/2
f 1355/3/2 1357/2/2 1358/1/2
f 1359/5/3 1354/5/3 1356/1206/3
f 1354/5/3 1359/5/3 1360/1207/3
f 1359/5/4 1357/5/4 1360/1208/4
f 1357/5/4 1359/5/4 1358/1209/4
f 1357/5/5 1354/5/5 1360/1210/5
f 1354/5/5 1357/5/5 1353/1211/5
f 1355/2/6 1359/3/6 1356/11/6
f 1359/3/6 1355/2/6 1358/1/6
f 1363/3/1 1362/2/1 1361/1/1
f 1362/3/1 1363/2/1 1364/1/1
f 1365/3/2 1363/2/2 1361/1/2
f 1363/3/2 1365/2/2 1366/1/2
f 1367/5/3 1362/5/3 1364/1212/3
f 1362/5/3 1367/5/3 1368/1213/3
f 1367/5/4 1365/5/4 1368/1214/4
f 1365/5/4 1367/5/4 1366/1215/4
f 1365/5/5 1362/5/5 1368/1216/5
f 1362/5/5 1365/5/5 1361/1217/5
f 1363/2/6 1367/3/6 1364/11/6
f 1367/3/6 1363/2/6 1366/1/6

usemtl color17

f 1371/3/1 1370/2/1 1369/1/1
f 1370/3/1 1371/2/1 1372/1/1
f 1373/3/2 1371/2/2 1369/1/2
f 1371/3/2 1373/2/2 1374/1/2
f 1375/5/3 1370/5/3 1372/1218/3
f 1370/5/3 1375/5/3 1376/1219/3
f 1375/5/4 1373/5/4 1376/1220/4
f 1373/5/4 1375/5/4 1374/1221/4
f 1373/5/5 1370/5/5 1376/1222/5
f 1370/5/5 1373/5/5 1369/1223/5
f 1371/2/6 1375/3/6 1372/11/6
f 1375/3/6 1371/2/6 1374/1/6
f 1379/3/1 1378/2/1 1377/1/1
f 1378/3/1 1379/2/1 1380/1/1
f 550/3/2 1379/2/2 1377/1/2
f 1379/3/2 550/2/2 549/1/2
f 574/5/3 1378/5/3 1380/1224/3
f 1378/5/3 574/5/3 573/1225/3
f 574/481/4 550/456/4 573/5/4
f 550/456/4 574/481/4 549/5/4
f 550/458/5 1378/5/5 573/5/5
f 1378/5/5 550/458/5 1377/1226/5
f 1379/2/6 574/3/6 1380/11/6
f 574/3/6 1379/2/6 549/1/6

