# Created by Kenney (www.kenney.nl)

mtllib Blaster YUK Vallume.mtl

v 12 6 -1
v 12 5 -1
v 12 6 1
v 12 5 1
v 11 6 -1
v 11 6 1
v 11 5 1
v 11 5 -1
v -1 4 -1
v -1 3 -1
v -1 4 1
v -1 3 1
v -2 4 -1
v -2 4 1
v -2 3 1
v -2 3 -1
v 11 6 -1.5
v 11 5 -1.5
v 11 6 1.5
v 11 5 1.5
v 9 6 -1.5
v 9 6 1.5
v 9 5 1.5
v 9 5 -1.5
v 12 5 -1.5
v 12 4 -1.5
v 12 5 1.5
v 12 4 1.5
v 11 4 1.5
v 11 4 -1.5
v 6 5 -1.5
v 6 4 -1.5
v 6 5 1.5
v 6 4 1.5
v 5 5 -1.5
v 5 5 1.5
v 5 4 1.5
v 5 4 -1.5
v 4 5 -1.5
v 4 4 -1.5
v 4 5 1.5
v 4 4 1.5
v 1 5 -1.5
v 1 5 1.5
v 1 4 1.5
v 1 4 -1.5
v 0 5 -1.5
v 0 4 -1.5
v 0 5 1.5
v 0 4 1.5
v -1 5 -1.5
v -1 5 1.5
v -1 4 1.5
v -1 4 -1.5
v 21 3 -2
v 21 2 -2
v 21 3 2
v 21 2 2
v 18 3 -2
v 18 3 2
v 18 2 2
v 18 2 -2
v 16 3 -2
v 16 2 -2
v 16 3 2
v 16 2 2
v 13 3 -2
v 13 3 2
v 13 2 2
v 13 2 -2
v 9 2 -2.5
v 9 1 -2.5
v 9 2 2.5
v 9 1 2.5
v 8 2 -2.5
v 8 2 2.5
v 8 1 2.5
v 8 1 -2.5
v 4 2 -2.5
v 4 1 -2.5
v 4 2 2.5
v 4 1 2.5
v 0 2 -2.5
v 0 2 2.5
v 0 1 2.5
v 0 1 -2.5
v -3 2 -2.5
v -3 1 -2.5
v -3 2 2.5
v -3 1 2.5
v -4 2 -2.5
v -4 2 2.5
v -4 1 2.5
v -4 1 -2.5
v -19 2 -2
v -19 1 -2
v -19 2 2
v -19 1 2
v -20 2 -2
v -20 2 2
v -20 1 2
v -20 1 -2
v 6 1 -3
v 6 0 -3
v 6 1 3
v 6 0 3
v 5 1 -3
v 5 1 3
v 5 0 3
v 5 0 -3
v -2 1 -3
v -2 0 -3
v -2 1 3
v -2 0 3
v -3 1 -3
v -3 1 3
v -3 0 3
v -3 0 -3
v -18 1 -2.5
v -18 -1 -2.5
v -18 1 2.5
v -18 -1 2.5
v -19 1 -2.5
v -19 1 2.5
v -19 -1 2.5
v -19 -1 -2.5
v 12 0 -3.5
v 12 -1 -3.5
v 12 0 3.5
v 12 -1 3.5
v 11 0 -3.5
v 11 0 3.5
v 11 -1 3.5
v 11 -1 -3.5
v 5 -1 -3
v 5 -1 3
v 4 0 -3
v 4 0 3
v 4 -1 3
v 4 -1 -3
v -1 0 -3
v -1 -1 -3
v -1 0 3
v -1 -1 3
v -2 -1 3
v -2 -1 -3
v 4 -2 -3
v 4 -2 3
v -1 -2 3
v -1 -2 -3
v 12 -5 -3.5
v 12 -6 -3.5
v 12 -5 3.5
v 12 -6 3.5
v 11 -5 -3.5
v 11 -5 3.5
v 11 -6 3.5
v 11 -6 -3.5
v 8 6 -1.5
v 8 6 1.5
v 8 5 1.5
v 8 5 -1.5
v 13 3 -1
v 13 2 -1
v 13 3 1
v 13 2 1
v 9 3 -1
v 9 3 1
v 9 2 1
v 9 2 -1
v 6 3 -1
v 6 2 -1
v 6 3 1
v 6 2 1
v 5 3 -1
v 5 3 1
v 5 2 1
v 5 2 -1
v -17 3 -0.5
v -17 2 -0.5
v -17 3 0.5
v -17 2 0.5
v -19 3 -0.5
v -19 3 0.5
v -19 2 0.5
v -19 2 -0.5
v 27 2 -2
v 27 -1 -2
v 27 2 2
v 27 -1 2
v 26 2 -2
v 26 2 2
v 26 -1 2
v 26 -1 -2
v 25 2 -2
v 25 -1 -2
v 25 2 2
v 25 -1 2
v 24 2 -2
v 24 2 2
v 24 -1 2
v 24 -1 -2
v 18 2 -2.5
v 18 1 -2.5
v 18 2 2.5
v 18 1 2.5
v 16 2 -2.5
v 16 2 2.5
v 16 1 2.5
v 16 1 -2.5
v 11 2 -2
v 11 1 -2
v 11 2 2
v 11 1 2
v 9 2 -2
v 9 2 2
v 9 1 2
v 9 1 -2
v 19 1 -2.5
v 19 0 -2.5
v 19 1 2.5
v 19 0 2.5
v 18 0 2.5
v 18 0 -2.5
v 16 0 -2.5
v 16 0 2.5
v 15 1 -2.5
v 15 1 2.5
v 15 0 2.5
v 15 0 -2.5
v 9 0 -2
v 9 0 2
v 7 1 -2
v 7 1 2
v 7 0 2
v 7 0 -2
v -19 0 -2.5
v -19 0 2.5
v -20 1 -2.5
v -20 1 2.5
v -20 0 2.5
v -20 0 -2.5
v 20 0 -2.5
v 20 -1 -2.5
v 20 0 2.5
v 20 -1 2.5
v 19 -1 2.5
v 19 -1 -2.5
v 15 -1 -2.5
v 15 -1 2.5
v 13 0 -2.5
v 13 0 2.5
v 13 -1 2.5
v 13 -1 -2.5
v 22 -1 -2.5
v 22 -2 -2.5
v 22 -1 2.5
v 22 -2 2.5
v 20 -2 2.5
v 20 -2 -2.5
v 14 -1 -2.5
v 14 -2 -2.5
v 14 -1 2.5
v 14 -2 2.5
v 13 -2 2.5
v 13 -2 -2.5
v 5 -1 -2.5
v 5 -3 -2.5
v 5 -1 2.5
v 5 -3 2.5
v 4 -1 -2.5
v 4 -1 2.5
v 4 -3 2.5
v 4 -3 -2.5
v -2 -1 -2
v -2 -2 -2
v -2 -1 2
v -2 -2 2
v -18 -1 -2
v -18 -1 2
v -18 -2 2
v -18 -2 -2
v -20 -1 -2
v -20 -2 -2
v -20 -1 2
v -20 -2 2
v -21 -1 -2
v -21 -1 2
v -21 -2 2
v -21 -2 -2
v -22 -1 -2
v -22 -2 -2
v -22 -1 2
v -22 -2 2
v -23 -1 -2
v -23 -1 2
v -23 -2 2
v -23 -2 -2
v -24 -1 -2
v -24 -2 -2
v -24 -1 2
v -24 -2 2
v -25 -1 -2
v -25 -1 2
v -25 -2 2
v -25 -2 -2
v 25 -2 -2
v 25 -3 -2
v 25 -2 2
v 25 -3 2
v 22 -2 -2
v 22 -2 2
v 22 -3 2
v 22 -3 -2
v 4 -2 -2.5
v 4 -2 2.5
v 0 -2 -2.5
v 0 -2 2.5
v 0 -3 2.5
v 0 -3 -2.5
v 23 -3 -2
v 23 -4 -2
v 23 -3 2
v 23 -4 2
v 20 -3 -2
v 20 -3 2
v 20 -4 2
v 20 -4 -2
v 13 -3 -2
v 13 -4 -2
v 13 -3 2
v 13 -4 2
v 12 -3 -2
v 12 -3 2
v 12 -4 2
v 12 -4 -2
v 11 -3 -2.5
v 11 -4 -2.5
v 11 -3 2.5
v 11 -4 2.5
v 10 -3 -2.5
v 10 -3 2.5
v 10 -4 2.5
v 10 -4 -2.5
v 6 -3 -2
v 6 -4 -2
v 6 -3 2
v 6 -4 2
v 5 -3 -2
v 5 -3 2
v 5 -4 2
v 5 -4 -2
v -1 -3 -1.5
v -1 -4 -1.5
v -1 -3 1.5
v -1 -4 1.5
v -2 -3 -1.5
v -2 -3 1.5
v -2 -4 1.5
v -2 -4 -1.5
v -4 -3 -1.5
v -4 -4 -1.5
v -4 -3 1.5
v -4 -4 1.5
v -5 -3 -1.5
v -5 -3 1.5
v -5 -4 1.5
v -5 -4 -1.5
v -10 -3 -1.5
v -10 -4 -1.5
v -10 -3 1.5
v -10 -4 1.5
v -11 -3 -1.5
v -11 -3 1.5
v -11 -4 1.5
v -11 -4 -1.5
v -17 -3 -1.5
v -17 -4 -1.5
v -17 -3 1.5
v -17 -4 1.5
v -18 -3 -1.5
v -18 -3 1.5
v -18 -4 1.5
v -18 -4 -1.5
v 20 -5 -2
v 20 -5 2
v 19 -4 -2
v 19 -4 2
v 19 -5 2
v 19 -5 -2
v 15 -4 -2
v 15 -5 -2
v 15 -4 2
v 15 -5 2
v 14 -4 -2
v 14 -4 2
v 14 -5 2
v 14 -5 -2
v 10 -4 -2
v 10 -5 -2
v 10 -4 2
v 10 -5 2
v 8 -4 -2
v 8 -4 2
v 8 -5 2
v 8 -5 -2
v -18 -4 -1
v -18 -5 -1
v -18 -4 1
v -18 -5 1
v -19 -4 -1
v -19 -4 1
v -19 -5 1
v -19 -5 -1
v 16 -5 -2
v 16 -6 -2
v 16 -5 2
v 16 -6 2
v 15 -6 2
v 15 -6 -2
v 14 -5 -1.5
v 14 -6 -1.5
v 14 -5 1.5
v 14 -6 1.5
v 13 -5 -1.5
v 13 -5 1.5
v 13 -6 1.5
v 13 -6 -1.5
v 13 5 -1
v 13 4 -1
v 13 5 1
v 13 4 1
v 12 4 1
v 12 4 -1
v -1 5 -1
v -1 5 1
v -2 5 -1
v -2 5 1
v 11 5 -2
v 11 4 -2
v 11 5 2
v 11 4 2
v 9 5 -2
v 9 5 2
v 9 4 2
v 9 4 -2
v 12 4 -2
v 12 3 -2
v 12 4 2
v 12 3 2
v 11 3 2
v 11 3 -2
v 11 1 -3.5
v 11 1 3.5
v 9 1 -3.5
v 9 1 3.5
v 9 0 3.5
v 9 0 -3.5
v 8 0 -3.5
v 8 -1 -3.5
v 8 0 3.5
v 8 -1 3.5
v 6 0 -3.5
v 6 0 3.5
v 6 -1 3.5
v 6 -1 -3.5
v 9 3 -2
v 9 3 2
v 8 5 -2
v 8 5 2
v 8 3 2
v 8 3 -2
v 7 5 -1
v 7 3 -1
v 7 5 1
v 7 3 1
v 6 5 -1
v 6 5 1
v 5 4 -1
v 5 4 1
v 4 4 -1
v 4 4 1
v 4 3 1
v 4 3 -1
v 0 3 -1
v 0 2 -1
v 0 3 1
v 0 2 1
v -1 2 1
v -1 2 -1
v 15 2 -2
v 15 1 -2
v 15 2 2
v 15 1 2
v 14 2 -2
v 14 2 2
v 14 1 2
v 14 1 -2
v 6 2 -2
v 6 1 -2
v 6 2 2
v 6 1 2
v 5 2 -2
v 5 2 2
v 5 1 2
v 5 1 -2
v -4 2 -1.5
v -4 1 -1.5
v -4 2 1.5
v -4 1 1.5
v -5 2 -1.5
v -5 2 1.5
v -5 1 1.5
v -5 1 -1.5
v 14 0 -2
v 14 0 2
v 13 1 -2
v 13 1 2
v 13 0 2
v 13 0 -2
v 6 0 2
v 6 0 -2
v -3 1 -2
v -3 0 -2
v -3 1 2
v -3 0 2
v -4 1 -2
v -4 1 2
v -4 0 2
v -4 0 -2
v 13 -1 -2
v 13 -1 2
v 12 0 -2
v 12 0 2
v 12 -1 2
v 12 -1 -2
v 6 -1 -2
v 6 -1 2
v 5 0 -2
v 5 0 2
v 5 -1 2
v 5 -1 -2
v -2 0 -2
v -2 0 2
v -3 -1 2
v -3 -1 -2
v -20 -1 2.5
v -20 -1 -2.5
v -19 -1 -2
v -19 -1 2
v -19 -2 2
v -19 -2 -2
v -1 -2 -2.5
v -1 -3 -2.5
v -1 -2 2.5
v -1 -3 2.5
v -2 -2 -2.5
v -2 -2 2.5
v -2 -3 2.5
v -2 -3 -2.5
v 4 -5 -2.5
v 4 -5 2.5
v 3 -3 -2.5
v 3 -3 2.5
v 3 -5 2.5
v 3 -5 -2.5
v 2 -3 -2.5
v 2 -5 -2.5
v 2 -3 2.5
v 2 -5 2.5
v 1 -3 -2.5
v 1 -3 2.5
v 1 -5 2.5
v 1 -5 -2.5
v -20 -3 -1.5
v -20 -3 1.5
v -20 -4 1.5
v -20 -4 -1.5
v 13 -5 2
v 13 -5 -2
v 11 -4 -2
v 11 -5 -2
v 11 -4 2
v 11 -5 2
v 7 -4 -2
v 7 -5 -2
v 7 -4 2
v 7 -5 2
v 6 -5 2
v 6 -5 -2
v -17 -4 -1
v -17 -5 -1
v -17 -4 1
v -17 -5 1
v 15 -5 -1.5
v 15 -6 -1.5
v 15 -5 1.5
v 15 -6 1.5
v 6 -5 -2.5
v 6 -6 -2.5
v 6 -5 2.5
v 6 -6 2.5
v 5 -5 -2.5
v 5 -5 2.5
v 5 -6 2.5
v 5 -6 -2.5
v 8 3 -1.5
v 8 3 1.5
v 7 5 -1.5
v 7 5 1.5
v 7 3 1.5
v 7 3 -1.5
v 4 3 -1.5
v 4 3 1.5
v 1 3 1.5
v 1 3 -1.5
v 0 3 -1.5
v 0 3 1.5
v -1 3 1.5
v -1 3 -1.5
v 27 3 -1.5
v 27 2 -1.5
v 27 3 1.5
v 27 2 1.5
v 26 3 -1.5
v 26 3 1.5
v 26 2 1.5
v 26 2 -1.5
v 22 2 -2.5
v 22 2 2.5
v 20 2 -2.5
v 20 2 2.5
v 20 1 -2.5
v 20 1 2.5
v 15 2 -2.5
v 15 2 2.5
v 14 2 -2.5
v 14 1 -2.5
v 14 2 2.5
v 14 1 2.5
v 11 2 -2.5
v 11 2 2.5
v 11 1 2.5
v 11 1 -2.5
v 5 2 -2.5
v 5 1 -2.5
v 5 2 2.5
v 5 1 2.5
v -7 2 -1.5
v -7 1 -1.5
v -7 2 1.5
v -7 1 1.5
v -8 2 -1.5
v -8 2 1.5
v -8 1 1.5
v -8 1 -1.5
v -10 2 -1.5
v -10 1 -1.5
v -10 2 1.5
v -10 1 1.5
v -11 2 -1.5
v -11 2 1.5
v -11 1 1.5
v -11 1 -1.5
v 26 1 -2.5
v 26 -1 -2.5
v 26 1 2.5
v 26 -1 2.5
v 25 1 -2.5
v 25 1 2.5
v 25 -1 2.5
v 25 -1 -2.5
v 24 1 -2.5
v 24 -1 -2.5
v 24 1 2.5
v 24 -1 2.5
v 22 1 -2.5
v 22 1 2.5
v 14 0 2.5
v 14 0 -2.5
v 4 1 -3
v 4 1 3
v 2 1 -3
v 2 -1 -3
v 2 1 3
v 2 -1 3
v 1 1 -3
v 1 1 3
v 1 -1 3
v 1 -1 -3
v 0 1 -3
v 0 -1 -3
v 0 1 3
v 0 -1 3
v -1 1 -3
v -1 1 3
v -4 -1 -2.5
v -4 -1 2.5
v -7 1 -2.5
v -7 1 2.5
v -7 -1 2.5
v -7 -1 -2.5
v -8 1 -2.5
v -8 -1 -2.5
v -8 1 2.5
v -8 -1 2.5
v -10 1 -2.5
v -10 1 2.5
v -10 -1 2.5
v -10 -1 -2.5
v -11 1 -2.5
v -11 -1 -2.5
v -11 1 2.5
v -11 -1 2.5
v -13 1 -2.5
v -13 1 2.5
v -13 -1 2.5
v -13 -1 -2.5
v -14 1 -2.5
v -14 -1 -2.5
v -14 1 2.5
v -14 -1 2.5
v -15 1 -2.5
v -15 1 2.5
v -15 -1 2.5
v -15 -1 -2.5
v -17 1 -2.5
v -17 -1 -2.5
v -17 1 2.5
v -17 -1 2.5
v 2 0 -3
v 2 0 3
v 1 0 -3
v 1 0 3
v 0 0 -3
v 0 0 3
v -3 0 -2.5
v -3 -1 -2.5
v -3 0 2.5
v -3 -1 2.5
v -4 0 -2.5
v -4 0 2.5
v -7 0 -2.5
v -7 0 2.5
v -8 0 -2.5
v -8 0 2.5
v -10 0 -2.5
v -10 0 2.5
v -11 0 -2.5
v -11 0 2.5
v 17 -1 -2.5
v 17 -2 -2.5
v 17 -1 2.5
v 17 -2 2.5
v 16 -1 -2.5
v 16 -1 2.5
v 16 -2 2.5
v 16 -2 -2.5
v 10 -1 -2.5
v 10 -2 -2.5
v 10 -1 2.5
v 10 -2 2.5
v 7 -1 -2.5
v 7 -1 2.5
v 7 -2 2.5
v 7 -2 -2.5
v 18 -2 -2.5
v 18 -3 -2.5
v 18 -2 2.5
v 18 -3 2.5
v 17 -3 2.5
v 17 -3 -2.5
v -13 -2 -2.5
v -13 -2 2.5
v -13 -3 2.5
v -13 -3 -2.5
v -14 -2 -2.5
v -14 -3 -2.5
v -14 -2 2.5
v -14 -3 2.5
v -15 -2 -2.5
v -15 -2 2.5
v -15 -3 2.5
v -15 -3 -2.5
v -17 -2 -2.5
v -17 -3 -2.5
v -17 -2 2.5
v -17 -3 2.5
v -19 -2 -2.5
v -19 -2 2.5
v -19 -3 2.5
v -19 -3 -2.5
v 19 -3 -2
v 19 -3 2
v 15 -3 -2
v 15 -3 2
v 8 -3 -2.5
v 8 -3 2.5
v 8 -4 2.5
v 8 -4 -2.5
v 7 -3 -2.5
v 7 -4 -2.5
v 7 -3 2.5
v 7 -4 2.5
v 6 -3 -2.5
v 6 -3 2.5
v 6 -4 2.5
v 6 -4 -2.5
v -20 -3 -1
v -20 -4 -1
v -20 -3 1
v -20 -4 1
v -21 -3 -1
v -21 -3 1
v -21 -4 1
v -21 -4 -1
v 18 -4 -2
v 18 -4 2
v 18 -5 2
v 18 -5 -2
v 16 -4 -2
v 16 -4 2
v 5 -4 -2.5
v 5 -4 2.5
v 18 -5 -1.5
v 18 -6 -1.5
v 18 -5 1.5
v 18 -6 1.5
v 16 -5 -1.5
v 16 -5 1.5
v 16 -6 1.5
v 16 -6 -1.5
v 8 -6 -2
v 8 -6 2
v 6 -6 2
v 6 -6 -2
v 5 5 -1
v 5 5 1
v 4 5 -1
v 4 5 1
v 13 4 -1.5
v 13 3 -1.5
v 13 4 1.5
v 13 3 1.5
v 12 3 1.5
v 12 3 -1.5
v 6 3 -1.5
v 6 3 1.5
v 5 3 1.5
v 5 3 -1.5
v 26 3 -2
v 26 3 2
v 25 3 -2
v 25 3 2
v 24 3 -2
v 24 3 2
v 22 3 -2
v 22 3 2
v 22 2 2
v 22 2 -2
v -15 2 -2
v -15 1 -2
v -15 2 2
v -15 1 2
v -17 2 -2
v -17 2 2
v -17 1 2
v -17 1 -2
v 6 2 -2.5
v 6 2 2.5
v 6 1 2.5
v 6 1 -2.5
v -5 2 -2
v -5 1 -2
v -5 2 2
v -5 1 2
v -7 2 -2
v -7 2 2
v -7 1 2
v -7 1 -2
v -8 2 -2
v -8 1 -2
v -8 2 2
v -8 1 2
v -10 2 -2
v -10 2 2
v -10 1 2
v -10 1 -2
v -11 2 -2
v -11 1 -2
v -11 2 2
v -11 1 2
v -13 2 -2
v -13 2 2
v -13 1 2
v -13 1 -2
v -14 2 -2
v -14 1 -2
v -14 2 2
v -14 1 2
v -20 1 -1
v -20 0 -1
v -20 1 1
v -20 0 1
v -21 1 -1
v -21 1 1
v -21 0 1
v -21 0 -1
v 12 -2 -3.5
v 12 -2 3.5
v 11 -2 3.5
v 11 -2 -3.5
v 11 -3 -3.5
v 11 -3 3.5
v 10 -2 -3.5
v 10 -2 3.5
v 10 -3 3.5
v 10 -3 -3.5
v -22 -3 -1
v -22 -4 -1
v -22 -3 1
v -22 -4 1
v -23 -3 -1
v -23 -3 1
v -23 -4 1
v -23 -4 -1
v -24 -3 -1
v -24 -4 -1
v -24 -3 1
v -24 -4 1
v -25 -3 -1
v -25 -3 1
v -25 -4 1
v -25 -4 -1
v -2 -4 -2
v -2 -5 -2
v -2 -4 2
v -2 -5 2
v -4 -4 -2
v -4 -4 2
v -4 -5 2
v -4 -5 -2
v -5 -4 -2
v -5 -5 -2
v -5 -4 2
v -5 -5 2
v -7 -4 -2
v -7 -4 2
v -7 -5 2
v -7 -5 -2
v -8 -4 -2
v -8 -5 -2
v -8 -4 2
v -8 -5 2
v -10 -4 -2
v -10 -4 2
v -10 -5 2
v -10 -5 -2
v -11 -4 -2
v -11 -5 -2
v -11 -4 2
v -11 -5 2
v -13 -4 -2
v -13 -4 2
v -13 -5 2
v -13 -5 -2
v -14 -4 -2
v -14 -5 -2
v -14 -4 2
v -14 -5 2
v -16 -4 -2
v -16 -4 2
v -16 -5 2
v -16 -5 -2
v 4 -6 2.5
v 4 -6 -2.5
v 3 -6 -2.5
v 3 -6 2.5
v 2 -6 2.5
v 2 -6 -2.5
v 1 -6 -2.5
v 1 -6 2.5
v 0 -5 -2.5
v 0 -5 2.5
v 0 -6 2.5
v 0 -6 -2.5
v 26 2 -2.5
v 26 2 2.5
v 25 2 -2.5
v 25 2 2.5
v 24 2 -2.5
v 24 2 2.5
v -21 0 -1.5
v -21 -1 -1.5
v -21 0 1.5
v -21 -1 1.5
v -22 0 -1.5
v -22 0 1.5
v -22 -1 1.5
v -22 -1 -1.5
v -23 0 -1.5
v -23 -1 -1.5
v -23 0 1.5
v -23 -1 1.5
v -24 0 -1.5
v -24 0 1.5
v -24 -1 1.5
v -24 -1 -1.5
v 18 -1 -2.5
v 18 -1 2.5
v -25 -1 -0.5
v -25 -2 -0.5
v -25 -1 0.5
v -25 -2 0.5
v -26 -1 -0.5
v -26 -1 0.5
v -26 -2 0.5
v -26 -2 -0.5
v 16 -3 2.5
v 16 -3 -2.5
v -21 -2 -1.5
v -21 -3 -1.5
v -21 -2 1.5
v -21 -3 1.5
v -22 -2 -1.5
v -22 -2 1.5
v -22 -3 1.5
v -22 -3 -1.5
v -23 -2 -1.5
v -23 -3 -1.5
v -23 -2 1.5
v -23 -3 1.5
v -24 -2 -1.5
v -24 -2 1.5
v -24 -3 1.5
v -24 -3 -1.5
v 1 3 -1
v 1 3 1
v 1 2 1
v 1 2 -1
v 27 -2 -1.5
v 27 -3 -1.5
v 27 -2 1.5
v 27 -3 1.5
v 26 -2 -1.5
v 26 -2 1.5
v 26 -3 1.5
v 26 -3 -1.5
v 26 -2 -2
v 26 -3 -2
v 26 -2 2
v 26 -3 2
v 25 -3 -1.5
v 25 -4 -1.5
v 25 -3 1.5
v 25 -4 1.5
v 23 -3 -1.5
v 23 -3 1.5
v 23 -4 1.5
v 23 -4 -1.5
v 22 -4 -1.5
v 22 -5 -1.5
v 22 -4 1.5
v 22 -5 1.5
v 20 -4 -1.5
v 20 -4 1.5
v 20 -5 1.5
v 20 -5 -1.5
v 19 -5 -1.5
v 19 -6 -1.5
v 19 -5 1.5
v 19 -6 1.5
v 18 1 -2
v 18 0 -2
v 18 1 2
v 18 0 2
v 16 1 -2
v 16 1 2
v 16 0 2
v 16 0 -2
v -7 0 -2
v -7 0 2
v -8 0 2
v -8 0 -2
v -10 0 -2
v -10 0 2
v -11 0 2
v -11 0 -2
v 19 0 -2
v 19 -1 -2
v 19 0 2
v 19 -1 2
v 18 -1 2
v 18 -1 -2
v 16 -1 -2
v 16 -1 2
v 15 0 -2
v 15 0 2
v 15 -1 2
v 15 -1 -2
v 27 -1 -1.5
v 27 -1 1.5
v 26 -1 -1.5
v 26 -1 1.5
v 22 -1 -2
v 22 -1 2
v 20 -1 -2
v 20 -1 2
v 14 -1 -2
v 14 -1 2
v 14 -3 2
v 14 -3 -2
v 21 -2 -2
v 21 -2 2
v 21 -3 2
v 21 -3 -2
v 21 -2 -2.5
v 21 -3 -2.5
v 21 -2 2.5
v 21 -3 2.5
v 20 -3 2.5
v 20 -3 -2.5
v -20 -2 -2.5
v -20 -2 2.5
v -20 -3 2.5
v -20 -3 -2.5
v 26 -4 -1.5
v 26 -4 1.5
v 18 -3 -2
v 18 -3 2
v 16 -3 -2
v 16 -3 2
v -1 -5 2.5
v -1 -5 -2.5
v 23 -5 -1.5
v 23 -5 1.5
v 12 -5 2
v 12 -5 -2
v -1 -4 -1
v -1 -5 -1
v -1 -4 1
v -1 -5 1
v -2 -4 -1
v -2 -4 1
v -2 -5 1
v -2 -5 -1
v 20 -6 -1.5
v 20 -6 1.5
v 12 -5 -1.5
v 12 -5 1.5
v 12 -6 1.5
v 12 -6 -1.5
v 0 -5 -2
v 0 -6 -2
v 0 -5 2
v 0 -6 2
v -1 -5 -2
v -1 -5 2
v -1 -6 2
v -1 -6 -2
v 12 1 -2
v 12 1 2
v 11 0 -2.5
v 11 -1 -2.5
v 11 0 2.5
v 11 -1 2.5
v 9 0 -2.5
v 9 0 2.5
v 9 -1 2.5
v 9 -1 -2.5
v -1 -1 -2
v -1 -2 -2
v -1 -1 2
v -1 -2 2
v 14 -2 -2
v 14 -2 2
v 13 -2 -2
v 13 -2 2
v 12 -2 -2
v 12 -2 2
v 11 -2 -2
v 11 -2 2
v 11 -3 2
v 11 -3 -2
v 10 -2 -2
v 10 -3 -2
v 10 -2 2
v 10 -3 2
v 7 -2 -2
v 7 -2 2
v 7 -3 2
v 7 -3 -2
v 0 -2 -2
v 0 -3 -2
v 0 -2 2
v 0 -3 2
v -1 -3 2
v -1 -3 -2
v -7 -3 -1.5
v -7 -4 -1.5
v -7 -3 1.5
v -7 -4 1.5
v -8 -3 -1.5
v -8 -3 1.5
v -8 -4 1.5
v -8 -4 -1.5
v -13 -3 -1.5
v -13 -4 -1.5
v -13 -3 1.5
v -13 -4 1.5
v -14 -3 -1.5
v -14 -3 1.5
v -14 -4 1.5
v -14 -4 -1.5
v -16 -3 -1.5
v -16 -4 -1.5
v -16 -3 1.5
v -16 -4 1.5
v 12 1 -3.5
v 12 1 3.5
v 9 -1 -3.5
v 9 -1 3.5
v 7 -1 -3.5
v 7 -3 -3.5
v 7 -1 3.5
v 7 -3 3.5
v 6 -3 3.5
v 6 -3 -3.5
v 12 -3 -3.5
v 12 -4 -3.5
v 12 -3 3.5
v 12 -4 3.5
v 11 -4 3.5
v 11 -4 -3.5
v -2 -3 -2
v -2 -3 2
v -4 -3 -2
v -4 -3 2
v -5 -3 -2
v -5 -3 2
v -7 -3 -2
v -7 -3 2
v -8 -3 -2
v -8 -3 2
v -10 -3 -2
v -10 -3 2
v -11 -3 -2
v -11 -3 2
v -13 -3 -2
v -13 -3 2
v -14 -3 -2
v -14 -3 2
v -16 -3 -2
v -16 -3 2
v 10 -5 -3.5
v 10 -6 -3.5
v 10 -5 3.5
v 10 -6 3.5
v 8 -5 -3.5
v 8 -5 3.5
v 8 -6 3.5
v 8 -6 -3.5
v -22 1 -1
v -22 1 1
v -22 0 1
v -22 0 -1
v -23 1 -1
v -23 0 -1
v -23 1 1
v -23 0 1
v -24 1 -1
v -24 1 1
v -24 0 1
v -24 0 -1
v 18 0 -3
v 18 -1 -3
v 18 0 3
v 18 -1 3
v 16 0 -3
v 16 0 3
v 16 -1 3
v 16 -1 -3
v 19 -1 -3
v 19 -2 -3
v 19 -1 3
v 19 -2 3
v 18 -2 3
v 18 -2 -3
v 16 -3 -3
v 16 -3 3
v 15 -1 -3
v 15 -1 3
v 15 -3 3
v 15 -3 -3
v 18 -3 -3
v 18 -4 -3
v 18 -3 3
v 18 -4 3
v 16 -4 3
v 16 -4 -3
v -26 1 -1
v -26 1 1
v -26 0 1
v -26 0 -1
v 5 -3 -3
v 5 -5 -3
v 5 -3 3
v 5 -5 3
v 4 -3 -3
v 4 -3 3
v 4 -5 3
v 4 -5 -3
v 3 -3 -3
v 3 -5 -3
v 3 -3 3
v 3 -5 3
v 2 -3 -3
v 2 -3 3
v 2 -5 3
v 2 -5 -3
v 1 -3 -3
v 1 -5 -3
v 1 -3 3
v 1 -5 3
v 0 -3 -3
v 0 -3 3
v 0 -5 3
v 0 -5 -3
v -26 -3 -1
v -26 -3 1
v -26 -4 1
v -26 -4 -1
v 11 -1 -3
v 11 -2 -3
v 11 -1 3
v 11 -2 3
v 10 -1 -3
v 10 -1 3
v 10 -2 3
v 10 -2 -3
v 19 -3 -3
v 19 -3 3
v 8 -3 -3.5
v 8 -3 3.5
v 7 -5 3.5
v 7 -5 -3.5
v -4 -4 -1
v -4 -5 -1
v -4 -4 1
v -4 -5 1
v -5 -4 -1
v -5 -4 1
v -5 -5 1
v -5 -5 -1
v -7 -4 -1
v -7 -5 -1
v -7 -4 1
v -7 -5 1
v -8 -4 -1
v -8 -4 1
v -8 -5 1
v -8 -5 -1
v -10 -4 -1
v -10 -5 -1
v -10 -4 1
v -10 -5 1
v -11 -4 -1
v -11 -4 1
v -11 -5 1
v -11 -5 -1
v -13 -4 -1
v -13 -5 -1
v -13 -4 1
v -13 -5 1
v -14 -4 -1
v -14 -4 1
v -14 -5 1
v -14 -5 -1
v -16 -4 -1
v -16 -5 -1
v -16 -4 1
v -16 -5 1

vn 1 0 0
vn 0 1 0
vn 0 -1 0
vn -1 0 0
vn 0 0 -1
vn 0 0 1

vt -19.68504 19.68504
vt 19.68504 19.68504
vt -19.68504 -19.68504
vt 0 NaN
vt 0 0
vt 0 NaN
vt 0 NaN
vt 0 NaN
vt 0 NaN
vt 0 NaN
vt 19.68504 -19.68504
vt 0 NaN
vt 0 NaN
vt 0 NaN
vt 0 NaN
vt 0 NaN
vt 0 NaN
vt 0 NaN
vt 0 NaN
vt 0 NaN
vt 0 NaN
vt 0 NaN
vt 0 NaN
vt 0 NaN
vt 0 NaN
vt 0 NaN
vt 0 NaN
vt 0 NaN
vt 0 NaN
vt 0 NaN
vt 0 NaN
vt 0 NaN
vt 0 NaN
vt 0 NaN
vt 0 NaN
vt 0 NaN
vt 0 NaN
vt 0 NaN
vt 0 NaN
vt 0 NaN
vt 0 NaN
vt 0 NaN
vt 0 NaN
vt 0 NaN
vt 0 NaN
vt 0 NaN
vt 0 NaN
vt 0 NaN
vt 0 NaN
vt 0 NaN
vt 0 NaN
vt 0 NaN
vt 0 NaN
vt 0 NaN
vt 0 NaN
vt 0 NaN
vt 0 NaN
vt 0 NaN
vt 0 NaN
vt 0 NaN
vt 0 NaN
vt 0 NaN
vt 0 NaN
vt 0 NaN
vt 0 NaN
vt 0 NaN
vt 0 NaN
vt 0 NaN
vt 0 NaN
vt 0 NaN
vt 0 NaN
vt 0 NaN
vt 0 NaN
vt 0 NaN
vt 0 NaN
vt 0 NaN
vt 0 NaN
vt 0 NaN
vt 0 NaN
vt 0 NaN
vt 0 NaN
vt 0 NaN
vt 0 NaN
vt 0 NaN
vt 0 NaN
vt 0 NaN
vt 0 NaN
vt 0 NaN
vt 0 NaN
vt 0 NaN
vt 0 NaN
vt 0 NaN
vt 0 NaN
vt 0 NaN
vt 0 NaN
vt 0 NaN
vt 0 NaN
vt 0 NaN
vt 0 NaN
vt 0 NaN
vt 0 NaN
vt 0 NaN
vt 0 NaN
vt 0 NaN
vt 0 NaN
vt 0 NaN
vt 0 NaN
vt 0 NaN
vt 0 NaN
vt 0 NaN
vt 0 NaN
vt 0 NaN
vt 0 NaN
vt 0 NaN
vt 0 NaN
vt 0 NaN
vt 0 NaN
vt 0 NaN
vt 0 NaN
vt 0 NaN
vt 0 NaN
vt 0 NaN
vt 0 NaN
vt 0 NaN
vt 0 NaN
vt 0 NaN
vt 0 NaN
vt 0 NaN
vt 0 NaN
vt 0 NaN
vt 0 NaN
vt 0 NaN
vt 0 NaN
vt 0 NaN
vt 0 NaN
vt 0 NaN
vt 0 NaN
vt 0 NaN
vt 0 NaN
vt 0 NaN
vt 0 NaN
vt 0 NaN
vt 0 NaN
vt 0 NaN
vt 0 NaN
vt 0 NaN
vt 0 NaN
vt 0 NaN
vt 0 NaN
vt 0 NaN
vt 0 NaN
vt 0 NaN
vt 0 NaN
vt 0 NaN
vt 0 NaN
vt 0 NaN
vt 0 NaN
vt 0 NaN
vt 0 NaN
vt 0 NaN
vt 0 NaN
vt 0 NaN
vt 0 NaN
vt 0 NaN
vt 0 NaN
vt 0 NaN
vt 0 NaN
vt 0 NaN
vt 0 NaN
vt 0 NaN
vt 0 NaN
vt 0 NaN
vt 0 NaN
vt 0 NaN
vt 0 NaN
vt 0 NaN
vt 0 NaN
vt 0 NaN
vt 0 NaN
vt 0 NaN
vt 0 NaN
vt 0 NaN
vt 0 NaN
vt 0 NaN
vt 0 NaN
vt 0 NaN
vt 0 NaN
vt 0 NaN
vt 0 NaN
vt 0 NaN
vt 0 NaN
vt 0 NaN
vt 0 NaN
vt 0 NaN
vt 0 NaN
vt 0 NaN
vt 0 NaN
vt 0 NaN
vt 0 NaN
vt 0 NaN
vt 0 NaN
vt 0 NaN
vt 0 NaN
vt 0 NaN
vt 0 NaN
vt 0 NaN
vt 0 NaN
vt 0 NaN
vt 0 NaN
vt 0 NaN
vt 0 NaN
vt 0 NaN
vt 0 NaN
vt 0 NaN
vt 0 NaN
vt 0 NaN
vt 0 NaN
vt 0 NaN
vt 0 NaN
vt 0 NaN
vt 0 NaN
vt 0 NaN
vt 0 NaN
vt 0 NaN
vt 0 NaN
vt 0 NaN
vt 0 NaN
vt 0 NaN
vt 0 NaN
vt 0 NaN
vt 0 NaN
vt 0 NaN
vt 0 NaN
vt 0 NaN
vt 0 NaN
vt 0 NaN
vt 0 NaN
vt 0 NaN
vt 0 NaN
vt 0 NaN
vt 0 NaN
vt 0 NaN
vt 0 NaN
vt 0 NaN
vt 0 NaN
vt 0 NaN
vt 0 NaN
vt 0 NaN
vt 0 NaN
vt 0 NaN
vt 0 NaN
vt 0 NaN
vt 0 NaN
vt 0 NaN
vt 0 NaN
vt 0 NaN
vt 0 NaN
vt 0 NaN
vt 0 NaN
vt 0 NaN
vt 0 NaN
vt 0 NaN
vt 0 NaN
vt 0 NaN
vt 0 NaN
vt 0 NaN
vt 0 NaN
vt 0 NaN
vt 0 NaN
vt 0 NaN
vt 0 NaN
vt 0 NaN
vt 0 NaN
vt 0 NaN
vt 0 NaN
vt 0 NaN
vt 0 NaN
vt 0 NaN
vt 0 NaN
vt 0 NaN
vt 0 NaN
vt 0 NaN
vt 0 NaN
vt 0 NaN
vt 0 NaN
vt 0 NaN
vt 0 NaN
vt 0 NaN
vt 0 NaN
vt 0 NaN
vt 0 NaN
vt 0 NaN
vt 0 NaN
vt 0 NaN
vt 0 NaN
vt 0 NaN
vt 0 NaN
vt 0 NaN
vt 0 NaN
vt 0 NaN
vt 0 NaN
vt 0 NaN
vt 0 NaN
vt 0 NaN
vt 0 NaN
vt 0 NaN
vt 0 NaN
vt 0 NaN
vt 0 NaN
vt 0 NaN
vt 0 NaN
vt 0 NaN
vt 0 NaN
vt 0 NaN
vt 0 NaN
vt 0 NaN
vt 0 NaN
vt 0 NaN
vt 0 NaN
vt 0 NaN
vt 0 NaN
vt 0 NaN
vt 0 NaN
vt 0 NaN
vt 0 NaN
vt 0 NaN
vt 0 NaN
vt 0 NaN
vt 0 NaN
vt 0 NaN
vt 0 NaN
vt 0 NaN
vt 0 NaN
vt 0 NaN
vt 0 NaN
vt 0 NaN
vt 0 NaN
vt 0 NaN
vt 0 NaN
vt 0 NaN
vt 0 NaN
vt 0 NaN
vt 0 NaN
vt 0 NaN
vt 0 NaN
vt 0 NaN
vt 0 NaN
vt 0 NaN
vt 0 NaN
vt 0 NaN
vt 0 NaN
vt 0 NaN
vt 0 NaN
vt 0 NaN
vt 0 NaN
vt 0 NaN
vt 0 NaN
vt 0 NaN
vt 0 NaN
vt 0 NaN
vt 0 NaN
vt 0 NaN
vt 0 NaN
vt 0 NaN
vt 0 NaN
vt 0 NaN
vt 0 NaN
vt 0 NaN
vt 0 NaN
vt 0 NaN
vt 0 NaN
vt 0 NaN
vt 0 NaN
vt 0 NaN
vt 0 NaN
vt 0 NaN
vt 0 NaN
vt 0 NaN
vt 0 NaN
vt 0 NaN
vt 0 NaN
vt 0 NaN
vt 0 NaN
vt 0 NaN
vt 0 NaN
vt 0 NaN
vt 0 NaN
vt 0 NaN
vt 0 NaN
vt 0 NaN
vt 0 NaN
vt 0 NaN
vt 0 NaN
vt 0 NaN
vt 0 NaN
vt 0 NaN
vt 0 NaN
vt 0 NaN
vt 0 NaN
vt 0 NaN
vt 0 NaN
vt 0 NaN
vt 0 NaN
vt 0 NaN
vt 0 NaN
vt 0 NaN
vt 0 NaN
vt 0 NaN
vt 0 NaN
vt 0 NaN
vt 0 NaN
vt 0 NaN
vt 0 NaN
vt 0 NaN
vt 0 NaN
vt 0 NaN
vt 0 NaN
vt 0 NaN
vt 0 NaN
vt 0 NaN
vt 0 NaN
vt 0 NaN
vt 0 NaN
vt 0 NaN
vt 0 NaN
vt 0 NaN
vt 0 NaN
vt 0 NaN
vt 0 NaN
vt 0 NaN
vt 0 NaN
vt 0 NaN
vt 0 NaN
vt 0 NaN
vt 0 NaN
vt 0 NaN
vt 0 NaN
vt 0 NaN
vt 0 NaN
vt 0 NaN
vt 0 NaN
vt 0 NaN
vt 0 NaN
vt 0 NaN
vt 0 NaN
vt 0 NaN
vt 0 NaN
vt 0 NaN
vt 0 NaN
vt 0 NaN
vt 0 NaN
vt 0 NaN
vt 0 NaN
vt 0 NaN
vt 0 NaN
vt 0 NaN
vt 0 NaN
vt 0 NaN
vt 0 NaN
vt 0 NaN
vt 0 NaN
vt 0 NaN
vt 0 NaN
vt 0 NaN
vt 0 NaN
vt 0 NaN
vt 0 NaN
vt 0 NaN
vt 0 NaN
vt 0 NaN
vt 0 NaN
vt 0 NaN
vt 0 NaN
vt 0 NaN
vt 0 NaN
vt 0 NaN
vt 0 NaN
vt 0 NaN
vt 0 NaN
vt 0 NaN
vt 0 NaN
vt 0 NaN
vt 0 NaN
vt 0 NaN
vt 0 NaN
vt 0 NaN
vt 0 NaN
vt 0 NaN
vt 0 NaN
vt 0 NaN
vt 0 NaN
vt 0 NaN
vt 0 NaN
vt 0 NaN
vt 0 NaN
vt 0 NaN
vt 0 NaN
vt 0 NaN
vt 0 NaN
vt 0 NaN
vt 0 NaN
vt 0 NaN
vt 0 NaN
vt 0 NaN
vt 0 NaN
vt 0 NaN
vt 0 NaN
vt 0 NaN
vt 0 NaN
vt 0 NaN
vt 0 NaN
vt 0 NaN
vt 0 NaN
vt 0 NaN
vt 0 NaN
vt 0 NaN
vt 0 NaN
vt 0 NaN
vt 0 NaN
vt 0 NaN
vt 0 NaN
vt 0 NaN
vt 0 NaN
vt 0 NaN
vt 0 NaN
vt 0 NaN
vt 0 NaN
vt 0 NaN
vt 0 NaN
vt 0 NaN
vt 0 NaN
vt 0 NaN
vt 0 NaN
vt 0 NaN
vt 0 NaN
vt 0 NaN
vt 0 NaN
vt 0 NaN
vt 0 NaN
vt 0 NaN
vt 0 NaN
vt 0 NaN
vt 0 NaN
vt 0 NaN
vt 0 NaN
vt 0 NaN
vt 0 NaN
vt 0 NaN
vt 0 NaN
vt 0 NaN
vt 0 NaN
vt 0 NaN
vt 0 NaN
vt 0 NaN
vt 0 NaN
vt 0 NaN
vt 0 NaN
vt 0 NaN
vt 0 NaN
vt 0 NaN
vt 0 NaN
vt 0 NaN
vt 0 NaN
vt 0 NaN
vt 0 NaN
vt 0 NaN
vt 0 NaN
vt 0 NaN
vt 0 NaN
vt 0 NaN
vt 0 NaN
vt 0 NaN
vt 0 NaN
vt 0 NaN
vt 0 NaN
vt 0 NaN
vt 0 NaN
vt 0 NaN
vt 0 NaN
vt 0 NaN
vt 0 NaN
vt 0 NaN
vt 0 NaN
vt 0 NaN
vt 0 NaN
vt 0 NaN
vt 0 NaN
vt 0 NaN
vt 0 NaN
vt 0 NaN
vt 0 NaN
vt 0 NaN
vt 0 NaN
vt 0 NaN
vt 0 NaN
vt 0 NaN
vt 0 NaN
vt 0 NaN
vt 0 NaN
vt 0 NaN
vt 0 NaN
vt 0 NaN
vt 0 NaN
vt 0 NaN
vt 0 NaN
vt 0 NaN
vt 0 NaN
vt 0 NaN
vt 0 NaN
vt 0 NaN
vt 0 NaN
vt 0 NaN
vt 0 NaN
vt 0 NaN
vt 0 NaN
vt 0 NaN
vt 0 NaN
vt 0 NaN
vt 0 NaN
vt 0 NaN
vt 0 NaN
vt 0 NaN
vt 0 NaN
vt 0 NaN
vt 0 NaN
vt 0 NaN
vt 0 NaN
vt 0 NaN
vt 0 NaN
vt 0 NaN
vt 0 NaN
vt 0 NaN
vt 0 NaN
vt 0 NaN
vt 0 NaN
vt 0 NaN
vt 0 NaN
vt 0 NaN
vt 0 NaN
vt 0 NaN
vt 0 NaN
vt 0 NaN
vt 0 NaN
vt 0 NaN
vt 0 NaN
vt 0 NaN
vt 0 NaN
vt 0 NaN
vt 0 NaN
vt 0 NaN
vt 0 NaN
vt 0 NaN
vt 0 NaN
vt 0 NaN
vt 0 NaN
vt 0 NaN
vt 0 NaN
vt 0 NaN
vt 0 NaN
vt 0 NaN
vt 0 NaN
vt 0 NaN
vt 0 NaN
vt 0 NaN
vt 0 NaN
vt 0 NaN
vt 0 NaN
vt 0 NaN
vt 0 NaN
vt 0 NaN
vt 0 NaN
vt 0 NaN
vt 0 NaN
vt 0 NaN
vt 0 NaN
vt 0 NaN
vt 0 NaN
vt 0 NaN
vt 0 NaN
vt 0 NaN
vt 0 NaN
vt 0 NaN
vt 0 NaN
vt 0 NaN
vt 0 NaN
vt 0 NaN
vt 0 NaN
vt 0 NaN
vt 0 NaN
vt 0 NaN
vt 0 NaN
vt 0 NaN
vt 0 NaN
vt 0 NaN
vt 0 NaN
vt 0 NaN
vt 0 NaN
vt 0 NaN
vt 0 NaN
vt 0 NaN
vt 0 NaN
vt 0 NaN
vt 0 NaN
vt 0 NaN
vt 0 NaN
vt 0 NaN
vt 0 NaN
vt 0 NaN
vt 0 NaN
vt 0 NaN
vt 0 NaN
vt 0 NaN
vt 0 NaN
vt 0 NaN
vt 0 NaN
vt 0 NaN
vt 0 NaN
vt 0 NaN
vt 0 NaN
vt 0 NaN
vt 0 NaN
vt 0 NaN
vt 0 NaN
vt 0 NaN
vt 0 NaN
vt 0 NaN
vt 0 NaN
vt 0 NaN
vt 0 NaN
vt 0 NaN
vt 0 NaN
vt 0 NaN
vt 0 NaN
vt 0 NaN
vt 0 NaN
vt 0 NaN
vt 0 NaN
vt 0 NaN
vt 0 NaN
vt 0 NaN
vt 0 NaN
vt 0 NaN
vt 0 NaN
vt 0 NaN
vt 0 NaN
vt 0 NaN
vt 0 NaN
vt 0 NaN
vt 0 NaN
vt 0 NaN
vt 0 NaN
vt 0 NaN
vt 0 NaN
vt 0 NaN
vt 0 NaN
vt 0 NaN
vt 0 NaN
vt 0 NaN
vt 0 NaN
vt 0 NaN
vt 0 NaN
vt 0 NaN
vt 0 NaN
vt 0 NaN
vt 0 NaN
vt 0 NaN
vt 0 NaN
vt 0 NaN
vt 0 NaN
vt 0 NaN
vt 0 NaN
vt 0 NaN
vt 0 NaN
vt 0 NaN
vt 0 NaN
vt 0 NaN
vt 0 NaN
vt 0 NaN
vt 0 NaN
vt 0 NaN
vt 0 NaN
vt 0 NaN
vt 0 NaN
vt 0 NaN
vt 0 NaN
vt 0 NaN
vt 0 NaN
vt 0 NaN
vt 0 NaN
vt 0 NaN
vt 0 NaN
vt 0 NaN
vt 0 NaN
vt 0 NaN
vt 0 NaN
vt 0 NaN
vt 0 NaN
vt 0 NaN
vt 0 NaN
vt 0 NaN
vt 0 NaN
vt 0 NaN
vt 0 NaN
vt 0 NaN
vt 0 NaN
vt 0 NaN
vt 0 NaN
vt 0 NaN
vt 0 NaN
vt 0 NaN
vt 0 NaN
vt 0 NaN
vt 0 NaN
vt 0 NaN
vt 0 NaN
vt 0 NaN
vt 0 NaN
vt 0 NaN
vt 0 NaN
vt 0 NaN
vt 0 NaN
vt 0 NaN
vt 0 NaN
vt 0 NaN
vt 0 NaN
vt 0 NaN
vt 0 NaN
vt 0 NaN
vt 0 NaN
vt 0 NaN
vt 0 NaN
vt 0 NaN
vt 0 NaN
vt 0 NaN
vt 0 NaN
vt 0 NaN
vt 0 NaN
vt 0 NaN
vt 0 NaN
vt 0 NaN
vt 0 NaN
vt 0 NaN
vt 0 NaN
vt 0 NaN
vt 0 NaN
vt 0 NaN
vt 0 NaN
vt 0 NaN
vt 0 NaN
vt 0 NaN
vt 0 NaN
vt 0 NaN
vt 0 NaN
vt 0 NaN
vt 0 NaN
vt 0 NaN
vt 0 NaN
vt 0 NaN
vt 0 NaN
vt 0 NaN
vt 0 NaN
vt 0 NaN
vt 0 NaN
vt 0 NaN
vt 0 NaN
vt 0 NaN
vt 0 NaN
vt 0 NaN
vt 0 NaN
vt 0 NaN
vt 0 NaN
vt 0 NaN
vt 0 NaN
vt 0 NaN
vt 0 NaN
vt 0 NaN
vt 0 NaN
vt 0 NaN
vt 0 NaN
vt 0 NaN
vt 0 NaN
vt 0 NaN
vt 0 NaN
vt 0 NaN
vt 0 NaN
vt 0 NaN
vt 0 NaN
vt 0 NaN
vt 0 NaN
vt 0 NaN
vt 0 NaN
vt 0 NaN
vt 0 NaN
vt 0 NaN
vt 0 NaN
vt 0 NaN
vt 0 NaN
vt 0 NaN
vt 0 NaN
vt 0 NaN
vt 0 NaN
vt 0 NaN
vt 0 NaN
vt 0 NaN
vt 0 NaN
vt 0 NaN
vt 0 NaN
vt 0 NaN
vt 0 NaN
vt 0 NaN
vt 0 NaN
vt 0 NaN
vt 0 NaN
vt 0 NaN
vt 0 NaN
vt 0 NaN
vt 0 NaN
vt 0 NaN
vt 0 NaN
vt 0 NaN
vt 0 NaN
vt 0 NaN
vt 0 NaN
vt 0 NaN
vt 0 NaN
vt 0 NaN
vt 0 NaN
vt 0 NaN
vt 0 NaN
vt 0 NaN
vt 0 NaN
vt 0 NaN
vt 0 NaN
vt 0 NaN
vt 0 NaN
vt 0 NaN
vt 0 NaN
vt 0 NaN
vt 0 NaN
vt 0 NaN
vt 0 NaN
vt 0 NaN
vt 0 NaN
vt 0 NaN
vt 0 NaN
vt 0 NaN
vt 0 NaN
vt 0 NaN
vt 0 NaN
vt 0 NaN
vt 0 NaN
vt 0 NaN
vt 0 NaN
vt 0 NaN
vt 0 NaN
vt 0 NaN
vt 0 NaN
vt 0 NaN
vt 0 NaN
vt 0 NaN
vt 0 NaN
vt 0 NaN
vt 0 NaN
vt 0 NaN
vt 0 NaN
vt 0 NaN
vt 0 NaN
vt 0 NaN
vt 0 NaN
vt 0 NaN
vt 0 NaN
vt 0 NaN
vt 0 NaN
vt 0 NaN
vt 0 NaN
vt 0 NaN
vt 0 NaN
vt 0 NaN
vt 0 NaN
vt 0 NaN
vt 0 NaN
vt 0 NaN
vt 0 NaN
vt 0 NaN
vt 0 NaN
vt 0 NaN
vt 0 NaN
vt 0 NaN
vt 0 NaN
vt 0 NaN
vt 0 NaN
vt 0 NaN
vt 0 NaN
vt 0 NaN
vt 0 NaN
vt 0 NaN
vt 0 NaN
vt 0 NaN
vt 0 NaN
vt 0 NaN
vt 0 NaN
vt 0 NaN
vt 0 NaN
vt 0 NaN
vt 0 NaN
vt 0 NaN
vt 0 NaN
vt 0 NaN
vt 0 NaN
vt 0 NaN
vt 0 NaN
vt 0 NaN
vt 0 NaN
vt 0 NaN
vt 0 NaN
vt 0 NaN
vt 0 NaN
vt 0 NaN
vt 0 NaN
vt 0 NaN
vt 0 NaN
vt 0 NaN
vt 0 NaN
vt 0 NaN
vt 0 NaN
vt 0 NaN
vt 0 NaN
vt 0 NaN
vt 0 NaN
vt 0 NaN
vt 0 NaN
vt 0 NaN
vt 0 NaN
vt 0 NaN
vt 0 NaN
vt 0 NaN
vt 0 NaN
vt 0 NaN
vt 0 NaN
vt 0 NaN
vt 0 NaN
vt 0 NaN
vt 0 NaN
vt 0 NaN
vt 0 NaN
vt 0 NaN
vt 0 NaN
vt 0 NaN
vt 0 NaN
vt 0 NaN
vt 0 NaN
vt 0 NaN
vt 0 NaN
vt 0 NaN
vt 0 NaN
vt 0 NaN
vt 0 NaN
vt 0 NaN
vt 0 NaN
vt 0 NaN
vt 0 NaN
vt 0 NaN
vt 0 NaN
vt 0 NaN
vt 0 NaN
vt 0 NaN
vt 0 NaN
vt 0 NaN
vt 0 NaN
vt 0 NaN
vt 0 NaN
vt 0 NaN
vt 0 NaN
vt 0 NaN
vt 0 NaN
vt 0 NaN
vt 0 NaN
vt 0 NaN
vt 0 NaN
vt 0 NaN
vt 0 NaN
vt 0 NaN
vt 0 NaN
vt 0 NaN
vt 0 NaN
vt 0 NaN
vt 0 NaN
vt 0 NaN
vt 0 NaN
vt 0 NaN
vt 0 NaN
vt 0 NaN
vt 0 NaN
vt 0 NaN
vt 0 NaN
vt 0 NaN
vt 0 NaN
vt 0 NaN
vt 0 NaN
vt 0 NaN
vt 0 NaN
vt 0 NaN
vt 0 NaN
vt 0 NaN
vt 0 NaN
vt 0 NaN
vt 0 NaN
vt 0 NaN
vt 0 NaN
vt 0 NaN
vt 0 NaN
vt 0 NaN
vt 0 NaN
vt 0 NaN
vt 0 NaN
vt 0 NaN
vt 0 NaN
vt 0 NaN
vt 0 NaN
vt 0 NaN
vt 0 NaN
vt 0 NaN
vt 0 NaN
vt 0 NaN
vt 0 NaN
vt 0 NaN
vt 0 NaN
vt 0 NaN
vt 0 NaN
vt 0 NaN
vt 0 NaN
vt 0 NaN
vt 0 NaN
vt 0 NaN
vt 0 NaN
vt 0 NaN
vt 0 NaN
vt 0 NaN
vt 0 NaN
vt 0 NaN
vt 0 NaN
vt 0 NaN
vt 0 NaN
vt 0 NaN
vt 0 NaN
vt 0 NaN
vt 0 NaN
vt 0 NaN
vt 0 NaN
vt 0 NaN
vt 0 NaN
vt 0 NaN
vt 0 NaN
vt 0 NaN
vt 0 NaN
vt 0 NaN
vt 0 NaN
vt 0 NaN
vt 0 NaN
vt 0 NaN
vt 0 NaN
vt 0 NaN
vt 0 NaN
vt 0 NaN
vt 0 NaN
vt 0 NaN
vt 0 NaN
vt 0 NaN
vt 0 NaN
vt 0 NaN
vt 0 NaN
vt 0 NaN
vt 0 NaN
vt 0 NaN
vt 0 NaN
vt 0 NaN
vt 0 NaN
vt 0 NaN
vt 0 NaN
vt 0 NaN
vt 0 NaN
vt 0 NaN
vt 0 NaN
vt 0 NaN
vt 0 NaN
vt 0 NaN
vt 0 NaN
vt 0 NaN
vt 0 NaN
vt 0 NaN
vt 0 NaN
vt 0 NaN
vt 0 NaN
vt 0 NaN
vt 0 NaN
vt 0 NaN
vt 0 NaN
vt 0 NaN
vt 0 NaN
vt 0 NaN
vt 0 NaN
vt 0 NaN
vt 0 NaN
vt 0 NaN
vt 0 NaN
vt 0 NaN
vt 0 NaN
vt 0 NaN
vt 0 NaN
vt 0 NaN
vt 0 NaN
vt 0 NaN
vt 0 NaN
vt 0 NaN
vt 0 NaN
vt 0 NaN
vt 0 NaN
vt 0 NaN
vt 0 NaN
vt 0 NaN
vt 0 NaN
vt 0 NaN
vt 0 NaN
vt 0 NaN
vt 0 NaN
vt 0 NaN
vt 0 NaN
vt 0 NaN
vt 0 NaN
vt 0 NaN
vt 0 NaN
vt 0 NaN
vt 0 NaN
vt 0 NaN
vt 0 NaN
vt 0 NaN
vt 0 NaN
vt 0 NaN
vt 0 NaN
vt 0 NaN

usemtl color24

f 3/3/1 2/2/1 1/1/1
f 2/3/1 3/2/1 4/1/1
f 5/3/2 3/2/2 1/1/2
f 3/3/2 5/2/2 6/1/2
f 7/5/3 2/5/3 4/4/3
f 2/5/3 7/5/3 8/6/3
f 7/5/4 5/5/4 8/7/4
f 5/5/4 7/5/4 6/8/4
f 5/5/5 2/5/5 8/9/5
f 2/5/5 5/5/5 1/10/5
f 3/2/6 7/3/6 4/11/6
f 7/3/6 3/2/6 6/1/6
f 3/3/1 2/2/1 1/1/1
f 2/3/1 3/2/1 4/1/1
f 5/3/2 3/2/2 1/1/2
f 3/3/2 5/2/2 6/1/2
f 7/5/3 2/5/3 4/4/3
f 2/5/3 7/5/3 8/6/3
f 7/5/4 5/5/4 8/7/4
f 5/5/4 7/5/4 6/8/4
f 5/5/5 2/5/5 8/9/5
f 2/5/5 5/5/5 1/10/5
f 3/2/6 7/3/6 4/11/6
f 7/3/6 3/2/6 6/1/6
f 11/3/1 10/2/1 9/1/1
f 10/3/1 11/2/1 12/1/1
f 13/3/2 11/2/2 9/1/2
f 11/3/2 13/2/2 14/1/2
f 15/5/3 10/5/3 12/12/3
f 10/5/3 15/5/3 16/13/3
f 15/5/4 13/5/4 16/14/4
f 13/5/4 15/5/4 14/15/4
f 13/5/5 10/5/5 16/16/5
f 10/5/5 13/5/5 9/17/5
f 11/2/6 15/3/6 12/11/6
f 15/3/6 11/2/6 14/1/6

usemtl color7

f 19/3/1 18/2/1 17/1/1
f 18/3/1 19/2/1 20/1/1
f 21/3/2 19/2/2 17/1/2
f 19/3/2 21/2/2 22/1/2
f 23/5/3 18/5/3 20/18/3
f 18/5/3 23/5/3 24/19/3
f 23/5/4 21/5/4 24/20/4
f 21/5/4 23/5/4 22/21/4
f 21/5/5 18/5/5 24/22/5
f 18/5/5 21/5/5 17/23/5
f 19/2/6 23/3/6 20/11/6
f 23/3/6 19/2/6 22/1/6
f 27/3/1 26/2/1 25/1/1
f 26/3/1 27/2/1 28/1/1
f 18/3/2 27/2/2 25/1/2
f 27/3/2 18/2/2 20/1/2
f 29/5/3 26/5/3 28/24/3
f 26/5/3 29/5/3 30/25/3
f 29/5/4 18/5/4 30/26/4
f 18/5/4 29/5/4 20/27/4
f 18/5/5 26/5/5 30/28/5
f 26/5/5 18/5/5 25/29/5
f 27/2/6 29/3/6 28/11/6
f 29/3/6 27/2/6 20/1/6
f 33/3/1 32/2/1 31/1/1
f 32/3/1 33/2/1 34/1/1
f 35/3/2 33/2/2 31/1/2
f 33/3/2 35/2/2 36/1/2
f 37/5/3 32/5/3 34/30/3
f 32/5/3 37/5/3 38/31/3
f 37/5/4 35/5/4 38/32/4
f 35/5/4 37/5/4 36/33/4
f 35/5/5 32/5/5 38/34/5
f 32/5/5 35/5/5 31/35/5
f 33/2/6 37/3/6 34/11/6
f 37/3/6 33/2/6 36/1/6
f 41/3/1 40/2/1 39/1/1
f 40/3/1 41/2/1 42/1/1
f 43/3/2 41/2/2 39/1/2
f 41/3/2 43/2/2 44/1/2
f 45/5/3 40/5/3 42/36/3
f 40/5/3 45/5/3 46/37/3
f 45/5/4 43/5/4 46/38/4
f 43/5/4 45/5/4 44/39/4
f 43/5/5 40/5/5 46/40/5
f 40/5/5 43/5/5 39/41/5
f 41/2/6 45/3/6 42/11/6
f 45/3/6 41/2/6 44/1/6
f 49/3/1 48/2/1 47/1/1
f 48/3/1 49/2/1 50/1/1
f 51/3/2 49/2/2 47/1/2
f 49/3/2 51/2/2 52/1/2
f 53/5/3 48/5/3 50/42/3
f 48/5/3 53/5/3 54/43/3
f 53/5/4 51/5/4 54/44/4
f 51/5/4 53/5/4 52/45/4
f 51/5/5 48/5/5 54/46/5
f 48/5/5 51/5/5 47/47/5
f 49/2/6 53/3/6 50/11/6
f 53/3/6 49/2/6 52/1/6
f 57/3/1 56/2/1 55/1/1
f 56/3/1 57/2/1 58/1/1
f 59/3/2 57/2/2 55/1/2
f 57/3/2 59/2/2 60/1/2
f 61/5/3 56/5/3 58/48/3
f 56/5/3 61/5/3 62/49/3
f 61/5/4 59/5/4 62/50/4
f 59/5/4 61/5/4 60/51/4
f 59/5/5 56/5/5 62/52/5
f 56/5/5 59/5/5 55/53/5
f 57/2/6 61/3/6 58/11/6
f 61/3/6 57/2/6 60/1/6
f 65/3/1 64/2/1 63/1/1
f 64/3/1 65/2/1 66/1/1
f 67/3/2 65/2/2 63/1/2
f 65/3/2 67/2/2 68/1/2
f 69/5/3 64/5/3 66/54/3
f 64/5/3 69/5/3 70/55/3
f 69/5/4 67/5/4 70/56/4
f 67/5/4 69/5/4 68/57/4
f 67/5/5 64/5/5 70/58/5
f 64/5/5 67/5/5 63/59/5
f 65/2/6 69/3/6 66/11/6
f 69/3/6 65/2/6 68/1/6
f 73/3/1 72/2/1 71/1/1
f 72/3/1 73/2/1 74/1/1
f 75/3/2 73/2/2 71/1/2
f 73/3/2 75/2/2 76/1/2
f 77/5/3 72/5/3 74/60/3
f 72/5/3 77/5/3 78/61/3
f 77/5/4 75/5/4 78/62/4
f 75/5/4 77/5/4 76/63/4
f 75/5/5 72/5/5 78/64/5
f 72/5/5 75/5/5 71/65/5
f 73/2/6 77/3/6 74/11/6
f 77/3/6 73/2/6 76/1/6
f 81/3/1 80/2/1 79/1/1
f 80/3/1 81/2/1 82/1/1
f 83/3/2 81/2/2 79/1/2
f 81/3/2 83/2/2 84/1/2
f 85/5/3 80/5/3 82/66/3
f 80/5/3 85/5/3 86/67/3
f 85/5/4 83/5/4 86/68/4
f 83/5/4 85/5/4 84/69/4
f 83/5/5 80/5/5 86/70/5
f 80/5/5 83/5/5 79/71/5
f 81/2/6 85/3/6 82/11/6
f 85/3/6 81/2/6 84/1/6
f 89/3/1 88/2/1 87/1/1
f 88/3/1 89/2/1 90/1/1
f 91/3/2 89/2/2 87/1/2
f 89/3/2 91/2/2 92/1/2
f 93/5/3 88/5/3 90/72/3
f 88/5/3 93/5/3 94/73/3
f 93/5/4 91/5/4 94/74/4
f 91/5/4 93/5/4 92/75/4
f 91/5/5 88/5/5 94/76/5
f 88/5/5 91/5/5 87/77/5
f 89/2/6 93/3/6 90/11/6
f 93/3/6 89/2/6 92/1/6
f 97/3/1 96/2/1 95/1/1
f 96/3/1 97/2/1 98/1/1
f 99/3/2 97/2/2 95/1/2
f 97/3/2 99/2/2 100/1/2
f 101/5/3 96/5/3 98/78/3
f 96/5/3 101/5/3 102/79/3
f 101/5/4 99/5/4 102/80/4
f 99/5/4 101/5/4 100/81/4
f 99/5/5 96/5/5 102/82/5
f 96/5/5 99/5/5 95/83/5
f 97/2/6 101/3/6 98/11/6
f 101/3/6 97/2/6 100/1/6
f 105/3/1 104/2/1 103/1/1
f 104/3/1 105/2/1 106/1/1
f 107/3/2 105/2/2 103/1/2
f 105/3/2 107/2/2 108/1/2
f 109/5/3 104/5/3 106/84/3
f 104/5/3 109/5/3 110/85/3
f 109/5/4 107/5/4 110/86/4
f 107/5/4 109/5/4 108/87/4
f 107/5/5 104/5/5 110/88/5
f 104/5/5 107/5/5 103/89/5
f 105/2/6 109/3/6 106/11/6
f 109/3/6 105/2/6 108/1/6
f 113/3/1 112/2/1 111/1/1
f 112/3/1 113/2/1 114/1/1
f 115/3/2 113/2/2 111/1/2
f 113/3/2 115/2/2 116/1/2
f 117/5/3 112/5/3 114/90/3
f 112/5/3 117/5/3 118/91/3
f 117/5/4 115/5/4 118/92/4
f 115/5/4 117/5/4 116/93/4
f 115/5/5 112/5/5 118/94/5
f 112/5/5 115/5/5 111/95/5
f 113/2/6 117/3/6 114/11/6
f 117/3/6 113/2/6 116/1/6
f 121/3/1 120/2/1 119/1/1
f 120/3/1 121/2/1 122/1/1
f 123/3/2 121/2/2 119/1/2
f 121/3/2 123/2/2 124/1/2
f 125/5/3 120/5/3 122/96/3
f 120/5/3 125/5/3 126/97/3
f 125/5/4 123/5/4 126/98/4
f 123/5/4 125/5/4 124/99/4
f 123/5/5 120/5/5 126/100/5
f 120/5/5 123/5/5 119/101/5
f 121/2/6 125/3/6 122/11/6
f 125/3/6 121/2/6 124/1/6
f 129/3/1 128/2/1 127/1/1
f 128/3/1 129/2/1 130/1/1
f 131/3/2 129/2/2 127/1/2
f 129/3/2 131/2/2 132/1/2
f 133/5/3 128/5/3 130/102/3
f 128/5/3 133/5/3 134/103/3
f 133/5/4 131/5/4 134/104/4
f 131/5/4 133/5/4 132/105/4
f 131/5/5 128/5/5 134/106/5
f 128/5/5 131/5/5 127/107/5
f 129/2/6 133/3/6 130/11/6
f 133/3/6 129/2/6 132/1/6
f 109/3/1 135/2/1 110/1/1
f 135/3/1 109/2/1 136/1/1
f 137/3/2 109/2/2 110/1/2
f 109/3/2 137/2/2 138/1/2
f 139/5/3 135/5/3 136/108/3
f 135/5/3 139/5/3 140/109/3
f 139/5/4 137/5/4 140/110/4
f 137/5/4 139/5/4 138/111/4
f 137/5/5 135/5/5 140/112/5
f 135/5/5 137/5/5 110/88/5
f 109/2/6 139/3/6 136/11/6
f 139/3/6 109/2/6 138/1/6
f 143/3/1 142/2/1 141/1/1
f 142/3/1 143/2/1 144/1/1
f 112/3/2 143/2/2 141/1/2
f 143/3/2 112/2/2 114/1/2
f 145/5/3 142/5/3 144/113/3
f 142/5/3 145/5/3 146/114/3
f 145/5/4 112/5/4 146/115/4
f 112/5/4 145/5/4 114/116/4
f 112/5/5 142/5/5 146/117/5
f 142/5/5 112/5/5 141/118/5
f 143/2/6 145/3/6 144/11/6
f 145/3/6 143/2/6 114/1/6
f 139/3/1 147/2/1 140/1/1
f 147/3/1 139/2/1 148/1/1
f 142/3/2 139/2/2 140/1/2
f 139/3/2 142/2/2 144/1/2
f 149/5/3 147/5/3 148/119/3
f 147/5/3 149/5/3 150/120/3
f 149/5/4 142/5/4 150/121/4
f 142/5/4 149/5/4 144/122/4
f 142/5/5 147/5/5 150/123/5
f 147/5/5 142/5/5 140/112/5
f 139/2/6 149/3/6 148/11/6
f 149/3/6 139/2/6 144/1/6
f 153/3/1 152/2/1 151/1/1
f 152/3/1 153/2/1 154/1/1
f 155/3/2 153/2/2 151/1/2
f 153/3/2 155/2/2 156/1/2
f 157/5/3 152/5/3 154/124/3
f 152/5/3 157/5/3 158/125/3
f 157/5/4 155/5/4 158/126/4
f 155/5/4 157/5/4 156/127/4
f 155/5/5 152/5/5 158/128/5
f 152/5/5 155/5/5 151/129/5
f 153/2/6 157/3/6 154/11/6
f 157/3/6 153/2/6 156/1/6

usemtl color5

f 22/3/1 24/2/1 21/1/1
f 24/3/1 22/2/1 23/1/1
f 159/3/2 22/2/2 21/1/2
f 22/3/2 159/2/2 160/1/2
f 161/5/3 24/19/3 23/5/3
f 24/19/3 161/5/3 162/130/3
f 161/5/4 159/5/4 162/131/4
f 159/5/4 161/5/4 160/132/4
f 159/5/5 24/22/5 162/133/5
f 24/22/5 159/5/5 21/5/5
f 22/2/6 161/3/6 23/11/6
f 161/3/6 22/2/6 160/1/6
f 165/3/1 164/2/1 163/1/1
f 164/3/1 165/2/1 166/1/1
f 167/3/2 165/2/2 163/1/2
f 165/3/2 167/2/2 168/1/2
f 169/5/3 164/5/3 166/134/3
f 164/5/3 169/5/3 170/135/3
f 169/5/4 167/5/4 170/136/4
f 167/5/4 169/5/4 168/137/4
f 167/5/5 164/5/5 170/138/5
f 164/5/5 167/5/5 163/139/5
f 165/2/6 169/3/6 166/11/6
f 169/3/6 165/2/6 168/1/6
f 173/3/1 172/2/1 171/1/1
f 172/3/1 173/2/1 174/1/1
f 175/3/2 173/2/2 171/1/2
f 173/3/2 175/2/2 176/1/2
f 177/5/3 172/5/3 174/140/3
f 172/5/3 177/5/3 178/141/3
f 177/5/4 175/5/4 178/142/4
f 175/5/4 177/5/4 176/143/4
f 175/5/5 172/5/5 178/144/5
f 172/5/5 175/5/5 171/145/5
f 173/2/6 177/3/6 174/11/6
f 177/3/6 173/2/6 176/1/6
f 181/3/1 180/2/1 179/1/1
f 180/3/1 181/2/1 182/1/1
f 183/3/2 181/2/2 179/1/2
f 181/3/2 183/2/2 184/1/2
f 185/5/3 180/5/3 182/146/3
f 180/5/3 185/5/3 186/147/3
f 185/5/4 183/5/4 186/148/4
f 183/5/4 185/5/4 184/149/4
f 183/5/5 180/5/5 186/150/5
f 180/5/5 183/5/5 179/151/5
f 181/2/6 185/3/6 182/11/6
f 185/3/6 181/2/6 184/1/6
f 189/3/1 188/2/1 187/1/1
f 188/3/1 189/2/1 190/1/1
f 191/3/2 189/2/2 187/1/2
f 189/3/2 191/2/2 192/1/2
f 193/5/3 188/5/3 190/152/3
f 188/5/3 193/5/3 194/153/3
f 193/5/4 191/5/4 194/154/4
f 191/5/4 193/5/4 192/155/4
f 191/5/5 188/5/5 194/156/5
f 188/5/5 191/5/5 187/157/5
f 189/2/6 193/3/6 190/11/6
f 193/3/6 189/2/6 192/1/6
f 197/3/1 196/2/1 195/1/1
f 196/3/1 197/2/1 198/1/1
f 199/3/2 197/2/2 195/1/2
f 197/3/2 199/2/2 200/1/2
f 201/5/3 196/5/3 198/158/3
f 196/5/3 201/5/3 202/159/3
f 201/5/4 199/5/4 202/160/4
f 199/5/4 201/5/4 200/161/4
f 199/5/5 196/5/5 202/162/5
f 196/5/5 199/5/5 195/163/5
f 197/2/6 201/3/6 198/11/6
f 201/3/6 197/2/6 200/1/6
f 205/3/1 204/2/1 203/1/1
f 204/3/1 205/2/1 206/1/1
f 207/3/2 205/2/2 203/1/2
f 205/3/2 207/2/2 208/1/2
f 209/5/3 204/5/3 206/164/3
f 204/5/3 209/5/3 210/165/3
f 209/5/4 207/5/4 210/166/4
f 207/5/4 209/5/4 208/167/4
f 207/5/5 204/5/5 210/168/5
f 204/5/5 207/5/5 203/169/5
f 205/2/6 209/3/6 206/11/6
f 209/3/6 205/2/6 208/1/6
f 213/3/1 212/2/1 211/1/1
f 212/3/1 213/2/1 214/1/1
f 215/3/2 213/2/2 211/1/2
f 213/3/2 215/2/2 216/1/2
f 217/5/3 212/5/3 214/170/3
f 212/5/3 217/5/3 218/171/3
f 217/5/4 215/5/4 218/172/4
f 215/5/4 217/5/4 216/173/4
f 215/5/5 212/5/5 218/174/5
f 212/5/5 215/5/5 211/175/5
f 213/2/6 217/3/6 214/11/6
f 217/3/6 213/2/6 216/1/6
f 221/3/1 220/2/1 219/1/1
f 220/3/1 221/2/1 222/1/1
f 204/3/2 221/2/2 219/1/2
f 221/3/2 204/2/2 206/1/2
f 223/5/3 220/5/3 222/176/3
f 220/5/3 223/5/3 224/177/3
f 223/5/4 204/5/4 224/178/4
f 204/5/4 223/5/4 206/179/4
f 204/5/5 220/5/5 224/180/5
f 220/5/5 204/5/5 219/181/5
f 221/2/6 223/3/6 222/11/6
f 223/3/6 221/2/6 206/1/6
f 209/3/1 225/2/1 210/1/1
f 225/3/1 209/2/1 226/1/1
f 227/3/2 209/2/2 210/1/2
f 209/3/2 227/2/2 228/1/2
f 229/5/3 225/5/3 226/182/3
f 225/5/3 229/5/3 230/183/3
f 229/5/4 227/5/4 230/184/4
f 227/5/4 229/5/4 228/185/4
f 227/5/5 225/5/5 230/186/5
f 225/5/5 227/5/5 210/168/5
f 209/2/6 229/3/6 226/11/6
f 229/3/6 209/2/6 228/1/6
f 217/3/1 231/2/1 218/1/1
f 231/3/1 217/2/1 232/1/1
f 233/3/2 217/2/2 218/1/2
f 217/3/2 233/2/2 234/1/2
f 235/5/3 231/5/3 232/187/3
f 231/5/3 235/5/3 236/188/3
f 235/5/4 233/5/4 236/189/4
f 233/5/4 235/5/4 234/190/4
f 233/5/5 231/5/5 236/191/5
f 231/5/5 233/5/5 218/174/5
f 217/2/6 235/3/6 232/11/6
f 235/3/6 217/2/6 234/1/6
f 124/3/1 237/2/1 123/1/1
f 237/3/1 124/2/1 238/1/1
f 239/3/2 124/2/2 123/1/2
f 124/3/2 239/2/2 240/1/2
f 241/5/3 237/5/3 238/192/3
f 237/5/3 241/5/3 242/193/3
f 241/5/4 239/5/4 242/194/4
f 239/5/4 241/5/4 240/195/4
f 239/5/5 237/5/5 242/196/5
f 237/5/5 239/5/5 123/5/5
f 124/2/6 241/3/6 238/11/6
f 241/3/6 124/2/6 240/1/6
f 245/3/1 244/2/1 243/1/1
f 244/3/1 245/2/1 246/1/1
f 220/3/2 245/2/2 243/1/2
f 245/3/2 220/2/2 222/1/2
f 247/5/3 244/5/3 246/197/3
f 244/5/3 247/5/3 248/198/3
f 247/5/4 220/5/4 248/199/4
f 220/5/4 247/5/4 222/200/4
f 220/5/5 244/5/5 248/201/5
f 244/5/5 220/5/5 243/202/5
f 245/2/6 247/3/6 246/11/6
f 247/3/6 245/2/6 222/1/6
f 229/3/1 249/2/1 230/1/1
f 249/3/1 229/2/1 250/1/1
f 251/3/2 229/2/2 230/1/2
f 229/3/2 251/2/2 252/1/2
f 253/5/3 249/5/3 250/203/3
f 249/5/3 253/5/3 254/204/3
f 253/5/4 251/5/4 254/205/4
f 251/5/4 253/5/4 252/206/4
f 251/5/5 249/5/5 254/207/5
f 249/5/5 251/5/5 230/186/5
f 229/2/6 253/3/6 250/11/6
f 253/3/6 229/2/6 252/1/6
f 257/3/1 256/2/1 255/1/1
f 256/3/1 257/2/1 258/1/1
f 244/3/2 257/2/2 255/1/2
f 257/3/2 244/2/2 246/1/2
f 259/5/3 256/5/3 258/208/3
f 256/5/3 259/5/3 260/209/3
f 259/5/4 244/5/4 260/210/4
f 244/5/4 259/5/4 246/211/4
f 244/5/5 256/5/5 260/212/5
f 256/5/5 244/5/5 255/213/5
f 257/2/6 259/3/6 258/11/6
f 259/3/6 257/2/6 246/1/6
f 263/3/1 262/2/1 261/1/1
f 262/3/1 263/2/1 264/1/1
f 254/3/2 263/2/2 261/1/2
f 263/3/2 254/2/2 253/1/2
f 265/5/3 262/5/3 264/214/3
f 262/5/3 265/5/3 266/215/3
f 265/5/4 254/205/4 266/216/4
f 254/205/4 265/5/4 253/5/4
f 254/207/5 262/5/5 266/217/5
f 262/5/5 254/207/5 261/218/5
f 263/2/6 265/3/6 264/11/6
f 265/3/6 263/2/6 253/1/6
f 269/3/1 268/2/1 267/1/1
f 268/3/1 269/2/1 270/1/1
f 271/3/2 269/2/2 267/1/2
f 269/3/2 271/2/2 272/1/2
f 273/5/3 268/5/3 270/219/3
f 268/5/3 273/5/3 274/220/3
f 273/5/4 271/5/4 274/221/4
f 271/5/4 273/5/4 272/222/4
f 271/5/5 268/5/5 274/223/5
f 268/5/5 271/5/5 267/224/5
f 269/2/6 273/3/6 270/11/6
f 273/3/6 269/2/6 272/1/6
f 277/3/1 276/2/1 275/1/1
f 276/3/1 277/2/1 278/1/1
f 279/3/2 277/2/2 275/1/2
f 277/3/2 279/2/2 280/1/2
f 281/5/3 276/5/3 278/225/3
f 276/5/3 281/5/3 282/226/3
f 281/5/4 279/5/4 282/227/4
f 279/5/4 281/5/4 280/228/4
f 279/5/5 276/5/5 282/229/5
f 276/5/5 279/5/5 275/230/5
f 277/2/6 281/3/6 278/11/6
f 281/3/6 277/2/6 280/1/6
f 285/3/1 284/2/1 283/1/1
f 284/3/1 285/2/1 286/1/1
f 287/3/2 285/2/2 283/1/2
f 285/3/2 287/2/2 288/1/2
f 289/5/3 284/5/3 286/231/3
f 284/5/3 289/5/3 290/232/3
f 289/5/4 287/5/4 290/233/4
f 287/5/4 289/5/4 288/234/4
f 287/5/5 284/5/5 290/235/5
f 284/5/5 287/5/5 283/236/5
f 285/2/6 289/3/6 286/11/6
f 289/3/6 285/2/6 288/1/6
f 293/3/1 292/2/1 291/1/1
f 292/3/1 293/2/1 294/1/1
f 295/3/2 293/2/2 291/1/2
f 293/3/2 295/2/2 296/1/2
f 297/5/3 292/5/3 294/237/3
f 292/5/3 297/5/3 298/238/3
f 297/5/4 295/5/4 298/239/4
f 295/5/4 297/5/4 296/240/4
f 295/5/5 292/5/5 298/241/5
f 292/5/5 295/5/5 291/242/5
f 293/2/6 297/3/6 294/11/6
f 297/3/6 293/2/6 296/1/6
f 301/3/1 300/2/1 299/1/1
f 300/3/1 301/2/1 302/1/1
f 303/3/2 301/2/2 299/1/2
f 301/3/2 303/2/2 304/1/2
f 305/5/3 300/5/3 302/243/3
f 300/5/3 305/5/3 306/244/3
f 305/5/4 303/5/4 306/245/4
f 303/5/4 305/5/4 304/246/4
f 303/5/5 300/5/5 306/247/5
f 300/5/5 303/5/5 299/248/5
f 301/2/6 305/3/6 302/11/6
f 305/3/6 301/2/6 304/1/6
f 309/3/1 308/2/1 307/1/1
f 308/3/1 309/2/1 310/1/1
f 311/3/2 309/2/2 307/1/2
f 309/3/2 311/2/2 312/1/2
f 313/5/3 308/5/3 310/249/3
f 308/5/3 313/5/3 314/250/3
f 313/5/4 311/5/4 314/251/4
f 311/5/4 313/5/4 312/252/4
f 311/5/5 308/5/5 314/253/5
f 308/5/5 311/5/5 307/254/5
f 309/2/6 313/3/6 310/11/6
f 313/3/6 309/2/6 312/1/6
f 316/3/1 274/2/1 315/1/1
f 274/3/1 316/2/1 273/1/1
f 317/3/2 316/2/2 315/1/2
f 316/3/2 317/2/2 318/1/2
f 319/5/3 274/220/3 273/5/3
f 274/220/3 319/5/3 320/255/3
f 319/5/4 317/5/4 320/256/4
f 317/5/4 319/5/4 318/257/4
f 317/5/5 274/223/5 320/258/5
f 274/223/5 317/5/5 315/259/5
f 316/2/6 319/3/6 273/11/6
f 319/3/6 316/2/6 318/1/6
f 323/3/1 322/2/1 321/1/1
f 322/3/1 323/2/1 324/1/1
f 325/3/2 323/2/2 321/1/2
f 323/3/2 325/2/2 326/1/2
f 327/5/3 322/5/3 324/260/3
f 322/5/3 327/5/3 328/261/3
f 327/5/4 325/5/4 328/262/4
f 325/5/4 327/5/4 326/263/4
f 325/5/5 322/5/5 328/264/5
f 322/5/5 325/5/5 321/265/5
f 323/2/6 327/3/6 324/11/6
f 327/3/6 323/2/6 326/1/6
f 331/3/1 330/2/1 329/1/1
f 330/3/1 331/2/1 332/1/1
f 333/3/2 331/2/2 329/1/2
f 331/3/2 333/2/2 334/1/2
f 335/5/3 330/5/3 332/266/3
f 330/5/3 335/5/3 336/267/3
f 335/5/4 333/5/4 336/268/4
f 333/5/4 335/5/4 334/269/4
f 333/5/5 330/5/5 336/270/5
f 330/5/5 333/5/5 329/271/5
f 331/2/6 335/3/6 332/11/6
f 335/3/6 331/2/6 334/1/6
f 339/3/1 338/2/1 337/1/1
f 338/3/1 339/2/1 340/1/1
f 341/3/2 339/2/2 337/1/2
f 339/3/2 341/2/2 342/1/2
f 343/5/3 338/5/3 340/272/3
f 338/5/3 343/5/3 344/273/3
f 343/5/4 341/5/4 344/274/4
f 341/5/4 343/5/4 342/275/4
f 341/5/5 338/5/5 344/276/5
f 338/5/5 341/5/5 337/277/5
f 339/2/6 343/3/6 340/11/6
f 343/3/6 339/2/6 342/1/6
f 347/3/1 346/2/1 345/1/1
f 346/3/1 347/2/1 348/1/1
f 349/3/2 347/2/2 345/1/2
f 347/3/2 349/2/2 350/1/2
f 351/5/3 346/5/3 348/278/3
f 346/5/3 351/5/3 352/279/3
f 351/5/4 349/5/4 352/280/4
f 349/5/4 351/5/4 350/281/4
f 349/5/5 346/5/5 352/282/5
f 346/5/5 349/5/5 345/283/5
f 347/2/6 351/3/6 348/11/6
f 351/3/6 347/2/6 350/1/6
f 355/3/1 354/2/1 353/1/1
f 354/3/1 355/2/1 356/1/1
f 357/3/2 355/2/2 353/1/2
f 355/3/2 357/2/2 358/1/2
f 359/5/3 354/5/3 356/284/3
f 354/5/3 359/5/3 360/285/3
f 359/5/4 357/5/4 360/286/4
f 357/5/4 359/5/4 358/287/4
f 357/5/5 354/5/5 360/288/5
f 354/5/5 357/5/5 353/289/5
f 355/2/6 359/3/6 356/11/6
f 359/3/6 355/2/6 358/1/6
f 363/3/1 362/2/1 361/1/1
f 362/3/1 363/2/1 364/1/1
f 365/3/2 363/2/2 361/1/2
f 363/3/2 365/2/2 366/1/2
f 367/5/3 362/5/3 364/290/3
f 362/5/3 367/5/3 368/291/3
f 367/5/4 365/5/4 368/292/4
f 365/5/4 367/5/4 366/293/4
f 365/5/5 362/5/5 368/294/5
f 362/5/5 365/5/5 361/295/5
f 363/2/6 367/3/6 364/11/6
f 367/3/6 363/2/6 366/1/6
f 371/3/1 370/2/1 369/1/1
f 370/3/1 371/2/1 372/1/1
f 373/3/2 371/2/2 369/1/2
f 371/3/2 373/2/2 374/1/2
f 375/5/3 370/5/3 372/296/3
f 370/5/3 375/5/3 376/297/3
f 375/5/4 373/5/4 376/298/4
f 373/5/4 375/5/4 374/299/4
f 373/5/5 370/5/5 376/300/5
f 370/5/5 373/5/5 369/301/5
f 371/2/6 375/3/6 372/11/6
f 375/3/6 371/2/6 374/1/6
f 379/3/1 378/2/1 377/1/1
f 378/3/1 379/2/1 380/1/1
f 381/3/2 379/2/2 377/1/2
f 379/3/2 381/2/2 382/1/2
f 383/5/3 378/5/3 380/302/3
f 378/5/3 383/5/3 384/303/3
f 383/5/4 381/5/4 384/304/4
f 381/5/4 383/5/4 382/305/4
f 381/5/5 378/5/5 384/306/5
f 378/5/5 381/5/5 377/307/5
f 379/2/6 383/3/6 380/11/6
f 383/3/6 379/2/6 382/1/6
f 327/3/1 385/2/1 328/1/1
f 385/3/1 327/2/1 386/1/1
f 387/3/2 327/2/2 328/1/2
f 327/3/2 387/2/2 388/1/2
f 389/5/3 385/5/3 386/308/3
f 385/5/3 389/5/3 390/309/3
f 389/5/4 387/5/4 390/310/4
f 387/5/4 389/5/4 388/311/4
f 387/5/5 385/5/5 390/312/5
f 385/5/5 387/5/5 328/264/5
f 327/2/6 389/3/6 386/11/6
f 389/3/6 327/2/6 388/1/6
f 393/3/1 392/2/1 391/1/1
f 392/3/1 393/2/1 394/1/1
f 395/3/2 393/2/2 391/1/2
f 393/3/2 395/2/2 396/1/2
f 397/5/3 392/5/3 394/313/3
f 392/5/3 397/5/3 398/314/3
f 397/5/4 395/5/4 398/315/4
f 395/5/4 397/5/4 396/316/4
f 395/5/5 392/5/5 398/317/5
f 392/5/5 395/5/5 391/318/5
f 393/2/6 397/3/6 394/11/6
f 397/3/6 393/2/6 396/1/6
f 401/3/1 400/2/1 399/1/1
f 400/3/1 401/2/1 402/1/1
f 403/3/2 401/2/2 399/1/2
f 401/3/2 403/2/2 404/1/2
f 405/5/3 400/5/3 402/319/3
f 400/5/3 405/5/3 406/320/3
f 405/5/4 403/5/4 406/321/4
f 403/5/4 405/5/4 404/322/4
f 403/5/5 400/5/5 406/323/5
f 400/5/5 403/5/5 399/324/5
f 401/2/6 405/3/6 402/11/6
f 405/3/6 401/2/6 404/1/6
f 409/3/1 408/2/1 407/1/1
f 408/3/1 409/2/1 410/1/1
f 411/3/2 409/2/2 407/1/2
f 409/3/2 411/2/2 412/1/2
f 413/5/3 408/5/3 410/325/3
f 408/5/3 413/5/3 414/326/3
f 413/5/4 411/5/4 414/327/4
f 411/5/4 413/5/4 412/328/4
f 411/5/5 408/5/5 414/329/5
f 408/5/5 411/5/5 407/330/5
f 409/2/6 413/3/6 410/11/6
f 413/3/6 409/2/6 412/1/6
f 417/3/1 416/2/1 415/1/1
f 416/3/1 417/2/1 418/1/1
f 392/3/2 417/2/2 415/1/2
f 417/3/2 392/2/2 394/1/2
f 419/5/3 416/5/3 418/331/3
f 416/5/3 419/5/3 420/332/3
f 419/5/4 392/5/4 420/333/4
f 392/5/4 419/5/4 394/334/4
f 392/5/5 416/5/5 420/335/5
f 416/5/5 392/5/5 415/336/5
f 417/2/6 419/3/6 418/11/6
f 419/3/6 417/2/6 394/1/6
f 423/3/1 422/2/1 421/1/1
f 422/3/1 423/2/1 424/1/1
f 425/3/2 423/2/2 421/1/2
f 423/3/2 425/2/2 426/1/2
f 427/5/3 422/5/3 424/337/3
f 422/5/3 427/5/3 428/338/3
f 427/5/4 425/5/4 428/339/4
f 425/5/4 427/5/4 426/340/4
f 425/5/5 422/5/5 428/341/5
f 422/5/5 425/5/5 421/342/5
f 423/2/6 427/3/6 424/11/6
f 427/3/6 423/2/6 426/1/6

usemtl color23

f 431/3/1 430/2/1 429/1/1
f 430/3/1 431/2/1 432/1/1
f 2/3/2 431/2/2 429/1/2
f 431/3/2 2/2/2 4/1/2
f 433/5/3 430/5/3 432/343/3
f 430/5/3 433/5/3 434/344/3
f 433/5/4 2/5/4 434/345/4
f 2/5/4 433/5/4 4/346/4
f 2/5/5 430/5/5 434/347/5
f 430/5/5 2/5/5 429/348/5
f 431/2/6 433/3/6 432/11/6
f 433/3/6 431/2/6 4/1/6
f 436/3/1 9/2/1 435/1/1
f 9/3/1 436/2/1 11/1/1
f 437/3/2 436/2/2 435/1/2
f 436/3/2 437/2/2 438/1/2
f 14/5/3 9/5/3 11/349/3
f 9/5/3 14/5/3 13/350/3
f 14/15/4 437/5/4 13/5/4
f 437/5/4 14/15/4 438/351/4
f 437/5/5 9/17/5 13/5/5
f 9/17/5 437/5/5 435/352/5
f 436/2/6 14/3/6 11/11/6
f 14/3/6 436/2/6 438/1/6

usemtl color19

f 441/3/1 440/2/1 439/1/1
f 440/3/1 441/2/1 442/1/1
f 443/3/2 441/2/2 439/1/2
f 441/3/2 443/2/2 444/1/2
f 445/5/3 440/5/3 442/353/3
f 440/5/3 445/5/3 446/354/3
f 445/5/4 443/5/4 446/355/4
f 443/5/4 445/5/4 444/356/4
f 443/5/5 440/5/5 446/357/5
f 440/5/5 443/5/5 439/358/5
f 441/2/6 445/3/6 442/11/6
f 445/3/6 441/2/6 444/1/6
f 449/3/1 448/2/1 447/1/1
f 448/3/1 449/2/1 450/1/1
f 440/3/2 449/2/2 447/1/2
f 449/3/2 440/2/2 442/1/2
f 451/5/3 448/5/3 450/359/3
f 448/5/3 451/5/3 452/360/3
f 451/5/4 440/5/4 452/361/4
f 440/5/4 451/5/4 442/362/4
f 440/5/5 448/5/5 452/363/5
f 448/5/5 440/5/5 447/364/5
f 449/2/6 451/3/6 450/11/6
f 451/3/6 449/2/6 442/1/6
f 454/3/1 131/2/1 453/1/1
f 131/3/1 454/2/1 132/1/1
f 455/3/2 454/2/2 453/1/2
f 454/3/2 455/2/2 456/1/2
f 457/5/3 131/5/3 132/365/3
f 131/5/3 457/5/3 458/366/3
f 457/5/4 455/5/4 458/367/4
f 455/5/4 457/5/4 456/368/4
f 455/5/5 131/5/5 458/369/5
f 131/5/5 455/5/5 453/370/5
f 454/2/6 457/3/6 132/11/6
f 457/3/6 454/2/6 456/1/6
f 461/3/1 460/2/1 459/1/1
f 460/3/1 461/2/1 462/1/1
f 463/3/2 461/2/2 459/1/2
f 461/3/2 463/2/2 464/1/2
f 465/5/3 460/5/3 462/371/3
f 460/5/3 465/5/3 466/372/3
f 465/5/4 463/5/4 466/373/4
f 463/5/4 465/5/4 464/374/4
f 463/5/5 460/5/5 466/375/5
f 460/5/5 463/5/5 459/376/5
f 461/2/6 465/3/6 462/11/6
f 465/3/6 461/2/6 464/1/6

usemtl color6

f 444/3/1 467/2/1 443/1/1
f 467/3/1 444/2/1 468/1/1
f 469/3/2 444/2/2 443/1/2
f 444/3/2 469/2/2 470/1/2
f 471/5/3 467/5/3 468/377/3
f 467/5/3 471/5/3 472/378/3
f 471/5/4 469/5/4 472/379/4
f 469/5/4 471/5/4 470/380/4
f 469/5/5 467/5/5 472/381/5
f 467/5/5 469/5/5 443/5/5
f 444/2/6 471/3/6 468/11/6
f 471/3/6 444/2/6 470/1/6
f 475/3/1 474/2/1 473/1/1
f 474/3/1 475/2/1 476/1/1
f 477/3/2 475/2/2 473/1/2
f 475/3/2 477/2/2 478/1/2
f 173/5/3 474/5/3 476/382/3
f 474/5/3 173/5/3 171/383/3
f 173/5/4 477/5/4 171/384/4
f 477/5/4 173/5/4 478/385/4
f 477/5/5 474/5/5 171/145/5
f 474/5/5 477/5/5 473/386/5
f 475/2/6 173/3/6 476/11/6
f 173/3/6 475/2/6 478/1/6
f 480/3/1 175/2/1 479/1/1
f 175/3/1 480/2/1 176/1/1
f 481/3/2 480/2/2 479/1/2
f 480/3/2 481/2/2 482/1/2
f 483/5/3 175/5/3 176/387/3
f 175/5/3 483/5/3 484/388/3
f 483/5/4 481/5/4 484/389/4
f 481/5/4 483/5/4 482/390/4
f 481/5/5 175/5/5 484/391/5
f 175/5/5 481/5/5 479/392/5
f 480/2/6 483/3/6 176/11/6
f 483/3/6 480/2/6 482/1/6
f 487/3/1 486/2/1 485/1/1
f 486/3/1 487/2/1 488/1/1
f 10/3/2 487/2/2 485/1/2
f 487/3/2 10/2/2 12/1/2
f 489/5/3 486/5/3 488/393/3
f 486/5/3 489/5/3 490/394/3
f 489/5/4 10/5/4 490/395/4
f 10/5/4 489/5/4 12/396/4
f 10/5/5 486/5/5 490/397/5
f 486/5/5 10/5/5 485/398/5
f 487/2/6 489/3/6 488/11/6
f 489/3/6 487/2/6 12/1/6
f 493/3/1 492/2/1 491/1/1
f 492/3/1 493/2/1 494/1/1
f 495/3/2 493/2/2 491/1/2
f 493/3/2 495/2/2 496/1/2
f 497/5/3 492/5/3 494/399/3
f 492/5/3 497/5/3 498/400/3
f 497/5/4 495/5/4 498/401/4
f 495/5/4 497/5/4 496/402/4
f 495/5/5 492/5/5 498/403/5
f 492/5/5 495/5/5 491/404/5
f 493/2/6 497/3/6 494/11/6
f 497/3/6 493/2/6 496/1/6
f 501/3/1 500/2/1 499/1/1
f 500/3/1 501/2/1 502/1/1
f 503/3/2 501/2/2 499/1/2
f 501/3/2 503/2/2 504/1/2
f 505/5/3 500/5/3 502/405/3
f 500/5/3 505/5/3 506/406/3
f 505/5/4 503/5/4 506/407/4
f 503/5/4 505/5/4 504/408/4
f 503/5/5 500/5/5 506/409/5
f 500/5/5 503/5/5 499/410/5
f 501/2/6 505/3/6 502/11/6
f 505/3/6 501/2/6 504/1/6
f 509/3/1 508/2/1 507/1/1
f 508/3/1 509/2/1 510/1/1
f 511/3/2 509/2/2 507/1/2
f 509/3/2 511/2/2 512/1/2
f 513/5/3 508/5/3 510/411/3
f 508/5/3 513/5/3 514/412/3
f 513/5/4 511/5/4 514/413/4
f 511/5/4 513/5/4 512/414/4
f 511/5/5 508/5/5 514/415/5
f 508/5/5 511/5/5 507/416/5
f 509/2/6 513/3/6 510/11/6
f 513/3/6 509/2/6 512/1/6
f 497/3/1 515/2/1 498/1/1
f 515/3/1 497/2/1 516/1/1
f 517/3/2 497/2/2 498/1/2
f 497/3/2 517/2/2 518/1/2
f 519/5/3 515/5/3 516/417/3
f 515/5/3 519/5/3 520/418/3
f 519/5/4 517/5/4 520/419/4
f 517/5/4 519/5/4 518/420/4
f 517/5/5 515/5/5 520/421/5
f 515/5/5 517/5/5 498/403/5
f 497/2/6 519/3/6 516/11/6
f 519/3/6 497/2/6 518/1/6
f 234/3/1 236/2/1 233/1/1
f 236/3/1 234/2/1 235/1/1
f 500/3/2 234/2/2 233/1/2
f 234/3/2 500/2/2 502/1/2
f 521/5/3 236/188/3 235/5/3
f 236/188/3 521/5/3 522/422/3
f 521/5/4 500/5/4 522/423/4
f 500/5/4 521/5/4 502/424/4
f 500/5/5 236/191/5 522/425/5
f 236/191/5 500/5/5 233/5/5
f 234/2/6 521/3/6 235/11/6
f 521/3/6 234/2/6 502/1/6
f 525/3/1 524/2/1 523/1/1
f 524/3/1 525/2/1 526/1/1
f 527/3/2 525/2/2 523/1/2
f 525/3/2 527/2/2 528/1/2
f 529/5/3 524/5/3 526/426/3
f 524/5/3 529/5/3 530/427/3
f 529/5/4 527/5/4 530/428/4
f 527/5/4 529/5/4 528/429/4
f 527/5/5 524/5/5 530/430/5
f 524/5/5 527/5/5 523/431/5
f 525/2/6 529/3/6 526/11/6
f 529/3/6 525/2/6 528/1/6
f 519/3/1 531/2/1 520/1/1
f 531/3/1 519/2/1 532/1/1
f 533/3/2 519/2/2 520/1/2
f 519/3/2 533/2/2 534/1/2
f 535/5/3 531/5/3 532/432/3
f 531/5/3 535/5/3 536/433/3
f 535/5/4 533/5/4 536/434/4
f 533/5/4 535/5/4 534/435/4
f 533/5/5 531/5/5 536/436/5
f 531/5/5 533/5/5 520/421/5
f 519/2/6 535/3/6 532/11/6
f 535/3/6 519/2/6 534/1/6
f 521/3/1 537/2/1 522/1/1
f 537/3/1 521/2/1 538/1/1
f 539/3/2 521/2/2 522/1/2
f 521/3/2 539/2/2 540/1/2
f 541/5/3 537/5/3 538/437/3
f 537/5/3 541/5/3 542/438/3
f 541/5/4 539/5/4 542/439/4
f 539/5/4 541/5/4 540/440/4
f 539/5/5 537/5/5 542/441/5
f 537/5/5 539/5/5 522/425/5
f 521/2/6 541/3/6 538/11/6
f 541/3/6 521/2/6 540/1/6
f 544/3/1 275/2/1 543/1/1
f 275/3/1 544/2/1 277/1/1
f 524/3/2 544/2/2 543/1/2
f 544/3/2 524/2/2 526/1/2
f 545/5/3 275/5/3 277/442/3
f 275/5/3 545/5/3 546/443/3
f 545/5/4 524/5/4 546/444/4
f 524/5/4 545/5/4 526/445/4
f 524/5/5 275/230/5 546/446/5
f 275/230/5 524/5/5 543/447/5
f 544/2/6 545/3/6 277/11/6
f 545/3/6 544/2/6 526/1/6
f 238/3/1 126/2/1 237/1/1
f 126/3/1 238/2/1 125/1/1
f 242/3/2 238/2/2 237/1/2
f 238/3/2 242/2/2 241/1/2
f 547/5/3 126/97/3 125/5/3
f 126/97/3 547/5/3 548/448/3
f 547/5/4 242/194/4 548/449/4
f 242/194/4 547/5/4 241/5/4
f 242/196/5 126/100/5 548/450/5
f 126/100/5 242/196/5 237/5/5
f 238/2/6 547/3/6 125/11/6
f 547/3/6 238/2/6 241/1/6
f 280/3/1 282/2/1 279/1/1
f 282/3/1 280/2/1 281/1/1
f 549/3/2 280/2/2 279/1/2
f 280/3/2 549/2/2 550/1/2
f 551/5/3 282/226/3 281/5/3
f 282/226/3 551/5/3 552/451/3
f 551/5/4 549/5/4 552/452/4
f 549/5/4 551/5/4 550/453/4
f 549/5/5 282/229/5 552/454/5
f 282/229/5 549/5/5 279/5/5
f 280/2/6 551/3/6 281/11/6
f 551/3/6 280/2/6 550/1/6
f 555/3/1 554/2/1 553/1/1
f 554/3/1 555/2/1 556/1/1
f 557/3/2 555/2/2 553/1/2
f 555/3/2 557/2/2 558/1/2
f 559/5/3 554/5/3 556/455/3
f 554/5/3 559/5/3 560/456/3
f 559/5/4 557/5/4 560/457/4
f 557/5/4 559/5/4 558/458/4
f 557/5/5 554/5/5 560/459/5
f 554/5/5 557/5/5 553/460/5
f 555/2/6 559/3/6 556/11/6
f 559/3/6 555/2/6 558/1/6
f 273/3/1 561/2/1 274/1/1
f 561/3/1 273/2/1 562/1/1
f 563/3/2 273/2/2 274/1/2
f 273/3/2 563/2/2 564/1/2
f 565/5/3 561/5/3 562/461/3
f 561/5/3 565/5/3 566/462/3
f 565/5/4 563/5/4 566/463/4
f 563/5/4 565/5/4 564/464/4
f 563/5/5 561/5/5 566/465/5
f 561/5/5 563/5/5 274/223/5
f 273/2/6 565/3/6 562/11/6
f 565/3/6 273/2/6 564/1/6
f 569/3/1 568/2/1 567/1/1
f 568/3/1 569/2/1 570/1/1
f 571/3/2 569/2/2 567/1/2
f 569/3/2 571/2/2 572/1/2
f 573/5/3 568/5/3 570/466/3
f 568/5/3 573/5/3 574/467/3
f 573/5/4 571/5/4 574/468/4
f 571/5/4 573/5/4 572/469/4
f 571/5/5 568/5/5 574/470/5
f 568/5/5 571/5/5 567/471/5
f 569/2/6 573/3/6 570/11/6
f 573/3/6 569/2/6 572/1/6
f 382/3/1 384/2/1 381/1/1
f 384/3/1 382/2/1 383/1/1
f 575/3/2 382/2/2 381/1/2
f 382/3/2 575/2/2 576/1/2
f 577/5/3 384/303/3 383/5/3
f 384/303/3 577/5/3 578/472/3
f 577/5/4 575/5/4 578/473/4
f 575/5/4 577/5/4 576/474/4
f 575/5/5 384/306/5 578/475/5
f 384/306/5 575/5/5 381/5/5
f 382/2/6 577/3/6 383/11/6
f 577/3/6 382/2/6 576/1/6
f 396/3/1 398/2/1 395/1/1
f 398/3/1 396/2/1 397/1/1
f 330/3/2 396/2/2 395/1/2
f 396/3/2 330/2/2 332/1/2
f 579/5/3 398/314/3 397/5/3
f 398/314/3 579/5/3 580/476/3
f 579/5/4 330/5/4 580/477/4
f 330/5/4 579/5/4 332/478/4
f 330/5/5 398/317/5 580/479/5
f 398/317/5 330/5/5 395/5/5
f 396/2/6 579/3/6 397/11/6
f 579/3/6 396/2/6 332/1/6
f 583/3/1 582/2/1 581/1/1
f 582/3/1 583/2/1 584/1/1
f 399/3/2 583/2/2 581/1/2
f 583/3/2 399/2/2 401/1/2
f 402/319/3 582/5/3 584/480/3
f 582/5/3 402/319/3 400/5/3
f 402/5/4 399/5/4 400/481/4
f 399/5/4 402/5/4 401/482/4
f 399/324/5 582/5/5 400/5/5
f 582/5/5 399/324/5 581/483/5
f 583/2/6 402/3/6 584/11/6
f 402/3/6 583/2/6 401/1/6
f 587/3/1 586/2/1 585/1/1
f 586/3/1 587/2/1 588/1/1
f 346/3/2 587/2/2 585/1/2
f 587/3/2 346/2/2 348/1/2
f 589/5/3 586/5/3 588/484/3
f 586/5/3 589/5/3 590/485/3
f 589/5/4 346/5/4 590/486/4
f 346/5/4 589/5/4 348/487/4
f 346/5/5 586/5/5 590/488/5
f 586/5/5 346/5/5 585/489/5
f 587/2/6 589/3/6 588/11/6
f 589/3/6 587/2/6 348/1/6
f 593/3/1 592/2/1 591/1/1
f 592/3/1 593/2/1 594/1/1
f 407/3/2 593/2/2 591/1/2
f 593/3/2 407/2/2 409/1/2
f 410/325/3 592/5/3 594/490/3
f 592/5/3 410/325/3 408/5/3
f 410/5/4 407/5/4 408/491/4
f 407/5/4 410/5/4 409/492/4
f 407/330/5 592/5/5 408/5/5
f 592/5/5 407/330/5 591/493/5
f 593/2/6 410/3/6 594/11/6
f 410/3/6 593/2/6 409/1/6
f 597/3/1 596/2/1 595/1/1
f 596/3/1 597/2/1 598/1/1
f 421/3/2 597/2/2 595/1/2
f 597/3/2 421/2/2 423/1/2
f 424/337/3 596/5/3 598/494/3
f 596/5/3 424/337/3 422/5/3
f 424/5/4 421/5/4 422/495/4
f 421/5/4 424/5/4 423/496/4
f 421/342/5 596/5/5 422/5/5
f 596/5/5 421/342/5 595/497/5
f 597/2/6 424/3/6 598/11/6
f 424/3/6 597/2/6 423/1/6
f 601/3/1 600/2/1 599/1/1
f 600/3/1 601/2/1 602/1/1
f 603/3/2 601/2/2 599/1/2
f 601/3/2 603/2/2 604/1/2
f 605/5/3 600/5/3 602/498/3
f 600/5/3 605/5/3 606/499/3
f 605/5/4 603/5/4 606/500/4
f 603/5/4 605/5/4 604/501/4
f 603/5/5 600/5/5 606/502/5
f 600/5/5 603/5/5 599/503/5
f 601/2/6 605/3/6 602/11/6
f 605/3/6 601/2/6 604/1/6

usemtl color4

f 161/3/1 607/2/1 162/1/1
f 607/3/1 161/2/1 608/1/1
f 609/3/2 161/2/2 162/1/2
f 161/3/2 609/2/2 610/1/2
f 611/5/3 607/5/3 608/504/3
f 607/5/3 611/5/3 612/505/3
f 611/5/4 609/5/4 612/506/4
f 609/5/4 611/5/4 610/507/4
f 609/5/5 607/5/5 612/508/5
f 607/5/5 609/5/5 162/133/5
f 161/2/6 611/3/6 608/11/6
f 611/3/6 161/2/6 610/1/6
f 42/3/1 613/2/1 40/1/1
f 613/3/1 42/2/1 614/1/1
f 46/3/2 42/2/2 40/1/2
f 42/3/2 46/2/2 45/1/2
f 615/5/3 613/5/3 614/509/3
f 613/5/3 615/5/3 616/510/3
f 615/5/4 46/38/4 616/511/4
f 46/38/4 615/5/4 45/5/4
f 46/40/5 613/5/5 616/512/5
f 613/5/5 46/40/5 40/5/5
f 42/2/6 615/3/6 614/11/6
f 615/3/6 42/2/6 45/1/6
f 50/3/1 617/2/1 48/1/1
f 617/3/1 50/2/1 618/1/1
f 54/3/2 50/2/2 48/1/2
f 50/3/2 54/2/2 53/1/2
f 619/5/3 617/5/3 618/513/3
f 617/5/3 619/5/3 620/514/3
f 619/5/4 54/44/4 620/515/4
f 54/44/4 619/5/4 53/5/4
f 54/46/5 617/5/5 620/516/5
f 617/5/5 54/46/5 48/5/5
f 50/2/6 619/3/6 618/11/6
f 619/3/6 50/2/6 53/1/6
f 623/3/1 622/2/1 621/1/1
f 622/3/1 623/2/1 624/1/1
f 625/3/2 623/2/2 621/1/2
f 623/3/2 625/2/2 626/1/2
f 627/5/3 622/5/3 624/517/3
f 622/5/3 627/5/3 628/518/3
f 627/5/4 625/5/4 628/519/4
f 625/5/4 627/5/4 626/520/4
f 625/5/5 622/5/5 628/521/5
f 622/5/5 625/5/5 621/522/5
f 623/2/6 627/3/6 624/11/6
f 627/3/6 623/2/6 626/1/6
f 60/3/1 62/2/1 59/1/1
f 62/3/1 60/2/1 61/1/1
f 63/3/2 60/2/2 59/1/2
f 60/3/2 63/2/2 65/1/2
f 66/54/3 62/49/3 61/5/3
f 62/49/3 66/54/3 64/5/3
f 66/5/4 63/5/4 64/523/4
f 63/5/4 66/5/4 65/524/4
f 63/59/5 62/52/5 64/5/5
f 62/52/5 63/59/5 59/5/5
f 60/2/6 66/3/6 61/11/6
f 66/3/6 60/2/6 65/1/6
f 630/3/1 255/2/1 629/1/1
f 255/3/1 630/2/1 257/1/1
f 631/3/2 630/2/2 629/1/2
f 630/3/2 631/2/2 632/1/2
f 246/197/3 255/5/3 257/525/3
f 255/5/3 246/197/3 244/5/3
f 246/211/4 631/5/4 244/5/4
f 631/5/4 246/211/4 632/526/4
f 631/5/5 255/213/5 244/5/5
f 255/213/5 631/5/5 629/527/5
f 630/2/6 246/3/6 257/11/6
f 246/3/6 630/2/6 632/1/6
f 632/3/1 633/2/1 631/1/1
f 633/3/1 632/2/1 634/1/1
f 203/3/2 632/2/2 631/1/2
f 632/3/2 203/2/2 205/1/2
f 206/164/3 633/5/3 634/528/3
f 633/5/3 206/164/3 204/5/3
f 206/179/4 203/5/4 204/5/4
f 203/5/4 206/179/4 205/529/4
f 203/169/5 633/5/5 204/5/5
f 633/5/5 203/169/5 631/5/5
f 632/2/6 206/3/6 634/11/6
f 206/3/6 632/2/6 205/1/6
f 208/3/1 210/2/1 207/1/1
f 210/3/1 208/2/1 209/1/1
f 635/3/2 208/2/2 207/1/2
f 208/3/2 635/2/2 636/1/2
f 228/5/3 210/165/3 209/5/3
f 210/165/3 228/5/3 227/530/3
f 228/185/4 635/5/4 227/5/4
f 635/5/4 228/185/4 636/531/4
f 635/5/5 210/168/5 227/5/5
f 210/168/5 635/5/5 207/5/5
f 208/2/6 228/3/6 209/11/6
f 228/3/6 208/2/6 636/1/6
f 639/3/1 638/2/1 637/1/1
f 638/3/1 639/2/1 640/1/1
f 641/3/2 639/2/2 637/1/2
f 639/3/2 641/2/2 642/1/2
f 643/5/3 638/5/3 640/532/3
f 638/5/3 643/5/3 644/533/3
f 643/5/4 641/5/4 644/534/4
f 641/5/4 643/5/4 642/535/4
f 641/5/5 638/5/5 644/536/5
f 638/5/5 641/5/5 637/537/5
f 639/2/6 643/3/6 640/11/6
f 643/3/6 639/2/6 642/1/6
f 647/3/1 646/2/1 645/1/1
f 646/3/1 647/2/1 648/1/1
f 79/3/2 647/2/2 645/1/2
f 647/3/2 79/2/2 81/1/2
f 82/66/3 646/5/3 648/538/3
f 646/5/3 82/66/3 80/5/3
f 82/5/4 79/5/4 80/539/4
f 79/5/4 82/5/4 81/540/4
f 79/71/5 646/5/5 80/5/5
f 646/5/5 79/71/5 645/541/5
f 647/2/6 82/3/6 648/11/6
f 82/3/6 647/2/6 81/1/6
f 84/3/1 86/2/1 83/1/1
f 86/3/1 84/2/1 85/1/1
f 87/3/2 84/2/2 83/1/2
f 84/3/2 87/2/2 89/1/2
f 90/72/3 86/67/3 85/5/3
f 86/67/3 90/72/3 88/5/3
f 90/5/4 87/5/4 88/542/4
f 87/5/4 90/5/4 89/543/4
f 87/77/5 86/70/5 88/5/5
f 86/70/5 87/77/5 83/5/5
f 84/2/6 90/3/6 85/11/6
f 90/3/6 84/2/6 89/1/6
f 651/3/1 650/2/1 649/1/1
f 650/3/1 651/2/1 652/1/1
f 653/3/2 651/2/2 649/1/2
f 651/3/2 653/2/2 654/1/2
f 655/5/3 650/5/3 652/544/3
f 650/5/3 655/5/3 656/545/3
f 655/5/4 653/5/4 656/546/4
f 653/5/4 655/5/4 654/547/4
f 653/5/5 650/5/5 656/548/5
f 650/5/5 653/5/5 649/549/5
f 651/2/6 655/3/6 652/11/6
f 655/3/6 651/2/6 654/1/6
f 659/3/1 658/2/1 657/1/1
f 658/3/1 659/2/1 660/1/1
f 661/3/2 659/2/2 657/1/2
f 659/3/2 661/2/2 662/1/2
f 663/5/3 658/5/3 660/550/3
f 658/5/3 663/5/3 664/551/3
f 663/5/4 661/5/4 664/552/4
f 661/5/4 663/5/4 662/553/4
f 661/5/5 658/5/5 664/554/5
f 658/5/5 661/5/5 657/555/5
f 659/2/6 663/3/6 660/11/6
f 663/3/6 659/2/6 662/1/6
f 667/3/1 666/2/1 665/1/1
f 666/3/1 667/2/1 668/1/1
f 669/3/2 667/2/2 665/1/2
f 667/3/2 669/2/2 670/1/2
f 671/5/3 666/5/3 668/556/3
f 666/5/3 671/5/3 672/557/3
f 671/5/4 669/5/4 672/558/4
f 669/5/4 671/5/4 670/559/4
f 669/5/5 666/5/5 672/560/5
f 666/5/5 669/5/5 665/561/5
f 667/2/6 671/3/6 668/11/6
f 671/3/6 667/2/6 670/1/6
f 675/3/1 674/2/1 673/1/1
f 674/3/1 675/2/1 676/1/1
f 677/3/2 675/2/2 673/1/2
f 675/3/2 677/2/2 678/1/2
f 257/525/3 674/5/3 676/562/3
f 674/5/3 257/525/3 255/5/3
f 257/5/4 677/5/4 255/563/4
f 677/5/4 257/5/4 678/564/4
f 677/5/5 674/5/5 255/213/5
f 674/5/5 677/5/5 673/565/5
f 675/2/6 257/3/6 676/11/6
f 257/3/6 675/2/6 678/1/6
f 634/3/1 243/2/1 633/1/1
f 243/3/1 634/2/1 245/1/1
f 219/3/2 634/2/2 633/1/2
f 634/3/2 219/2/2 221/1/2
f 222/176/3 243/5/3 245/566/3
f 243/5/3 222/176/3 220/5/3
f 222/200/4 219/5/4 220/5/4
f 219/5/4 222/200/4 221/567/4
f 219/181/5 243/202/5 220/5/5
f 243/202/5 219/181/5 633/5/5
f 634/2/6 222/3/6 245/11/6
f 222/3/6 634/2/6 221/1/6
f 228/3/1 230/2/1 227/1/1
f 230/3/1 228/2/1 229/1/1
f 638/3/2 228/2/2 227/1/2
f 228/3/2 638/2/2 640/1/2
f 679/5/3 230/183/3 229/5/3
f 230/183/3 679/5/3 680/568/3
f 679/5/4 638/5/4 680/569/4
f 638/5/4 679/5/4 640/570/4
f 638/5/5 230/186/5 680/571/5
f 230/186/5 638/5/5 227/5/5
f 228/2/6 679/3/6 229/11/6
f 679/3/6 228/2/6 640/1/6
f 108/3/1 110/2/1 107/1/1
f 110/3/1 108/2/1 109/1/1
f 681/3/2 108/2/2 107/1/2
f 108/3/2 681/2/2 682/1/2
f 138/5/3 110/85/3 109/5/3
f 110/85/3 138/5/3 137/572/3
f 138/111/4 681/5/4 137/5/4
f 681/5/4 138/111/4 682/573/4
f 681/5/5 110/88/5 137/5/5
f 110/88/5 681/5/5 107/5/5
f 108/2/6 138/3/6 109/11/6
f 138/3/6 108/2/6 682/1/6
f 685/3/1 684/2/1 683/1/1
f 684/3/1 685/2/1 686/1/1
f 687/3/2 685/2/2 683/1/2
f 685/3/2 687/2/2 688/1/2
f 689/5/3 684/5/3 686/574/3
f 684/5/3 689/5/3 690/575/3
f 689/5/4 687/5/4 690/576/4
f 687/5/4 689/5/4 688/577/4
f 687/5/5 684/5/5 690/578/5
f 684/5/5 687/5/5 683/579/5
f 685/2/6 689/3/6 686/11/6
f 689/3/6 685/2/6 688/1/6
f 693/3/1 692/2/1 691/1/1
f 692/3/1 693/2/1 694/1/1
f 695/3/2 693/2/2 691/1/2
f 693/3/2 695/2/2 696/1/2
f 144/113/3 692/5/3 694/580/3
f 692/5/3 144/113/3 142/5/3
f 144/122/4 695/5/4 142/5/4
f 695/5/4 144/122/4 696/581/4
f 695/5/5 692/5/5 142/5/5
f 692/5/5 695/5/5 691/582/5
f 693/2/6 144/3/6 694/11/6
f 144/3/6 693/2/6 696/1/6
f 93/3/1 697/2/1 94/1/1
f 697/3/1 93/2/1 698/1/1
f 699/3/2 93/2/2 94/1/2
f 93/3/2 699/2/2 700/1/2
f 701/5/3 697/5/3 698/583/3
f 697/5/3 701/5/3 702/584/3
f 701/5/4 699/5/4 702/585/4
f 699/5/4 701/5/4 700/586/4
f 699/5/5 697/5/5 702/587/5
f 697/5/5 699/5/5 94/76/5
f 93/2/6 701/3/6 698/11/6
f 701/3/6 93/2/6 700/1/6
f 705/3/1 704/2/1 703/1/1
f 704/3/1 705/2/1 706/1/1
f 707/3/2 705/2/2 703/1/2
f 705/3/2 707/2/2 708/1/2
f 709/5/3 704/5/3 706/588/3
f 704/5/3 709/5/3 710/589/3
f 709/5/4 707/5/4 710/590/4
f 707/5/4 709/5/4 708/591/4
f 707/5/5 704/5/5 710/592/5
f 704/5/5 707/5/5 703/593/5
f 705/2/6 709/3/6 706/11/6
f 709/3/6 705/2/6 708/1/6
f 713/3/1 712/2/1 711/1/1
f 712/3/1 713/2/1 714/1/1
f 715/3/2 713/2/2 711/1/2
f 713/3/2 715/2/2 716/1/2
f 717/5/3 712/5/3 714/594/3
f 712/5/3 717/5/3 718/595/3
f 717/5/4 715/5/4 718/596/4
f 715/5/4 717/5/4 716/597/4
f 715/5/5 712/5/5 718/598/5
f 712/5/5 715/5/5 711/599/5
f 713/2/6 717/3/6 714/11/6
f 717/3/6 713/2/6 716/1/6
f 721/3/1 720/2/1 719/1/1
f 720/3/1 721/2/1 722/1/1
f 723/3/2 721/2/2 719/1/2
f 721/3/2 723/2/2 724/1/2
f 725/5/3 720/5/3 722/600/3
f 720/5/3 725/5/3 726/601/3
f 725/5/4 723/5/4 726/602/4
f 723/5/4 725/5/4 724/603/4
f 723/5/5 720/5/5 726/604/5
f 720/5/5 723/5/5 719/605/5
f 721/2/6 725/3/6 722/11/6
f 725/3/6 721/2/6 724/1/6
f 729/3/1 728/2/1 727/1/1
f 728/3/1 729/2/1 730/1/1
f 119/3/2 729/2/2 727/1/2
f 729/3/2 119/2/2 121/1/2
f 122/96/3 728/5/3 730/606/3
f 728/5/3 122/96/3 120/5/3
f 122/5/4 119/5/4 120/607/4
f 119/5/4 122/5/4 121/608/4
f 119/101/5 728/5/5 120/5/5
f 728/5/5 119/101/5 727/609/5
f 729/2/6 122/3/6 730/11/6
f 122/3/6 729/2/6 121/1/6
f 138/3/1 140/2/1 137/1/1
f 140/3/1 138/2/1 139/1/1
f 731/3/2 138/2/2 137/1/2
f 138/3/2 731/2/2 732/1/2
f 686/574/3 140/109/3 139/5/3
f 140/109/3 686/574/3 684/5/3
f 686/5/4 731/5/4 684/610/4
f 731/5/4 686/5/4 732/611/4
f 731/5/5 140/112/5 684/5/5
f 140/112/5 731/5/5 137/5/5
f 138/2/6 686/3/6 139/11/6
f 686/3/6 138/2/6 732/1/6
f 734/3/1 690/2/1 733/1/1
f 690/3/1 734/2/1 689/1/1
f 735/3/2 734/2/2 733/1/2
f 734/3/2 735/2/2 736/1/2
f 694/580/3 690/575/3 689/5/3
f 690/575/3 694/580/3 692/5/3
f 694/5/4 735/5/4 692/612/4
f 735/5/4 694/5/4 736/613/4
f 735/5/5 690/578/5 692/5/5
f 690/578/5 735/5/5 733/614/5
f 734/2/6 694/3/6 689/11/6
f 694/3/6 734/2/6 736/1/6
f 739/3/1 738/2/1 737/1/1
f 738/3/1 739/2/1 740/1/1
f 741/3/2 739/2/2 737/1/2
f 739/3/2 741/2/2 742/1/2
f 698/583/3 738/5/3 740/615/3
f 738/5/3 698/583/3 697/5/3
f 698/5/4 741/5/4 697/616/4
f 741/5/4 698/5/4 742/617/4
f 741/5/5 738/5/5 697/5/5
f 738/5/5 741/5/5 737/618/5
f 739/2/6 698/3/6 740/11/6
f 698/3/6 739/2/6 742/1/6
f 744/3/1 702/2/1 743/1/1
f 702/3/1 744/2/1 701/1/1
f 745/3/2 744/2/2 743/1/2
f 744/3/2 745/2/2 746/1/2
f 706/588/3 702/584/3 701/5/3
f 702/584/3 706/588/3 704/5/3
f 706/5/4 745/5/4 704/619/4
f 745/5/4 706/5/4 746/620/4
f 745/5/5 702/587/5 704/5/5
f 702/587/5 745/5/5 743/621/5
f 744/2/6 706/3/6 701/11/6
f 706/3/6 744/2/6 746/1/6
f 748/3/1 710/2/1 747/1/1
f 710/3/1 748/2/1 709/1/1
f 749/3/2 748/2/2 747/1/2
f 748/3/2 749/2/2 750/1/2
f 714/594/3 710/589/3 709/5/3
f 710/589/3 714/594/3 712/5/3
f 714/5/4 749/5/4 712/622/4
f 749/5/4 714/5/4 750/623/4
f 749/5/5 710/592/5 712/5/5
f 710/592/5 749/5/5 747/624/5
f 748/2/6 714/3/6 709/11/6
f 714/3/6 748/2/6 750/1/6
f 753/3/1 752/2/1 751/1/1
f 752/3/1 753/2/1 754/1/1
f 755/3/2 753/2/2 751/1/2
f 753/3/2 755/2/2 756/1/2
f 757/5/3 752/5/3 754/625/3
f 752/5/3 757/5/3 758/626/3
f 757/5/4 755/5/4 758/627/4
f 755/5/4 757/5/4 756/628/4
f 755/5/5 752/5/5 758/629/5
f 752/5/5 755/5/5 751/630/5
f 753/2/6 757/3/6 754/11/6
f 757/3/6 753/2/6 756/1/6
f 761/3/1 760/2/1 759/1/1
f 760/3/1 761/2/1 762/1/1
f 763/3/2 761/2/2 759/1/2
f 761/3/2 763/2/2 764/1/2
f 765/5/3 760/5/3 762/631/3
f 760/5/3 765/5/3 766/632/3
f 765/5/4 763/5/4 766/633/4
f 763/5/4 765/5/4 764/634/4
f 763/5/5 760/5/5 766/635/5
f 760/5/5 763/5/5 759/636/5
f 761/2/6 765/3/6 762/11/6
f 765/3/6 761/2/6 764/1/6
f 288/3/1 290/2/1 287/1/1
f 290/3/1 288/2/1 289/1/1
f 291/3/2 288/2/2 287/1/2
f 288/3/2 291/2/2 293/1/2
f 294/237/3 290/232/3 289/5/3
f 290/232/3 294/237/3 292/5/3
f 294/5/4 291/5/4 292/637/4
f 291/5/4 294/5/4 293/638/4
f 291/242/5 290/235/5 292/5/5
f 290/235/5 291/242/5 287/5/5
f 288/2/6 294/3/6 289/11/6
f 294/3/6 288/2/6 293/1/6
f 296/3/1 298/2/1 295/1/1
f 298/3/1 296/2/1 297/1/1
f 299/3/2 296/2/2 295/1/2
f 296/3/2 299/2/2 301/1/2
f 302/243/3 298/238/3 297/5/3
f 298/238/3 302/243/3 300/5/3
f 302/5/4 299/5/4 300/639/4
f 299/5/4 302/5/4 301/640/4
f 299/248/5 298/241/5 300/5/5
f 298/241/5 299/248/5 295/5/5
f 296/2/6 302/3/6 297/11/6
f 302/3/6 296/2/6 301/1/6
f 769/3/1 768/2/1 767/1/1
f 768/3/1 769/2/1 770/1/1
f 752/3/2 769/2/2 767/1/2
f 769/3/2 752/2/2 754/1/2
f 771/5/3 768/5/3 770/641/3
f 768/5/3 771/5/3 772/642/3
f 771/5/4 752/5/4 772/643/4
f 752/5/4 771/5/4 754/644/4
f 752/5/5 768/5/5 772/645/5
f 768/5/5 752/5/5 767/646/5
f 769/2/6 771/3/6 770/11/6
f 771/3/6 769/2/6 754/1/6
f 558/3/1 560/2/1 557/1/1
f 560/3/1 558/2/1 559/1/1
f 773/3/2 558/2/2 557/1/2
f 558/3/2 773/2/2 774/1/2
f 775/5/3 560/456/3 559/5/3
f 560/456/3 775/5/3 776/647/3
f 775/5/4 773/5/4 776/648/4
f 773/5/4 775/5/4 774/649/4
f 773/5/5 560/459/5 776/650/5
f 560/459/5 773/5/5 557/5/5
f 558/2/6 775/3/6 559/11/6
f 775/3/6 558/2/6 774/1/6
f 779/3/1 778/2/1 777/1/1
f 778/3/1 779/2/1 780/1/1
f 781/3/2 779/2/2 777/1/2
f 779/3/2 781/2/2 782/1/2
f 783/5/3 778/5/3 780/651/3
f 778/5/3 783/5/3 784/652/3
f 783/5/4 781/5/4 784/653/4
f 781/5/4 783/5/4 782/654/4
f 781/5/5 778/5/5 784/655/5
f 778/5/5 781/5/5 777/656/5
f 779/2/6 783/3/6 780/11/6
f 783/3/6 779/2/6 782/1/6
f 787/3/1 786/2/1 785/1/1
f 786/3/1 787/2/1 788/1/1
f 789/3/2 787/2/2 785/1/2
f 787/3/2 789/2/2 790/1/2
f 791/5/3 786/5/3 788/657/3
f 786/5/3 791/5/3 792/658/3
f 791/5/4 789/5/4 792/659/4
f 789/5/4 791/5/4 790/660/4
f 789/5/5 786/5/5 792/661/5
f 786/5/5 789/5/5 785/662/5
f 787/2/6 791/3/6 788/11/6
f 791/3/6 787/2/6 790/1/6
f 326/3/1 328/2/1 325/1/1
f 328/3/1 326/2/1 327/1/1
f 793/3/2 326/2/2 325/1/2
f 326/3/2 793/2/2 794/1/2
f 388/5/3 328/261/3 327/5/3
f 328/261/3 388/5/3 387/663/3
f 388/311/4 793/5/4 387/5/4
f 793/5/4 388/311/4 794/664/4
f 793/5/5 328/264/5 387/5/5
f 328/264/5 793/5/5 325/5/5
f 326/2/6 388/3/6 327/11/6
f 388/3/6 326/2/6 794/1/6
f 796/3/1 391/2/1 795/1/1
f 391/3/1 796/2/1 393/1/1
f 329/3/2 796/2/2 795/1/2
f 796/3/2 329/2/2 331/1/2
f 332/266/3 391/5/3 393/665/3
f 391/5/3 332/266/3 330/5/3
f 332/478/4 329/5/4 330/5/4
f 329/5/4 332/478/4 331/666/4
f 329/271/5 391/318/5 330/5/5
f 391/318/5 329/271/5 795/667/5
f 796/2/6 332/3/6 393/11/6
f 332/3/6 796/2/6 331/1/6
f 342/3/1 344/2/1 341/1/1
f 344/3/1 342/2/1 343/1/1
f 797/3/2 342/2/2 341/1/2
f 342/3/2 797/2/2 798/1/2
f 799/5/3 344/273/3 343/5/3
f 344/273/3 799/5/3 800/668/3
f 799/5/4 797/5/4 800/669/4
f 797/5/4 799/5/4 798/670/4
f 797/5/5 344/276/5 800/671/5
f 344/276/5 797/5/5 341/5/5
f 342/2/6 799/3/6 343/11/6
f 799/3/6 342/2/6 798/1/6
f 803/3/1 802/2/1 801/1/1
f 802/3/1 803/2/1 804/1/1
f 805/3/2 803/2/2 801/1/2
f 803/3/2 805/2/2 806/1/2
f 807/5/3 802/5/3 804/672/3
f 802/5/3 807/5/3 808/673/3
f 807/5/4 805/5/4 808/674/4
f 805/5/4 807/5/4 806/675/4
f 805/5/5 802/5/5 808/676/5
f 802/5/5 805/5/5 801/677/5
f 803/2/6 807/3/6 804/11/6
f 807/3/6 803/2/6 806/1/6
f 811/3/1 810/2/1 809/1/1
f 810/3/1 811/2/1 812/1/1
f 813/3/2 811/2/2 809/1/2
f 811/3/2 813/2/2 814/1/2
f 815/5/3 810/5/3 812/678/3
f 810/5/3 815/5/3 816/679/3
f 815/5/4 813/5/4 816/680/4
f 813/5/4 815/5/4 814/681/4
f 813/5/5 810/5/5 816/682/5
f 810/5/5 813/5/5 809/683/5
f 811/2/6 815/3/6 812/11/6
f 815/3/6 811/2/6 814/1/6
f 388/3/1 390/2/1 387/1/1
f 390/3/1 388/2/1 389/1/1
f 817/3/2 388/2/2 387/1/2
f 388/3/2 817/2/2 818/1/2
f 819/5/3 390/309/3 389/5/3
f 390/309/3 819/5/3 820/684/3
f 819/5/4 817/5/4 820/685/4
f 817/5/4 819/5/4 818/686/4
f 817/5/5 390/312/5 820/687/5
f 390/312/5 817/5/5 387/5/5
f 388/2/6 819/3/6 389/11/6
f 819/3/6 388/2/6 818/1/6
f 822/3/1 415/2/1 821/1/1
f 415/3/1 822/2/1 417/1/1
f 391/3/2 822/2/2 821/1/2
f 822/3/2 391/2/2 393/1/2
f 394/313/3 415/5/3 417/688/3
f 415/5/3 394/313/3 392/5/3
f 394/334/4 391/5/4 392/5/4
f 391/5/4 394/334/4 393/689/4
f 391/318/5 415/336/5 392/5/5
f 415/336/5 391/318/5 821/690/5
f 822/2/6 394/3/6 417/11/6
f 394/3/6 822/2/6 393/1/6
f 807/3/1 599/2/1 808/1/1
f 599/3/1 807/2/1 601/1/1
f 823/3/2 807/2/2 808/1/2
f 807/3/2 823/2/2 824/1/2
f 604/5/3 599/5/3 601/691/3
f 599/5/3 604/5/3 603/692/3
f 604/501/4 823/5/4 603/5/4
f 823/5/4 604/501/4 824/693/4
f 823/5/5 599/503/5 603/5/5
f 599/503/5 823/5/5 808/676/5
f 807/2/6 604/3/6 601/11/6
f 604/3/6 807/2/6 824/1/6
f 827/3/1 826/2/1 825/1/1
f 826/3/1 827/2/1 828/1/1
f 829/3/2 827/2/2 825/1/2
f 827/3/2 829/2/2 830/1/2
f 831/5/3 826/5/3 828/694/3
f 826/5/3 831/5/3 832/695/3
f 831/5/4 829/5/4 832/696/4
f 829/5/4 831/5/4 830/697/4
f 829/5/5 826/5/5 832/698/5
f 826/5/5 829/5/5 825/699/5
f 827/2/6 831/3/6 828/11/6
f 831/3/6 827/2/6 830/1/6
f 405/3/1 833/2/1 406/1/1
f 833/3/1 405/2/1 834/1/1
f 590/3/2 405/2/2 406/1/2
f 405/3/2 590/2/2 589/1/2
f 835/5/3 833/5/3 834/700/3
f 833/5/3 835/5/3 836/701/3
f 835/5/4 590/486/4 836/702/4
f 590/486/4 835/5/4 589/5/4
f 590/488/5 833/5/5 836/703/5
f 833/5/5 590/488/5 406/323/5
f 405/2/6 835/3/6 834/11/6
f 835/3/6 405/2/6 589/1/6
f 632/3/1 633/2/1 631/1/1
f 633/3/1 632/2/1 634/1/1
f 203/3/2 632/2/2 631/1/2
f 632/3/2 203/2/2 205/1/2
f 206/164/3 633/5/3 634/528/3
f 633/5/3 206/164/3 204/5/3
f 206/179/4 203/5/4 204/5/4
f 203/5/4 206/179/4 205/529/4
f 203/169/5 633/5/5 204/5/5
f 633/5/5 203/169/5 631/5/5
f 632/2/6 206/3/6 634/11/6
f 206/3/6 632/2/6 205/1/6

usemtl color22

f 838/3/1 479/2/1 837/1/1
f 479/3/1 838/2/1 480/1/1
f 839/3/2 838/2/2 837/1/2
f 838/3/2 839/2/2 840/1/2
f 482/5/3 479/5/3 480/704/3
f 479/5/3 482/5/3 481/705/3
f 482/390/4 839/5/4 481/5/4
f 839/5/4 482/390/4 840/706/4
f 839/5/5 479/392/5 481/5/5
f 479/392/5 839/5/5 837/707/5
f 838/2/6 482/3/6 480/11/6
f 482/3/6 838/2/6 840/1/6
f 843/3/1 842/2/1 841/1/1
f 842/3/1 843/2/1 844/1/1
f 26/3/2 843/2/2 841/1/2
f 843/3/2 26/2/2 28/1/2
f 845/5/3 842/5/3 844/708/3
f 842/5/3 845/5/3 846/709/3
f 845/5/4 26/5/4 846/710/4
f 26/5/4 845/5/4 28/711/4
f 26/5/5 842/5/5 846/712/5
f 842/5/5 26/5/5 841/713/5
f 843/2/6 845/3/6 844/11/6
f 845/3/6 843/2/6 28/1/6
f 34/3/1 847/2/1 32/1/1
f 847/3/1 34/2/1 848/1/1
f 38/3/2 34/2/2 32/1/2
f 34/3/2 38/2/2 37/1/2
f 849/5/3 847/5/3 848/714/3
f 847/5/3 849/5/3 850/715/3
f 849/5/4 38/32/4 850/716/4
f 38/32/4 849/5/4 37/5/4
f 38/34/5 847/5/5 850/717/5
f 847/5/5 38/34/5 32/5/5
f 34/2/6 849/3/6 848/11/6
f 849/3/6 34/2/6 37/1/6

usemtl color21

f 44/3/1 46/2/1 43/1/1
f 46/3/1 44/2/1 45/1/1
f 47/3/2 44/2/2 43/1/2
f 44/3/2 47/2/2 49/1/2
f 50/42/3 46/37/3 45/5/3
f 46/37/3 50/42/3 48/5/3
f 50/5/4 47/5/4 48/718/4
f 47/5/4 50/5/4 49/719/4
f 47/47/5 46/40/5 48/5/5
f 46/40/5 47/47/5 43/5/5
f 44/2/6 50/3/6 45/11/6
f 50/3/6 44/2/6 49/1/6
f 852/3/1 191/2/1 851/1/1
f 191/3/1 852/2/1 192/1/1
f 853/3/2 852/2/2 851/1/2
f 852/3/2 853/2/2 854/1/2
f 197/5/3 191/5/3 192/720/3
f 191/5/3 197/5/3 195/721/3
f 197/5/4 853/5/4 195/722/4
f 853/5/4 197/5/4 854/723/4
f 853/5/5 191/5/5 195/163/5
f 191/5/5 853/5/5 851/724/5
f 852/2/6 197/3/6 192/11/6
f 197/3/6 852/2/6 854/1/6
f 856/3/1 199/2/1 855/1/1
f 199/3/1 856/2/1 200/1/1
f 857/3/2 856/2/2 855/1/2
f 856/3/2 857/2/2 858/1/2
f 859/5/3 199/5/3 200/725/3
f 199/5/3 859/5/3 860/726/3
f 859/5/4 857/5/4 860/727/4
f 857/5/4 859/5/4 858/728/4
f 857/5/5 199/5/5 860/729/5
f 199/5/5 857/5/5 855/730/5
f 856/2/6 859/3/6 200/11/6
f 859/3/6 856/2/6 858/1/6
f 863/3/1 862/2/1 861/1/1
f 862/3/1 863/2/1 864/1/1
f 865/3/2 863/2/2 861/1/2
f 863/3/2 865/2/2 866/1/2
f 867/5/3 862/5/3 864/731/3
f 862/5/3 867/5/3 868/732/3
f 867/5/4 865/5/4 868/733/4
f 865/5/4 867/5/4 866/734/4
f 865/5/5 862/5/5 868/735/5
f 862/5/5 865/5/5 861/736/5
f 863/2/6 867/3/6 864/11/6
f 867/3/6 863/2/6 866/1/6

usemtl color10

f 442/3/1 452/2/1 440/1/1
f 452/3/1 442/2/1 451/1/1
f 446/3/2 442/2/2 440/1/2
f 442/3/2 446/2/2 445/1/2
f 468/377/3 452/360/3 451/5/3
f 452/360/3 468/377/3 467/5/3
f 468/5/4 446/355/4 467/737/4
f 446/355/4 468/5/4 445/5/4
f 446/357/5 452/363/5 467/5/5
f 452/363/5 446/357/5 440/5/5
f 442/2/6 468/3/6 451/11/6
f 468/3/6 442/2/6 445/1/6
f 854/3/1 195/2/1 853/1/1
f 195/3/1 854/2/1 197/1/1
f 855/3/2 854/2/2 853/1/2
f 854/3/2 855/2/2 856/1/2
f 200/725/3 195/721/3 197/5/3
f 195/721/3 200/725/3 199/5/3
f 200/161/4 855/5/4 199/5/4
f 855/5/4 200/161/4 856/738/4
f 855/730/5 195/163/5 199/5/5
f 195/163/5 855/730/5 853/5/5
f 854/2/6 200/3/6 197/11/6
f 200/3/6 854/2/6 856/1/6
f 858/3/1 860/2/1 857/1/1
f 860/3/1 858/2/1 859/1/1
f 55/3/2 858/2/2 857/1/2
f 858/3/2 55/2/2 57/1/2
f 58/48/3 860/726/3 859/5/3
f 860/726/3 58/48/3 56/5/3
f 58/5/4 55/5/4 56/739/4
f 55/5/4 58/5/4 57/740/4
f 55/53/5 860/729/5 56/5/5
f 860/729/5 55/53/5 857/5/5
f 858/2/6 58/3/6 859/11/6
f 58/3/6 858/2/6 57/1/6
f 76/3/1 78/2/1 75/1/1
f 78/3/1 76/2/1 77/1/1
f 869/3/2 76/2/2 75/1/2
f 76/3/2 869/2/2 870/1/2
f 871/5/3 78/61/3 77/5/3
f 78/61/3 871/5/3 872/741/3
f 871/5/4 869/5/4 872/742/4
f 869/5/4 871/5/4 870/743/4
f 869/5/5 78/64/5 872/744/5
f 78/64/5 869/5/5 75/5/5
f 76/2/6 871/3/6 77/11/6
f 871/3/6 76/2/6 870/1/6
f 875/3/1 874/2/1 873/1/1
f 874/3/1 875/2/1 876/1/1
f 877/3/2 875/2/2 873/1/2
f 875/3/2 877/2/2 878/1/2
f 879/5/3 874/5/3 876/745/3
f 874/5/3 879/5/3 880/746/3
f 879/5/4 877/5/4 880/747/4
f 877/5/4 879/5/4 878/748/4
f 877/5/5 874/5/5 880/749/5
f 874/5/5 877/5/5 873/750/5
f 875/2/6 879/3/6 876/11/6
f 879/3/6 875/2/6 878/1/6
f 883/3/1 882/2/1 881/1/1
f 882/3/1 883/2/1 884/1/1
f 885/3/2 883/2/2 881/1/2
f 883/3/2 885/2/2 886/1/2
f 887/5/3 882/5/3 884/751/3
f 882/5/3 887/5/3 888/752/3
f 887/5/4 885/5/4 888/753/4
f 885/5/4 887/5/4 886/754/4
f 885/5/5 882/5/5 888/755/5
f 882/5/5 885/5/5 881/756/5
f 883/2/6 887/3/6 884/11/6
f 887/3/6 883/2/6 886/1/6
f 891/3/1 890/2/1 889/1/1
f 890/3/1 891/2/1 892/1/1
f 893/3/2 891/2/2 889/1/2
f 891/3/2 893/2/2 894/1/2
f 895/5/3 890/5/3 892/757/3
f 890/5/3 895/5/3 896/758/3
f 895/5/4 893/5/4 896/759/4
f 893/5/4 895/5/4 894/760/4
f 893/5/5 890/5/5 896/761/5
f 890/5/5 893/5/5 889/762/5
f 891/2/6 895/3/6 892/11/6
f 895/3/6 891/2/6 894/1/6
f 899/3/1 898/2/1 897/1/1
f 898/3/1 899/2/1 900/1/1
f 861/3/2 899/2/2 897/1/2
f 899/3/2 861/2/2 863/1/2
f 864/731/3 898/5/3 900/763/3
f 898/5/3 864/731/3 862/5/3
f 864/5/4 861/5/4 862/764/4
f 861/5/4 864/5/4 863/765/4
f 861/736/5 898/5/5 862/5/5
f 898/5/5 861/736/5 897/766/5
f 899/2/6 864/3/6 900/11/6
f 864/3/6 899/2/6 863/1/6
f 866/3/1 868/2/1 865/1/1
f 868/3/1 866/2/1 867/1/1
f 95/3/2 866/2/2 865/1/2
f 866/3/2 95/2/2 97/1/2
f 98/78/3 868/732/3 867/5/3
f 868/732/3 98/78/3 96/5/3
f 98/5/4 95/5/4 96/767/4
f 95/5/4 98/5/4 97/768/4
f 95/83/5 868/735/5 96/5/5
f 868/735/5 95/83/5 865/5/5
f 866/2/6 98/3/6 867/11/6
f 98/3/6 866/2/6 97/1/6
f 903/3/1 902/2/1 901/1/1
f 902/3/1 903/2/1 904/1/1
f 905/3/2 903/2/2 901/1/2
f 903/3/2 905/2/2 906/1/2
f 907/5/3 902/5/3 904/769/3
f 902/5/3 907/5/3 908/770/3
f 907/5/4 905/5/4 908/771/4
f 905/5/4 907/5/4 906/772/4
f 905/5/5 902/5/5 908/773/5
f 902/5/5 905/5/5 901/774/5
f 903/2/6 907/3/6 904/11/6
f 907/3/6 903/2/6 906/1/6
f 130/3/1 909/2/1 128/1/1
f 909/3/1 130/2/1 910/1/1
f 134/3/2 130/2/2 128/1/2
f 130/3/2 134/2/2 133/1/2
f 911/5/3 909/5/3 910/775/3
f 909/5/3 911/5/3 912/776/3
f 911/5/4 134/104/4 912/777/4
f 134/104/4 911/5/4 133/5/4
f 134/106/5 909/5/5 912/778/5
f 909/5/5 134/106/5 128/5/5
f 130/2/6 911/3/6 910/11/6
f 911/3/6 130/2/6 133/1/6
f 911/3/1 913/2/1 912/1/1
f 913/3/1 911/2/1 914/1/1
f 915/3/2 911/2/2 912/1/2
f 911/3/2 915/2/2 916/1/2
f 917/5/3 913/5/3 914/779/3
f 913/5/3 917/5/3 918/780/3
f 917/5/4 915/5/4 918/781/4
f 915/5/4 917/5/4 916/782/4
f 915/5/5 913/5/5 918/783/5
f 913/5/5 915/5/5 912/778/5
f 911/2/6 917/3/6 914/11/6
f 917/3/6 911/2/6 916/1/6
f 921/3/1 920/2/1 919/1/1
f 920/3/1 921/2/1 922/1/1
f 923/3/2 921/2/2 919/1/2
f 921/3/2 923/2/2 924/1/2
f 925/5/3 920/5/3 922/784/3
f 920/5/3 925/5/3 926/785/3
f 925/5/4 923/5/4 926/786/4
f 923/5/4 925/5/4 924/787/4
f 923/5/5 920/5/5 926/788/5
f 920/5/5 923/5/5 919/789/5
f 921/2/6 925/3/6 922/11/6
f 925/3/6 921/2/6 924/1/6
f 929/3/1 928/2/1 927/1/1
f 928/3/1 929/2/1 930/1/1
f 931/3/2 929/2/2 927/1/2
f 929/3/2 931/2/2 932/1/2
f 933/5/3 928/5/3 930/790/3
f 928/5/3 933/5/3 934/791/3
f 933/5/4 931/5/4 934/792/4
f 931/5/4 933/5/4 932/793/4
f 931/5/5 928/5/5 934/794/5
f 928/5/5 931/5/5 927/795/5
f 929/2/6 933/3/6 930/11/6
f 933/3/6 929/2/6 932/1/6
f 937/3/1 936/2/1 935/1/1
f 936/3/1 937/2/1 938/1/1
f 939/3/2 937/2/2 935/1/2
f 937/3/2 939/2/2 940/1/2
f 941/5/3 936/5/3 938/796/3
f 936/5/3 941/5/3 942/797/3
f 941/5/4 939/5/4 942/798/4
f 939/5/4 941/5/4 940/799/4
f 939/5/5 936/5/5 942/800/5
f 936/5/5 939/5/5 935/801/5
f 937/2/6 941/3/6 938/11/6
f 941/3/6 937/2/6 940/1/6
f 945/3/1 944/2/1 943/1/1
f 944/3/1 945/2/1 946/1/1
f 947/3/2 945/2/2 943/1/2
f 945/3/2 947/2/2 948/1/2
f 949/5/3 944/5/3 946/802/3
f 944/5/3 949/5/3 950/803/3
f 949/5/4 947/5/4 950/804/4
f 947/5/4 949/5/4 948/805/4
f 947/5/5 944/5/5 950/806/5
f 944/5/5 947/5/5 943/807/5
f 945/2/6 949/3/6 946/11/6
f 949/3/6 945/2/6 948/1/6
f 953/3/1 952/2/1 951/1/1
f 952/3/1 953/2/1 954/1/1
f 955/3/2 953/2/2 951/1/2
f 953/3/2 955/2/2 956/1/2
f 957/5/3 952/5/3 954/808/3
f 952/5/3 957/5/3 958/809/3
f 957/5/4 955/5/4 958/810/4
f 955/5/4 957/5/4 956/811/4
f 955/5/5 952/5/5 958/812/5
f 952/5/5 955/5/5 951/813/5
f 953/2/6 957/3/6 954/11/6
f 957/3/6 953/2/6 956/1/6
f 961/3/1 960/2/1 959/1/1
f 960/3/1 961/2/1 962/1/1
f 963/3/2 961/2/2 959/1/2
f 961/3/2 963/2/2 964/1/2
f 965/5/3 960/5/3 962/814/3
f 960/5/3 965/5/3 966/815/3
f 965/5/4 963/5/4 966/816/4
f 963/5/4 965/5/4 964/817/4
f 963/5/5 960/5/5 966/818/5
f 960/5/5 963/5/5 959/819/5
f 961/2/6 965/3/6 962/11/6
f 965/3/6 961/2/6 964/1/6
f 969/3/1 968/2/1 967/1/1
f 968/3/1 969/2/1 970/1/1
f 971/3/2 969/2/2 967/1/2
f 969/3/2 971/2/2 972/1/2
f 973/5/3 968/5/3 970/820/3
f 968/5/3 973/5/3 974/821/3
f 973/5/4 971/5/4 974/822/4
f 971/5/4 973/5/4 972/823/4
f 971/5/5 968/5/5 974/824/5
f 968/5/5 971/5/5 967/825/5
f 969/2/6 973/3/6 970/11/6
f 973/3/6 969/2/6 972/1/6
f 604/3/1 606/2/1 603/1/1
f 606/3/1 604/2/1 605/1/1
f 561/3/2 604/2/2 603/1/2
f 604/3/2 561/2/2 562/1/2
f 975/5/3 606/499/3 605/5/3
f 606/499/3 975/5/3 976/826/3
f 975/5/4 561/5/4 976/827/4
f 561/5/4 975/5/4 562/828/4
f 561/5/5 606/502/5 976/829/5
f 606/502/5 561/5/5 603/5/5
f 604/2/6 975/3/6 605/11/6
f 975/3/6 604/2/6 562/1/6
f 565/3/1 977/2/1 566/1/1
f 977/3/1 565/2/1 978/1/1
f 568/3/2 565/2/2 566/1/2
f 565/3/2 568/2/2 570/1/2
f 979/5/3 977/5/3 978/830/3
f 977/5/3 979/5/3 980/831/3
f 979/5/4 568/5/4 980/832/4
f 568/5/4 979/5/4 570/833/4
f 568/5/5 977/5/5 980/834/5
f 977/5/5 568/5/5 566/465/5
f 565/2/6 979/3/6 978/11/6
f 979/3/6 565/2/6 570/1/6
f 573/3/1 981/2/1 574/1/1
f 981/3/1 573/2/1 982/1/1
f 983/3/2 573/2/2 574/1/2
f 573/3/2 983/2/2 984/1/2
f 985/5/3 981/5/3 982/835/3
f 981/5/3 985/5/3 986/836/3
f 985/5/4 983/5/4 986/837/4
f 983/5/4 985/5/4 984/838/4
f 983/5/5 981/5/5 986/839/5
f 981/5/5 983/5/5 574/470/5
f 573/2/6 985/3/6 982/11/6
f 985/3/6 573/2/6 984/1/6

usemtl color16

f 45/3/1 616/2/1 46/1/1
f 616/3/1 45/2/1 615/1/1
f 48/3/2 45/2/2 46/1/2
f 45/3/2 48/2/2 50/1/2
f 618/513/3 616/510/3 615/5/3
f 616/510/3 618/513/3 617/5/3
f 618/5/4 48/718/4 617/840/4
f 48/718/4 618/5/4 50/5/4
f 48/5/5 616/512/5 617/5/5
f 616/512/5 48/5/5 46/40/5
f 45/2/6 618/3/6 615/11/6
f 618/3/6 45/2/6 50/1/6
f 988/3/1 665/2/1 987/1/1
f 665/3/1 988/2/1 667/1/1
f 989/3/2 988/2/2 987/1/2
f 988/3/2 989/2/2 990/1/2
f 670/5/3 665/5/3 667/841/3
f 665/5/3 670/5/3 669/842/3
f 670/559/4 989/5/4 669/5/4
f 989/5/4 670/559/4 990/843/4
f 989/5/5 665/561/5 669/5/5
f 665/561/5 989/5/5 987/844/5
f 988/2/6 670/3/6 667/11/6
f 670/3/6 988/2/6 990/1/6
f 992/3/1 673/2/1 991/1/1
f 673/3/1 992/2/1 675/1/1
f 629/3/2 992/2/2 991/1/2
f 992/3/2 629/2/2 630/1/2
f 678/5/3 673/5/3 675/845/3
f 673/5/3 678/5/3 677/846/3
f 678/564/4 629/5/4 677/5/4
f 629/5/4 678/564/4 630/847/4
f 629/527/5 673/565/5 677/5/5
f 673/565/5 629/527/5 991/848/5
f 992/2/6 678/3/6 675/11/6
f 678/3/6 992/2/6 630/1/6
f 716/3/1 718/2/1 715/1/1
f 718/3/1 716/2/1 717/1/1
f 719/3/2 716/2/2 715/1/2
f 716/3/2 719/2/2 721/1/2
f 722/600/3 718/595/3 717/5/3
f 718/595/3 722/600/3 720/5/3
f 722/5/4 719/5/4 720/849/4
f 719/5/4 722/5/4 721/850/4
f 719/605/5 718/598/5 720/5/5
f 718/598/5 719/605/5 715/5/5
f 716/2/6 722/3/6 717/11/6
f 722/3/6 716/2/6 721/1/6
f 724/3/1 726/2/1 723/1/1
f 726/3/1 724/2/1 725/1/1
f 727/3/2 724/2/2 723/1/2
f 724/3/2 727/2/2 729/1/2
f 730/606/3 726/601/3 725/5/3
f 726/601/3 730/606/3 728/5/3
f 730/5/4 727/5/4 728/851/4
f 727/5/4 730/5/4 729/852/4
f 727/609/5 726/604/5 728/5/5
f 726/604/5 727/609/5 723/5/5
f 724/2/6 730/3/6 725/11/6
f 730/3/6 724/2/6 729/1/6
f 995/3/1 994/2/1 993/1/1
f 994/3/1 995/2/1 996/1/1
f 997/3/2 995/2/2 993/1/2
f 995/3/2 997/2/2 998/1/2
f 999/5/3 994/5/3 996/853/3
f 994/5/3 999/5/3 1000/854/3
f 999/5/4 997/5/4 1000/855/4
f 997/5/4 999/5/4 998/856/4
f 997/5/5 994/5/5 1000/857/5
f 994/5/5 997/5/5 993/858/5
f 995/2/6 999/3/6 996/11/6
f 999/3/6 995/2/6 998/1/6
f 1003/3/1 1002/2/1 1001/1/1
f 1002/3/1 1003/2/1 1004/1/1
f 1005/3/2 1003/2/2 1001/1/2
f 1003/3/2 1005/2/2 1006/1/2
f 1007/5/3 1002/5/3 1004/859/3
f 1002/5/3 1007/5/3 1008/860/3
f 1007/5/4 1005/5/4 1008/861/4
f 1005/5/4 1007/5/4 1006/862/4
f 1005/5/5 1002/5/5 1008/863/5
f 1002/5/5 1005/5/5 1001/864/5
f 1003/2/6 1007/3/6 1004/11/6
f 1007/3/6 1003/2/6 1006/1/6
f 1010/3/1 767/2/1 1009/1/1
f 767/3/1 1010/2/1 769/1/1
f 751/3/2 1010/2/2 1009/1/2
f 1010/3/2 751/2/2 753/1/2
f 754/625/3 767/5/3 769/865/3
f 767/5/3 754/625/3 752/5/3
f 754/644/4 751/5/4 752/5/4
f 751/5/4 754/644/4 753/866/4
f 751/630/5 767/646/5 752/5/5
f 767/646/5 751/630/5 1009/867/5
f 1010/2/6 754/3/6 769/11/6
f 754/3/6 1010/2/6 753/1/6
f 1013/3/1 1012/2/1 1011/1/1
f 1012/3/1 1013/2/1 1014/1/1
f 1015/3/2 1013/2/2 1011/1/2
f 1013/3/2 1015/2/2 1016/1/2
f 1017/5/3 1012/5/3 1014/868/3
f 1012/5/3 1017/5/3 1018/869/3
f 1017/5/4 1015/5/4 1018/870/4
f 1015/5/4 1017/5/4 1016/871/4
f 1015/5/5 1012/5/5 1018/872/5
f 1012/5/5 1015/5/5 1011/873/5
f 1013/2/6 1017/3/6 1014/11/6
f 1017/3/6 1013/2/6 1016/1/6
f 754/3/1 772/2/1 752/1/1
f 772/3/1 754/2/1 771/1/1
f 758/3/2 754/2/2 752/1/2
f 754/3/2 758/2/2 757/1/2
f 1019/5/3 772/642/3 771/5/3
f 772/642/3 1019/5/3 1020/874/3
f 1019/5/4 758/627/4 1020/875/4
f 758/627/4 1019/5/4 757/5/4
f 758/629/5 772/645/5 1020/876/5
f 772/645/5 758/629/5 752/5/5
f 754/2/6 1019/3/6 771/11/6
f 1019/3/6 754/2/6 757/1/6
f 1023/3/1 1022/2/1 1021/1/1
f 1022/3/1 1023/2/1 1024/1/1
f 1025/3/2 1023/2/2 1021/1/2
f 1023/3/2 1025/2/2 1026/1/2
f 1027/5/3 1022/5/3 1024/877/3
f 1022/5/3 1027/5/3 1028/878/3
f 1027/5/4 1025/5/4 1028/879/4
f 1025/5/4 1027/5/4 1026/880/4
f 1025/5/5 1022/5/5 1028/881/5
f 1022/5/5 1025/5/5 1021/882/5
f 1023/2/6 1027/3/6 1024/11/6
f 1027/3/6 1023/2/6 1026/1/6
f 1031/3/1 1030/2/1 1029/1/1
f 1030/3/1 1031/2/1 1032/1/1
f 1033/3/2 1031/2/2 1029/1/2
f 1031/3/2 1033/2/2 1034/1/2
f 1035/5/3 1030/5/3 1032/883/3
f 1030/5/3 1035/5/3 1036/884/3
f 1035/5/4 1033/5/4 1036/885/4
f 1033/5/4 1035/5/4 1034/886/4
f 1033/5/5 1030/5/5 1036/887/5
f 1030/5/5 1033/5/5 1029/888/5
f 1031/2/6 1035/3/6 1032/11/6
f 1035/3/6 1031/2/6 1034/1/6

usemtl color3

f 168/3/1 170/2/1 167/1/1
f 170/3/1 168/2/1 169/1/1
f 171/3/2 168/2/2 167/1/2
f 168/3/2 171/2/2 173/1/2
f 174/140/3 170/135/3 169/5/3
f 170/135/3 174/140/3 172/5/3
f 174/5/4 171/384/4 172/889/4
f 171/384/4 174/5/4 173/5/4
f 171/145/5 170/138/5 172/5/5
f 170/138/5 171/145/5 167/5/5
f 168/2/6 174/3/6 169/11/6
f 174/3/6 168/2/6 173/1/6
f 176/3/1 178/2/1 175/1/1
f 178/3/1 176/2/1 177/1/1
f 1037/3/2 176/2/2 175/1/2
f 176/3/2 1037/2/2 1038/1/2
f 1039/5/3 178/141/3 177/5/3
f 178/141/3 1039/5/3 1040/890/3
f 1039/5/4 1037/5/4 1040/891/4
f 1037/5/4 1039/5/4 1038/892/4
f 1037/5/5 178/144/5 1040/893/5
f 178/144/5 1037/5/5 175/5/5
f 176/2/6 1039/3/6 177/11/6
f 1039/3/6 176/2/6 1038/1/6
f 1043/3/1 1042/2/1 1041/1/1
f 1042/3/1 1043/2/1 1044/1/1
f 1045/3/2 1043/2/2 1041/1/2
f 1043/3/2 1045/2/2 1046/1/2
f 1047/5/3 1042/5/3 1044/894/3
f 1042/5/3 1047/5/3 1048/895/3
f 1047/5/4 1045/5/4 1048/896/4
f 1045/5/4 1047/5/4 1046/897/4
f 1045/5/5 1042/5/5 1048/898/5
f 1042/5/5 1045/5/5 1041/899/5
f 1043/2/6 1047/3/6 1044/11/6
f 1047/3/6 1043/2/6 1046/1/6
f 1051/3/1 1050/2/1 1049/1/1
f 1050/3/1 1051/2/1 1052/1/1
f 307/3/2 1051/2/2 1049/1/2
f 1051/3/2 307/2/2 309/1/2
f 310/249/3 1050/5/3 1052/900/3
f 1050/5/3 310/249/3 308/5/3
f 310/5/4 307/5/4 308/901/4
f 307/5/4 310/5/4 309/902/4
f 307/254/5 1050/5/5 308/5/5
f 1050/5/5 307/254/5 1049/903/5
f 1051/2/6 310/3/6 1052/11/6
f 310/3/6 1051/2/6 309/1/6
f 1055/3/1 1054/2/1 1053/1/1
f 1054/3/1 1055/2/1 1056/1/1
f 1057/3/2 1055/2/2 1053/1/2
f 1055/3/2 1057/2/2 1058/1/2
f 1059/5/3 1054/5/3 1056/904/3
f 1054/5/3 1059/5/3 1060/905/3
f 1059/5/4 1057/5/4 1060/906/4
f 1057/5/4 1059/5/4 1058/907/4
f 1057/5/5 1054/5/5 1060/908/5
f 1054/5/5 1057/5/5 1053/909/5
f 1055/2/6 1059/3/6 1056/11/6
f 1059/3/6 1055/2/6 1058/1/6
f 1063/3/1 1062/2/1 1061/1/1
f 1062/3/1 1063/2/1 1064/1/1
f 1065/3/2 1063/2/2 1061/1/2
f 1063/3/2 1065/2/2 1066/1/2
f 1067/5/3 1062/5/3 1064/910/3
f 1062/5/3 1067/5/3 1068/911/3
f 1067/5/4 1065/5/4 1068/912/4
f 1065/5/4 1067/5/4 1066/913/4
f 1065/5/5 1062/5/5 1068/914/5
f 1062/5/5 1065/5/5 1061/915/5
f 1063/2/6 1067/3/6 1064/11/6
f 1067/3/6 1063/2/6 1066/1/6
f 1071/3/1 1070/2/1 1069/1/1
f 1070/3/1 1071/2/1 1072/1/1
f 825/3/2 1071/2/2 1069/1/2
f 1071/3/2 825/2/2 827/1/2
f 828/694/3 1070/5/3 1072/916/3
f 1070/5/3 828/694/3 826/5/3
f 828/5/4 825/5/4 826/917/4
f 825/5/4 828/5/4 827/918/4
f 825/699/5 1070/5/5 826/5/5
f 1070/5/5 825/699/5 1069/919/5
f 1071/2/6 828/3/6 1072/11/6
f 828/3/6 1071/2/6 827/1/6

usemtl color18

f 1038/3/1 1040/2/1 1037/1/1
f 1040/3/1 1038/2/1 1039/1/1
f 485/3/2 1038/2/2 1037/1/2
f 1038/3/2 485/2/2 487/1/2
f 488/393/3 1040/890/3 1039/5/3
f 1040/890/3 488/393/3 486/5/3
f 488/5/4 485/5/4 486/920/4
f 485/5/4 488/5/4 487/921/4
f 485/398/5 1040/893/5 486/5/5
f 1040/893/5 485/398/5 1037/5/5
f 1038/2/6 488/3/6 1039/11/6
f 488/3/6 1038/2/6 487/1/6
f 774/3/1 776/2/1 773/1/1
f 776/3/1 774/2/1 775/1/1
f 777/3/2 774/2/2 773/1/2
f 774/3/2 777/2/2 779/1/2
f 780/651/3 776/647/3 775/5/3
f 776/647/3 780/651/3 778/5/3
f 780/5/4 777/5/4 778/922/4
f 777/5/4 780/5/4 779/923/4
f 777/656/5 776/650/5 778/5/5
f 776/650/5 777/656/5 773/5/5
f 774/2/6 780/3/6 775/11/6
f 780/3/6 774/2/6 779/1/6
f 782/3/1 784/2/1 781/1/1
f 784/3/1 782/2/1 783/1/1
f 785/3/2 782/2/2 781/1/2
f 782/3/2 785/2/2 787/1/2
f 788/657/3 784/652/3 783/5/3
f 784/652/3 788/657/3 786/5/3
f 788/5/4 785/5/4 786/924/4
f 785/5/4 788/5/4 787/925/4
f 785/662/5 784/655/5 786/5/5
f 784/655/5 785/662/5 781/5/5
f 782/2/6 788/3/6 783/11/6
f 788/3/6 782/2/6 787/1/6

usemtl color20

f 894/3/1 896/2/1 893/1/1
f 896/3/1 894/2/1 895/1/1
f 897/3/2 894/2/2 893/1/2
f 894/3/2 897/2/2 899/1/2
f 900/763/3 896/758/3 895/5/3
f 896/758/3 900/763/3 898/5/3
f 900/5/4 897/5/4 898/926/4
f 897/5/4 900/5/4 899/927/4
f 897/766/5 896/761/5 898/5/5
f 896/761/5 897/766/5 893/5/5
f 894/2/6 900/3/6 895/11/6
f 900/3/6 894/2/6 899/1/6

usemtl color2

f 1075/3/1 1074/2/1 1073/1/1
f 1074/3/1 1075/2/1 1076/1/1
f 1077/3/2 1075/2/2 1073/1/2
f 1075/3/2 1077/2/2 1078/1/2
f 1079/5/3 1074/5/3 1076/928/3
f 1074/5/3 1079/5/3 1080/929/3
f 1079/5/4 1077/5/4 1080/930/4
f 1077/5/4 1079/5/4 1078/931/4
f 1077/5/5 1074/5/5 1080/932/5
f 1074/5/5 1077/5/5 1073/933/5
f 1075/2/6 1079/3/6 1076/11/6
f 1079/3/6 1075/2/6 1078/1/6
f 879/3/1 1081/2/1 880/1/1
f 1081/3/1 879/2/1 1082/1/1
f 882/3/2 879/2/2 880/1/2
f 879/3/2 882/2/2 884/1/2
f 1083/5/3 1081/5/3 1082/934/3
f 1081/5/3 1083/5/3 1084/935/3
f 1083/5/4 882/5/4 1084/936/4
f 882/5/4 1083/5/4 884/937/4
f 882/5/5 1081/5/5 1084/938/5
f 1081/5/5 882/5/5 880/749/5
f 879/2/6 1083/3/6 1082/11/6
f 1083/3/6 879/2/6 884/1/6
f 887/3/1 1085/2/1 888/1/1
f 1085/3/1 887/2/1 1086/1/1
f 890/3/2 887/2/2 888/1/2
f 887/3/2 890/2/2 892/1/2
f 1087/5/3 1085/5/3 1086/939/3
f 1085/5/3 1087/5/3 1088/940/3
f 1087/5/4 890/5/4 1088/941/4
f 890/5/4 1087/5/4 892/942/4
f 890/5/5 1085/5/5 1088/943/5
f 1085/5/5 890/5/5 888/755/5
f 887/2/6 1087/3/6 1086/11/6
f 1087/3/6 887/2/6 892/1/6
f 1091/3/1 1090/2/1 1089/1/1
f 1090/3/1 1091/2/1 1092/1/1
f 1074/3/2 1091/2/2 1089/1/2
f 1091/3/2 1074/2/2 1076/1/2
f 1093/5/3 1090/5/3 1092/944/3
f 1090/5/3 1093/5/3 1094/945/3
f 1093/5/4 1074/5/4 1094/946/4
f 1074/5/4 1093/5/4 1076/947/4
f 1074/5/5 1090/5/5 1094/948/5
f 1090/5/5 1074/5/5 1089/949/5
f 1091/2/6 1093/3/6 1092/11/6
f 1093/3/6 1091/2/6 1076/1/6
f 1079/3/1 1095/2/1 1080/1/1
f 1095/3/1 1079/2/1 1096/1/1
f 1097/3/2 1079/2/2 1080/1/2
f 1079/3/2 1097/2/2 1098/1/2
f 1099/5/3 1095/5/3 1096/950/3
f 1095/5/3 1099/5/3 1100/951/3
f 1099/5/4 1097/5/4 1100/952/4
f 1097/5/4 1099/5/4 1098/953/4
f 1097/5/5 1095/5/5 1100/954/5
f 1095/5/5 1097/5/5 1080/932/5
f 1079/2/6 1099/3/6 1096/11/6
f 1099/3/6 1079/2/6 1098/1/6
f 1102/3/1 1041/2/1 1101/1/1
f 1041/3/1 1102/2/1 1043/1/1
f 1103/3/2 1102/2/2 1101/1/2
f 1102/3/2 1103/2/2 1104/1/2
f 1046/5/3 1041/5/3 1043/955/3
f 1041/5/3 1046/5/3 1045/956/3
f 1046/897/4 1103/5/4 1045/5/4
f 1103/5/4 1046/897/4 1104/957/4
f 1103/5/5 1041/899/5 1045/5/5
f 1041/899/5 1103/5/5 1101/958/5
f 1102/2/6 1046/3/6 1043/11/6
f 1046/3/6 1102/2/6 1104/1/6
f 193/3/1 1049/2/1 194/1/1
f 1049/3/1 193/2/1 1051/1/1
f 1105/3/2 193/2/2 194/1/2
f 193/3/2 1105/2/2 1106/1/2
f 312/5/3 1049/5/3 1051/959/3
f 1049/5/3 312/5/3 311/960/3
f 312/252/4 1105/5/4 311/5/4
f 1105/5/4 312/252/4 1106/961/4
f 1105/5/5 1049/903/5 311/5/5
f 1049/903/5 1105/5/5 194/156/5
f 193/2/6 312/3/6 1051/11/6
f 312/3/6 193/2/6 1106/1/6
f 1108/3/1 325/2/1 1107/1/1
f 325/3/1 1108/2/1 326/1/1
f 1090/3/2 1108/2/2 1107/1/2
f 1108/3/2 1090/2/2 1092/1/2
f 794/5/3 325/5/3 326/962/3
f 325/5/3 794/5/3 793/963/3
f 794/664/4 1090/5/4 793/5/4
f 1090/5/4 794/664/4 1092/964/4
f 1090/5/5 325/5/5 793/5/5
f 325/5/5 1090/5/5 1107/965/5
f 1108/2/6 794/3/6 326/11/6
f 794/3/6 1108/2/6 1092/1/6
f 1099/3/1 795/2/1 1100/1/1
f 795/3/1 1099/2/1 796/1/1
f 1109/3/2 1099/2/2 1100/1/2
f 1099/3/2 1109/2/2 1110/1/2
f 1111/5/3 795/5/3 796/966/3
f 795/5/3 1111/5/3 1112/967/3
f 1111/5/4 1109/5/4 1112/968/4
f 1109/5/4 1111/5/4 1110/969/4
f 1109/5/5 795/667/5 1112/970/5
f 795/667/5 1109/5/5 1100/954/5
f 1099/2/6 1111/3/6 796/11/6
f 1111/3/6 1099/2/6 1110/1/6
f 550/3/1 552/2/1 549/1/1
f 552/3/1 550/2/1 551/1/1
f 283/3/2 550/2/2 549/1/2
f 550/3/2 283/2/2 285/1/2
f 286/231/3 552/451/3 551/5/3
f 552/451/3 286/231/3 284/5/3
f 286/5/4 283/5/4 284/971/4
f 283/5/4 286/5/4 285/972/4
f 283/236/5 552/454/5 284/5/5
f 552/454/5 283/236/5 549/5/5
f 550/2/6 286/3/6 551/11/6
f 286/3/6 550/2/6 285/1/6
f 312/3/1 314/2/1 311/1/1
f 314/3/1 312/2/1 313/1/1
f 1113/3/2 312/2/2 311/1/2
f 312/3/2 1113/2/2 1114/1/2
f 1115/5/3 314/250/3 313/5/3
f 314/250/3 1115/5/3 1116/973/3
f 1115/5/4 1113/5/4 1116/974/4
f 1113/5/4 1115/5/4 1114/975/4
f 1113/5/5 314/253/5 1116/976/5
f 314/253/5 1113/5/5 311/5/5
f 312/2/6 1115/3/6 313/11/6
f 1115/3/6 312/2/6 1114/1/6
f 1119/3/1 1118/2/1 1117/1/1
f 1118/3/1 1119/2/1 1120/1/1
f 260/3/2 1119/2/2 1117/1/2
f 1119/3/2 260/2/2 259/1/2
f 1121/5/3 1118/5/3 1120/977/3
f 1118/5/3 1121/5/3 1122/978/3
f 1121/5/4 260/210/4 1122/979/4
f 260/210/4 1121/5/4 259/5/4
f 260/212/5 1118/5/5 1122/980/5
f 1118/5/5 260/212/5 1117/981/5
f 1119/2/6 1121/3/6 1120/11/6
f 1121/3/6 1119/2/6 259/1/6
f 790/3/1 792/2/1 789/1/1
f 792/3/1 790/2/1 791/1/1
f 1123/3/2 790/2/2 789/1/2
f 790/3/2 1123/2/2 1124/1/2
f 1125/5/3 792/658/3 791/5/3
f 792/658/3 1125/5/3 1126/982/3
f 1125/5/4 1123/5/4 1126/983/4
f 1123/5/4 1125/5/4 1124/984/4
f 1123/5/5 792/661/5 1126/985/5
f 792/661/5 1123/5/5 789/5/5
f 790/2/6 1125/3/6 791/11/6
f 1125/3/6 790/2/6 1124/1/6
f 1047/3/1 1127/2/1 1048/1/1
f 1127/3/1 1047/2/1 1128/1/1
f 1053/3/2 1047/2/2 1048/1/2
f 1047/3/2 1053/2/2 1055/1/2
f 1056/904/3 1127/5/3 1128/986/3
f 1127/5/3 1056/904/3 1054/5/3
f 1056/5/4 1053/5/4 1054/987/4
f 1053/5/4 1056/5/4 1055/988/4
f 1053/909/5 1127/5/5 1054/5/5
f 1127/5/5 1053/909/5 1048/898/5
f 1047/2/6 1056/3/6 1128/11/6
f 1056/3/6 1047/2/6 1055/1/6
f 794/3/1 387/2/1 793/1/1
f 387/3/1 794/2/1 388/1/1
f 1129/3/2 794/2/2 793/1/2
f 794/3/2 1129/2/2 1130/1/2
f 818/5/3 387/663/3 388/5/3
f 387/663/3 818/5/3 817/989/3
f 818/686/4 1129/5/4 817/5/4
f 1129/5/4 818/686/4 1130/990/4
f 1129/5/5 387/5/5 817/5/5
f 387/5/5 1129/5/5 793/5/5
f 794/2/6 818/3/6 388/11/6
f 818/3/6 794/2/6 1130/1/6
f 1132/3/1 821/2/1 1131/1/1
f 821/3/1 1132/2/1 822/1/1
f 795/3/2 1132/2/2 1131/1/2
f 1132/3/2 795/2/2 796/1/2
f 393/665/3 821/5/3 822/991/3
f 821/5/3 393/665/3 391/5/3
f 393/689/4 795/5/4 391/5/4
f 795/5/4 393/689/4 796/992/4
f 795/667/5 821/690/5 391/318/5
f 821/690/5 795/667/5 1131/993/5
f 1132/2/6 393/3/6 822/11/6
f 393/3/6 1132/2/6 796/1/6
f 319/3/1 983/2/1 320/1/1
f 983/3/1 319/2/1 984/1/1
f 554/3/2 319/2/2 320/1/2
f 319/3/2 554/2/2 556/1/2
f 1133/5/3 983/5/3 984/994/3
f 983/5/3 1133/5/3 1134/995/3
f 1133/5/4 554/5/4 1134/996/4
f 554/5/4 1133/5/4 556/997/4
f 554/5/5 983/5/5 1134/998/5
f 983/5/5 554/5/5 320/258/5
f 319/2/6 1133/3/6 984/11/6
f 1133/3/6 319/2/6 556/1/6
f 1059/3/1 1135/2/1 1060/1/1
f 1135/3/1 1059/2/1 1136/1/1
f 1061/3/2 1059/2/2 1060/1/2
f 1059/3/2 1061/2/2 1063/1/2
f 1064/910/3 1135/5/3 1136/999/3
f 1135/5/3 1064/910/3 1062/5/3
f 1064/5/4 1061/5/4 1062/1000/4
f 1061/5/4 1064/5/4 1063/1001/4
f 1061/915/5 1135/5/5 1062/5/5
f 1135/5/5 1061/915/5 1060/908/5
f 1059/2/6 1064/3/6 1136/11/6
f 1064/3/6 1059/2/6 1063/1/6
f 818/3/1 820/2/1 817/1/1
f 820/3/1 818/2/1 819/1/1
f 821/3/2 818/2/2 817/1/2
f 818/3/2 821/2/2 822/1/2
f 417/688/3 820/684/3 819/5/3
f 820/684/3 417/688/3 415/5/3
f 417/5/4 821/5/4 415/1002/4
f 821/5/4 417/5/4 822/1003/4
f 821/690/5 820/687/5 415/336/5
f 820/687/5 821/690/5 817/5/5
f 818/2/6 417/3/6 819/11/6
f 417/3/6 818/2/6 822/1/6
f 332/3/1 580/2/1 330/1/1
f 580/3/1 332/2/1 579/1/1
f 336/3/2 332/2/2 330/1/2
f 332/3/2 336/2/2 335/1/2
f 1137/5/3 580/476/3 579/5/3
f 580/476/3 1137/5/3 1138/1004/3
f 1137/5/4 336/268/4 1138/1005/4
f 336/268/4 1137/5/4 335/5/4
f 336/270/5 580/479/5 1138/1006/5
f 580/479/5 336/270/5 330/5/5
f 332/2/6 1137/3/6 579/11/6
f 1137/3/6 332/2/6 335/1/6
f 1141/3/1 1140/2/1 1139/1/1
f 1140/3/1 1141/2/1 1142/1/1
f 1143/3/2 1141/2/2 1139/1/2
f 1141/3/2 1143/2/2 1144/1/2
f 1145/5/3 1140/5/3 1142/1007/3
f 1140/5/3 1145/5/3 1146/1008/3
f 1145/5/4 1143/5/4 1146/1009/4
f 1143/5/4 1145/5/4 1144/1010/4
f 1143/5/5 1140/5/5 1146/1011/5
f 1140/5/5 1143/5/5 1139/1012/5
f 1141/2/6 1145/3/6 1142/11/6
f 1145/3/6 1141/2/6 1144/1/6
f 1067/3/1 1147/2/1 1068/1/1
f 1147/3/1 1067/2/1 1148/1/1
f 1069/3/2 1067/2/2 1068/1/2
f 1067/3/2 1069/2/2 1071/1/2
f 1072/916/3 1147/5/3 1148/1013/3
f 1147/5/3 1072/916/3 1070/5/3
f 1072/5/4 1069/5/4 1070/1014/4
f 1069/5/4 1072/5/4 1071/1015/4
f 1069/919/5 1147/5/5 1070/5/5
f 1147/5/5 1069/919/5 1068/914/5
f 1067/2/6 1072/3/6 1148/11/6
f 1072/3/6 1067/2/6 1071/1/6
f 426/3/1 428/2/1 425/1/1
f 428/3/1 426/2/1 427/1/1
f 1149/3/2 426/2/2 425/1/2
f 426/3/2 1149/2/2 1150/1/2
f 1151/5/3 428/338/3 427/5/3
f 428/338/3 1151/5/3 1152/1016/3
f 1151/5/4 1149/5/4 1152/1017/4
f 1149/5/4 1151/5/4 1150/1018/4
f 1149/5/5 428/341/5 1152/1019/5
f 428/341/5 1149/5/5 425/5/5
f 426/2/6 1151/3/6 427/11/6
f 1151/3/6 426/2/6 1150/1/6
f 562/3/1 976/2/1 561/1/1
f 976/3/1 562/2/1 975/1/1
f 566/3/2 562/2/2 561/1/2
f 562/3/2 566/2/2 565/1/2
f 978/830/3 976/826/3 975/5/3
f 976/826/3 978/830/3 977/5/3
f 978/5/4 566/463/4 977/1020/4
f 566/463/4 978/5/4 565/5/4
f 566/465/5 976/829/5 977/5/5
f 976/829/5 566/465/5 561/5/5
f 562/2/6 978/3/6 975/11/6
f 978/3/6 562/2/6 565/1/6
f 570/3/1 980/2/1 568/1/1
f 980/3/1 570/2/1 979/1/1
f 574/3/2 570/2/2 568/1/2
f 570/3/2 574/2/2 573/1/2
f 982/835/3 980/831/3 979/5/3
f 980/831/3 982/835/3 981/5/3
f 982/5/4 574/468/4 981/1021/4
f 574/468/4 982/5/4 573/5/4
f 574/470/5 980/834/5 981/5/5
f 980/834/5 574/470/5 568/5/5
f 570/2/6 982/3/6 979/11/6
f 982/3/6 570/2/6 573/1/6
f 1155/3/1 1154/2/1 1153/1/1
f 1154/3/1 1155/2/1 1156/1/1
f 1157/3/2 1155/2/2 1153/1/2
f 1155/3/2 1157/2/2 1158/1/2
f 1159/5/3 1154/5/3 1156/1022/3
f 1154/5/3 1159/5/3 1160/1023/3
f 1159/5/4 1157/5/4 1160/1024/4
f 1157/5/4 1159/5/4 1158/1025/4
f 1157/5/5 1154/5/5 1160/1026/5
f 1154/5/5 1157/5/5 1153/1027/5
f 1155/2/6 1159/3/6 1156/11/6
f 1159/3/6 1155/2/6 1158/1/6

usemtl color14

f 518/3/1 520/2/1 517/1/1
f 520/3/1 518/2/1 519/1/1
f 1161/3/2 518/2/2 517/1/2
f 518/3/2 1161/2/2 1162/1/2
f 534/5/3 520/418/3 519/5/3
f 520/418/3 534/5/3 533/1028/3
f 534/435/4 1161/5/4 533/5/4
f 1161/5/4 534/435/4 1162/1029/4
f 1161/5/5 520/421/5 533/5/5
f 520/421/5 1161/5/5 517/5/5
f 518/2/6 534/3/6 519/11/6
f 534/3/6 518/2/6 1162/1/6
f 1165/3/1 1164/2/1 1163/1/1
f 1164/3/1 1165/2/1 1166/1/1
f 1167/3/2 1165/2/2 1163/1/2
f 1165/3/2 1167/2/2 1168/1/2
f 1169/5/3 1164/5/3 1166/1030/3
f 1164/5/3 1169/5/3 1170/1031/3
f 1169/5/4 1167/5/4 1170/1032/4
f 1167/5/4 1169/5/4 1168/1033/4
f 1167/5/5 1164/5/5 1170/1034/5
f 1164/5/5 1167/5/5 1163/1035/5
f 1165/2/6 1169/3/6 1166/11/6
f 1169/3/6 1165/2/6 1168/1/6
f 532/3/1 329/2/1 531/1/1
f 329/3/1 532/2/1 331/1/1
f 536/3/2 532/2/2 531/1/2
f 532/3/2 536/2/2 535/1/2
f 334/5/3 329/5/3 331/1036/3
f 329/5/3 334/5/3 333/1037/3
f 334/269/4 536/434/4 333/5/4
f 536/434/4 334/269/4 535/5/4
f 536/436/5 329/271/5 333/5/5
f 329/271/5 536/436/5 531/5/5
f 532/2/6 334/3/6 331/11/6
f 334/3/6 532/2/6 535/1/6
f 538/3/1 345/2/1 537/1/1
f 345/3/1 538/2/1 347/1/1
f 542/3/2 538/2/2 537/1/2
f 538/3/2 542/2/2 541/1/2
f 350/5/3 345/5/3 347/1038/3
f 345/5/3 350/5/3 349/1039/3
f 350/281/4 542/439/4 349/5/4
f 542/439/4 350/281/4 541/5/4
f 542/441/5 345/283/5 349/5/5
f 345/283/5 542/441/5 537/5/5
f 538/2/6 350/3/6 347/11/6
f 350/3/6 538/2/6 541/1/6
f 1173/3/1 1172/2/1 1171/1/1
f 1172/3/1 1173/2/1 1174/1/1
f 275/3/2 1173/2/2 1171/1/2
f 1173/3/2 275/2/2 277/1/2
f 278/225/3 1172/5/3 1174/1040/3
f 1172/5/3 278/225/3 276/5/3
f 278/5/4 275/5/4 276/1041/4
f 275/5/4 278/5/4 277/1042/4
f 275/230/5 1172/5/5 276/5/5
f 1172/5/5 275/230/5 1171/1043/5
f 1173/2/6 278/3/6 1174/11/6
f 278/3/6 1173/2/6 277/1/6
f 1176/3/1 1112/2/1 1175/1/1
f 1112/3/1 1176/2/1 1111/1/1
f 1177/3/2 1176/2/2 1175/1/2
f 1176/3/2 1177/2/2 1178/1/2
f 331/1036/3 1112/967/3 1111/5/3
f 1112/967/3 331/1036/3 329/5/3
f 331/666/4 1177/5/4 329/5/4
f 1177/5/4 331/666/4 1178/1044/4
f 1177/5/5 1112/970/5 329/271/5
f 1112/970/5 1177/5/5 1175/1045/5
f 1176/2/6 331/3/6 1111/11/6
f 331/3/6 1176/2/6 1178/1/6
f 1180/3/1 333/2/1 1179/1/1
f 333/3/1 1180/2/1 334/1/1
f 1181/3/2 1180/2/2 1179/1/2
f 1180/3/2 1181/2/2 1182/1/2
f 1183/5/3 333/1037/3 334/5/3
f 333/1037/3 1183/5/3 1184/1046/3
f 1183/5/4 1181/5/4 1184/1047/4
f 1181/5/4 1183/5/4 1182/1048/4
f 1181/5/5 333/5/5 1184/1049/5
f 333/5/5 1181/5/5 1179/1050/5
f 1180/2/6 1183/3/6 334/11/6
f 1183/3/6 1180/2/6 1182/1/6
f 1187/3/1 1186/2/1 1185/1/1
f 1186/3/1 1187/2/1 1188/1/1
f 1189/3/2 1187/2/2 1185/1/2
f 1187/3/2 1189/2/2 1190/1/2
f 1191/5/3 1186/5/3 1188/1051/3
f 1186/5/3 1191/5/3 1192/1052/3
f 1191/5/4 1189/5/4 1192/1053/4
f 1189/5/4 1191/5/4 1190/1054/4
f 1189/5/5 1186/5/5 1192/1055/5
f 1186/5/5 1189/5/5 1185/1056/5
f 1187/2/6 1191/3/6 1188/11/6
f 1191/3/6 1187/2/6 1190/1/6
f 1195/3/1 1194/2/1 1193/1/1
f 1194/3/1 1195/2/1 1196/1/1
f 1172/3/2 1195/2/2 1193/1/2
f 1195/3/2 1172/2/2 1174/1/2
f 1197/5/3 1194/5/3 1196/1057/3
f 1194/5/3 1197/5/3 1198/1058/3
f 1197/5/4 1172/5/4 1198/1059/4
f 1172/5/4 1197/5/4 1174/1060/4
f 1172/5/5 1194/5/5 1198/1061/5
f 1194/5/5 1172/5/5 1193/1062/5
f 1195/2/6 1197/3/6 1196/11/6
f 1197/3/6 1195/2/6 1174/1/6
f 1201/3/1 1200/2/1 1199/1/1
f 1200/3/1 1201/2/1 1202/1/1
f 1203/3/2 1201/2/2 1199/1/2
f 1201/3/2 1203/2/2 1204/1/2
f 1205/5/3 1200/5/3 1202/1063/3
f 1200/5/3 1205/5/3 1206/1064/3
f 1205/5/4 1203/5/4 1206/1065/4
f 1203/5/4 1205/5/4 1204/1066/4
f 1203/5/5 1200/5/5 1206/1067/5
f 1200/5/5 1203/5/5 1199/1068/5
f 1201/2/6 1205/3/6 1202/11/6
f 1205/3/6 1201/2/6 1204/1/6
f 1209/3/1 1208/2/1 1207/1/1
f 1208/3/1 1209/2/1 1210/1/1
f 1211/3/2 1209/2/2 1207/1/2
f 1209/3/2 1211/2/2 1212/1/2
f 1213/5/3 1208/5/3 1210/1069/3
f 1208/5/3 1213/5/3 1214/1070/3
f 1213/5/4 1211/5/4 1214/1071/4
f 1211/5/4 1213/5/4 1212/1072/4
f 1211/5/5 1208/5/5 1214/1073/5
f 1208/5/5 1211/5/5 1207/1074/5
f 1209/2/6 1213/3/6 1210/11/6
f 1213/3/6 1209/2/6 1212/1/6
f 1217/3/1 1216/2/1 1215/1/1
f 1216/3/1 1217/2/1 1218/1/1
f 377/3/2 1217/2/2 1215/1/2
f 1217/3/2 377/2/2 379/1/2
f 380/302/3 1216/5/3 1218/1075/3
f 1216/5/3 380/302/3 378/5/3
f 380/5/4 377/5/4 378/1076/4
f 377/5/4 380/5/4 379/1077/4
f 377/307/5 1216/5/5 378/5/5
f 1216/5/5 377/307/5 1215/1078/5
f 1217/2/6 380/3/6 1218/11/6
f 380/3/6 1217/2/6 379/1/6

usemtl color9

f 1220/3/1 127/2/1 1219/1/1
f 127/3/1 1220/2/1 129/1/1
f 453/3/2 1220/2/2 1219/1/2
f 1220/3/2 453/2/2 454/1/2
f 132/365/3 127/5/3 129/1079/3
f 127/5/3 132/365/3 131/5/3
f 132/105/4 453/5/4 131/5/4
f 453/5/4 132/105/4 454/1080/4
f 453/370/5 127/107/5 131/5/5
f 127/107/5 453/370/5 1219/1081/5
f 1220/2/6 132/3/6 129/11/6
f 132/3/6 1220/2/6 454/1/6
f 457/3/1 1221/2/1 458/1/1
f 1221/3/1 457/2/1 1222/1/1
f 459/3/2 457/2/2 458/1/2
f 457/3/2 459/2/2 461/1/2
f 462/371/3 1221/5/3 1222/1082/3
f 1221/5/3 462/371/3 460/5/3
f 462/5/4 459/5/4 460/1083/4
f 459/5/4 462/5/4 461/1084/4
f 459/376/5 1221/5/5 460/5/5
f 1221/5/5 459/376/5 458/369/5
f 457/2/6 462/3/6 1222/11/6
f 462/3/6 457/2/6 461/1/6
f 1225/3/1 1224/2/1 1223/1/1
f 1224/3/1 1225/2/1 1226/1/1
f 466/3/2 1225/2/2 1223/1/2
f 1225/3/2 466/2/2 465/1/2
f 1227/5/3 1224/5/3 1226/1085/3
f 1224/5/3 1227/5/3 1228/1086/3
f 1227/5/4 466/373/4 1228/1087/4
f 466/373/4 1227/5/4 465/5/4
f 466/375/5 1224/5/5 1228/1088/5
f 1224/5/5 466/375/5 1223/1089/5
f 1225/2/6 1227/3/6 1226/11/6
f 1227/3/6 1225/2/6 465/1/6
f 1231/3/1 1230/2/1 1229/1/1
f 1230/3/1 1231/2/1 1232/1/1
f 913/3/2 1231/2/2 1229/1/2
f 1231/3/2 913/2/2 914/1/2
f 1233/5/3 1230/5/3 1232/1090/3
f 1230/5/3 1233/5/3 1234/1091/3
f 1233/5/4 913/5/4 1234/1092/4
f 913/5/4 1233/5/4 914/1093/4
f 913/5/5 1230/5/5 1234/1094/5
f 1230/5/5 913/5/5 1229/1095/5
f 1231/2/6 1233/3/6 1232/11/6
f 1233/3/6 1231/2/6 914/1/6
f 1236/3/1 935/2/1 1235/1/1
f 935/3/1 1236/2/1 937/1/1
f 1237/3/2 1236/2/2 1235/1/2
f 1236/3/2 1237/2/2 1238/1/2
f 940/5/3 935/5/3 937/1096/3
f 935/5/3 940/5/3 939/1097/3
f 940/799/4 1237/5/4 939/5/4
f 1237/5/4 940/799/4 1238/1098/4
f 1237/5/5 935/801/5 939/5/5
f 935/801/5 1237/5/5 1235/1099/5
f 1236/2/6 940/3/6 937/11/6
f 940/3/6 1236/2/6 1238/1/6
f 1240/3/1 943/2/1 1239/1/1
f 943/3/1 1240/2/1 945/1/1
f 1241/3/2 1240/2/2 1239/1/2
f 1240/3/2 1241/2/2 1242/1/2
f 948/5/3 943/5/3 945/1100/3
f 943/5/3 948/5/3 947/1101/3
f 948/805/4 1241/5/4 947/5/4
f 1241/5/4 948/805/4 1242/1102/4
f 1241/5/5 943/807/5 947/5/5
f 943/807/5 1241/5/5 1239/1103/5
f 1240/2/6 948/3/6 945/11/6
f 948/3/6 1240/2/6 1242/1/6
f 1244/3/1 951/2/1 1243/1/1
f 951/3/1 1244/2/1 953/1/1
f 1245/3/2 1244/2/2 1243/1/2
f 1244/3/2 1245/2/2 1246/1/2
f 956/5/3 951/5/3 953/1104/3
f 951/5/3 956/5/3 955/1105/3
f 956/811/4 1245/5/4 955/5/4
f 1245/5/4 956/811/4 1246/1106/4
f 1245/5/5 951/813/5 955/5/5
f 951/813/5 1245/5/5 1243/1107/5
f 1244/2/6 956/3/6 953/11/6
f 956/3/6 1244/2/6 1246/1/6
f 1248/3/1 959/2/1 1247/1/1
f 959/3/1 1248/2/1 961/1/1
f 1249/3/2 1248/2/2 1247/1/2
f 1248/3/2 1249/2/2 1250/1/2
f 964/5/3 959/5/3 961/1108/3
f 959/5/3 964/5/3 963/1109/3
f 964/817/4 1249/5/4 963/5/4
f 1249/5/4 964/817/4 1250/1110/4
f 1249/5/5 959/819/5 963/5/5
f 959/819/5 1249/5/5 1247/1111/5
f 1248/2/6 964/3/6 961/11/6
f 964/3/6 1248/2/6 1250/1/6
f 1252/3/1 967/2/1 1251/1/1
f 967/3/1 1252/2/1 969/1/1
f 1253/3/2 1252/2/2 1251/1/2
f 1252/3/2 1253/2/2 1254/1/2
f 972/5/3 967/5/3 969/1112/3
f 967/5/3 972/5/3 971/1113/3
f 972/823/4 1253/5/4 971/5/4
f 1253/5/4 972/823/4 1254/1114/4
f 1253/5/5 967/825/5 971/5/5
f 967/825/5 1253/5/5 1251/1115/5
f 1252/2/6 972/3/6 969/11/6
f 972/3/6 1252/2/6 1254/1/6
f 1257/3/1 1256/2/1 1255/1/1
f 1256/3/1 1257/2/1 1258/1/1
f 1259/3/2 1257/2/2 1255/1/2
f 1257/3/2 1259/2/2 1260/1/2
f 1261/5/3 1256/5/3 1258/1116/3
f 1256/5/3 1261/5/3 1262/1117/3
f 1261/5/4 1259/5/4 1262/1118/4
f 1259/5/4 1261/5/4 1260/1119/4
f 1259/5/5 1256/5/5 1262/1120/5
f 1256/5/5 1259/5/5 1255/1121/5
f 1257/2/6 1261/3/6 1258/11/6
f 1261/3/6 1257/2/6 1260/1/6

usemtl color1

f 682/3/1 137/2/1 681/1/1
f 137/3/1 682/2/1 138/1/1
f 683/3/2 682/2/2 681/1/2
f 682/3/2 683/2/2 685/1/2
f 732/5/3 137/572/3 138/5/3
f 137/572/3 732/5/3 731/1122/3
f 732/611/4 683/5/4 731/5/4
f 683/5/4 732/611/4 685/1123/4
f 683/579/5 137/5/5 731/5/5
f 137/5/5 683/579/5 681/5/5
f 682/2/6 732/3/6 138/11/6
f 732/3/6 682/2/6 685/1/6
f 688/3/1 733/2/1 687/1/1
f 733/3/1 688/2/1 734/1/1
f 691/3/2 688/2/2 687/1/2
f 688/3/2 691/2/2 693/1/2
f 736/5/3 733/5/3 734/1124/3
f 733/5/3 736/5/3 735/1125/3
f 736/613/4 691/5/4 735/5/4
f 691/5/4 736/613/4 693/1126/4
f 691/582/5 733/614/5 735/5/5
f 733/614/5 691/582/5 687/5/5
f 688/2/6 736/3/6 734/11/6
f 736/3/6 688/2/6 693/1/6
f 696/3/1 141/2/1 695/1/1
f 141/3/1 696/2/1 143/1/1
f 111/3/2 696/2/2 695/1/2
f 696/3/2 111/2/2 113/1/2
f 114/90/3 141/5/3 143/1127/3
f 141/5/3 114/90/3 112/5/3
f 114/116/4 111/5/4 112/5/4
f 111/5/4 114/116/4 113/1128/4
f 111/95/5 141/118/5 112/5/5
f 141/118/5 111/95/5 695/5/5
f 696/2/6 114/3/6 143/11/6
f 114/3/6 696/2/6 113/1/6
f 906/3/1 908/2/1 905/1/1
f 908/3/1 906/2/1 907/1/1
f 1263/3/2 906/2/2 905/1/2
f 906/3/2 1263/2/2 1264/1/2
f 1265/5/3 908/770/3 907/5/3
f 908/770/3 1265/5/3 1266/1129/3
f 1265/5/4 1263/5/4 1266/1130/4
f 1263/5/4 1265/5/4 1264/1131/4
f 1263/5/5 908/773/5 1266/1132/5
f 908/773/5 1263/5/5 905/5/5
f 906/2/6 1265/3/6 907/11/6
f 1265/3/6 906/2/6 1264/1/6
f 1269/3/1 1268/2/1 1267/1/1
f 1268/3/1 1269/2/1 1270/1/1
f 1271/3/2 1269/2/2 1267/1/2
f 1269/3/2 1271/2/2 1272/1/2
f 1273/5/3 1268/5/3 1270/1133/3
f 1268/5/3 1273/5/3 1274/1134/3
f 1273/5/4 1271/5/4 1274/1135/4
f 1271/5/4 1273/5/4 1272/1136/4
f 1271/5/5 1268/5/5 1274/1137/5
f 1268/5/5 1271/5/5 1267/1138/5
f 1269/2/6 1273/3/6 1270/11/6
f 1273/3/6 1269/2/6 1272/1/6
f 1277/3/1 1276/2/1 1275/1/1
f 1276/3/1 1277/2/1 1278/1/1
f 1279/3/2 1277/2/2 1275/1/2
f 1277/3/2 1279/2/2 1280/1/2
f 1281/5/3 1276/5/3 1278/1139/3
f 1276/5/3 1281/5/3 1282/1140/3
f 1281/5/4 1279/5/4 1282/1141/4
f 1279/5/4 1281/5/4 1280/1142/4
f 1279/5/5 1276/5/5 1282/1143/5
f 1276/5/5 1279/5/5 1275/1144/5
f 1277/2/6 1281/3/6 1278/11/6
f 1281/3/6 1277/2/6 1280/1/6
f 1285/3/1 1284/2/1 1283/1/1
f 1284/3/1 1285/2/1 1286/1/1
f 1276/3/2 1285/2/2 1283/1/2
f 1285/3/2 1276/2/2 1278/1/2
f 1287/5/3 1284/5/3 1286/1145/3
f 1284/5/3 1287/5/3 1288/1146/3
f 1287/5/4 1276/5/4 1288/1147/4
f 1276/5/4 1287/5/4 1278/1148/4
f 1276/5/5 1284/5/5 1288/1149/5
f 1284/5/5 1276/5/5 1283/1150/5
f 1285/2/6 1287/3/6 1286/11/6
f 1287/3/6 1285/2/6 1278/1/6
f 1281/3/1 1289/2/1 1282/1/1
f 1289/3/1 1281/2/1 1290/1/1
f 1291/3/2 1281/2/2 1282/1/2
f 1281/3/2 1291/2/2 1292/1/2
f 1293/5/3 1289/5/3 1290/1151/3
f 1289/5/3 1293/5/3 1294/1152/3
f 1293/5/4 1291/5/4 1294/1153/4
f 1291/5/4 1293/5/4 1292/1154/4
f 1291/5/5 1289/5/5 1294/1155/5
f 1289/5/5 1291/5/5 1282/1143/5
f 1281/2/6 1293/3/6 1290/11/6
f 1293/3/6 1281/2/6 1292/1/6
f 1297/3/1 1296/2/1 1295/1/1
f 1296/3/1 1297/2/1 1298/1/1
f 1289/3/2 1297/2/2 1295/1/2
f 1297/3/2 1289/2/2 1290/1/2
f 1299/5/3 1296/5/3 1298/1156/3
f 1296/5/3 1299/5/3 1300/1157/3
f 1299/5/4 1289/5/4 1300/1158/4
f 1289/5/4 1299/5/4 1290/1159/4
f 1289/5/5 1296/5/5 1300/1160/5
f 1296/5/5 1289/5/5 1295/1161/5
f 1297/2/6 1299/3/6 1298/11/6
f 1299/3/6 1297/2/6 1290/1/6
f 814/3/1 816/2/1 813/1/1
f 816/3/1 814/2/1 815/1/1
f 919/3/2 814/2/2 813/1/2
f 814/3/2 919/2/2 921/1/2
f 922/784/3 816/679/3 815/5/3
f 816/679/3 922/784/3 920/5/3
f 922/5/4 919/5/4 920/1162/4
f 919/5/4 922/5/4 921/1163/4
f 919/789/5 816/682/5 920/5/5
f 816/682/5 919/789/5 813/5/5
f 814/2/6 922/3/6 815/11/6
f 922/3/6 814/2/6 921/1/6
f 924/3/1 926/2/1 923/1/1
f 926/3/1 924/2/1 925/1/1
f 927/3/2 924/2/2 923/1/2
f 924/3/2 927/2/2 929/1/2
f 930/790/3 926/785/3 925/5/3
f 926/785/3 930/790/3 928/5/3
f 930/5/4 927/5/4 928/1164/4
f 927/5/4 930/5/4 929/1165/4
f 927/795/5 926/788/5 928/5/5
f 926/788/5 927/795/5 923/5/5
f 924/2/6 930/3/6 925/11/6
f 930/3/6 924/2/6 929/1/6

usemtl color12

f 1264/3/1 1266/2/1 1263/1/1
f 1266/3/1 1264/2/1 1265/1/1
f 1267/3/2 1264/2/2 1263/1/2
f 1264/3/2 1267/2/2 1269/1/2
f 1270/1133/3 1266/1129/3 1265/5/3
f 1266/1129/3 1270/1133/3 1268/5/3
f 1270/5/4 1267/5/4 1268/1166/4
f 1267/5/4 1270/5/4 1269/1167/4
f 1267/1138/5 1266/1132/5 1268/5/5
f 1266/1132/5 1267/1138/5 1263/5/5
f 1264/2/6 1270/3/6 1265/11/6
f 1270/3/6 1264/2/6 1269/1/6
f 1272/3/1 1274/2/1 1271/1/1
f 1274/3/1 1272/2/1 1273/1/1
f 1301/3/2 1272/2/2 1271/1/2
f 1272/3/2 1301/2/2 1302/1/2
f 1303/5/3 1274/1134/3 1273/5/3
f 1274/1134/3 1303/5/3 1304/1168/3
f 1303/5/4 1301/5/4 1304/1169/4
f 1301/5/4 1303/5/4 1302/1170/4
f 1301/5/5 1274/1137/5 1304/1171/5
f 1274/1137/5 1301/5/5 1271/5/5
f 1272/2/6 1303/3/6 1273/11/6
f 1303/3/6 1272/2/6 1302/1/6
f 1307/3/1 1306/2/1 1305/1/1
f 1306/3/1 1307/2/1 1308/1/1
f 1309/3/2 1307/2/2 1305/1/2
f 1307/3/2 1309/2/2 1310/1/2
f 1311/5/3 1306/5/3 1308/1172/3
f 1306/5/3 1311/5/3 1312/1173/3
f 1311/5/4 1309/5/4 1312/1174/4
f 1309/5/4 1311/5/4 1310/1175/4
f 1309/5/5 1306/5/5 1312/1176/5
f 1306/5/5 1309/5/5 1305/1177/5
f 1307/2/6 1311/3/6 1308/11/6
f 1311/3/6 1307/2/6 1310/1/6
f 1315/3/1 1314/2/1 1313/1/1
f 1314/3/1 1315/2/1 1316/1/1
f 1317/3/2 1315/2/2 1313/1/2
f 1315/3/2 1317/2/2 1318/1/2
f 1319/5/3 1314/5/3 1316/1178/3
f 1314/5/3 1319/5/3 1320/1179/3
f 1319/5/4 1317/5/4 1320/1180/4
f 1317/5/4 1319/5/4 1318/1181/4
f 1317/5/5 1314/5/5 1320/1182/5
f 1314/5/5 1317/5/5 1313/1183/5
f 1315/2/6 1319/3/6 1316/11/6
f 1319/3/6 1315/2/6 1318/1/6
f 1323/3/1 1322/2/1 1321/1/1
f 1322/3/1 1323/2/1 1324/1/1
f 1325/3/2 1323/2/2 1321/1/2
f 1323/3/2 1325/2/2 1326/1/2
f 1327/5/3 1322/5/3 1324/1184/3
f 1322/5/3 1327/5/3 1328/1185/3
f 1327/5/4 1325/5/4 1328/1186/4
f 1325/5/4 1327/5/4 1326/1187/4
f 1325/5/5 1322/5/5 1328/1188/5
f 1322/5/5 1325/5/5 1321/1189/5
f 1323/2/6 1327/3/6 1324/11/6
f 1327/3/6 1323/2/6 1326/1/6
f 932/3/1 934/2/1 931/1/1
f 934/3/1 932/2/1 933/1/1
f 1329/3/2 932/2/2 931/1/2
f 932/3/2 1329/2/2 1330/1/2
f 1331/5/3 934/791/3 933/5/3
f 934/791/3 1331/5/3 1332/1190/3
f 1331/5/4 1329/5/4 1332/1191/4
f 1329/5/4 1331/5/4 1330/1192/4
f 1329/5/5 934/794/5 1332/1193/5
f 934/794/5 1329/5/5 931/5/5
f 932/2/6 1331/3/6 933/11/6
f 1331/3/6 932/2/6 1330/1/6

usemtl color17

f 1335/3/1 1334/2/1 1333/1/1
f 1334/3/1 1335/2/1 1336/1/1
f 1337/3/2 1335/2/2 1333/1/2
f 1335/3/2 1337/2/2 1338/1/2
f 1339/5/3 1334/5/3 1336/1194/3
f 1334/5/3 1339/5/3 1340/1195/3
f 1339/5/4 1337/5/4 1340/1196/4
f 1337/5/4 1339/5/4 1338/1197/4
f 1337/5/5 1334/5/5 1340/1198/5
f 1334/5/5 1337/5/5 1333/1199/5
f 1335/2/6 1339/3/6 1336/11/6
f 1339/3/6 1335/2/6 1338/1/6

usemtl color15

f 1286/3/1 1341/2/1 1284/1/1
f 1341/3/1 1286/2/1 1342/1/1
f 1288/3/2 1286/2/2 1284/1/2
f 1286/3/2 1288/2/2 1287/1/2
f 1297/5/3 1341/5/3 1342/1200/3
f 1341/5/3 1297/5/3 1295/1201/3
f 1297/5/4 1288/1147/4 1295/1202/4
f 1288/1147/4 1297/5/4 1287/5/4
f 1288/1149/5 1341/5/5 1295/1161/5
f 1341/5/5 1288/1149/5 1284/5/5
f 1286/2/6 1297/3/6 1342/11/6
f 1297/3/6 1286/2/6 1287/1/6

usemtl color11

f 1344/3/1 1259/2/1 1343/1/1
f 1259/3/1 1344/2/1 1260/1/1
f 1224/3/2 1344/2/2 1343/1/2
f 1344/3/2 1224/2/2 1226/1/2
f 1345/5/3 1259/5/3 1260/1203/3
f 1259/5/3 1345/5/3 1346/1204/3
f 1345/5/4 1224/5/4 1346/1205/4
f 1224/5/4 1345/5/4 1226/1206/4
f 1224/5/5 1259/5/5 1346/1207/5
f 1259/5/5 1224/5/5 1343/1208/5
f 1344/2/6 1345/3/6 1260/11/6
f 1345/3/6 1344/2/6 1226/1/6

usemtl color8

f 1232/3/1 151/2/1 1230/1/1
f 151/3/1 1232/2/1 153/1/1
f 1234/3/2 1232/2/2 1230/1/2
f 1232/3/2 1234/2/2 1233/1/2
f 156/5/3 151/5/3 153/1209/3
f 151/5/3 156/5/3 155/1210/3
f 156/127/4 1234/1092/4 155/5/4
f 1234/1092/4 156/127/4 1233/5/4
f 1234/1094/5 151/129/5 155/5/5
f 151/129/5 1234/1094/5 1230/5/5
f 1232/2/6 156/3/6 153/11/6
f 156/3/6 1232/2/6 1233/1/6
f 156/3/1 158/2/1 155/1/1
f 158/3/1 156/2/1 157/1/1
f 1255/3/2 156/2/2 155/1/2
f 156/3/2 1255/2/2 1257/1/2
f 1258/1116/3 158/125/3 157/5/3
f 158/125/3 1258/1116/3 1256/5/3
f 1258/5/4 1255/5/4 1256/1211/4
f 1255/5/4 1258/5/4 1257/1212/4
f 1255/1121/5 158/128/5 1256/5/5
f 158/128/5 1255/1121/5 155/5/5
f 156/2/6 1258/3/6 157/11/6
f 1258/3/6 156/2/6 1257/1/6

usemtl color13

f 1349/3/1 1348/2/1 1347/1/1
f 1348/3/1 1349/2/1 1350/1/1
f 1351/3/2 1349/2/2 1347/1/2
f 1349/3/2 1351/2/2 1352/1/2
f 1353/5/3 1348/5/3 1350/1213/3
f 1348/5/3 1353/5/3 1354/1214/3
f 1353/5/4 1351/5/4 1354/1215/4
f 1351/5/4 1353/5/4 1352/1216/4
f 1351/5/5 1348/5/5 1354/1217/5
f 1348/5/5 1351/5/5 1347/1218/5
f 1349/2/6 1353/3/6 1350/11/6
f 1353/3/6 1349/2/6 1352/1/6
f 1357/3/1 1356/2/1 1355/1/1
f 1356/3/1 1357/2/1 1358/1/1
f 1359/3/2 1357/2/2 1355/1/2
f 1357/3/2 1359/2/2 1360/1/2
f 1361/5/3 1356/5/3 1358/1219/3
f 1356/5/3 1361/5/3 1362/1220/3
f 1361/5/4 1359/5/4 1362/1221/4
f 1359/5/4 1361/5/4 1360/1222/4
f 1359/5/5 1356/5/5 1362/1223/5
f 1356/5/5 1359/5/5 1355/1224/5
f 1357/2/6 1361/3/6 1358/11/6
f 1361/3/6 1357/2/6 1360/1/6
f 1365/3/1 1364/2/1 1363/1/1
f 1364/3/1 1365/2/1 1366/1/1
f 1367/3/2 1365/2/2 1363/1/2
f 1365/3/2 1367/2/2 1368/1/2
f 1369/5/3 1364/5/3 1366/1225/3
f 1364/5/3 1369/5/3 1370/1226/3
f 1369/5/4 1367/5/4 1370/1227/4
f 1367/5/4 1369/5/4 1368/1228/4
f 1367/5/5 1364/5/5 1370/1229/5
f 1364/5/5 1367/5/5 1363/1230/5
f 1365/2/6 1369/3/6 1366/11/6
f 1369/3/6 1365/2/6 1368/1/6
f 1373/3/1 1372/2/1 1371/1/1
f 1372/3/1 1373/2/1 1374/1/1
f 1375/3/2 1373/2/2 1371/1/2
f 1373/3/2 1375/2/2 1376/1/2
f 1377/5/3 1372/5/3 1374/1231/3
f 1372/5/3 1377/5/3 1378/1232/3
f 1377/5/4 1375/5/4 1378/1233/4
f 1375/5/4 1377/5/4 1376/1234/4
f 1375/5/5 1372/5/5 1378/1235/5
f 1372/5/5 1375/5/5 1371/1236/5
f 1373/2/6 1377/3/6 1374/11/6
f 1377/3/6 1373/2/6 1376/1/6
f 1381/3/1 1380/2/1 1379/1/1
f 1380/3/1 1381/2/1 1382/1/1
f 591/3/2 1381/2/2 1379/1/2
f 1381/3/2 591/2/2 593/1/2
f 594/490/3 1380/5/3 1382/1237/3
f 1380/5/3 594/490/3 592/5/3
f 594/5/4 591/5/4 592/1238/4
f 591/5/4 594/5/4 593/1239/4
f 591/493/5 1380/5/5 592/5/5
f 1380/5/5 591/493/5 1379/1240/5
f 1381/2/6 594/3/6 1382/11/6
f 594/3/6 1381/2/6 593/1/6

