# Created by Kenney (www.kenney.nl)

mtllib Blaster Q6H Blewrath.mtl

v -1 10 -3
v -1 9 -3
v -1 10 3
v -1 9 3
v -2 10 -3
v -2 10 3
v -2 9 3
v -2 9 -3
v 15 9 -1
v 15 8 -1
v 15 9 1
v 15 8 1
v 13 9 -1
v 13 9 1
v 13 8 1
v 13 8 -1
v -1 9 -2.5
v -1 8 -2.5
v -1 9 2.5
v -1 8 2.5
v -2 9 -2.5
v -2 9 2.5
v -2 8 2.5
v -2 8 -2.5
v -2 8 -3
v -2 8 3
v -3 9 -3
v -3 9 3
v -3 8 3
v -3 8 -3
v 16 8 -1
v 16 6 -1
v 16 8 1
v 16 6 1
v 15 6 1
v 15 6 -1
v 13 7 -1
v 13 7 1
v 12 8 -1
v 12 8 1
v 12 7 1
v 12 7 -1
v 17 6 -1
v 17 3 -1
v 17 6 1
v 17 3 1
v 16 3 1
v 16 3 -1
v 7 6 -1.5
v 7 5 -1.5
v 7 6 1.5
v 7 5 1.5
v 6 6 -1.5
v 6 6 1.5
v 6 5 1.5
v 6 5 -1.5
v 16 5 -0.5
v 16 4 -0.5
v 16 5 0.5
v 16 4 0.5
v 15 5 -0.5
v 15 5 0.5
v 15 4 0.5
v 15 4 -0.5
v -9 5 -1
v -9 4 -1
v -9 5 1
v -9 4 1
v -11 5 -1
v -11 5 1
v -11 4 1
v -11 4 -1
v 15 3 -0.5
v 15 3 0.5
v 14 4 -0.5
v 14 4 0.5
v 14 3 0.5
v 14 3 -0.5
v 6 4 -2
v 6 3 -2
v 6 4 2
v 6 3 2
v 5 4 -2
v 5 4 2
v 5 3 2
v 5 3 -2
v 4 4 -2
v 4 3 -2
v 4 4 2
v 4 3 2
v 3 4 -2
v 3 4 2
v 3 3 2
v 3 3 -2
v 2 4 -2
v 2 3 -2
v 2 4 2
v 2 3 2
v 1 4 -2
v 1 4 2
v 1 3 2
v 1 3 -2
v -16 4 -1
v -16 3 -1
v -16 4 1
v -16 3 1
v -17 4 -1
v -17 4 1
v -17 3 1
v -17 3 -1
v 16 3 -1.5
v 16 2 -1.5
v 16 3 1.5
v 16 2 1.5
v 15 3 -1.5
v 15 3 1.5
v 15 2 1.5
v 15 2 -1.5
v 12 3 -2
v 12 2 -2
v 12 3 2
v 12 2 2
v 11 3 -2
v 11 3 2
v 11 2 2
v 11 2 -2
v -6 3 -2
v -6 2 -2
v -6 3 2
v -6 2 2
v -7 3 -2
v -7 3 2
v -7 2 2
v -7 2 -2
v -14 3 -1
v -14 2 -1
v -14 3 1
v -14 2 1
v -15 3 -1
v -15 3 1
v -15 2 1
v -15 2 -1
v -6 1 -3
v -6 0 -3
v -6 1 3
v -6 0 3
v -7 1 -3
v -7 1 3
v -7 0 3
v -7 0 -3
v -14 1 -2
v -14 0 -2
v -14 1 2
v -14 0 2
v -15 1 -2
v -15 1 2
v -15 0 2
v -15 0 -2
v -5 0 -3
v -5 -1 -3
v -5 0 3
v -5 -1 3
v -6 -1 3
v -6 -1 -3
v -13 0 -2.5
v -13 -1 -2.5
v -13 0 2.5
v -13 -1 2.5
v -14 0 -2.5
v -14 0 2.5
v -14 -1 2.5
v -14 -1 -2.5
v 16 -1 -1
v 16 -2 -1
v 16 -1 1
v 16 -2 1
v 15 -1 -1
v 15 -1 1
v 15 -2 1
v 15 -2 -1
v 3 -1 -3.5
v 3 -4 -3.5
v 3 -1 3.5
v 3 -4 3.5
v 2 -1 -3.5
v 2 -1 3.5
v 2 -4 3.5
v 2 -4 -3.5
v 2 -2 -3.5
v 2 -2 3.5
v -4 -1 -3.5
v -4 -1 3.5
v -4 -2 3.5
v -4 -2 -3.5
v 15 -2 -2
v 15 -3 -2
v 15 -2 2
v 15 -3 2
v 14 -2 -2
v 14 -2 2
v 14 -3 2
v 14 -3 -2
v 0 -2 -3.5
v 0 -3 -3.5
v 0 -2 3.5
v 0 -3 3.5
v -1 -2 -3.5
v -1 -2 3.5
v -1 -3 3.5
v -1 -3 -3.5
v -3 -2 -3.5
v -3 -4 -3.5
v -3 -2 3.5
v -3 -4 3.5
v -5 -2 -3.5
v -5 -2 3.5
v -5 -4 3.5
v -5 -4 -3.5
v -6 -2 -3
v -6 -3 -3
v -6 -2 3
v -6 -3 3
v -7 -2 -3
v -7 -2 3
v -7 -3 3
v -7 -3 -3
v -14 -2 -2
v -14 -3 -2
v -14 -2 2
v -14 -3 2
v -15 -2 -2
v -15 -2 2
v -15 -3 2
v -15 -3 -2
v 18 -3 -1
v 18 -4 -1
v 18 -3 1
v 18 -4 1
v 17 -3 -1
v 17 -3 1
v 17 -4 1
v 17 -4 -1
v 14 -4 -2
v 14 -4 2
v 13 -3 -2
v 13 -3 2
v 13 -4 2
v 13 -4 -2
v 2 -3 -3.5
v 2 -3 3.5
v 0 -4 3.5
v 0 -4 -3.5
v -1 -4 -3.5
v -1 -4 3.5
v -3 -3 -3.5
v -3 -3 3.5
v 19 -4 -1
v 19 -5 -1
v 19 -4 1
v 19 -5 1
v 18 -5 1
v 18 -5 -1
v -5 -4 -3
v -5 -5 -3
v -5 -4 3
v -5 -5 3
v -6 -4 -3
v -6 -4 3
v -6 -5 3
v -6 -5 -3
v -6 -4 -2.5
v -6 -5 -2.5
v -6 -4 2.5
v -6 -5 2.5
v -7 -4 -2.5
v -7 -4 2.5
v -7 -5 2.5
v -7 -5 -2.5
v -14 -4 -1
v -14 -5 -1
v -14 -4 1
v -14 -5 1
v -15 -4 -1
v -15 -4 1
v -15 -5 1
v -15 -5 -1
v 4 -5 -2.5
v 4 -6 -2.5
v 4 -5 2.5
v 4 -6 2.5
v 3 -5 -2.5
v 3 -5 2.5
v 3 -6 2.5
v 3 -6 -2.5
v 2 -5 -2.5
v 2 -6 -2.5
v 2 -5 2.5
v 2 -6 2.5
v 0 -5 -2.5
v 0 -5 2.5
v 0 -6 2.5
v 0 -6 -2.5
v -1 -5 -2.5
v -1 -6 -2.5
v -1 -5 2.5
v -1 -6 2.5
v -3 -5 -2.5
v -3 -5 2.5
v -3 -6 2.5
v -3 -6 -2.5
v -4 -5 -2.5
v -4 -6 -2.5
v -4 -5 2.5
v -4 -6 2.5
v -6 -6 2.5
v -6 -6 -2.5
v -16 -5 -1
v -16 -6 -1
v -16 -5 1
v -16 -6 1
v -17 -5 -1
v -17 -5 1
v -17 -6 1
v -17 -6 -1
v -10 -6 -1
v -10 -7 -1
v -10 -6 1
v -10 -7 1
v -13 -6 -1
v -13 -6 1
v -13 -7 1
v -13 -7 -1
v -3 10 -3
v -3 10 3
v 15 7 -1
v 15 7 1
v 14 8 -1
v 14 8 1
v 14 7 1
v 14 7 -1
v 16 6 -0.5
v 16 6 0.5
v 15 6 -0.5
v 15 6 0.5
v 16 4 -1
v 16 4 1
v 15 4 -1
v 15 4 1
v 15 3 1
v 15 3 -1
v 3 0 -3
v 3 -1 -3
v 3 0 3
v 3 -1 3
v 2 0 -3
v 2 0 3
v 2 -1 3
v 2 -1 -3
v 6 -1 -2.5
v 6 -2 -2.5
v 6 -1 2.5
v 6 -2 2.5
v 5 -1 -2.5
v 5 -1 2.5
v 5 -2 2.5
v 5 -2 -2.5
v -4 -1 -3
v -4 -2 -3
v -4 -1 3
v -4 -2 3
v -5 -2 3
v -5 -2 -3
v 8 -3 -2.5
v 8 -4 -2.5
v 8 -3 2.5
v 8 -4 2.5
v 7 -3 -2.5
v 7 -3 2.5
v 7 -4 2.5
v 7 -4 -2.5
v 6 -3 -3
v 6 -4 -3
v 6 -3 3
v 6 -4 3
v 5 -3 -3
v 5 -3 3
v 5 -4 3
v 5 -4 -3
v 8 -5 -3
v 8 -6 -3
v 8 -5 3
v 8 -6 3
v 7 -5 -3
v 7 -5 3
v 7 -6 3
v 7 -6 -3
v 17 9 -0.5
v 17 7 -0.5
v 17 9 0.5
v 17 7 0.5
v 16 9 -0.5
v 16 9 0.5
v 16 7 0.5
v 16 7 -0.5
v 16 9 -1
v 16 9 1
v -1 8 -0.5
v -1 4 -0.5
v -1 8 0.5
v -1 4 0.5
v -2 8 -0.5
v -2 8 0.5
v -2 4 0.5
v -2 4 -0.5
v 9 5 -1.5
v 9 4 -1.5
v 9 5 1.5
v 9 4 1.5
v 6 4 1.5
v 6 4 -1.5
v 11 4 -1.5
v 11 3 -1.5
v 11 4 1.5
v 11 3 1.5
v 9 3 1.5
v 9 3 -1.5
v 9 4 -2
v 9 3 -2
v 9 4 2
v 9 3 2
v 8 4 -2
v 8 4 2
v 8 3 2
v 8 3 -2
v 7 4 -2
v 7 3 -2
v 7 4 2
v 7 3 2
v 17 2 -1
v 17 2 1
v 16 2 1
v 16 2 -1
v 14 3 -1.5
v 14 3 1.5
v 14 2 1.5
v 14 2 -1.5
v 14 3 -2
v 14 2 -2
v 14 3 2
v 14 2 2
v 10 3 -2
v 10 3 2
v 10 2 2
v 10 2 -2
v 4 0 -3
v 4 -1 -3
v 4 0 3
v 4 -1 3
v 4 -2 -3.5
v 4 -3 -3.5
v 4 -2 3.5
v 4 -3 3.5
v 3 -2 -3.5
v 3 -2 3.5
v 3 -3 3.5
v 3 -3 -3.5
v 4 -4 -3
v 4 -5 -3
v 4 -4 3
v 4 -5 3
v 0 9 -1
v 0 8 -1
v 0 9 1
v 0 8 1
v -1 9 -1
v -1 9 1
v -1 8 1
v -1 8 -1
v 17 6 -0.5
v 17 6 0.5
v 0 7 -1
v 0 6 -1
v 0 7 1
v 0 6 1
v -1 7 -1
v -1 7 1
v -1 6 1
v -1 6 -1
v 18 6 -0.5
v 18 5 -0.5
v 18 6 0.5
v 18 5 0.5
v 17 5 0.5
v 17 5 -0.5
v 18 4 -0.5
v 18 3 -0.5
v 18 4 0.5
v 18 3 0.5
v 17 4 -0.5
v 17 4 0.5
v 17 3 0.5
v 17 3 -0.5
v 8 2 -2
v 8 2 2
v 7 2 2
v 7 2 -2
v 13 -5 -1.5
v 13 -6 -1.5
v 13 -5 1.5
v 13 -6 1.5
v 12 -5 -1.5
v 12 -5 1.5
v 12 -6 1.5
v 12 -6 -1.5
v 14 -6 -1.5
v 14 -7 -1.5
v 14 -6 1.5
v 14 -7 1.5
v 13 -7 1.5
v 13 -7 -1.5
v 14 8 -0.5
v 14 7 -0.5
v 14 8 0.5
v 14 7 0.5
v 13 8 -0.5
v 13 8 0.5
v 13 7 0.5
v 13 7 -0.5
v 15 7 -0.5
v 15 7 0.5
v 14 6 0.5
v 14 6 -0.5
v 17 -2 -1
v 17 -2 1
v 16 -3 1
v 16 -3 -1
v 15 -4 -2
v 15 -5 -2
v 15 -4 2
v 15 -5 2
v 14 -5 2
v 14 -5 -2
v 0 4 -1
v 0 4 1
v -1 4 1
v -1 4 -1
v 1 5 -1.5
v 1 4 -1.5
v 1 5 1.5
v 1 4 1.5
v 0 5 -1.5
v 0 5 1.5
v 0 4 1.5
v 0 4 -1.5
v -1 4 -2
v -1 4 2
v -1 3 2
v -1 3 -2
v -17 4 -0.5
v -17 3 -0.5
v -17 4 0.5
v -17 3 0.5
v -18 4 -0.5
v -18 4 0.5
v -18 3 0.5
v -18 3 -0.5
v 18 2 -0.5
v 18 2 0.5
v 17 2 0.5
v 17 2 -0.5
v 6 2 2
v 6 2 -2
v 17 2 -1.5
v 17 1 -1.5
v 17 2 1.5
v 17 1 1.5
v 16 1 1.5
v 16 1 -1.5
v 16 2 -2
v 16 1 -2
v 16 2 2
v 16 1 2
v 15 2 -2
v 15 2 2
v 15 1 2
v 15 1 -2
v 17 1 -2
v 17 -1 -2
v 17 1 2
v 17 -1 2
v 16 -1 2
v 16 -1 -2
v 5 -4 -2
v 5 -6 -2
v 5 -4 2
v 5 -6 2
v 4 -4 -2
v 4 -4 2
v 4 -6 2
v 4 -6 -2
v 12 -5 -2
v 12 -6 -2
v 12 -5 2
v 12 -6 2
v 10 -5 -2
v 10 -5 2
v 10 -6 2
v 10 -6 -2
v -17 -5 -0.5
v -17 -6 -0.5
v -17 -5 0.5
v -17 -6 0.5
v -18 -5 -0.5
v -18 -5 0.5
v -18 -6 0.5
v -18 -6 -0.5
v 13 -6 -2
v 13 -7 -2
v 13 -6 2
v 13 -7 2
v 12 -7 2
v 12 -7 -2
v 14 -7 -2
v 14 -8 -2
v 14 -7 2
v 14 -8 2
v 13 -8 2
v 13 -8 -2
v 9 6 -1
v 9 5 -1
v 9 6 1
v 9 5 1
v 7 6 -1
v 7 6 1
v 7 5 1
v 7 5 -1
v 10 5 -1
v 10 4 -1
v 10 5 1
v 10 4 1
v 9 4 1
v 9 4 -1
v -8 0 -2.5
v -8 -2 -2.5
v -8 0 2.5
v -8 -2 2.5
v -9 0 -2.5
v -9 0 2.5
v -9 -2 2.5
v -9 -2 -2.5
v -10 0 -2.5
v -10 -2 -2.5
v -10 0 2.5
v -10 -2 2.5
v -11 0 -2.5
v -11 0 2.5
v -11 -2 2.5
v -11 -2 -2.5
v -12 0 -2.5
v -12 -2 -2.5
v -12 0 2.5
v -12 -2 2.5
v -13 -2 2.5
v -13 -2 -2.5
v -15 0 -1.5
v -15 -2 -1.5
v -15 0 1.5
v -15 -2 1.5
v -16 0 -1.5
v -16 0 1.5
v -16 -2 1.5
v -16 -2 -1.5
v 6 6 -1
v 6 5 -1
v 6 6 1
v 6 5 1
v 5 6 -1
v 5 6 1
v 5 5 1
v 5 5 -1
v 4 6 -1
v 4 5 -1
v 4 6 1
v 4 5 1
v 3 6 -1
v 3 6 1
v 3 5 1
v 3 5 -1
v 2 6 -1
v 2 5 -1
v 2 6 1
v 2 5 1
v 1 6 -1
v 1 6 1
v 1 5 1
v 1 5 -1
v -17 5 -1
v -17 5 1
v -18 5 -1
v -18 5 1
v -18 4 1
v -18 4 -1
v -6 4 -1
v -6 3 -1
v -6 4 1
v -6 3 1
v -7 4 -1
v -7 4 1
v -7 3 1
v -7 3 -1
v -14 4 -1
v -14 4 1
v -15 4 -1
v -15 4 1
v -6 0 -3.5
v -6 -1 -3.5
v -6 0 3.5
v -6 -1 3.5
v -7 0 -3.5
v -7 0 3.5
v -7 -1 3.5
v -7 -1 -3.5
v -15 0 -2.5
v -15 0 2.5
v -15 -1 2.5
v -15 -1 -2.5
v 9 -4 -2.5
v 9 -5 -2.5
v 9 -4 2.5
v 9 -5 2.5
v 8 -5 2.5
v 8 -5 -2.5
v 10 -5 -2.5
v 10 -6 -2.5
v 10 -5 2.5
v 10 -6 2.5
v 9 -6 2.5
v 9 -6 -2.5
v 2 -7 -1.5
v 2 -8 -1.5
v 2 -7 1.5
v 2 -8 1.5
v 1 -7 -1.5
v 1 -7 1.5
v 1 -8 1.5
v 1 -8 -1.5
v -1 -7 -1.5
v -1 -8 -1.5
v -1 -7 1.5
v -1 -8 1.5
v -2 -7 -1.5
v -2 -7 1.5
v -2 -8 1.5
v -2 -8 -1.5
v -4 -7 -1.5
v -4 -8 -1.5
v -4 -7 1.5
v -4 -8 1.5
v -5 -7 -1.5
v -5 -7 1.5
v -5 -8 1.5
v -5 -8 -1.5
v 11 5 -1
v 11 4 -1
v 11 5 1
v 11 4 1
v -17 2 -0.5
v -17 2 0.5
v -18 2 0.5
v -18 2 -0.5
v -8 1 -2
v -8 0 -2
v -8 1 2
v -8 0 2
v -9 1 -2
v -9 1 2
v -9 0 2
v -9 0 -2
v -10 1 -2
v -10 0 -2
v -10 1 2
v -10 0 2
v -11 1 -2
v -11 1 2
v -11 0 2
v -11 0 -2
v -12 1 -2
v -12 0 -2
v -12 1 2
v -12 0 2
v -13 1 -2
v -13 1 2
v -13 0 2
v -13 0 -2
v -15 1 -1
v -15 0 -1
v -15 1 1
v -15 0 1
v -16 1 -1
v -16 1 1
v -16 0 1
v -16 0 -1
v -8 -2 -2
v -8 -3 -2
v -8 -2 2
v -8 -3 2
v -9 -2 -2
v -9 -2 2
v -9 -3 2
v -9 -3 -2
v -10 -2 -2
v -10 -3 -2
v -10 -2 2
v -10 -3 2
v -11 -2 -2
v -11 -2 2
v -11 -3 2
v -11 -3 -2
v -12 -2 -2
v -12 -3 -2
v -12 -2 2
v -12 -3 2
v -13 -2 -2
v -13 -2 2
v -13 -3 2
v -13 -3 -2
v -15 -2 -1
v -15 -3 -1
v -15 -2 1
v -15 -3 1
v -16 -2 -1
v -16 -2 1
v -16 -3 1
v -16 -3 -1
v -17 -4 -0.5
v -17 -4 0.5
v -18 -4 -0.5
v -18 -4 0.5
v 5 5 -1.5
v 5 5 1.5
v 5 4 1.5
v 5 4 -1.5
v 4 5 -1.5
v 4 4 -1.5
v 4 5 1.5
v 4 4 1.5
v 3 5 -1.5
v 3 5 1.5
v 3 4 1.5
v 3 4 -1.5
v 2 5 -1.5
v 2 4 -1.5
v 2 5 1.5
v 2 4 1.5
v -15 5 -1
v -15 5 1
v 10 -3 -2.5
v 10 -4 -2.5
v 10 -3 2.5
v 10 -4 2.5
v 9 -3 -2.5
v 9 -3 2.5
v 9 -5 -3
v 9 -6 -3
v 9 -5 3
v 9 -6 3
v 3 -7 -2.5
v 3 -7 2.5
v 2 -7 2.5
v 2 -7 -2.5
v 0 -7 -2.5
v 0 -7 2.5
v -1 -7 2.5
v -1 -7 -2.5
v -3 -7 -2.5
v -3 -7 2.5
v -4 -7 2.5
v -4 -7 -2.5
v -9 3 -1
v -9 3 1
v -10 4 -1
v -10 4 1
v -10 3 1
v -10 3 -1
v -9 -5 -1
v -9 -6 -1
v -9 -5 1
v -9 -6 1
v -10 -5 -1
v -10 -5 1
v -15 -5 -0.5
v -15 -6 -0.5
v -15 -5 0.5
v -15 -6 0.5
v -16 -5 -0.5
v -16 -5 0.5
v -16 -6 0.5
v -16 -6 -0.5
v -13 5 -1
v -13 5 1
v -13 4 1
v -13 4 -1
v -18 3 -1
v -18 3 1
v -19 5 -1
v -19 5 1
v -19 3 1
v -19 3 -1
v 4 -1 -3.5
v 4 -1 3.5
v -6 -2 -3.5
v -6 -2 3.5
v -7 -2 3.5
v -7 -2 -3.5
v -14 -2 -2.5
v -14 -2 2.5
v -15 -2 2.5
v -15 -2 -2.5
v 16 -2 -1.5
v 16 -3 -1.5
v 16 -2 1.5
v 16 -3 1.5
v 15 -2 -1.5
v 15 -2 1.5
v 15 -3 1.5
v 15 -3 -1.5
v 17 -3 -1.5
v 17 -4 -1.5
v 17 -3 1.5
v 17 -4 1.5
v 16 -4 1.5
v 16 -4 -1.5
v 4 -4 -3.5
v 4 -4 3.5
v 18 -4 -1.5
v 18 -5 -1.5
v 18 -4 1.5
v 18 -5 1.5
v 17 -5 1.5
v 17 -5 -1.5
v 14 -4 -1.5
v 14 -5 -1.5
v 14 -4 1.5
v 14 -5 1.5
v 13 -4 -1.5
v 13 -4 1.5
v 15 -5 -1.5
v 15 -6 -1.5
v 15 -5 1.5
v 15 -6 1.5
v -14 -6 -1
v -14 -6 1
v -15 -6 1
v -15 -6 -1
v -18 -5 -1
v -18 -6 -1
v -18 -5 1
v -18 -6 1
v -19 -5 -1
v -19 -5 1
v -19 -6 1
v -19 -6 -1
v 16 -6 -1.5
v 16 -7 -1.5
v 16 -6 1.5
v 16 -7 1.5
v 15 -7 1.5
v 15 -7 -1.5
v 4 -6 -1.5
v 4 -7 -1.5
v 4 -6 1.5
v 4 -7 1.5
v 3 -6 -1.5
v 3 -6 1.5
v 3 -7 1.5
v 3 -7 -1.5
v 1 -6 -1.5
v 1 -6 1.5
v 0 -6 -1.5
v 0 -6 1.5
v 0 -7 1.5
v 0 -7 -1.5
v -2 -6 -1.5
v -2 -6 1.5
v -3 -6 -1.5
v -3 -6 1.5
v -3 -7 1.5
v -3 -7 -1.5
v -5 -6 -1.5
v -5 -6 1.5
v -6 -6 -1.5
v -6 -6 1.5
v -6 -7 1.5
v -6 -7 -1.5
v -14 -7 1
v -14 -7 -1
v -17 -7 -1
v -17 -7 1
v -18 -7 1
v -18 -7 -1
v 3 -8 -1.5
v 3 -8 1.5
v 0 -8 -1.5
v 0 -8 1.5
v -3 -8 -1.5
v -3 -8 1.5
v 17 -4 -2
v 17 -5 -2
v 17 -4 2
v 17 -5 2
v 16 -4 -2
v 16 -4 2
v 16 -5 2
v 16 -5 -2
v 16 -6 -2
v 16 -6 2
v 15 -6 2
v 15 -6 -2
v 5 4 -2.5
v 5 3 -2.5
v 5 4 2.5
v 5 3 2.5
v 4 4 -2.5
v 4 4 2.5
v 4 3 2.5
v 4 3 -2.5
v 3 4 -2.5
v 3 3 -2.5
v 3 4 2.5
v 3 3 2.5
v 2 4 -2.5
v 2 4 2.5
v 2 3 2.5
v 2 3 -2.5
v -1 4 -2.5
v -1 3 -2.5
v -1 4 2.5
v -1 3 2.5
v -2 4 -2.5
v -2 4 2.5
v -2 3 2.5
v -2 3 -2.5
v -3 4 -2.5
v -3 3 -2.5
v -3 4 2.5
v -3 3 2.5
v -4 4 -2.5
v -4 4 2.5
v -4 3 2.5
v -4 3 -2.5
v -4 4 -2
v -4 3 -2
v -4 4 2
v -4 3 2
v -5 4 -2
v -5 4 2
v -5 3 2
v -5 3 -2
v 15 2 -2.5
v 15 1 -2.5
v 15 2 2.5
v 15 1 2.5
v 6 2 -2.5
v 6 2 2.5
v 6 1 2.5
v 6 1 -2.5
v 1 -2 -4
v 1 -3 -4
v 1 -2 4
v 1 -3 4
v 0 -2 -4
v 0 -2 4
v 0 -3 4
v 0 -3 -4
v -1 -2 -4
v -1 -3 -4
v -1 -2 4
v -1 -3 4
v -2 -2 -4
v -2 -2 4
v -2 -3 4
v -2 -3 -4
v -8 4 -1
v -8 3 -1
v -8 4 1
v -8 3 1
v -15 4 -0.5
v -15 3 -0.5
v -15 4 0.5
v -15 3 0.5
v -16 4 -0.5
v -16 4 0.5
v -16 3 0.5
v -16 3 -0.5
v -8 2 -1.5
v -8 1 -1.5
v -8 2 1.5
v -8 1 1.5
v -9 2 -1.5
v -9 2 1.5
v -9 1 1.5
v -9 1 -1.5
v -10 2 -1.5
v -10 1 -1.5
v -10 2 1.5
v -10 1 1.5
v -11 2 -1.5
v -11 2 1.5
v -11 1 1.5
v -11 1 -1.5
v -12 2 -1.5
v -12 1 -1.5
v -12 2 1.5
v -12 1 1.5
v -13 2 -1.5
v -13 2 1.5
v -13 1 1.5
v -13 1 -1.5
v -15 2 -1.5
v -15 1 -1.5
v -15 2 1.5
v -15 1 1.5
v -16 2 -1.5
v -16 2 1.5
v -16 1 1.5
v -16 1 -1.5
v -5 1 -2
v -5 0 -2
v -5 1 2
v -5 0 2
v -6 1 -2
v -6 1 2
v -6 0 2
v -6 0 -2
v -7 0 -2.5
v -7 -1 -2.5
v -7 0 2.5
v -7 -1 2.5
v -8 -1 2.5
v -8 -1 -2.5
v -9 -1 -2.5
v -9 -1 2.5
v -10 -1 2.5
v -10 -1 -2.5
v -11 -1 -2.5
v -11 -1 2.5
v -12 -1 2.5
v -12 -1 -2.5
v 13 -4 -1
v 13 -5 -1
v 13 -4 1
v 13 -5 1
v 12 -4 -1
v 12 -4 1
v 12 -5 1
v 12 -5 -1
v 18 -5 -2
v 18 -6 -2
v 18 -5 2
v 18 -6 2
v 17 -6 2
v 17 -6 -2
v -6 -5 -2
v -6 -6 -2
v -6 -5 2
v -6 -6 2
v -7 -5 -2
v -7 -5 2
v -7 -6 2
v -7 -6 -2
v -8 -5 -1
v -8 -6 -1
v -8 -5 1
v -8 -6 1
v 17 -7 -2
v 17 -7 2
v 16 -7 2
v 16 -7 -2
v 15 -6 -1
v 15 -7 -1
v 15 -6 1
v 15 -7 1
v 14 -6 -1
v 14 -6 1
v 14 -7 1
v 14 -7 -1
v -9 -7 -1
v -9 -7 1
v 16 -7 -1
v 16 -8 -1
v 16 -7 1
v 16 -8 1
v 15 -8 1
v 15 -8 -1
v -10 4 -0.5
v -10 2 -0.5
v -10 4 0.5
v -10 2 0.5
v -14 4 -0.5
v -14 4 0.5
v -14 2 0.5
v -14 2 -0.5
v -5 3 -1.5
v -5 2 -1.5
v -5 3 1.5
v -5 2 1.5
v -6 3 -1.5
v -6 3 1.5
v -6 2 1.5
v -6 2 -1.5
v -7 2 -1
v -7 2 1
v -9 2 1
v -9 2 -1
v -9 3 -0.5
v -9 2 -0.5
v -9 3 0.5
v -9 2 0.5
v -10 3 -0.5
v -10 3 0.5
v -6 2 -2.5
v -6 1 -2.5
v -6 2 2.5
v -6 1 2.5
v -7 2 -2.5
v -7 2 2.5
v -7 1 2.5
v -7 1 -2.5
v -4 1 -2.5
v -4 -1 -2.5
v -4 1 2.5
v -4 -1 2.5
v -5 1 -2.5
v -5 1 2.5
v -5 -1 2.5
v -5 -1 -2.5
v 16 0 -2
v 16 0 2
v 15 0 -2
v 15 0 2
v 15 -1 2
v 15 -1 -2
v 14 -1 -2
v 14 -1 2
v -5 -2 -2.5
v -5 -2 2.5
v -6 -1 -2.5
v -6 -1 2.5
v -6 -2 2.5
v -6 -2 -2.5
v 13 -2 -2
v 13 -2 2
v 10 -2 -2
v 10 -3 -2
v 10 -2 2
v 10 -3 2
v 7 -2 -2
v 7 -2 2
v 7 -3 2
v 7 -3 -2
v 6 -2 -2
v 6 -3 -2
v 6 -2 2
v 6 -3 2
v 4 -2 -2
v 4 -2 2
v 4 -3 2
v 4 -3 -2
v -7 -2 -2
v -7 -3 -2
v -7 -2 2
v -7 -3 2
v 12 -3 -2
v 12 -3 2
v 12 -4 2
v 12 -4 -2
v 7 -4 -2
v 7 -4 2
v 6 -4 2
v 6 -4 -2
v -6 -3 -2.5
v -6 -3 2.5
v -7 -3 -2.5
v -7 -3 2.5
v -7 -3 -1.5
v -7 -4 -1.5
v -7 -3 1.5
v -7 -4 1.5
v -16 -3 -1.5
v -16 -3 1.5
v -16 -4 1.5
v -16 -4 -1.5
v 11 -4 -2
v 11 -4 2
v 11 -5 2
v 11 -5 -2
v 8 -4 -2
v 8 -5 -2
v 8 -4 2
v 8 -5 2
v 7 -5 2
v 7 -5 -2
v 6 -6 -2
v 6 -6 2
v -7 -4 -1
v -7 -5 -1
v -7 -4 1
v -7 -5 1
v -9 -4 -1
v -9 -4 1
v -9 -4 -0.5
v -9 -5 -0.5
v -9 -4 0.5
v -9 -5 0.5
v -14 -4 -0.5
v -14 -4 0.5
v -14 -5 0.5
v -14 -5 -0.5
v 7 -6 -2
v 7 -6 2
v 6 -5 -2
v 6 -5 2
v -10 -5 -0.5
v -10 -6 -0.5
v -10 -5 0.5
v -10 -6 0.5
v -14 -6 0.5
v -14 -6 -0.5
v 6 3 -2.5
v 6 0 -2.5
v 6 3 2.5
v 6 0 2.5
v 5 0 2.5
v 5 0 -2.5
v 5 2 -2.5
v 5 2 2.5
v -2 2 2.5
v -2 2 -2.5
v -3 1 -2.5
v -3 1 2.5
v -5 3 -2.5
v -5 3 2.5
v 5 1 -2.5
v 5 1 2.5
v -2 1 2.5
v -2 1 -2.5
v 15 0 -2.5
v 15 0 2.5
v 14 1 -2.5
v 14 1 2.5
v 14 0 2.5
v 14 0 -2.5
v 12 1 -2.5
v 12 -1 -2.5
v 12 1 2.5
v 12 -1 2.5
v 11 1 -2.5
v 11 1 2.5
v 11 -1 2.5
v 11 -1 -2.5
v 10 1 -2.5
v 10 -1 -2.5
v 10 1 2.5
v 10 -1 2.5
v 9 1 -2.5
v 9 1 2.5
v 9 -1 2.5
v 9 -1 -2.5
v 8 1 -2.5
v 8 0 -2.5
v 8 1 2.5
v 8 0 2.5
v 14 -1 -2.5
v 14 -1 2.5
v 12 0 -2.5
v 12 0 2.5
v 11 0 -2.5
v 11 0 2.5
v 10 0 -2.5
v 10 0 2.5
v 9 0 -2.5
v 9 0 2.5
v 8 -1 2.5
v 8 -1 -2.5
v 12 -2 -2.5
v 12 -3 -2.5
v 12 -2 2.5
v 12 -3 2.5
v 11 -2 -2.5
v 11 -2 2.5
v 11 -3 2.5
v 11 -3 -2.5
v 13 1 -2.5
v 13 0 -2.5
v 13 1 2.5
v 13 0 2.5
v 13 -1 -3
v 13 -2 -3
v 13 -1 3
v 13 -2 3
v 12 -1 -3
v 12 -1 3
v 12 -2 3
v 12 -2 -3
v 11 -1 -3
v 11 -2 -3
v 11 -1 3
v 11 -2 3
v 10 -1 -3
v 10 -1 3
v 10 -2 3
v 10 -2 -3
v 2 -2 -4
v 2 -3 -4
v 2 -2 4
v 2 -3 4
v -3 -2 -4
v -3 -2 4
v -3 -3 4
v -3 -3 -4
v 0 -4 -4
v 0 -4 4
v -1 -4 4
v -1 -4 -4
v -5 1 -1.5
v -5 1 1.5
v -6 1 1.5
v -6 1 -1.5
v -7 2 -1.5
v -7 1 -1.5
v -7 2 1.5
v -7 1 1.5
v -7 1 -2
v -7 0 -2
v -7 1 2
v -7 0 2
v -7 -2 -2.5
v -7 -2 2.5
v 16 1 -2.5
v 16 0 -2.5
v 16 1 2.5
v 16 0 2.5
v 4 1 -2.5
v 4 0 -2.5
v 4 1 2.5
v 4 0 2.5
v -4 0 2.5
v -4 0 -2.5
v 4 -1 2.5
v 4 -1 -2.5
v 10 -2 -2.5
v 10 -2 2.5
v 11 -5 -2.5
v 11 -5 2.5
v 15 -1 -2.5
v 15 -1 2.5
v 14 -2 -2.5
v 14 -2 2.5
v 13 -1 -2.5
v 13 -1 2.5
v 13 -2 2.5
v 13 -2 -2.5
v 13 -3 -2.5
v 13 -3 2.5
v 12 -4 -2.5
v 12 -4 2.5
v 11 -4 2.5
v 11 -4 -2.5
v 0 0 -3
v 0 0 3
v 0 -1 3
v 0 -1 -3
v -3 0 -3
v -3 -1 -3
v -3 0 3
v -3 -1 3
v -4 0 -3
v -4 0 3
v 5 -1 -3
v 5 -2 -3
v 5 -1 3
v 5 -2 3
v 4 -2 3
v 4 -2 -3
v 7 -2 -2.5
v 7 -2 2.5
v 6 -3 2.5
v 6 -3 -2.5
v 5 -3 -3.5
v 5 -4 -3.5
v 5 -3 3.5
v 5 -4 3.5
v 7 -4 -3
v 7 -4 3
v 6 -5 3
v 6 -5 -3
v 16 -3 -2
v 16 -3 2
v 14 -5 -1
v 14 -5 1
v 13 -6 1
v 13 -6 -1
v 3 -5 -2
v 3 -6 -2
v 3 -5 2
v 3 -6 2
v 2 -5 -2
v 2 -5 2
v 2 -6 2
v 2 -6 -2
v 0 -5 -2
v 0 -6 -2
v 0 -5 2
v 0 -6 2
v -1 -5 -2
v -1 -5 2
v -1 -6 2
v -1 -6 -2
v -3 -5 -2
v -3 -6 -2
v -3 -5 2
v -3 -6 2
v -4 -5 -2
v -4 -5 2
v -4 -6 2
v -4 -6 -2
v 2 -6 -1
v 2 -7 -1
v 2 -6 1
v 2 -7 1
v 1 -6 -1
v 1 -6 1
v 1 -7 1
v 1 -7 -1
v -1 -6 -1
v -1 -7 -1
v -1 -6 1
v -1 -7 1
v -2 -6 -1
v -2 -6 1
v -2 -7 1
v -2 -7 -1
v -4 -6 -1
v -4 -7 -1
v -4 -6 1
v -4 -7 1
v -5 -6 -1
v -5 -6 1
v -5 -7 1
v -5 -7 -1
v 19 -5 -1.5
v 19 -6 -1.5
v 19 -5 1.5
v 19 -6 1.5
v 18 -6 1.5
v 18 -6 -1.5
v 18 -7 -2
v 18 -7 2
v 17 -7 -1.5
v 17 -8 -1.5
v 17 -7 1.5
v 17 -8 1.5
v 16 -8 1.5
v 16 -8 -1.5
v 9 -3 -3
v 9 -4 -3
v 9 -3 3
v 9 -4 3
v 8 -3 -3
v 8 -3 3
v 8 -4 3
v 8 -4 -3
v -19 -7 1
v -19 -7 -1

vn 1 0 0
vn 0 1 0
vn 0 -1 0
vn -1 0 0
vn 0 0 -1
vn 0 0 1

vt -19.68504 19.68504
vt 19.68504 19.68504
vt -19.68504 -19.68504
vt 0 NaN
vt 0 0
vt 0 NaN
vt 0 NaN
vt 0 NaN
vt 0 NaN
vt 0 NaN
vt 19.68504 -19.68504
vt 0 NaN
vt 0 NaN
vt 0 NaN
vt 0 NaN
vt 0 NaN
vt 0 NaN
vt 0 NaN
vt 0 NaN
vt 0 NaN
vt 0 NaN
vt 0 NaN
vt 0 NaN
vt 0 NaN
vt 0 NaN
vt 0 NaN
vt 0 NaN
vt 0 NaN
vt 0 NaN
vt 0 NaN
vt 0 NaN
vt 0 NaN
vt 0 NaN
vt 0 NaN
vt 0 NaN
vt 0 NaN
vt 0 NaN
vt 0 NaN
vt 0 NaN
vt 0 NaN
vt 0 NaN
vt 0 NaN
vt 0 NaN
vt 0 NaN
vt 0 NaN
vt 0 NaN
vt 0 NaN
vt 0 NaN
vt 0 NaN
vt 0 NaN
vt 0 NaN
vt 0 NaN
vt 0 NaN
vt 0 NaN
vt 0 NaN
vt 0 NaN
vt 0 NaN
vt 0 NaN
vt 0 NaN
vt 0 NaN
vt 0 NaN
vt 0 NaN
vt 0 NaN
vt 0 NaN
vt 0 NaN
vt 0 NaN
vt 0 NaN
vt 0 NaN
vt 0 NaN
vt 0 NaN
vt 0 NaN
vt 0 NaN
vt 0 NaN
vt 0 NaN
vt 0 NaN
vt 0 NaN
vt 0 NaN
vt 0 NaN
vt 0 NaN
vt 0 NaN
vt 0 NaN
vt 0 NaN
vt 0 NaN
vt 0 NaN
vt 0 NaN
vt 0 NaN
vt 0 NaN
vt 0 NaN
vt 0 NaN
vt 0 NaN
vt 0 NaN
vt 0 NaN
vt 0 NaN
vt 0 NaN
vt 0 NaN
vt 0 NaN
vt 0 NaN
vt 0 NaN
vt 0 NaN
vt 0 NaN
vt 0 NaN
vt 0 NaN
vt 0 NaN
vt 0 NaN
vt 0 NaN
vt 0 NaN
vt 0 NaN
vt 0 NaN
vt 0 NaN
vt 0 NaN
vt 0 NaN
vt 0 NaN
vt 0 NaN
vt 0 NaN
vt 0 NaN
vt 0 NaN
vt 0 NaN
vt 0 NaN
vt 0 NaN
vt 0 NaN
vt 0 NaN
vt 0 NaN
vt 0 NaN
vt 0 NaN
vt 0 NaN
vt 0 NaN
vt 0 NaN
vt 0 NaN
vt 0 NaN
vt 0 NaN
vt 0 NaN
vt 0 NaN
vt 0 NaN
vt 0 NaN
vt 0 NaN
vt 0 NaN
vt 0 NaN
vt 0 NaN
vt 0 NaN
vt 0 NaN
vt 0 NaN
vt 0 NaN
vt 0 NaN
vt 0 NaN
vt 0 NaN
vt 0 NaN
vt 0 NaN
vt 0 NaN
vt 0 NaN
vt 0 NaN
vt 0 NaN
vt 0 NaN
vt 0 NaN
vt 0 NaN
vt 0 NaN
vt 0 NaN
vt 0 NaN
vt 0 NaN
vt 0 NaN
vt 0 NaN
vt 0 NaN
vt 0 NaN
vt 0 NaN
vt 0 NaN
vt 0 NaN
vt 0 NaN
vt 0 NaN
vt 0 NaN
vt 0 NaN
vt 0 NaN
vt 0 NaN
vt 0 NaN
vt 0 NaN
vt 0 NaN
vt 0 NaN
vt 0 NaN
vt 0 NaN
vt 0 NaN
vt 0 NaN
vt 0 NaN
vt 0 NaN
vt 0 NaN
vt 0 NaN
vt 0 NaN
vt 0 NaN
vt 0 NaN
vt 0 NaN
vt 0 NaN
vt 0 NaN
vt 0 NaN
vt 0 NaN
vt 0 NaN
vt 0 NaN
vt 0 NaN
vt 0 NaN
vt 0 NaN
vt 0 NaN
vt 0 NaN
vt 0 NaN
vt 0 NaN
vt 0 NaN
vt 0 NaN
vt 0 NaN
vt 0 NaN
vt 0 NaN
vt 0 NaN
vt 0 NaN
vt 0 NaN
vt 0 NaN
vt 0 NaN
vt 0 NaN
vt 0 NaN
vt 0 NaN
vt 0 NaN
vt 0 NaN
vt 0 NaN
vt 0 NaN
vt 0 NaN
vt 0 NaN
vt 0 NaN
vt 0 NaN
vt 0 NaN
vt 0 NaN
vt 0 NaN
vt 0 NaN
vt 0 NaN
vt 0 NaN
vt 0 NaN
vt 0 NaN
vt 0 NaN
vt 0 NaN
vt 0 NaN
vt 0 NaN
vt 0 NaN
vt 0 NaN
vt 0 NaN
vt 0 NaN
vt 0 NaN
vt 0 NaN
vt 0 NaN
vt 0 NaN
vt 0 NaN
vt 0 NaN
vt 0 NaN
vt 0 NaN
vt 0 NaN
vt 0 NaN
vt 0 NaN
vt 0 NaN
vt 0 NaN
vt 0 NaN
vt 0 NaN
vt 0 NaN
vt 0 NaN
vt 0 NaN
vt 0 NaN
vt 0 NaN
vt 0 NaN
vt 0 NaN
vt 0 NaN
vt 0 NaN
vt 0 NaN
vt 0 NaN
vt 0 NaN
vt 0 NaN
vt 0 NaN
vt 0 NaN
vt 0 NaN
vt 0 NaN
vt 0 NaN
vt 0 NaN
vt 0 NaN
vt 0 NaN
vt 0 NaN
vt 0 NaN
vt 0 NaN
vt 0 NaN
vt 0 NaN
vt 0 NaN
vt 0 NaN
vt 0 NaN
vt 0 NaN
vt 0 NaN
vt 0 NaN
vt 0 NaN
vt 0 NaN
vt 0 NaN
vt 0 NaN
vt 0 NaN
vt 0 NaN
vt 0 NaN
vt 0 NaN
vt 0 NaN
vt 0 NaN
vt 0 NaN
vt 0 NaN
vt 0 NaN
vt 0 NaN
vt 0 NaN
vt 0 NaN
vt 0 NaN
vt 0 NaN
vt 0 NaN
vt 0 NaN
vt 0 NaN
vt 0 NaN
vt 0 NaN
vt 0 NaN
vt 0 NaN
vt 0 NaN
vt 0 NaN
vt 0 NaN
vt 0 NaN
vt 0 NaN
vt 0 NaN
vt 0 NaN
vt 0 NaN
vt 0 NaN
vt 0 NaN
vt 0 NaN
vt 0 NaN
vt 0 NaN
vt 0 NaN
vt 0 NaN
vt 0 NaN
vt 0 NaN
vt 0 NaN
vt 0 NaN
vt 0 NaN
vt 0 NaN
vt 0 NaN
vt 0 NaN
vt 0 NaN
vt 0 NaN
vt 0 NaN
vt 0 NaN
vt 0 NaN
vt 0 NaN
vt 0 NaN
vt 0 NaN
vt 0 NaN
vt 0 NaN
vt 0 NaN
vt 0 NaN
vt 0 NaN
vt 0 NaN
vt 0 NaN
vt 0 NaN
vt 0 NaN
vt 0 NaN
vt 0 NaN
vt 0 NaN
vt 0 NaN
vt 0 NaN
vt 0 NaN
vt 0 NaN
vt 0 NaN
vt 0 NaN
vt 0 NaN
vt 0 NaN
vt 0 NaN
vt 0 NaN
vt 0 NaN
vt 0 NaN
vt 0 NaN
vt 0 NaN
vt 0 NaN
vt 0 NaN
vt 0 NaN
vt 0 NaN
vt 0 NaN
vt 0 NaN
vt 0 NaN
vt 0 NaN
vt 0 NaN
vt 0 NaN
vt 0 NaN
vt 0 NaN
vt 0 NaN
vt 0 NaN
vt 0 NaN
vt 0 NaN
vt 0 NaN
vt 0 NaN
vt 0 NaN
vt 0 NaN
vt 0 NaN
vt 0 NaN
vt 0 NaN
vt 0 NaN
vt 0 NaN
vt 0 NaN
vt 0 NaN
vt 0 NaN
vt 0 NaN
vt 0 NaN
vt 0 NaN
vt 0 NaN
vt 0 NaN
vt 0 NaN
vt 0 NaN
vt 0 NaN
vt 0 NaN
vt 0 NaN
vt 0 NaN
vt 0 NaN
vt 0 NaN
vt 0 NaN
vt 0 NaN
vt 0 NaN
vt 0 NaN
vt 0 NaN
vt 0 NaN
vt 0 NaN
vt 0 NaN
vt 0 NaN
vt 0 NaN
vt 0 NaN
vt 0 NaN
vt 0 NaN
vt 0 NaN
vt 0 NaN
vt 0 NaN
vt 0 NaN
vt 0 NaN
vt 0 NaN
vt 0 NaN
vt 0 NaN
vt 0 NaN
vt 0 NaN
vt 0 NaN
vt 0 NaN
vt 0 NaN
vt 0 NaN
vt 0 NaN
vt 0 NaN
vt 0 NaN
vt 0 NaN
vt 0 NaN
vt 0 NaN
vt 0 NaN
vt 0 NaN
vt 0 NaN
vt 0 NaN
vt 0 NaN
vt 0 NaN
vt 0 NaN
vt 0 NaN
vt 0 NaN
vt 0 NaN
vt 0 NaN
vt 0 NaN
vt 0 NaN
vt 0 NaN
vt 0 NaN
vt 0 NaN
vt 0 NaN
vt 0 NaN
vt 0 NaN
vt 0 NaN
vt 0 NaN
vt 0 NaN
vt 0 NaN
vt 0 NaN
vt 0 NaN
vt 0 NaN
vt 0 NaN
vt 0 NaN
vt 0 NaN
vt 0 NaN
vt 0 NaN
vt 0 NaN
vt 0 NaN
vt 0 NaN
vt 0 NaN
vt 0 NaN
vt 0 NaN
vt 0 NaN
vt 0 NaN
vt 0 NaN
vt 0 NaN
vt 0 NaN
vt 0 NaN
vt 0 NaN
vt 0 NaN
vt 0 NaN
vt 0 NaN
vt 0 NaN
vt 0 NaN
vt 0 NaN
vt 0 NaN
vt 0 NaN
vt 0 NaN
vt 0 NaN
vt 0 NaN
vt 0 NaN
vt 0 NaN
vt 0 NaN
vt 0 NaN
vt 0 NaN
vt 0 NaN
vt 0 NaN
vt 0 NaN
vt 0 NaN
vt 0 NaN
vt 0 NaN
vt 0 NaN
vt 0 NaN
vt 0 NaN
vt 0 NaN
vt 0 NaN
vt 0 NaN
vt 0 NaN
vt 0 NaN
vt 0 NaN
vt 0 NaN
vt 0 NaN
vt 0 NaN
vt 0 NaN
vt 0 NaN
vt 0 NaN
vt 0 NaN
vt 0 NaN
vt 0 NaN
vt 0 NaN
vt 0 NaN
vt 0 NaN
vt 0 NaN
vt 0 NaN
vt 0 NaN
vt 0 NaN
vt 0 NaN
vt 0 NaN
vt 0 NaN
vt 0 NaN
vt 0 NaN
vt 0 NaN
vt 0 NaN
vt 0 NaN
vt 0 NaN
vt 0 NaN
vt 0 NaN
vt 0 NaN
vt 0 NaN
vt 0 NaN
vt 0 NaN
vt 0 NaN
vt 0 NaN
vt 0 NaN
vt 0 NaN
vt 0 NaN
vt 0 NaN
vt 0 NaN
vt 0 NaN
vt 0 NaN
vt 0 NaN
vt 0 NaN
vt 0 NaN
vt 0 NaN
vt 0 NaN
vt 0 NaN
vt 0 NaN
vt 0 NaN
vt 0 NaN
vt 0 NaN
vt 0 NaN
vt 0 NaN
vt 0 NaN
vt 0 NaN
vt 0 NaN
vt 0 NaN
vt 0 NaN
vt 0 NaN
vt 0 NaN
vt 0 NaN
vt 0 NaN
vt 0 NaN
vt 0 NaN
vt 0 NaN
vt 0 NaN
vt 0 NaN
vt 0 NaN
vt 0 NaN
vt 0 NaN
vt 0 NaN
vt 0 NaN
vt 0 NaN
vt 0 NaN
vt 0 NaN
vt 0 NaN
vt 0 NaN
vt 0 NaN
vt 0 NaN
vt 0 NaN
vt 0 NaN
vt 0 NaN
vt 0 NaN
vt 0 NaN
vt 0 NaN
vt 0 NaN
vt 0 NaN
vt 0 NaN
vt 0 NaN
vt 0 NaN
vt 0 NaN
vt 0 NaN
vt 0 NaN
vt 0 NaN
vt 0 NaN
vt 0 NaN
vt 0 NaN
vt 0 NaN
vt 0 NaN
vt 0 NaN
vt 0 NaN
vt 0 NaN
vt 0 NaN
vt 0 NaN
vt 0 NaN
vt 0 NaN
vt 0 NaN
vt 0 NaN
vt 0 NaN
vt 0 NaN
vt 0 NaN
vt 0 NaN
vt 0 NaN
vt 0 NaN
vt 0 NaN
vt 0 NaN
vt 0 NaN
vt 0 NaN
vt 0 NaN
vt 0 NaN
vt 0 NaN
vt 0 NaN
vt 0 NaN
vt 0 NaN
vt 0 NaN
vt 0 NaN
vt 0 NaN
vt 0 NaN
vt 0 NaN
vt 0 NaN
vt 0 NaN
vt 0 NaN
vt 0 NaN
vt 0 NaN
vt 0 NaN
vt 0 NaN
vt 0 NaN
vt 0 NaN
vt 0 NaN
vt 0 NaN
vt 0 NaN
vt 0 NaN
vt 0 NaN
vt 0 NaN
vt 0 NaN
vt 0 NaN
vt 0 NaN
vt 0 NaN
vt 0 NaN
vt 0 NaN
vt 0 NaN
vt 0 NaN
vt 0 NaN
vt 0 NaN
vt 0 NaN
vt 0 NaN
vt 0 NaN
vt 0 NaN
vt 0 NaN
vt 0 NaN
vt 0 NaN
vt 0 NaN
vt 0 NaN
vt 0 NaN
vt 0 NaN
vt 0 NaN
vt 0 NaN
vt 0 NaN
vt 0 NaN
vt 0 NaN
vt 0 NaN
vt 0 NaN
vt 0 NaN
vt 0 NaN
vt 0 NaN
vt 0 NaN
vt 0 NaN
vt 0 NaN
vt 0 NaN
vt 0 NaN
vt 0 NaN
vt 0 NaN
vt 0 NaN
vt 0 NaN
vt 0 NaN
vt 0 NaN
vt 0 NaN
vt 0 NaN
vt 0 NaN
vt 0 NaN
vt 0 NaN
vt 0 NaN
vt 0 NaN
vt 0 NaN
vt 0 NaN
vt 0 NaN
vt 0 NaN
vt 0 NaN
vt 0 NaN
vt 0 NaN
vt 0 NaN
vt 0 NaN
vt 0 NaN
vt 0 NaN
vt 0 NaN
vt 0 NaN
vt 0 NaN
vt 0 NaN
vt 0 NaN
vt 0 NaN
vt 0 NaN
vt 0 NaN
vt 0 NaN
vt 0 NaN
vt 0 NaN
vt 0 NaN
vt 0 NaN
vt 0 NaN
vt 0 NaN
vt 0 NaN
vt 0 NaN
vt 0 NaN
vt 0 NaN
vt 0 NaN
vt 0 NaN
vt 0 NaN
vt 0 NaN
vt 0 NaN
vt 0 NaN
vt 0 NaN
vt 0 NaN
vt 0 NaN
vt 0 NaN
vt 0 NaN
vt 0 NaN
vt 0 NaN
vt 0 NaN
vt 0 NaN
vt 0 NaN
vt 0 NaN
vt 0 NaN
vt 0 NaN
vt 0 NaN
vt 0 NaN
vt 0 NaN
vt 0 NaN
vt 0 NaN
vt 0 NaN
vt 0 NaN
vt 0 NaN
vt 0 NaN
vt 0 NaN
vt 0 NaN
vt 0 NaN
vt 0 NaN
vt 0 NaN
vt 0 NaN
vt 0 NaN
vt 0 NaN
vt 0 NaN
vt 0 NaN
vt 0 NaN
vt 0 NaN
vt 0 NaN
vt 0 NaN
vt 0 NaN
vt 0 NaN
vt 0 NaN
vt 0 NaN
vt 0 NaN
vt 0 NaN
vt 0 NaN
vt 0 NaN
vt 0 NaN
vt 0 NaN
vt 0 NaN
vt 0 NaN
vt 0 NaN
vt 0 NaN
vt 0 NaN
vt 0 NaN
vt 0 NaN
vt 0 NaN
vt 0 NaN
vt 0 NaN
vt 0 NaN
vt 0 NaN
vt 0 NaN
vt 0 NaN
vt 0 NaN
vt 0 NaN
vt 0 NaN
vt 0 NaN
vt 0 NaN
vt 0 NaN
vt 0 NaN
vt 0 NaN
vt 0 NaN
vt 0 NaN
vt 0 NaN
vt 0 NaN
vt 0 NaN
vt 0 NaN
vt 0 NaN
vt 0 NaN
vt 0 NaN
vt 0 NaN
vt 0 NaN
vt 0 NaN
vt 0 NaN
vt 0 NaN
vt 0 NaN
vt 0 NaN
vt 0 NaN
vt 0 NaN
vt 0 NaN
vt 0 NaN
vt 0 NaN
vt 0 NaN
vt 0 NaN
vt 0 NaN
vt 0 NaN
vt 0 NaN
vt 0 NaN
vt 0 NaN
vt 0 NaN
vt 0 NaN
vt 0 NaN
vt 0 NaN
vt 0 NaN
vt 0 NaN
vt 0 NaN
vt 0 NaN
vt 0 NaN
vt 0 NaN
vt 0 NaN
vt 0 NaN
vt 0 NaN
vt 0 NaN
vt 0 NaN
vt 0 NaN
vt 0 NaN
vt 0 NaN
vt 0 NaN
vt 0 NaN
vt 0 NaN
vt 0 NaN
vt 0 NaN
vt 0 NaN
vt 0 NaN
vt 0 NaN
vt 0 NaN
vt 0 NaN
vt 0 NaN
vt 0 NaN
vt 0 NaN
vt 0 NaN
vt 0 NaN
vt 0 NaN
vt 0 NaN
vt 0 NaN
vt 0 NaN
vt 0 NaN
vt 0 NaN
vt 0 NaN
vt 0 NaN
vt 0 NaN
vt 0 NaN
vt 0 NaN
vt 0 NaN
vt 0 NaN
vt 0 NaN
vt 0 NaN
vt 0 NaN
vt 0 NaN
vt 0 NaN
vt 0 NaN
vt 0 NaN
vt 0 NaN
vt 0 NaN
vt 0 NaN
vt 0 NaN
vt 0 NaN
vt 0 NaN
vt 0 NaN
vt 0 NaN
vt 0 NaN
vt 0 NaN
vt 0 NaN
vt 0 NaN
vt 0 NaN
vt 0 NaN
vt 0 NaN
vt 0 NaN
vt 0 NaN
vt 0 NaN
vt 0 NaN
vt 0 NaN
vt 0 NaN
vt 0 NaN
vt 0 NaN
vt 0 NaN
vt 0 NaN
vt 0 NaN
vt 0 NaN
vt 0 NaN
vt 0 NaN
vt 0 NaN
vt 0 NaN
vt 0 NaN
vt 0 NaN
vt 0 NaN
vt 0 NaN
vt 0 NaN
vt 0 NaN
vt 0 NaN
vt 0 NaN
vt 0 NaN
vt 0 NaN
vt 0 NaN
vt 0 NaN
vt 0 NaN
vt 0 NaN
vt 0 NaN
vt 0 NaN
vt 0 NaN
vt 0 NaN
vt 0 NaN
vt 0 NaN
vt 0 NaN
vt 0 NaN
vt 0 NaN
vt 0 NaN
vt 0 NaN
vt 0 NaN
vt 0 NaN
vt 0 NaN
vt 0 NaN
vt 0 NaN
vt 0 NaN
vt 0 NaN
vt 0 NaN
vt 0 NaN
vt 0 NaN
vt 0 NaN
vt 0 NaN
vt 0 NaN
vt 0 NaN
vt 0 NaN
vt 0 NaN
vt 0 NaN
vt 0 NaN
vt 0 NaN
vt 0 NaN
vt 0 NaN
vt 0 NaN
vt 0 NaN
vt 0 NaN
vt 0 NaN
vt 0 NaN
vt 0 NaN
vt 0 NaN
vt 0 NaN
vt 0 NaN
vt 0 NaN
vt 0 NaN
vt 0 NaN
vt 0 NaN
vt 0 NaN
vt 0 NaN
vt 0 NaN
vt 0 NaN
vt 0 NaN
vt 0 NaN
vt 0 NaN
vt 0 NaN
vt 0 NaN
vt 0 NaN
vt 0 NaN
vt 0 NaN
vt 0 NaN
vt 0 NaN
vt 0 NaN
vt 0 NaN
vt 0 NaN
vt 0 NaN
vt 0 NaN
vt 0 NaN
vt 0 NaN
vt 0 NaN
vt 0 NaN
vt 0 NaN
vt 0 NaN
vt 0 NaN
vt 0 NaN
vt 0 NaN
vt 0 NaN
vt 0 NaN
vt 0 NaN
vt 0 NaN
vt 0 NaN
vt 0 NaN
vt 0 NaN
vt 0 NaN
vt 0 NaN
vt 0 NaN
vt 0 NaN
vt 0 NaN
vt 0 NaN
vt 0 NaN
vt 0 NaN
vt 0 NaN
vt 0 NaN
vt 0 NaN
vt 0 NaN
vt 0 NaN
vt 0 NaN
vt 0 NaN
vt 0 NaN
vt 0 NaN
vt 0 NaN
vt 0 NaN
vt 0 NaN
vt 0 NaN
vt 0 NaN
vt 0 NaN
vt 0 NaN
vt 0 NaN
vt 0 NaN
vt 0 NaN
vt 0 NaN
vt 0 NaN
vt 0 NaN
vt 0 NaN
vt 0 NaN
vt 0 NaN
vt 0 NaN
vt 0 NaN
vt 0 NaN
vt 0 NaN
vt 0 NaN
vt 0 NaN
vt 0 NaN
vt 0 NaN
vt 0 NaN
vt 0 NaN
vt 0 NaN
vt 0 NaN
vt 0 NaN
vt 0 NaN
vt 0 NaN
vt 0 NaN
vt 0 NaN
vt 0 NaN
vt 0 NaN
vt 0 NaN
vt 0 NaN
vt 0 NaN
vt 0 NaN
vt 0 NaN
vt 0 NaN
vt 0 NaN
vt 0 NaN
vt 0 NaN
vt 0 NaN
vt 0 NaN
vt 0 NaN
vt 0 NaN
vt 0 NaN
vt 0 NaN
vt 0 NaN
vt 0 NaN
vt 0 NaN
vt 0 NaN
vt 0 NaN
vt 0 NaN
vt 0 NaN
vt 0 NaN
vt 0 NaN
vt 0 NaN
vt 0 NaN
vt 0 NaN
vt 0 NaN
vt 0 NaN
vt 0 NaN
vt 0 NaN
vt 0 NaN
vt 0 NaN
vt 0 NaN
vt 0 NaN
vt 0 NaN
vt 0 NaN
vt 0 NaN
vt 0 NaN
vt 0 NaN
vt 0 NaN
vt 0 NaN
vt 0 NaN
vt 0 NaN
vt 0 NaN
vt 0 NaN
vt 0 NaN
vt 0 NaN
vt 0 NaN
vt 0 NaN
vt 0 NaN
vt 0 NaN
vt 0 NaN
vt 0 NaN
vt 0 NaN
vt 0 NaN
vt 0 NaN
vt 0 NaN
vt 0 NaN
vt 0 NaN
vt 0 NaN
vt 0 NaN
vt 0 NaN
vt 0 NaN
vt 0 NaN
vt 0 NaN
vt 0 NaN
vt 0 NaN
vt 0 NaN
vt 0 NaN
vt 0 NaN
vt 0 NaN
vt 0 NaN
vt 0 NaN
vt 0 NaN
vt 0 NaN
vt 0 NaN
vt 0 NaN
vt 0 NaN
vt 0 NaN
vt 0 NaN
vt 0 NaN
vt 0 NaN
vt 0 NaN
vt 0 NaN
vt 0 NaN
vt 0 NaN
vt 0 NaN
vt 0 NaN
vt 0 NaN
vt 0 NaN
vt 0 NaN
vt 0 NaN
vt 0 NaN
vt 0 NaN
vt 0 NaN
vt 0 NaN
vt 0 NaN
vt 0 NaN
vt 0 NaN
vt 0 NaN
vt 0 NaN
vt 0 NaN
vt 0 NaN
vt 0 NaN
vt 0 NaN
vt 0 NaN
vt 0 NaN
vt 0 NaN
vt 0 NaN
vt 0 NaN
vt 0 NaN
vt 0 NaN
vt 0 NaN
vt 0 NaN
vt 0 NaN
vt 0 NaN
vt 0 NaN
vt 0 NaN
vt 0 NaN
vt 0 NaN
vt 0 NaN
vt 0 NaN
vt 0 NaN
vt 0 NaN
vt 0 NaN
vt 0 NaN
vt 0 NaN
vt 0 NaN
vt 0 NaN
vt 0 NaN
vt 0 NaN
vt 0 NaN
vt 0 NaN
vt 0 NaN
vt 0 NaN
vt 0 NaN
vt 0 NaN
vt 0 NaN
vt 0 NaN
vt 0 NaN
vt 0 NaN
vt 0 NaN
vt 0 NaN
vt 0 NaN
vt 0 NaN
vt 0 NaN
vt 0 NaN
vt 0 NaN
vt 0 NaN
vt 0 NaN
vt 0 NaN
vt 0 NaN
vt 0 NaN
vt 0 NaN
vt 0 NaN
vt 0 NaN
vt 0 NaN
vt 0 NaN
vt 0 NaN
vt 0 NaN
vt 0 NaN
vt 0 NaN
vt 0 NaN
vt 0 NaN
vt 0 NaN
vt 0 NaN
vt 0 NaN
vt 0 NaN
vt 0 NaN
vt 0 NaN
vt 0 NaN
vt 0 NaN
vt 0 NaN
vt 0 NaN
vt 0 NaN
vt 0 NaN
vt 0 NaN
vt 0 NaN
vt 0 NaN
vt 0 NaN
vt 0 NaN
vt 0 NaN
vt 0 NaN
vt 0 NaN
vt 0 NaN
vt 0 NaN
vt 0 NaN
vt 0 NaN
vt 0 NaN
vt 0 NaN
vt 0 NaN
vt 0 NaN
vt 0 NaN
vt 0 NaN
vt 0 NaN
vt 0 NaN
vt 0 NaN
vt 0 NaN
vt 0 NaN
vt 0 NaN
vt 0 NaN
vt 0 NaN
vt 0 NaN
vt 0 NaN
vt 0 NaN
vt 0 NaN
vt 0 NaN
vt 0 NaN
vt 0 NaN
vt 0 NaN
vt 0 NaN
vt 0 NaN
vt 0 NaN
vt 0 NaN
vt 0 NaN
vt 0 NaN
vt 0 NaN
vt 0 NaN
vt 0 NaN
vt 0 NaN
vt 0 NaN
vt 0 NaN
vt 0 NaN
vt 0 NaN
vt 0 NaN
vt 0 NaN
vt 0 NaN
vt 0 NaN
vt 0 NaN
vt 0 NaN
vt 0 NaN
vt 0 NaN
vt 0 NaN
vt 0 NaN
vt 0 NaN
vt 0 NaN
vt 0 NaN
vt 0 NaN
vt 0 NaN
vt 0 NaN
vt 0 NaN
vt 0 NaN
vt 0 NaN
vt 0 NaN
vt 0 NaN
vt 0 NaN
vt 0 NaN
vt 0 NaN
vt 0 NaN
vt 0 NaN
vt 0 NaN
vt 0 NaN
vt 0 NaN
vt 0 NaN
vt 0 NaN
vt 0 NaN
vt 0 NaN
vt 0 NaN
vt 0 NaN
vt 0 NaN
vt 0 NaN
vt 0 NaN
vt 0 NaN
vt 0 NaN
vt 0 NaN
vt 0 NaN
vt 0 NaN
vt 0 NaN
vt 0 NaN
vt 0 NaN
vt 0 NaN
vt 0 NaN
vt 0 NaN
vt 0 NaN
vt 0 NaN
vt 0 NaN
vt 0 NaN
vt 0 NaN
vt 0 NaN
vt 0 NaN
vt 0 NaN
vt 0 NaN
vt 0 NaN
vt 0 NaN
vt 0 NaN
vt 0 NaN
vt 0 NaN
vt 0 NaN
vt 0 NaN
vt 0 NaN
vt 0 NaN
vt 0 NaN
vt 0 NaN
vt 0 NaN
vt 0 NaN
vt 0 NaN
vt 0 NaN
vt 0 NaN
vt 0 NaN
vt 0 NaN
vt 0 NaN
vt 0 NaN
vt 0 NaN
vt 0 NaN
vt 0 NaN
vt 0 NaN
vt 0 NaN
vt 0 NaN
vt 0 NaN
vt 0 NaN
vt 0 NaN
vt 0 NaN
vt 0 NaN
vt 0 NaN
vt 0 NaN
vt 0 NaN
vt 0 NaN
vt 0 NaN
vt 0 NaN
vt 0 NaN
vt 0 NaN
vt 0 NaN
vt 0 NaN
vt 0 NaN
vt 0 NaN
vt 0 NaN
vt 0 NaN
vt 0 NaN
vt 0 NaN
vt 0 NaN
vt 0 NaN
vt 0 NaN
vt 0 NaN
vt 0 NaN
vt 0 NaN
vt 0 NaN
vt 0 NaN
vt 0 NaN
vt 0 NaN
vt 0 NaN
vt 0 NaN
vt 0 NaN
vt 0 NaN
vt 0 NaN
vt 0 NaN
vt 0 NaN

usemtl color10

f 3/3/1 2/2/1 1/1/1
f 2/3/1 3/2/1 4/1/1
f 5/3/2 3/2/2 1/1/2
f 3/3/2 5/2/2 6/1/2
f 7/5/3 2/5/3 4/4/3
f 2/5/3 7/5/3 8/6/3
f 7/5/4 5/5/4 8/7/4
f 5/5/4 7/5/4 6/8/4
f 5/5/5 2/5/5 8/9/5
f 2/5/5 5/5/5 1/10/5
f 3/2/6 7/3/6 4/11/6
f 7/3/6 3/2/6 6/1/6
f 3/3/1 2/2/1 1/1/1
f 2/3/1 3/2/1 4/1/1
f 5/3/2 3/2/2 1/1/2
f 3/3/2 5/2/2 6/1/2
f 7/5/3 2/5/3 4/4/3
f 2/5/3 7/5/3 8/6/3
f 7/5/4 5/5/4 8/7/4
f 5/5/4 7/5/4 6/8/4
f 5/5/5 2/5/5 8/9/5
f 2/5/5 5/5/5 1/10/5
f 3/2/6 7/3/6 4/11/6
f 7/3/6 3/2/6 6/1/6
f 11/3/1 10/2/1 9/1/1
f 10/3/1 11/2/1 12/1/1
f 13/3/2 11/2/2 9/1/2
f 11/3/2 13/2/2 14/1/2
f 15/5/3 10/5/3 12/12/3
f 10/5/3 15/5/3 16/13/3
f 15/5/4 13/5/4 16/14/4
f 13/5/4 15/5/4 14/15/4
f 13/5/5 10/5/5 16/16/5
f 10/5/5 13/5/5 9/17/5
f 11/2/6 15/3/6 12/11/6
f 15/3/6 11/2/6 14/1/6
f 19/3/1 18/2/1 17/1/1
f 18/3/1 19/2/1 20/1/1
f 21/3/2 19/2/2 17/1/2
f 19/3/2 21/2/2 22/1/2
f 23/5/3 18/5/3 20/18/3
f 18/5/3 23/5/3 24/19/3
f 23/5/4 21/5/4 24/20/4
f 21/5/4 23/5/4 22/21/4
f 21/5/5 18/5/5 24/22/5
f 18/5/5 21/5/5 17/23/5
f 19/2/6 23/3/6 20/11/6
f 23/3/6 19/2/6 22/1/6
f 7/3/1 25/2/1 8/1/1
f 25/3/1 7/2/1 26/1/1
f 27/3/2 7/2/2 8/1/2
f 7/3/2 27/2/2 28/1/2
f 29/5/3 25/5/3 26/24/3
f 25/5/3 29/5/3 30/25/3
f 29/5/4 27/5/4 30/26/4
f 27/5/4 29/5/4 28/27/4
f 27/5/5 25/5/5 30/28/5
f 25/5/5 27/5/5 8/9/5
f 7/2/6 29/3/6 26/11/6
f 29/3/6 7/2/6 28/1/6
f 33/3/1 32/2/1 31/1/1
f 32/3/1 33/2/1 34/1/1
f 10/3/2 33/2/2 31/1/2
f 33/3/2 10/2/2 12/1/2
f 35/5/3 32/5/3 34/29/3
f 32/5/3 35/5/3 36/30/3
f 35/5/4 10/5/4 36/31/4
f 10/5/4 35/5/4 12/32/4
f 10/5/5 32/5/5 36/33/5
f 32/5/5 10/5/5 31/34/5
f 33/2/6 35/3/6 34/11/6
f 35/3/6 33/2/6 12/1/6
f 15/3/1 37/2/1 16/1/1
f 37/3/1 15/2/1 38/1/1
f 39/3/2 15/2/2 16/1/2
f 15/3/2 39/2/2 40/1/2
f 41/5/3 37/5/3 38/35/3
f 37/5/3 41/5/3 42/36/3
f 41/5/4 39/5/4 42/37/4
f 39/5/4 41/5/4 40/38/4
f 39/5/5 37/5/5 42/39/5
f 37/5/5 39/5/5 16/16/5
f 15/2/6 41/3/6 38/11/6
f 41/3/6 15/2/6 40/1/6
f 45/3/1 44/2/1 43/1/1
f 44/3/1 45/2/1 46/1/1
f 32/3/2 45/2/2 43/1/2
f 45/3/2 32/2/2 34/1/2
f 47/5/3 44/5/3 46/40/3
f 44/5/3 47/5/3 48/41/3
f 47/5/4 32/5/4 48/42/4
f 32/5/4 47/5/4 34/43/4
f 32/5/5 44/5/5 48/44/5
f 44/5/5 32/5/5 43/45/5
f 45/2/6 47/3/6 46/11/6
f 47/3/6 45/2/6 34/1/6
f 51/3/1 50/2/1 49/1/1
f 50/3/1 51/2/1 52/1/1
f 53/3/2 51/2/2 49/1/2
f 51/3/2 53/2/2 54/1/2
f 55/5/3 50/5/3 52/46/3
f 50/5/3 55/5/3 56/47/3
f 55/5/4 53/5/4 56/48/4
f 53/5/4 55/5/4 54/49/4
f 53/5/5 50/5/5 56/50/5
f 50/5/5 53/5/5 49/51/5
f 51/2/6 55/3/6 52/11/6
f 55/3/6 51/2/6 54/1/6
f 59/3/1 58/2/1 57/1/1
f 58/3/1 59/2/1 60/1/1
f 61/3/2 59/2/2 57/1/2
f 59/3/2 61/2/2 62/1/2
f 63/5/3 58/5/3 60/52/3
f 58/5/3 63/5/3 64/53/3
f 63/5/4 61/5/4 64/54/4
f 61/5/4 63/5/4 62/55/4
f 61/5/5 58/5/5 64/56/5
f 58/5/5 61/5/5 57/57/5
f 59/2/6 63/3/6 60/11/6
f 63/3/6 59/2/6 62/1/6
f 67/3/1 66/2/1 65/1/1
f 66/3/1 67/2/1 68/1/1
f 69/3/2 67/2/2 65/1/2
f 67/3/2 69/2/2 70/1/2
f 71/5/3 66/5/3 68/58/3
f 66/5/3 71/5/3 72/59/3
f 71/5/4 69/5/4 72/60/4
f 69/5/4 71/5/4 70/61/4
f 69/5/5 66/5/5 72/62/5
f 66/5/5 69/5/5 65/63/5
f 67/2/6 71/3/6 68/11/6
f 71/3/6 67/2/6 70/1/6
f 63/3/1 73/2/1 64/1/1
f 73/3/1 63/2/1 74/1/1
f 75/3/2 63/2/2 64/1/2
f 63/3/2 75/2/2 76/1/2
f 77/5/3 73/5/3 74/64/3
f 73/5/3 77/5/3 78/65/3
f 77/5/4 75/5/4 78/66/4
f 75/5/4 77/5/4 76/67/4
f 75/5/5 73/5/5 78/68/5
f 73/5/5 75/5/5 64/56/5
f 63/2/6 77/3/6 74/11/6
f 77/3/6 63/2/6 76/1/6
f 81/3/1 80/2/1 79/1/1
f 80/3/1 81/2/1 82/1/1
f 83/3/2 81/2/2 79/1/2
f 81/3/2 83/2/2 84/1/2
f 85/5/3 80/5/3 82/69/3
f 80/5/3 85/5/3 86/70/3
f 85/5/4 83/5/4 86/71/4
f 83/5/4 85/5/4 84/72/4
f 83/5/5 80/5/5 86/73/5
f 80/5/5 83/5/5 79/74/5
f 81/2/6 85/3/6 82/11/6
f 85/3/6 81/2/6 84/1/6
f 89/3/1 88/2/1 87/1/1
f 88/3/1 89/2/1 90/1/1
f 91/3/2 89/2/2 87/1/2
f 89/3/2 91/2/2 92/1/2
f 93/5/3 88/5/3 90/75/3
f 88/5/3 93/5/3 94/76/3
f 93/5/4 91/5/4 94/77/4
f 91/5/4 93/5/4 92/78/4
f 91/5/5 88/5/5 94/79/5
f 88/5/5 91/5/5 87/80/5
f 89/2/6 93/3/6 90/11/6
f 93/3/6 89/2/6 92/1/6
f 97/3/1 96/2/1 95/1/1
f 96/3/1 97/2/1 98/1/1
f 99/3/2 97/2/2 95/1/2
f 97/3/2 99/2/2 100/1/2
f 101/5/3 96/5/3 98/81/3
f 96/5/3 101/5/3 102/82/3
f 101/5/4 99/5/4 102/83/4
f 99/5/4 101/5/4 100/84/4
f 99/5/5 96/5/5 102/85/5
f 96/5/5 99/5/5 95/86/5
f 97/2/6 101/3/6 98/11/6
f 101/3/6 97/2/6 100/1/6
f 105/3/1 104/2/1 103/1/1
f 104/3/1 105/2/1 106/1/1
f 107/3/2 105/2/2 103/1/2
f 105/3/2 107/2/2 108/1/2
f 109/5/3 104/5/3 106/87/3
f 104/5/3 109/5/3 110/88/3
f 109/5/4 107/5/4 110/89/4
f 107/5/4 109/5/4 108/90/4
f 107/5/5 104/5/5 110/91/5
f 104/5/5 107/5/5 103/92/5
f 105/2/6 109/3/6 106/11/6
f 109/3/6 105/2/6 108/1/6
f 113/3/1 112/2/1 111/1/1
f 112/3/1 113/2/1 114/1/1
f 115/3/2 113/2/2 111/1/2
f 113/3/2 115/2/2 116/1/2
f 117/5/3 112/5/3 114/93/3
f 112/5/3 117/5/3 118/94/3
f 117/5/4 115/5/4 118/95/4
f 115/5/4 117/5/4 116/96/4
f 115/5/5 112/5/5 118/97/5
f 112/5/5 115/5/5 111/98/5
f 113/2/6 117/3/6 114/11/6
f 117/3/6 113/2/6 116/1/6
f 121/3/1 120/2/1 119/1/1
f 120/3/1 121/2/1 122/1/1
f 123/3/2 121/2/2 119/1/2
f 121/3/2 123/2/2 124/1/2
f 125/5/3 120/5/3 122/99/3
f 120/5/3 125/5/3 126/100/3
f 125/5/4 123/5/4 126/101/4
f 123/5/4 125/5/4 124/102/4
f 123/5/5 120/5/5 126/103/5
f 120/5/5 123/5/5 119/104/5
f 121/2/6 125/3/6 122/11/6
f 125/3/6 121/2/6 124/1/6
f 129/3/1 128/2/1 127/1/1
f 128/3/1 129/2/1 130/1/1
f 131/3/2 129/2/2 127/1/2
f 129/3/2 131/2/2 132/1/2
f 133/5/3 128/5/3 130/105/3
f 128/5/3 133/5/3 134/106/3
f 133/5/4 131/5/4 134/107/4
f 131/5/4 133/5/4 132/108/4
f 131/5/5 128/5/5 134/109/5
f 128/5/5 131/5/5 127/110/5
f 129/2/6 133/3/6 130/11/6
f 133/3/6 129/2/6 132/1/6
f 137/3/1 136/2/1 135/1/1
f 136/3/1 137/2/1 138/1/1
f 139/3/2 137/2/2 135/1/2
f 137/3/2 139/2/2 140/1/2
f 141/5/3 136/5/3 138/111/3
f 136/5/3 141/5/3 142/112/3
f 141/5/4 139/5/4 142/113/4
f 139/5/4 141/5/4 140/114/4
f 139/5/5 136/5/5 142/115/5
f 136/5/5 139/5/5 135/116/5
f 137/2/6 141/3/6 138/11/6
f 141/3/6 137/2/6 140/1/6
f 145/3/1 144/2/1 143/1/1
f 144/3/1 145/2/1 146/1/1
f 147/3/2 145/2/2 143/1/2
f 145/3/2 147/2/2 148/1/2
f 149/5/3 144/5/3 146/117/3
f 144/5/3 149/5/3 150/118/3
f 149/5/4 147/5/4 150/119/4
f 147/5/4 149/5/4 148/120/4
f 147/5/5 144/5/5 150/121/5
f 144/5/5 147/5/5 143/122/5
f 145/2/6 149/3/6 146/11/6
f 149/3/6 145/2/6 148/1/6
f 153/3/1 152/2/1 151/1/1
f 152/3/1 153/2/1 154/1/1
f 155/3/2 153/2/2 151/1/2
f 153/3/2 155/2/2 156/1/2
f 157/5/3 152/5/3 154/123/3
f 152/5/3 157/5/3 158/124/3
f 157/5/4 155/5/4 158/125/4
f 155/5/4 157/5/4 156/126/4
f 155/5/5 152/5/5 158/127/5
f 152/5/5 155/5/5 151/128/5
f 153/2/6 157/3/6 154/11/6
f 157/3/6 153/2/6 156/1/6
f 161/3/1 160/2/1 159/1/1
f 160/3/1 161/2/1 162/1/1
f 144/3/2 161/2/2 159/1/2
f 161/3/2 144/2/2 146/1/2
f 163/5/3 160/5/3 162/129/3
f 160/5/3 163/5/3 164/130/3
f 163/5/4 144/5/4 164/131/4
f 144/5/4 163/5/4 146/132/4
f 144/5/5 160/5/5 164/133/5
f 160/5/5 144/5/5 159/134/5
f 161/2/6 163/3/6 162/11/6
f 163/3/6 161/2/6 146/1/6
f 167/3/1 166/2/1 165/1/1
f 166/3/1 167/2/1 168/1/1
f 169/3/2 167/2/2 165/1/2
f 167/3/2 169/2/2 170/1/2
f 171/5/3 166/5/3 168/135/3
f 166/5/3 171/5/3 172/136/3
f 171/5/4 169/5/4 172/137/4
f 169/5/4 171/5/4 170/138/4
f 169/5/5 166/5/5 172/139/5
f 166/5/5 169/5/5 165/140/5
f 167/2/6 171/3/6 168/11/6
f 171/3/6 167/2/6 170/1/6
f 175/3/1 174/2/1 173/1/1
f 174/3/1 175/2/1 176/1/1
f 177/3/2 175/2/2 173/1/2
f 175/3/2 177/2/2 178/1/2
f 179/5/3 174/5/3 176/141/3
f 174/5/3 179/5/3 180/142/3
f 179/5/4 177/5/4 180/143/4
f 177/5/4 179/5/4 178/144/4
f 177/5/5 174/5/5 180/145/5
f 174/5/5 177/5/5 173/146/5
f 175/2/6 179/3/6 176/11/6
f 179/3/6 175/2/6 178/1/6
f 183/3/1 182/2/1 181/1/1
f 182/3/1 183/2/1 184/1/1
f 185/3/2 183/2/2 181/1/2
f 183/3/2 185/2/2 186/1/2
f 187/5/3 182/5/3 184/147/3
f 182/5/3 187/5/3 188/148/3
f 187/5/4 185/5/4 188/149/4
f 185/5/4 187/5/4 186/150/4
f 185/5/5 182/5/5 188/151/5
f 182/5/5 185/5/5 181/152/5
f 183/2/6 187/3/6 184/11/6
f 187/3/6 183/2/6 186/1/6
f 186/3/1 189/2/1 185/1/1
f 189/3/1 186/2/1 190/1/1
f 191/3/2 186/2/2 185/1/2
f 186/3/2 191/2/2 192/1/2
f 193/5/3 189/5/3 190/153/3
f 189/5/3 193/5/3 194/154/3
f 193/5/4 191/5/4 194/155/4
f 191/5/4 193/5/4 192/156/4
f 191/5/5 189/5/5 194/157/5
f 189/5/5 191/5/5 185/5/5
f 186/2/6 193/3/6 190/11/6
f 193/3/6 186/2/6 192/1/6
f 197/3/1 196/2/1 195/1/1
f 196/3/1 197/2/1 198/1/1
f 199/3/2 197/2/2 195/1/2
f 197/3/2 199/2/2 200/1/2
f 201/5/3 196/5/3 198/158/3
f 196/5/3 201/5/3 202/159/3
f 201/5/4 199/5/4 202/160/4
f 199/5/4 201/5/4 200/161/4
f 199/5/5 196/5/5 202/162/5
f 196/5/5 199/5/5 195/163/5
f 197/2/6 201/3/6 198/11/6
f 201/3/6 197/2/6 200/1/6
f 205/3/1 204/2/1 203/1/1
f 204/3/1 205/2/1 206/1/1
f 207/3/2 205/2/2 203/1/2
f 205/3/2 207/2/2 208/1/2
f 209/5/3 204/5/3 206/164/3
f 204/5/3 209/5/3 210/165/3
f 209/5/4 207/5/4 210/166/4
f 207/5/4 209/5/4 208/167/4
f 207/5/5 204/5/5 210/168/5
f 204/5/5 207/5/5 203/169/5
f 205/2/6 209/3/6 206/11/6
f 209/3/6 205/2/6 208/1/6
f 213/3/1 212/2/1 211/1/1
f 212/3/1 213/2/1 214/1/1
f 215/3/2 213/2/2 211/1/2
f 213/3/2 215/2/2 216/1/2
f 217/5/3 212/5/3 214/170/3
f 212/5/3 217/5/3 218/171/3
f 217/5/4 215/5/4 218/172/4
f 215/5/4 217/5/4 216/173/4
f 215/5/5 212/5/5 218/174/5
f 212/5/5 215/5/5 211/175/5
f 213/2/6 217/3/6 214/11/6
f 217/3/6 213/2/6 216/1/6
f 221/3/1 220/2/1 219/1/1
f 220/3/1 221/2/1 222/1/1
f 223/3/2 221/2/2 219/1/2
f 221/3/2 223/2/2 224/1/2
f 225/5/3 220/5/3 222/176/3
f 220/5/3 225/5/3 226/177/3
f 225/5/4 223/5/4 226/178/4
f 223/5/4 225/5/4 224/179/4
f 223/5/5 220/5/5 226/180/5
f 220/5/5 223/5/5 219/181/5
f 221/2/6 225/3/6 222/11/6
f 225/3/6 221/2/6 224/1/6
f 229/3/1 228/2/1 227/1/1
f 228/3/1 229/2/1 230/1/1
f 231/3/2 229/2/2 227/1/2
f 229/3/2 231/2/2 232/1/2
f 233/5/3 228/5/3 230/182/3
f 228/5/3 233/5/3 234/183/3
f 233/5/4 231/5/4 234/184/4
f 231/5/4 233/5/4 232/185/4
f 231/5/5 228/5/5 234/186/5
f 228/5/5 231/5/5 227/187/5
f 229/2/6 233/3/6 230/11/6
f 233/3/6 229/2/6 232/1/6
f 237/3/1 236/2/1 235/1/1
f 236/3/1 237/2/1 238/1/1
f 239/3/2 237/2/2 235/1/2
f 237/3/2 239/2/2 240/1/2
f 241/5/3 236/5/3 238/188/3
f 236/5/3 241/5/3 242/189/3
f 241/5/4 239/5/4 242/190/4
f 239/5/4 241/5/4 240/191/4
f 239/5/5 236/5/5 242/192/5
f 236/5/5 239/5/5 235/193/5
f 237/2/6 241/3/6 238/11/6
f 241/3/6 237/2/6 240/1/6
f 201/3/1 243/2/1 202/1/1
f 243/3/1 201/2/1 244/1/1
f 245/3/2 201/2/2 202/1/2
f 201/3/2 245/2/2 246/1/2
f 247/5/3 243/5/3 244/194/3
f 243/5/3 247/5/3 248/195/3
f 247/5/4 245/5/4 248/196/4
f 245/5/4 247/5/4 246/197/4
f 245/5/5 243/5/5 248/198/5
f 243/5/5 245/5/5 202/162/5
f 201/2/6 247/3/6 244/11/6
f 247/3/6 201/2/6 246/1/6
f 250/3/1 188/2/1 249/1/1
f 188/3/1 250/2/1 187/1/1
f 204/3/2 250/2/2 249/1/2
f 250/3/2 204/2/2 206/1/2
f 251/5/3 188/148/3 187/5/3
f 188/148/3 251/5/3 252/199/3
f 251/5/4 204/5/4 252/200/4
f 204/5/4 251/5/4 206/201/4
f 204/5/5 188/151/5 252/202/5
f 188/151/5 204/5/5 249/203/5
f 250/2/6 251/3/6 187/11/6
f 251/3/6 250/2/6 206/1/6
f 209/3/1 253/2/1 210/1/1
f 253/3/1 209/2/1 254/1/1
f 255/3/2 209/2/2 210/1/2
f 209/3/2 255/2/2 256/1/2
f 214/170/3 253/5/3 254/204/3
f 253/5/3 214/170/3 212/5/3
f 214/5/4 255/5/4 212/205/4
f 255/5/4 214/5/4 256/206/4
f 255/5/5 253/5/5 212/5/5
f 253/5/5 255/5/5 210/168/5
f 209/2/6 214/3/6 254/11/6
f 214/3/6 209/2/6 256/1/6
f 259/3/1 258/2/1 257/1/1
f 258/3/1 259/2/1 260/1/1
f 236/3/2 259/2/2 257/1/2
f 259/3/2 236/2/2 238/1/2
f 261/5/3 258/5/3 260/207/3
f 258/5/3 261/5/3 262/208/3
f 261/5/4 236/5/4 262/209/4
f 236/5/4 261/5/4 238/210/4
f 236/5/5 258/5/5 262/211/5
f 258/5/5 236/5/5 257/212/5
f 259/2/6 261/3/6 260/11/6
f 261/3/6 259/2/6 238/1/6
f 265/3/1 264/2/1 263/1/1
f 264/3/1 265/2/1 266/1/1
f 267/3/2 265/2/2 263/1/2
f 265/3/2 267/2/2 268/1/2
f 269/5/3 264/5/3 266/213/3
f 264/5/3 269/5/3 270/214/3
f 269/5/4 267/5/4 270/215/4
f 267/5/4 269/5/4 268/216/4
f 267/5/5 264/5/5 270/217/5
f 264/5/5 267/5/5 263/218/5
f 265/2/6 269/3/6 266/11/6
f 269/3/6 265/2/6 268/1/6
f 273/3/1 272/2/1 271/1/1
f 272/3/1 273/2/1 274/1/1
f 275/3/2 273/2/2 271/1/2
f 273/3/2 275/2/2 276/1/2
f 277/5/3 272/5/3 274/219/3
f 272/5/3 277/5/3 278/220/3
f 277/5/4 275/5/4 278/221/4
f 275/5/4 277/5/4 276/222/4
f 275/5/5 272/5/5 278/223/5
f 272/5/5 275/5/5 271/224/5
f 273/2/6 277/3/6 274/11/6
f 277/3/6 273/2/6 276/1/6
f 281/3/1 280/2/1 279/1/1
f 280/3/1 281/2/1 282/1/1
f 283/3/2 281/2/2 279/1/2
f 281/3/2 283/2/2 284/1/2
f 285/5/3 280/5/3 282/225/3
f 280/5/3 285/5/3 286/226/3
f 285/5/4 283/5/4 286/227/4
f 283/5/4 285/5/4 284/228/4
f 283/5/5 280/5/5 286/229/5
f 280/5/5 283/5/5 279/230/5
f 281/2/6 285/3/6 282/11/6
f 285/3/6 281/2/6 284/1/6
f 289/3/1 288/2/1 287/1/1
f 288/3/1 289/2/1 290/1/1
f 291/3/2 289/2/2 287/1/2
f 289/3/2 291/2/2 292/1/2
f 293/5/3 288/5/3 290/231/3
f 288/5/3 293/5/3 294/232/3
f 293/5/4 291/5/4 294/233/4
f 291/5/4 293/5/4 292/234/4
f 291/5/5 288/5/5 294/235/5
f 288/5/5 291/5/5 287/236/5
f 289/2/6 293/3/6 290/11/6
f 293/3/6 289/2/6 292/1/6
f 297/3/1 296/2/1 295/1/1
f 296/3/1 297/2/1 298/1/1
f 299/3/2 297/2/2 295/1/2
f 297/3/2 299/2/2 300/1/2
f 301/5/3 296/5/3 298/237/3
f 296/5/3 301/5/3 302/238/3
f 301/5/4 299/5/4 302/239/4
f 299/5/4 301/5/4 300/240/4
f 299/5/5 296/5/5 302/241/5
f 296/5/5 299/5/5 295/242/5
f 297/2/6 301/3/6 298/11/6
f 301/3/6 297/2/6 300/1/6
f 305/3/1 304/2/1 303/1/1
f 304/3/1 305/2/1 306/1/1
f 307/3/2 305/2/2 303/1/2
f 305/3/2 307/2/2 308/1/2
f 309/5/3 304/5/3 306/243/3
f 304/5/3 309/5/3 310/244/3
f 309/5/4 307/5/4 310/245/4
f 307/5/4 309/5/4 308/246/4
f 307/5/5 304/5/5 310/247/5
f 304/5/5 307/5/5 303/248/5
f 305/2/6 309/3/6 306/11/6
f 309/3/6 305/2/6 308/1/6
f 313/3/1 312/2/1 311/1/1
f 312/3/1 313/2/1 314/1/1
f 272/3/2 313/2/2 311/1/2
f 313/3/2 272/2/2 274/1/2
f 315/5/3 312/5/3 314/249/3
f 312/5/3 315/5/3 316/250/3
f 315/5/4 272/5/4 316/251/4
f 272/5/4 315/5/4 274/252/4
f 272/5/5 312/5/5 316/253/5
f 312/5/5 272/5/5 311/254/5
f 313/2/6 315/3/6 314/11/6
f 315/3/6 313/2/6 274/1/6
f 319/3/1 318/2/1 317/1/1
f 318/3/1 319/2/1 320/1/1
f 321/3/2 319/2/2 317/1/2
f 319/3/2 321/2/2 322/1/2
f 323/5/3 318/5/3 320/255/3
f 318/5/3 323/5/3 324/256/3
f 323/5/4 321/5/4 324/257/4
f 321/5/4 323/5/4 322/258/4
f 321/5/5 318/5/5 324/259/5
f 318/5/5 321/5/5 317/260/5
f 319/2/6 323/3/6 320/11/6
f 323/3/6 319/2/6 322/1/6
f 327/3/1 326/2/1 325/1/1
f 326/3/1 327/2/1 328/1/1
f 329/3/2 327/2/2 325/1/2
f 327/3/2 329/2/2 330/1/2
f 331/5/3 326/5/3 328/261/3
f 326/5/3 331/5/3 332/262/3
f 331/5/4 329/5/4 332/263/4
f 329/5/4 331/5/4 330/264/4
f 329/5/5 326/5/5 332/265/5
f 326/5/5 329/5/5 325/266/5
f 327/2/6 331/3/6 328/11/6
f 331/3/6 327/2/6 330/1/6
f 186/3/1 189/2/1 185/1/1
f 189/3/1 186/2/1 190/1/1
f 191/3/2 186/2/2 185/1/2
f 186/3/2 191/2/2 192/1/2
f 193/5/3 189/5/3 190/153/3
f 189/5/3 193/5/3 194/154/3
f 193/5/4 191/5/4 194/155/4
f 191/5/4 193/5/4 192/156/4
f 191/5/5 189/5/5 194/157/5
f 189/5/5 191/5/5 185/5/5
f 186/2/6 193/3/6 190/11/6
f 193/3/6 186/2/6 192/1/6

usemtl color13

f 6/3/1 8/2/1 5/1/1
f 8/3/1 6/2/1 7/1/1
f 333/3/2 6/2/2 5/1/2
f 6/3/2 333/2/2 334/1/2
f 28/5/3 8/6/3 7/5/3
f 8/6/3 28/5/3 27/267/3
f 28/27/4 333/5/4 27/5/4
f 333/5/4 28/27/4 334/268/4
f 333/5/5 8/9/5 27/5/5
f 8/9/5 333/5/5 5/5/5
f 6/2/6 28/3/6 7/11/6
f 28/3/6 6/2/6 334/1/6
f 12/3/1 335/2/1 10/1/1
f 335/3/1 12/2/1 336/1/1
f 337/3/2 12/2/2 10/1/2
f 12/3/2 337/2/2 338/1/2
f 339/5/3 335/5/3 336/269/3
f 335/5/3 339/5/3 340/270/3
f 339/5/4 337/5/4 340/271/4
f 337/5/4 339/5/4 338/272/4
f 337/5/5 335/5/5 340/273/5
f 335/5/5 337/5/5 10/5/5
f 12/2/6 339/3/6 336/11/6
f 339/3/6 12/2/6 338/1/6
f 342/3/1 57/2/1 341/1/1
f 57/3/1 342/2/1 59/1/1
f 343/3/2 342/2/2 341/1/2
f 342/3/2 343/2/2 344/1/2
f 62/5/3 57/5/3 59/274/3
f 57/5/3 62/5/3 61/275/3
f 62/55/4 343/5/4 61/5/4
f 343/5/4 62/55/4 344/276/4
f 343/5/5 57/57/5 61/5/5
f 57/57/5 343/5/5 341/277/5
f 342/2/6 62/3/6 59/11/6
f 62/3/6 342/2/6 344/1/6
f 346/3/1 48/2/1 345/1/1
f 48/3/1 346/2/1 47/1/1
f 347/3/2 346/2/2 345/1/2
f 346/3/2 347/2/2 348/1/2
f 349/5/3 48/41/3 47/5/3
f 48/41/3 349/5/3 350/278/3
f 349/5/4 347/5/4 350/279/4
f 347/5/4 349/5/4 348/280/4
f 347/5/5 48/44/5 350/281/5
f 48/44/5 347/5/5 345/282/5
f 346/2/6 349/3/6 47/11/6
f 349/3/6 346/2/6 348/1/6
f 353/3/1 352/2/1 351/1/1
f 352/3/1 353/2/1 354/1/1
f 355/3/2 353/2/2 351/1/2
f 353/3/2 355/2/2 356/1/2
f 357/5/3 352/5/3 354/283/3
f 352/5/3 357/5/3 358/284/3
f 357/5/4 355/5/4 358/285/4
f 355/5/4 357/5/4 356/286/4
f 355/5/5 352/5/5 358/287/5
f 352/5/5 355/5/5 351/288/5
f 353/2/6 357/3/6 354/11/6
f 357/3/6 353/2/6 356/1/6
f 361/3/1 360/2/1 359/1/1
f 360/3/1 361/2/1 362/1/1
f 363/3/2 361/2/2 359/1/2
f 361/3/2 363/2/2 364/1/2
f 365/5/3 360/5/3 362/289/3
f 360/5/3 365/5/3 366/290/3
f 365/5/4 363/5/4 366/291/4
f 363/5/4 365/5/4 364/292/4
f 363/5/5 360/5/5 366/293/5
f 360/5/5 363/5/5 359/294/5
f 361/2/6 365/3/6 362/11/6
f 365/3/6 361/2/6 364/1/6
f 369/3/1 368/2/1 367/1/1
f 368/3/1 369/2/1 370/1/1
f 160/3/2 369/2/2 367/1/2
f 369/3/2 160/2/2 162/1/2
f 371/5/3 368/5/3 370/295/3
f 368/5/3 371/5/3 372/296/3
f 371/5/4 160/5/4 372/297/4
f 160/5/4 371/5/4 162/298/4
f 160/5/5 368/5/5 372/299/5
f 368/5/5 160/5/5 367/300/5
f 369/2/6 371/3/6 370/11/6
f 371/3/6 369/2/6 162/1/6
f 371/3/1 263/2/1 372/1/1
f 263/3/1 371/2/1 265/1/1
f 219/3/2 371/2/2 372/1/2
f 371/3/2 219/2/2 221/1/2
f 268/5/3 263/5/3 265/301/3
f 263/5/3 268/5/3 267/302/3
f 268/216/4 219/5/4 267/5/4
f 219/5/4 268/216/4 221/303/4
f 219/181/5 263/218/5 267/5/5
f 263/218/5 219/181/5 372/299/5
f 371/2/6 268/3/6 265/11/6
f 268/3/6 371/2/6 221/1/6
f 375/3/1 374/2/1 373/1/1
f 374/3/1 375/2/1 376/1/1
f 377/3/2 375/2/2 373/1/2
f 375/3/2 377/2/2 378/1/2
f 379/5/3 374/5/3 376/304/3
f 374/5/3 379/5/3 380/305/3
f 379/5/4 377/5/4 380/306/4
f 377/5/4 379/5/4 378/307/4
f 377/5/5 374/5/5 380/308/5
f 374/5/5 377/5/5 373/309/5
f 375/2/6 379/3/6 376/11/6
f 379/3/6 375/2/6 378/1/6
f 383/3/1 382/2/1 381/1/1
f 382/3/1 383/2/1 384/1/1
f 385/3/2 383/2/2 381/1/2
f 383/3/2 385/2/2 386/1/2
f 387/5/3 382/5/3 384/310/3
f 382/5/3 387/5/3 388/311/3
f 387/5/4 385/5/4 388/312/4
f 385/5/4 387/5/4 386/313/4
f 385/5/5 382/5/5 388/314/5
f 382/5/5 385/5/5 381/315/5
f 383/2/6 387/3/6 384/11/6
f 387/3/6 383/2/6 386/1/6
f 391/3/1 390/2/1 389/1/1
f 390/3/1 391/2/1 392/1/1
f 393/3/2 391/2/2 389/1/2
f 391/3/2 393/2/2 394/1/2
f 395/5/3 390/5/3 392/316/3
f 390/5/3 395/5/3 396/317/3
f 395/5/4 393/5/4 396/318/4
f 393/5/4 395/5/4 394/319/4
f 393/5/5 390/5/5 396/320/5
f 390/5/5 393/5/5 389/321/5
f 391/2/6 395/3/6 392/11/6
f 395/3/6 391/2/6 394/1/6

usemtl color19

f 399/3/1 398/2/1 397/1/1
f 398/3/1 399/2/1 400/1/1
f 401/3/2 399/2/2 397/1/2
f 399/3/2 401/2/2 402/1/2
f 403/5/3 398/5/3 400/322/3
f 398/5/3 403/5/3 404/323/3
f 403/5/4 401/5/4 404/324/4
f 401/5/4 403/5/4 402/325/4
f 401/5/5 398/5/5 404/326/5
f 398/5/5 401/5/5 397/327/5
f 399/2/6 403/3/6 400/11/6
f 403/3/6 399/2/6 402/1/6
f 406/3/1 31/2/1 405/1/1
f 31/3/1 406/2/1 33/1/1
f 9/3/2 406/2/2 405/1/2
f 406/3/2 9/2/2 11/1/2
f 12/12/3 31/5/3 33/328/3
f 31/5/3 12/12/3 10/5/3
f 12/32/4 9/5/4 10/5/4
f 9/5/4 12/32/4 11/329/4
f 9/17/5 31/34/5 10/5/5
f 31/34/5 9/17/5 405/330/5
f 406/2/6 12/3/6 33/11/6
f 12/3/6 406/2/6 11/1/6
f 409/3/1 408/2/1 407/1/1
f 408/3/1 409/2/1 410/1/1
f 411/3/2 409/2/2 407/1/2
f 409/3/2 411/2/2 412/1/2
f 413/5/3 408/5/3 410/331/3
f 408/5/3 413/5/3 414/332/3
f 413/5/4 411/5/4 414/333/4
f 411/5/4 413/5/4 412/334/4
f 411/5/5 408/5/5 414/335/5
f 408/5/5 411/5/5 407/336/5
f 409/2/6 413/3/6 410/11/6
f 413/3/6 409/2/6 412/1/6
f 417/3/1 416/2/1 415/1/1
f 416/3/1 417/2/1 418/1/1
f 56/3/2 417/2/2 415/1/2
f 417/3/2 56/2/2 55/1/2
f 419/5/3 416/5/3 418/337/3
f 416/5/3 419/5/3 420/338/3
f 419/5/4 56/48/4 420/339/4
f 56/48/4 419/5/4 55/5/4
f 56/50/5 416/5/5 420/340/5
f 416/5/5 56/50/5 415/341/5
f 417/2/6 419/3/6 418/11/6
f 419/3/6 417/2/6 55/1/6
f 423/3/1 422/2/1 421/1/1
f 422/3/1 423/2/1 424/1/1
f 416/3/2 423/2/2 421/1/2
f 423/3/2 416/2/2 418/1/2
f 425/5/3 422/5/3 424/342/3
f 422/5/3 425/5/3 426/343/3
f 425/5/4 416/5/4 426/344/4
f 416/5/4 425/5/4 418/345/4
f 416/5/5 422/5/5 426/346/5
f 422/5/5 416/5/5 421/347/5
f 423/2/6 425/3/6 424/11/6
f 425/3/6 423/2/6 418/1/6
f 429/3/1 428/2/1 427/1/1
f 428/3/1 429/2/1 430/1/1
f 431/3/2 429/2/2 427/1/2
f 429/3/2 431/2/2 432/1/2
f 433/5/3 428/5/3 430/348/3
f 428/5/3 433/5/3 434/349/3
f 433/5/4 431/5/4 434/350/4
f 431/5/4 433/5/4 432/351/4
f 431/5/5 428/5/5 434/352/5
f 428/5/5 431/5/5 427/353/5
f 429/2/6 433/3/6 430/11/6
f 433/3/6 429/2/6 432/1/6
f 437/3/1 436/2/1 435/1/1
f 436/3/1 437/2/1 438/1/1
f 79/3/2 437/2/2 435/1/2
f 437/3/2 79/2/2 81/1/2
f 82/69/3 436/5/3 438/354/3
f 436/5/3 82/69/3 80/5/3
f 82/5/4 79/5/4 80/355/4
f 79/5/4 82/5/4 81/356/4
f 79/74/5 436/5/5 80/5/5
f 436/5/5 79/74/5 435/357/5
f 437/2/6 82/3/6 438/11/6
f 82/3/6 437/2/6 81/1/6
f 46/3/1 439/2/1 44/1/1
f 439/3/1 46/2/1 440/1/1
f 48/3/2 46/2/2 44/1/2
f 46/3/2 48/2/2 47/1/2
f 441/5/3 439/5/3 440/358/3
f 439/5/3 441/5/3 442/359/3
f 441/5/4 48/42/4 442/360/4
f 48/42/4 441/5/4 47/5/4
f 48/44/5 439/5/5 442/361/5
f 439/5/5 48/44/5 44/5/5
f 46/2/6 441/3/6 440/11/6
f 441/3/6 46/2/6 47/1/6
f 116/3/1 118/2/1 115/1/1
f 118/3/1 116/2/1 117/1/1
f 443/3/2 116/2/2 115/1/2
f 116/3/2 443/2/2 444/1/2
f 445/5/3 118/94/3 117/5/3
f 118/94/3 445/5/3 446/362/3
f 445/5/4 443/5/4 446/363/4
f 443/5/4 445/5/4 444/364/4
f 443/5/5 118/97/5 446/365/5
f 118/97/5 443/5/5 115/5/5
f 116/2/6 445/3/6 117/11/6
f 445/3/6 116/2/6 444/1/6
f 449/3/1 448/2/1 447/1/1
f 448/3/1 449/2/1 450/1/1
f 119/3/2 449/2/2 447/1/2
f 449/3/2 119/2/2 121/1/2
f 122/99/3 448/5/3 450/366/3
f 448/5/3 122/99/3 120/5/3
f 122/5/4 119/5/4 120/367/4
f 119/5/4 122/5/4 121/368/4
f 119/104/5 448/5/5 120/5/5
f 448/5/5 119/104/5 447/369/5
f 449/2/6 122/3/6 450/11/6
f 122/3/6 449/2/6 121/1/6
f 124/3/1 126/2/1 123/1/1
f 126/3/1 124/2/1 125/1/1
f 451/3/2 124/2/2 123/1/2
f 124/3/2 451/2/2 452/1/2
f 453/5/3 126/100/3 125/5/3
f 126/100/3 453/5/3 454/370/3
f 453/5/4 451/5/4 454/371/4
f 451/5/4 453/5/4 452/372/4
f 451/5/5 126/103/5 454/373/5
f 126/103/5 451/5/5 123/5/5
f 124/2/6 453/3/6 125/11/6
f 453/3/6 124/2/6 452/1/6
f 457/3/1 456/2/1 455/1/1
f 456/3/1 457/2/1 458/1/1
f 351/3/2 457/2/2 455/1/2
f 457/3/2 351/2/2 353/1/2
f 354/283/3 456/5/3 458/374/3
f 456/5/3 354/283/3 352/5/3
f 354/5/4 351/5/4 352/375/4
f 351/5/4 354/5/4 353/376/4
f 351/288/5 456/5/5 352/5/5
f 456/5/5 351/288/5 455/377/5
f 457/2/6 354/3/6 458/11/6
f 354/3/6 457/2/6 353/1/6
f 461/3/1 460/2/1 459/1/1
f 460/3/1 461/2/1 462/1/1
f 463/3/2 461/2/2 459/1/2
f 461/3/2 463/2/2 464/1/2
f 465/5/3 460/5/3 462/378/3
f 460/5/3 465/5/3 466/379/3
f 465/5/4 463/5/4 466/380/4
f 463/5/4 465/5/4 464/381/4
f 463/5/5 460/5/5 466/382/5
f 460/5/5 463/5/5 459/383/5
f 461/2/6 465/3/6 462/11/6
f 465/3/6 461/2/6 464/1/6
f 469/3/1 468/2/1 467/1/1
f 468/3/1 469/2/1 470/1/1
f 263/3/2 469/2/2 467/1/2
f 469/3/2 263/2/2 265/1/2
f 266/213/3 468/5/3 470/384/3
f 468/5/3 266/213/3 264/5/3
f 266/5/4 263/5/4 264/385/4
f 263/5/4 266/5/4 265/386/4
f 263/218/5 468/5/5 264/5/5
f 468/5/5 263/218/5 467/387/5
f 469/2/6 266/3/6 470/11/6
f 266/3/6 469/2/6 265/1/6

usemtl color7

f 473/3/1 472/2/1 471/1/1
f 472/3/1 473/2/1 474/1/1
f 475/3/2 473/2/2 471/1/2
f 473/3/2 475/2/2 476/1/2
f 477/5/3 472/5/3 474/388/3
f 472/5/3 477/5/3 478/389/3
f 477/5/4 475/5/4 478/390/4
f 475/5/4 477/5/4 476/391/4
f 475/5/5 472/5/5 478/392/5
f 472/5/5 475/5/5 471/393/5
f 473/2/6 477/3/6 474/11/6
f 477/3/6 473/2/6 476/1/6
f 400/3/1 479/2/1 398/1/1
f 479/3/1 400/2/1 480/1/1
f 404/3/2 400/2/2 398/1/2
f 400/3/2 404/2/2 403/1/2
f 342/5/3 479/5/3 480/394/3
f 479/5/3 342/5/3 341/395/3
f 342/5/4 404/324/4 341/396/4
f 404/324/4 342/5/4 403/5/4
f 404/326/5 479/5/5 341/277/5
f 479/5/5 404/326/5 398/5/5
f 400/2/6 342/3/6 480/11/6
f 342/3/6 400/2/6 403/1/6
f 483/3/1 482/2/1 481/1/1
f 482/3/1 483/2/1 484/1/1
f 485/3/2 483/2/2 481/1/2
f 483/3/2 485/2/2 486/1/2
f 487/5/3 482/5/3 484/397/3
f 482/5/3 487/5/3 488/398/3
f 487/5/4 485/5/4 488/399/4
f 485/5/4 487/5/4 486/400/4
f 485/5/5 482/5/5 488/401/5
f 482/5/5 485/5/5 481/402/5
f 483/2/6 487/3/6 484/11/6
f 487/3/6 483/2/6 486/1/6
f 491/3/1 490/2/1 489/1/1
f 490/3/1 491/2/1 492/1/1
f 479/3/2 491/2/2 489/1/2
f 491/3/2 479/2/2 480/1/2
f 493/5/3 490/5/3 492/403/3
f 490/5/3 493/5/3 494/404/3
f 493/5/4 479/5/4 494/405/4
f 479/5/4 493/5/4 480/406/4
f 479/5/5 490/5/5 494/407/5
f 490/5/5 479/5/5 489/408/5
f 491/2/6 493/3/6 492/11/6
f 493/3/6 491/2/6 480/1/6
f 497/3/1 496/2/1 495/1/1
f 496/3/1 497/2/1 498/1/1
f 499/3/2 497/2/2 495/1/2
f 497/3/2 499/2/2 500/1/2
f 501/5/3 496/5/3 498/409/3
f 496/5/3 501/5/3 502/410/3
f 501/5/4 499/5/4 502/411/4
f 499/5/4 501/5/4 500/412/4
f 499/5/5 496/5/5 502/413/5
f 496/5/5 499/5/5 495/414/5
f 497/2/6 501/3/6 498/11/6
f 501/3/6 497/2/6 500/1/6
f 432/3/1 503/2/1 431/1/1
f 503/3/1 432/2/1 504/1/1
f 435/3/2 432/2/2 431/1/2
f 432/3/2 435/2/2 437/1/2
f 505/5/3 503/5/3 504/415/3
f 503/5/3 505/5/3 506/416/3
f 505/5/4 435/5/4 506/417/4
f 435/5/4 505/5/4 437/418/4
f 435/357/5 503/5/5 506/419/5
f 503/5/5 435/357/5 431/5/5
f 432/2/6 505/3/6 504/11/6
f 505/3/6 432/2/6 437/1/6
f 452/3/1 454/2/1 451/1/1
f 454/3/1 452/2/1 453/1/1
f 434/3/2 452/2/2 451/1/2
f 452/3/2 434/2/2 433/1/2
f 504/415/3 454/370/3 453/5/3
f 454/370/3 504/415/3 503/5/3
f 504/5/4 434/350/4 503/420/4
f 434/350/4 504/5/4 433/5/4
f 434/352/5 454/373/5 503/5/5
f 454/373/5 434/352/5 451/5/5
f 452/2/6 504/3/6 453/11/6
f 504/3/6 452/2/6 433/1/6
f 509/3/1 508/2/1 507/1/1
f 508/3/1 509/2/1 510/1/1
f 511/3/2 509/2/2 507/1/2
f 509/3/2 511/2/2 512/1/2
f 513/5/3 508/5/3 510/421/3
f 508/5/3 513/5/3 514/422/3
f 513/5/4 511/5/4 514/423/4
f 511/5/4 513/5/4 512/424/4
f 511/5/5 508/5/5 514/425/5
f 508/5/5 511/5/5 507/426/5
f 509/2/6 513/3/6 510/11/6
f 513/3/6 509/2/6 512/1/6
f 517/3/1 516/2/1 515/1/1
f 516/3/1 517/2/1 518/1/1
f 508/3/2 517/2/2 515/1/2
f 517/3/2 508/2/2 510/1/2
f 519/5/3 516/5/3 518/427/3
f 516/5/3 519/5/3 520/428/3
f 519/5/4 508/5/4 520/429/4
f 508/5/4 519/5/4 510/430/4
f 508/5/5 516/5/5 520/431/5
f 516/5/5 508/5/5 515/432/5
f 517/2/6 519/3/6 518/11/6
f 519/3/6 517/2/6 510/1/6

usemtl color16

f 523/3/1 522/2/1 521/1/1
f 522/3/1 523/2/1 524/1/1
f 525/3/2 523/2/2 521/1/2
f 523/3/2 525/2/2 526/1/2
f 527/5/3 522/5/3 524/433/3
f 522/5/3 527/5/3 528/434/3
f 527/5/4 525/5/4 528/435/4
f 525/5/4 527/5/4 526/436/4
f 525/5/5 522/5/5 528/437/5
f 522/5/5 525/5/5 521/438/5
f 523/2/6 527/3/6 524/11/6
f 527/3/6 523/2/6 526/1/6
f 530/3/1 343/2/1 529/1/1
f 343/3/1 530/2/1 344/1/1
f 522/3/2 530/2/2 529/1/2
f 530/3/2 522/2/2 524/1/2
f 531/5/3 343/5/3 344/439/3
f 343/5/3 531/5/3 532/440/3
f 531/5/4 522/5/4 532/441/4
f 522/5/4 531/5/4 524/442/4
f 522/5/5 343/5/5 532/443/5
f 343/5/5 522/5/5 529/444/5
f 530/2/6 531/3/6 344/11/6
f 531/3/6 530/2/6 524/1/6
f 534/3/1 239/2/1 533/1/1
f 239/3/1 534/2/1 240/1/1
f 174/3/2 534/2/2 533/1/2
f 534/3/2 174/2/2 176/1/2
f 535/5/3 239/5/3 240/445/3
f 239/5/3 535/5/3 536/446/3
f 535/5/4 174/5/4 536/447/4
f 174/5/4 535/5/4 176/448/4
f 174/5/5 239/5/5 536/449/5
f 239/5/5 174/5/5 533/450/5
f 534/2/6 535/3/6 240/11/6
f 535/3/6 534/2/6 176/1/6
f 539/3/1 538/2/1 537/1/1
f 538/3/1 539/2/1 540/1/1
f 243/3/2 539/2/2 537/1/2
f 539/3/2 243/2/2 244/1/2
f 541/5/3 538/5/3 540/451/3
f 538/5/3 541/5/3 542/452/3
f 541/5/4 243/5/4 542/453/4
f 243/5/4 541/5/4 244/454/4
f 243/5/5 538/5/5 542/455/5
f 538/5/5 243/5/5 537/456/5
f 539/2/6 541/3/6 540/11/6
f 541/3/6 539/2/6 244/1/6

usemtl color4

f 474/3/1 481/2/1 472/1/1
f 481/3/1 474/2/1 483/1/1
f 478/3/2 474/2/2 472/1/2
f 474/3/2 478/2/2 477/1/2
f 486/5/3 481/5/3 483/457/3
f 481/5/3 486/5/3 485/458/3
f 486/400/4 478/390/4 485/5/4
f 478/390/4 486/400/4 477/5/4
f 478/392/5 481/402/5 485/5/5
f 481/402/5 478/392/5 472/5/5
f 474/2/6 486/3/6 483/11/6
f 486/3/6 474/2/6 477/1/6
f 484/3/1 543/2/1 482/1/1
f 543/3/1 484/2/1 544/1/1
f 488/3/2 484/2/2 482/1/2
f 484/3/2 488/2/2 487/1/2
f 545/5/3 543/5/3 544/459/3
f 543/5/3 545/5/3 546/460/3
f 545/5/4 488/399/4 546/461/4
f 488/399/4 545/5/4 487/5/4
f 488/401/5 543/5/5 546/462/5
f 543/5/5 488/401/5 482/5/5
f 484/2/6 545/3/6 544/11/6
f 545/3/6 484/2/6 487/1/6
f 492/3/1 495/2/1 490/1/1
f 495/3/1 492/2/1 497/1/1
f 494/3/2 492/2/2 490/1/2
f 492/3/2 494/2/2 493/1/2
f 500/5/3 495/5/3 497/463/3
f 495/5/3 500/5/3 499/464/3
f 500/412/4 494/405/4 499/5/4
f 494/405/4 500/412/4 493/5/4
f 494/407/5 495/414/5 499/5/5
f 495/414/5 494/407/5 490/5/5
f 492/2/6 500/3/6 497/11/6
f 500/3/6 492/2/6 493/1/6
f 549/3/1 548/2/1 547/1/1
f 548/3/1 549/2/1 550/1/1
f 551/3/2 549/2/2 547/1/2
f 549/3/2 551/2/2 552/1/2
f 553/5/3 548/5/3 550/465/3
f 548/5/3 553/5/3 554/466/3
f 553/5/4 551/5/4 554/467/4
f 551/5/4 553/5/4 552/468/4
f 551/5/5 548/5/5 554/469/5
f 548/5/5 551/5/5 547/470/5
f 549/2/6 553/3/6 550/11/6
f 553/3/6 549/2/6 552/1/6
f 100/3/1 102/2/1 99/1/1
f 102/3/1 100/2/1 101/1/1
f 555/3/2 100/2/2 99/1/2
f 100/3/2 555/2/2 556/1/2
f 557/5/3 102/82/3 101/5/3
f 102/82/3 557/5/3 558/471/3
f 557/5/4 555/5/4 558/472/4
f 555/5/4 557/5/4 556/473/4
f 555/5/5 102/85/5 558/474/5
f 102/85/5 555/5/5 99/5/5
f 100/2/6 557/3/6 101/11/6
f 557/3/6 100/2/6 556/1/6
f 561/3/1 560/2/1 559/1/1
f 560/3/1 561/2/1 562/1/1
f 563/3/2 561/2/2 559/1/2
f 561/3/2 563/2/2 564/1/2
f 565/5/3 560/5/3 562/475/3
f 560/5/3 565/5/3 566/476/3
f 565/5/4 563/5/4 566/477/4
f 563/5/4 565/5/4 564/478/4
f 563/5/5 560/5/5 566/479/5
f 560/5/5 563/5/5 559/480/5
f 561/2/6 565/3/6 562/11/6
f 565/3/6 561/2/6 564/1/6
f 498/3/1 567/2/1 496/1/1
f 567/3/1 498/2/1 568/1/1
f 502/3/2 498/2/2 496/1/2
f 498/3/2 502/2/2 501/1/2
f 569/5/3 567/5/3 568/481/3
f 567/5/3 569/5/3 570/482/3
f 569/5/4 502/411/4 570/483/4
f 502/411/4 569/5/4 501/5/4
f 502/413/5 567/5/5 570/484/5
f 567/5/5 502/413/5 496/5/5
f 498/2/6 569/3/6 568/11/6
f 569/3/6 498/2/6 501/1/6
f 438/3/1 506/2/1 436/1/1
f 506/3/1 438/2/1 505/1/1
f 80/3/2 438/2/2 436/1/2
f 438/3/2 80/2/2 82/1/2
f 571/5/3 506/416/3 505/5/3
f 506/416/3 571/5/3 572/485/3
f 571/5/4 80/355/4 572/486/4
f 80/355/4 571/5/4 82/5/4
f 80/5/5 506/419/5 572/487/5
f 506/419/5 80/5/5 436/5/5
f 438/2/6 571/3/6 505/11/6
f 571/3/6 438/2/6 82/1/6
f 575/3/1 574/2/1 573/1/1
f 574/3/1 575/2/1 576/1/1
f 112/3/2 575/2/2 573/1/2
f 575/3/2 112/2/2 114/1/2
f 577/5/3 574/5/3 576/488/3
f 574/5/3 577/5/3 578/489/3
f 577/5/4 112/5/4 578/490/4
f 112/5/4 577/5/4 114/491/4
f 112/5/5 574/5/5 578/492/5
f 574/5/5 112/5/5 573/493/5
f 575/2/6 577/3/6 576/11/6
f 577/3/6 575/2/6 114/1/6
f 581/3/1 580/2/1 579/1/1
f 580/3/1 581/2/1 582/1/1
f 583/3/2 581/2/2 579/1/2
f 581/3/2 583/2/2 584/1/2
f 585/5/3 580/5/3 582/494/3
f 580/5/3 585/5/3 586/495/3
f 585/5/4 583/5/4 586/496/4
f 583/5/4 585/5/4 584/497/4
f 583/5/5 580/5/5 586/498/5
f 580/5/5 583/5/5 579/499/5
f 581/2/6 585/3/6 582/11/6
f 585/3/6 581/2/6 584/1/6
f 589/3/1 588/2/1 587/1/1
f 588/3/1 589/2/1 590/1/1
f 580/3/2 589/2/2 587/1/2
f 589/3/2 580/2/2 582/1/2
f 591/5/3 588/5/3 590/500/3
f 588/5/3 591/5/3 592/501/3
f 591/5/4 580/5/4 592/502/4
f 580/5/4 591/5/4 582/503/4
f 580/5/5 588/5/5 592/504/5
f 588/5/5 580/5/5 587/505/5
f 589/2/6 591/3/6 590/11/6
f 591/3/6 589/2/6 582/1/6
f 595/3/1 594/2/1 593/1/1
f 594/3/1 595/2/1 596/1/1
f 597/3/2 595/2/2 593/1/2
f 595/3/2 597/2/2 598/1/2
f 599/5/3 594/5/3 596/506/3
f 594/5/3 599/5/3 600/507/3
f 599/5/4 597/5/4 600/508/4
f 597/5/4 599/5/4 598/509/4
f 597/5/5 594/5/5 600/510/5
f 594/5/5 597/5/5 593/511/5
f 595/2/6 599/3/6 596/11/6
f 599/3/6 595/2/6 598/1/6
f 603/3/1 602/2/1 601/1/1
f 602/3/1 603/2/1 604/1/1
f 605/3/2 603/2/2 601/1/2
f 603/3/2 605/2/2 606/1/2
f 607/5/3 602/5/3 604/512/3
f 602/5/3 607/5/3 608/513/3
f 607/5/4 605/5/4 608/514/4
f 605/5/4 607/5/4 606/515/4
f 605/5/5 602/5/5 608/516/5
f 602/5/5 605/5/5 601/517/5
f 603/2/6 607/3/6 604/11/6
f 607/3/6 603/2/6 606/1/6
f 611/3/1 610/2/1 609/1/1
f 610/3/1 611/2/1 612/1/1
f 613/3/2 611/2/2 609/1/2
f 611/3/2 613/2/2 614/1/2
f 615/5/3 610/5/3 612/518/3
f 610/5/3 615/5/3 616/519/3
f 615/5/4 613/5/4 616/520/4
f 613/5/4 615/5/4 614/521/4
f 613/5/5 610/5/5 616/522/5
f 610/5/5 613/5/5 609/523/5
f 611/2/6 615/3/6 612/11/6
f 615/3/6 611/2/6 614/1/6
f 619/3/1 618/2/1 617/1/1
f 618/3/1 619/2/1 620/1/1
f 602/3/2 619/2/2 617/1/2
f 619/3/2 602/2/2 604/1/2
f 621/5/3 618/5/3 620/524/3
f 618/5/3 621/5/3 622/525/3
f 621/5/4 602/5/4 622/526/4
f 602/5/4 621/5/4 604/527/4
f 602/5/5 618/5/5 622/528/5
f 618/5/5 602/5/5 617/529/5
f 619/2/6 621/3/6 620/11/6
f 621/3/6 619/2/6 604/1/6
f 625/3/1 624/2/1 623/1/1
f 624/3/1 625/2/1 626/1/1
f 618/3/2 625/2/2 623/1/2
f 625/3/2 618/2/2 620/1/2
f 627/5/3 624/5/3 626/530/3
f 624/5/3 627/5/3 628/531/3
f 627/5/4 618/5/4 628/532/4
f 618/5/4 627/5/4 620/533/4
f 618/5/5 624/5/5 628/534/5
f 624/5/5 618/5/5 623/535/5
f 625/2/6 627/3/6 626/11/6
f 627/3/6 625/2/6 620/1/6

usemtl color28

f 631/3/1 630/2/1 629/1/1
f 630/3/1 631/2/1 632/1/1
f 633/3/2 631/2/2 629/1/2
f 631/3/2 633/2/2 634/1/2
f 635/5/3 630/5/3 632/536/3
f 630/5/3 635/5/3 636/537/3
f 635/5/4 633/5/4 636/538/4
f 633/5/4 635/5/4 634/539/4
f 633/5/5 630/5/5 636/540/5
f 630/5/5 633/5/5 629/541/5
f 631/2/6 635/3/6 632/11/6
f 635/3/6 631/2/6 634/1/6
f 639/3/1 638/2/1 637/1/1
f 638/3/1 639/2/1 640/1/1
f 630/3/2 639/2/2 637/1/2
f 639/3/2 630/2/2 632/1/2
f 641/5/3 638/5/3 640/542/3
f 638/5/3 641/5/3 642/543/3
f 641/5/4 630/5/4 642/544/4
f 630/5/4 641/5/4 632/545/4
f 630/5/5 638/5/5 642/546/5
f 638/5/5 630/5/5 637/547/5
f 639/2/6 641/3/6 640/11/6
f 641/3/6 639/2/6 632/1/6
f 645/3/1 644/2/1 643/1/1
f 644/3/1 645/2/1 646/1/1
f 647/3/2 645/2/2 643/1/2
f 645/3/2 647/2/2 648/1/2
f 649/5/3 644/5/3 646/548/3
f 644/5/3 649/5/3 650/549/3
f 649/5/4 647/5/4 650/550/4
f 647/5/4 649/5/4 648/551/4
f 647/5/5 644/5/5 650/552/5
f 644/5/5 647/5/5 643/553/5
f 645/2/6 649/3/6 646/11/6
f 649/3/6 645/2/6 648/1/6
f 653/3/1 652/2/1 651/1/1
f 652/3/1 653/2/1 654/1/1
f 655/3/2 653/2/2 651/1/2
f 653/3/2 655/2/2 656/1/2
f 657/5/3 652/5/3 654/554/3
f 652/5/3 657/5/3 658/555/3
f 657/5/4 655/5/4 658/556/4
f 655/5/4 657/5/4 656/557/4
f 655/5/5 652/5/5 658/558/5
f 652/5/5 655/5/5 651/559/5
f 653/2/6 657/3/6 654/11/6
f 657/3/6 653/2/6 656/1/6
f 661/3/1 660/2/1 659/1/1
f 660/3/1 661/2/1 662/1/1
f 165/3/2 661/2/2 659/1/2
f 661/3/2 165/2/2 167/1/2
f 663/5/3 660/5/3 662/560/3
f 660/5/3 663/5/3 664/561/3
f 663/5/4 165/5/4 664/562/4
f 165/5/4 663/5/4 167/563/4
f 165/140/5 660/5/5 664/564/5
f 660/5/5 165/140/5 659/565/5
f 661/2/6 663/3/6 662/11/6
f 663/3/6 661/2/6 167/1/6
f 667/3/1 666/2/1 665/1/1
f 666/3/1 667/2/1 668/1/1
f 669/3/2 667/2/2 665/1/2
f 667/3/2 669/2/2 670/1/2
f 671/5/3 666/5/3 668/566/3
f 666/5/3 671/5/3 672/567/3
f 671/5/4 669/5/4 672/568/4
f 669/5/4 671/5/4 670/569/4
f 669/5/5 666/5/5 672/570/5
f 666/5/5 669/5/5 665/571/5
f 667/2/6 671/3/6 668/11/6
f 671/3/6 667/2/6 670/1/6

usemtl color6

f 675/3/1 674/2/1 673/1/1
f 674/3/1 675/2/1 676/1/1
f 677/3/2 675/2/2 673/1/2
f 675/3/2 677/2/2 678/1/2
f 679/5/3 674/5/3 676/572/3
f 674/5/3 679/5/3 680/573/3
f 679/5/4 677/5/4 680/574/4
f 677/5/4 679/5/4 678/575/4
f 677/5/5 674/5/5 680/576/5
f 674/5/5 677/5/5 673/577/5
f 675/2/6 679/3/6 676/11/6
f 679/3/6 675/2/6 678/1/6
f 683/3/1 682/2/1 681/1/1
f 682/3/1 683/2/1 684/1/1
f 685/3/2 683/2/2 681/1/2
f 683/3/2 685/2/2 686/1/2
f 687/5/3 682/5/3 684/578/3
f 682/5/3 687/5/3 688/579/3
f 687/5/4 685/5/4 688/580/4
f 685/5/4 687/5/4 686/581/4
f 685/5/5 682/5/5 688/582/5
f 682/5/5 685/5/5 681/583/5
f 683/2/6 687/3/6 684/11/6
f 687/3/6 683/2/6 686/1/6
f 691/3/1 690/2/1 689/1/1
f 690/3/1 691/2/1 692/1/1
f 693/3/2 691/2/2 689/1/2
f 691/3/2 693/2/2 694/1/2
f 695/5/3 690/5/3 692/584/3
f 690/5/3 695/5/3 696/585/3
f 695/5/4 693/5/4 696/586/4
f 693/5/4 695/5/4 694/587/4
f 693/5/5 690/5/5 696/588/5
f 690/5/5 693/5/5 689/589/5
f 691/2/6 695/3/6 692/11/6
f 695/3/6 691/2/6 694/1/6
f 698/3/1 107/2/1 697/1/1
f 107/3/1 698/2/1 108/1/1
f 699/3/2 698/2/2 697/1/2
f 698/3/2 699/2/2 700/1/2
f 701/5/3 107/5/3 108/590/3
f 107/5/3 701/5/3 702/591/3
f 701/5/4 699/5/4 702/592/4
f 699/5/4 701/5/4 700/593/4
f 699/5/5 107/5/5 702/594/5
f 107/5/5 699/5/5 697/595/5
f 698/2/6 701/3/6 108/11/6
f 701/3/6 698/2/6 700/1/6
f 705/3/1 704/2/1 703/1/1
f 704/3/1 705/2/1 706/1/1
f 707/3/2 705/2/2 703/1/2
f 705/3/2 707/2/2 708/1/2
f 709/5/3 704/5/3 706/596/3
f 704/5/3 709/5/3 710/597/3
f 709/5/4 707/5/4 710/598/4
f 707/5/4 709/5/4 708/599/4
f 707/5/5 704/5/5 710/600/5
f 704/5/5 707/5/5 703/601/5
f 705/2/6 709/3/6 706/11/6
f 709/3/6 705/2/6 708/1/6
f 712/3/1 135/2/1 711/1/1
f 135/3/1 712/2/1 137/1/1
f 713/3/2 712/2/2 711/1/2
f 712/3/2 713/2/2 714/1/2
f 140/5/3 135/5/3 137/602/3
f 135/5/3 140/5/3 139/603/3
f 140/114/4 713/5/4 139/5/4
f 713/5/4 140/114/4 714/604/4
f 713/5/5 135/116/5 139/5/5
f 135/116/5 713/5/5 711/605/5
f 712/2/6 140/3/6 137/11/6
f 140/3/6 712/2/6 714/1/6
f 717/3/1 716/2/1 715/1/1
f 716/3/1 717/2/1 718/1/1
f 719/3/2 717/2/2 715/1/2
f 717/3/2 719/2/2 720/1/2
f 721/5/3 716/5/3 718/606/3
f 716/5/3 721/5/3 722/607/3
f 721/5/4 719/5/4 722/608/4
f 719/5/4 721/5/4 720/609/4
f 719/5/5 716/5/5 722/610/5
f 716/5/5 719/5/5 715/611/5
f 717/2/6 721/3/6 718/11/6
f 721/3/6 717/2/6 720/1/6
f 170/3/1 172/2/1 169/1/1
f 172/3/1 170/2/1 171/1/1
f 723/3/2 170/2/2 169/1/2
f 170/3/2 723/2/2 724/1/2
f 725/5/3 172/136/3 171/5/3
f 172/136/3 725/5/3 726/612/3
f 725/5/4 723/5/4 726/613/4
f 723/5/4 725/5/4 724/614/4
f 723/5/5 172/139/5 726/615/5
f 172/139/5 723/5/5 169/5/5
f 170/2/6 725/3/6 171/11/6
f 725/3/6 170/2/6 724/1/6
f 729/3/1 728/2/1 727/1/1
f 728/3/1 729/2/1 730/1/1
f 374/3/2 729/2/2 727/1/2
f 729/3/2 374/2/2 376/1/2
f 731/5/3 728/5/3 730/616/3
f 728/5/3 731/5/3 732/617/3
f 731/5/4 374/5/4 732/618/4
f 374/5/4 731/5/4 376/619/4
f 374/5/5 728/5/5 732/620/5
f 728/5/5 374/5/5 727/621/5
f 729/2/6 731/3/6 730/11/6
f 731/3/6 729/2/6 376/1/6
f 735/3/1 734/2/1 733/1/1
f 734/3/1 735/2/1 736/1/1
f 728/3/2 735/2/2 733/1/2
f 735/3/2 728/2/2 730/1/2
f 737/5/3 734/5/3 736/622/3
f 734/5/3 737/5/3 738/623/3
f 737/5/4 728/5/4 738/624/4
f 728/5/4 737/5/4 730/625/4
f 728/5/5 734/5/5 738/626/5
f 734/5/5 728/5/5 733/627/5
f 735/2/6 737/3/6 736/11/6
f 737/3/6 735/2/6 730/1/6
f 741/3/1 740/2/1 739/1/1
f 740/3/1 741/2/1 742/1/1
f 743/3/2 741/2/2 739/1/2
f 741/3/2 743/2/2 744/1/2
f 745/5/3 740/5/3 742/628/3
f 740/5/3 745/5/3 746/629/3
f 745/5/4 743/5/4 746/630/4
f 743/5/4 745/5/4 744/631/4
f 743/5/5 740/5/5 746/632/5
f 740/5/5 743/5/5 739/633/5
f 741/2/6 745/3/6 742/11/6
f 745/3/6 741/2/6 744/1/6
f 749/3/1 748/2/1 747/1/1
f 748/3/1 749/2/1 750/1/1
f 751/3/2 749/2/2 747/1/2
f 749/3/2 751/2/2 752/1/2
f 753/5/3 748/5/3 750/634/3
f 748/5/3 753/5/3 754/635/3
f 753/5/4 751/5/4 754/636/4
f 751/5/4 753/5/4 752/637/4
f 751/5/5 748/5/5 754/638/5
f 748/5/5 751/5/5 747/639/5
f 749/2/6 753/3/6 750/11/6
f 753/3/6 749/2/6 752/1/6
f 757/3/1 756/2/1 755/1/1
f 756/3/1 757/2/1 758/1/1
f 759/3/2 757/2/2 755/1/2
f 757/3/2 759/2/2 760/1/2
f 761/5/3 756/5/3 758/640/3
f 756/5/3 761/5/3 762/641/3
f 761/5/4 759/5/4 762/642/4
f 759/5/4 761/5/4 760/643/4
f 759/5/5 756/5/5 762/644/5
f 756/5/5 759/5/5 755/645/5
f 757/2/6 761/3/6 758/11/6
f 761/3/6 757/2/6 760/1/6

usemtl color20

f 765/3/1 764/2/1 763/1/1
f 764/3/1 765/2/1 766/1/1
f 637/3/2 765/2/2 763/1/2
f 765/3/2 637/2/2 639/1/2
f 640/542/3 764/5/3 766/646/3
f 764/5/3 640/542/3 638/5/3
f 640/5/4 637/5/4 638/647/4
f 637/5/4 640/5/4 639/648/4
f 637/547/5 764/5/5 638/5/5
f 764/5/5 637/547/5 763/649/5
f 765/2/6 640/3/6 766/11/6
f 640/3/6 765/2/6 639/1/6
f 562/3/1 767/2/1 560/1/1
f 767/3/1 562/2/1 768/1/1
f 566/3/2 562/2/2 560/1/2
f 562/3/2 566/2/2 565/1/2
f 769/5/3 767/5/3 768/650/3
f 767/5/3 769/5/3 770/651/3
f 769/5/4 566/477/4 770/652/4
f 566/477/4 769/5/4 565/5/4
f 566/479/5 767/5/5 770/653/5
f 767/5/5 566/479/5 560/5/5
f 562/2/6 769/3/6 768/11/6
f 769/3/6 562/2/6 565/1/6
f 773/3/1 772/2/1 771/1/1
f 772/3/1 773/2/1 774/1/1
f 775/3/2 773/2/2 771/1/2
f 773/3/2 775/2/2 776/1/2
f 777/5/3 772/5/3 774/654/3
f 772/5/3 777/5/3 778/655/3
f 777/5/4 775/5/4 778/656/4
f 775/5/4 777/5/4 776/657/4
f 775/5/5 772/5/5 778/658/5
f 772/5/5 775/5/5 771/659/5
f 773/2/6 777/3/6 774/11/6
f 777/3/6 773/2/6 776/1/6
f 781/3/1 780/2/1 779/1/1
f 780/3/1 781/2/1 782/1/1
f 783/3/2 781/2/2 779/1/2
f 781/3/2 783/2/2 784/1/2
f 785/5/3 780/5/3 782/660/3
f 780/5/3 785/5/3 786/661/3
f 785/5/4 783/5/4 786/662/4
f 783/5/4 785/5/4 784/663/4
f 783/5/5 780/5/5 786/664/5
f 780/5/5 783/5/5 779/665/5
f 781/2/6 785/3/6 782/11/6
f 785/3/6 781/2/6 784/1/6
f 789/3/1 788/2/1 787/1/1
f 788/3/1 789/2/1 790/1/1
f 791/3/2 789/2/2 787/1/2
f 789/3/2 791/2/2 792/1/2
f 793/5/3 788/5/3 790/666/3
f 788/5/3 793/5/3 794/667/3
f 793/5/4 791/5/4 794/668/4
f 791/5/4 793/5/4 792/669/4
f 791/5/5 788/5/5 794/670/5
f 788/5/5 791/5/5 787/671/5
f 789/2/6 793/3/6 790/11/6
f 793/3/6 789/2/6 792/1/6
f 797/3/1 796/2/1 795/1/1
f 796/3/1 797/2/1 798/1/1
f 799/3/2 797/2/2 795/1/2
f 797/3/2 799/2/2 800/1/2
f 801/5/3 796/5/3 798/672/3
f 796/5/3 801/5/3 802/673/3
f 801/5/4 799/5/4 802/674/4
f 799/5/4 801/5/4 800/675/4
f 799/5/5 796/5/5 802/676/5
f 796/5/5 799/5/5 795/677/5
f 797/2/6 801/3/6 798/11/6
f 801/3/6 797/2/6 800/1/6
f 805/3/1 804/2/1 803/1/1
f 804/3/1 805/2/1 806/1/1
f 807/3/2 805/2/2 803/1/2
f 805/3/2 807/2/2 808/1/2
f 809/5/3 804/5/3 806/678/3
f 804/5/3 809/5/3 810/679/3
f 809/5/4 807/5/4 810/680/4
f 807/5/4 809/5/4 808/681/4
f 807/5/5 804/5/5 810/682/5
f 804/5/5 807/5/5 803/683/5
f 805/2/6 809/3/6 806/11/6
f 809/3/6 805/2/6 808/1/6
f 813/3/1 812/2/1 811/1/1
f 812/3/1 813/2/1 814/1/1
f 815/3/2 813/2/2 811/1/2
f 813/3/2 815/2/2 816/1/2
f 817/5/3 812/5/3 814/684/3
f 812/5/3 817/5/3 818/685/3
f 817/5/4 815/5/4 818/686/4
f 815/5/4 817/5/4 816/687/4
f 815/5/5 812/5/5 818/688/5
f 812/5/5 815/5/5 811/689/5
f 813/2/6 817/3/6 814/11/6
f 817/3/6 813/2/6 816/1/6
f 821/3/1 820/2/1 819/1/1
f 820/3/1 821/2/1 822/1/1
f 823/3/2 821/2/2 819/1/2
f 821/3/2 823/2/2 824/1/2
f 825/5/3 820/5/3 822/690/3
f 820/5/3 825/5/3 826/691/3
f 825/5/4 823/5/4 826/692/4
f 823/5/4 825/5/4 824/693/4
f 823/5/5 820/5/5 826/694/5
f 820/5/5 823/5/5 819/695/5
f 821/2/6 825/3/6 822/11/6
f 825/3/6 821/2/6 824/1/6
f 829/3/1 828/2/1 827/1/1
f 828/3/1 829/2/1 830/1/1
f 831/3/2 829/2/2 827/1/2
f 829/3/2 831/2/2 832/1/2
f 833/5/3 828/5/3 830/696/3
f 828/5/3 833/5/3 834/697/3
f 833/5/4 831/5/4 834/698/4
f 831/5/4 833/5/4 832/699/4
f 831/5/5 828/5/5 834/700/5
f 828/5/5 831/5/5 827/701/5
f 829/2/6 833/3/6 830/11/6
f 833/3/6 829/2/6 832/1/6
f 836/3/1 609/2/1 835/1/1
f 609/3/1 836/2/1 611/1/1
f 837/3/2 836/2/2 835/1/2
f 836/3/2 837/2/2 838/1/2
f 614/5/3 609/5/3 611/702/3
f 609/5/3 614/5/3 613/703/3
f 614/521/4 837/5/4 613/5/4
f 837/5/4 614/521/4 838/704/4
f 837/5/5 609/523/5 613/5/5
f 609/523/5 837/5/5 835/705/5
f 836/2/6 614/3/6 611/11/6
f 614/3/6 836/2/6 838/1/6

usemtl color8

f 55/3/1 420/2/1 56/1/1
f 420/3/1 55/2/1 419/1/1
f 839/3/2 55/2/2 56/1/2
f 55/3/2 839/2/2 840/1/2
f 841/5/3 420/338/3 419/5/3
f 420/338/3 841/5/3 842/706/3
f 841/5/4 839/5/4 842/707/4
f 839/5/4 841/5/4 840/708/4
f 839/5/5 420/340/5 842/709/5
f 420/340/5 839/5/5 56/50/5
f 55/2/6 841/3/6 419/11/6
f 841/3/6 55/2/6 840/1/6
f 845/3/1 844/2/1 843/1/1
f 844/3/1 845/2/1 846/1/1
f 847/3/2 845/2/2 843/1/2
f 845/3/2 847/2/2 848/1/2
f 849/5/3 844/5/3 846/710/3
f 844/5/3 849/5/3 850/711/3
f 849/5/4 847/5/4 850/712/4
f 847/5/4 849/5/4 848/713/4
f 847/5/5 844/5/5 850/714/5
f 844/5/5 847/5/5 843/715/5
f 845/2/6 849/3/6 846/11/6
f 849/3/6 845/2/6 848/1/6
f 853/3/1 852/2/1 851/1/1
f 852/3/1 853/2/1 854/1/1
f 547/3/2 853/2/2 851/1/2
f 853/3/2 547/2/2 549/1/2
f 550/465/3 852/5/3 854/716/3
f 852/5/3 550/465/3 548/5/3
f 550/5/4 547/5/4 548/717/4
f 547/5/4 550/5/4 549/718/4
f 547/470/5 852/5/5 548/5/5
f 852/5/5 547/470/5 851/719/5
f 853/2/6 550/3/6 854/11/6
f 550/3/6 853/2/6 549/1/6
f 856/3/1 713/2/1 855/1/1
f 713/3/1 856/2/1 714/1/1
f 697/3/2 856/2/2 855/1/2
f 856/3/2 697/2/2 698/1/2
f 108/590/3 713/5/3 714/720/3
f 713/5/3 108/590/3 107/5/3
f 108/90/4 697/5/4 107/5/4
f 697/5/4 108/90/4 698/721/4
f 697/595/5 713/5/5 107/5/5
f 713/5/5 697/595/5 855/722/5
f 856/2/6 108/3/6 714/11/6
f 108/3/6 856/2/6 698/1/6
f 859/3/1 858/2/1 857/1/1
f 858/3/1 859/2/1 860/1/1
f 861/3/2 859/2/2 857/1/2
f 859/3/2 861/2/2 862/1/2
f 729/5/3 858/5/3 860/723/3
f 858/5/3 729/5/3 727/724/3
f 729/5/4 861/5/4 727/725/4
f 861/5/4 729/5/4 862/726/4
f 861/5/5 858/5/5 727/621/5
f 858/5/5 861/5/5 857/727/5
f 859/2/6 729/3/6 860/11/6
f 729/3/6 859/2/6 862/1/6
f 865/3/1 864/2/1 863/1/1
f 864/3/1 865/2/1 866/1/1
f 389/3/2 865/2/2 863/1/2
f 865/3/2 389/2/2 391/1/2
f 392/316/3 864/5/3 866/728/3
f 864/5/3 392/316/3 390/5/3
f 392/5/4 389/5/4 390/729/4
f 389/5/4 392/5/4 391/730/4
f 389/321/5 864/5/5 390/5/5
f 864/5/5 389/321/5 863/731/5
f 865/2/6 392/3/6 866/11/6
f 392/3/6 865/2/6 391/1/6
f 293/3/1 867/2/1 294/1/1
f 867/3/1 293/2/1 868/1/1
f 296/3/2 293/2/2 294/1/2
f 293/3/2 296/2/2 298/1/2
f 869/5/3 867/5/3 868/732/3
f 867/5/3 869/5/3 870/733/3
f 869/5/4 296/5/4 870/734/4
f 296/5/4 869/5/4 298/735/4
f 296/5/5 867/5/5 870/736/5
f 867/5/5 296/5/5 294/235/5
f 293/2/6 869/3/6 868/11/6
f 869/3/6 293/2/6 298/1/6
f 301/3/1 871/2/1 302/1/1
f 871/3/1 301/2/1 872/1/1
f 304/3/2 301/2/2 302/1/2
f 301/3/2 304/2/2 306/1/2
f 873/5/3 871/5/3 872/737/3
f 871/5/3 873/5/3 874/738/3
f 873/5/4 304/5/4 874/739/4
f 304/5/4 873/5/4 306/740/4
f 304/5/5 871/5/5 874/741/5
f 871/5/5 304/5/5 302/241/5
f 301/2/6 873/3/6 872/11/6
f 873/3/6 301/2/6 306/1/6
f 309/3/1 875/2/1 310/1/1
f 875/3/1 309/2/1 876/1/1
f 312/3/2 309/2/2 310/1/2
f 309/3/2 312/2/2 314/1/2
f 877/5/3 875/5/3 876/742/3
f 875/5/3 877/5/3 878/743/3
f 877/5/4 312/5/4 878/744/4
f 312/5/4 877/5/4 314/745/4
f 312/5/5 875/5/5 878/746/5
f 875/5/5 312/5/5 310/247/5
f 309/2/6 877/3/6 876/11/6
f 877/3/6 309/2/6 314/1/6

usemtl color15

f 840/3/1 842/2/1 839/1/1
f 842/3/1 840/2/1 841/1/1
f 843/3/2 840/2/2 839/1/2
f 840/3/2 843/2/2 845/1/2
f 846/710/3 842/706/3 841/5/3
f 842/706/3 846/710/3 844/5/3
f 846/5/4 843/5/4 844/747/4
f 843/5/4 846/5/4 845/748/4
f 843/715/5 842/709/5 844/5/5
f 842/709/5 843/715/5 839/5/5
f 840/2/6 846/3/6 841/11/6
f 846/3/6 840/2/6 845/1/6
f 848/3/1 850/2/1 847/1/1
f 850/3/1 848/2/1 849/1/1
f 851/3/2 848/2/2 847/1/2
f 848/3/2 851/2/2 853/1/2
f 854/716/3 850/711/3 849/5/3
f 850/711/3 854/716/3 852/5/3
f 854/5/4 851/5/4 852/749/4
f 851/5/4 854/5/4 853/750/4
f 851/719/5 850/714/5 852/5/5
f 850/714/5 851/719/5 847/5/5
f 848/2/6 854/3/6 849/11/6
f 854/3/6 848/2/6 853/1/6
f 68/3/1 879/2/1 66/1/1
f 879/3/1 68/2/1 880/1/1
f 881/3/2 68/2/2 66/1/2
f 68/3/2 881/2/2 882/1/2
f 883/5/3 879/5/3 880/751/3
f 879/5/3 883/5/3 884/752/3
f 883/5/4 881/5/4 884/753/4
f 881/5/4 883/5/4 882/754/4
f 881/5/5 879/5/5 884/755/5
f 879/5/5 881/5/5 66/5/5
f 68/2/6 883/3/6 880/11/6
f 883/3/6 68/2/6 882/1/6
f 887/3/1 886/2/1 885/1/1
f 886/3/1 887/2/1 888/1/1
f 889/3/2 887/2/2 885/1/2
f 887/3/2 889/2/2 890/1/2
f 327/5/3 886/5/3 888/756/3
f 886/5/3 327/5/3 325/757/3
f 327/5/4 889/5/4 325/758/4
f 889/5/4 327/5/4 890/759/4
f 889/5/5 886/5/5 325/266/5
f 886/5/5 889/5/5 885/760/5
f 887/2/6 327/3/6 888/11/6
f 327/3/6 887/2/6 890/1/6
f 893/3/1 892/2/1 891/1/1
f 892/3/1 893/2/1 894/1/1
f 895/3/2 893/2/2 891/1/2
f 893/3/2 895/2/2 896/1/2
f 897/5/3 892/5/3 894/761/3
f 892/5/3 897/5/3 898/762/3
f 897/5/4 895/5/4 898/763/4
f 895/5/4 897/5/4 896/764/4
f 895/5/5 892/5/5 898/765/5
f 892/5/5 895/5/5 891/766/5
f 893/2/6 897/3/6 894/11/6
f 897/3/6 893/2/6 896/1/6

usemtl color5

f 70/3/1 72/2/1 69/1/1
f 72/3/1 70/2/1 71/1/1
f 899/3/2 70/2/2 69/1/2
f 70/3/2 899/2/2 900/1/2
f 901/5/3 72/59/3 71/5/3
f 72/59/3 901/5/3 902/767/3
f 901/5/4 899/5/4 902/768/4
f 899/5/4 901/5/4 900/769/4
f 899/5/5 72/62/5 902/770/5
f 72/62/5 899/5/5 69/5/5
f 70/2/6 901/3/6 71/11/6
f 901/3/6 70/2/6 900/1/6
f 700/3/1 903/2/1 699/1/1
f 903/3/1 700/2/1 904/1/1
f 905/3/2 700/2/2 699/1/2
f 700/3/2 905/2/2 906/1/2
f 907/5/3 903/5/3 904/771/3
f 903/5/3 907/5/3 908/772/3
f 907/5/4 905/5/4 908/773/4
f 905/5/4 907/5/4 906/774/4
f 905/5/5 903/5/5 908/775/5
f 903/5/5 905/5/5 699/5/5
f 700/2/6 907/3/6 904/11/6
f 907/3/6 700/2/6 906/1/6
f 910/3/1 459/2/1 909/1/1
f 459/3/1 910/2/1 461/1/1
f 181/3/2 910/2/2 909/1/2
f 910/3/2 181/2/2 183/1/2
f 464/5/3 459/5/3 461/776/3
f 459/5/3 464/5/3 463/777/3
f 464/381/4 181/5/4 463/5/4
f 181/5/4 464/381/4 183/778/4
f 181/152/5 459/383/5 463/5/5
f 459/383/5 181/152/5 909/779/5
f 910/2/6 464/3/6 461/11/6
f 464/3/6 910/2/6 183/1/6
f 718/3/1 911/2/1 716/1/1
f 911/3/1 718/2/1 912/1/1
f 722/3/2 718/2/2 716/1/2
f 718/3/2 722/2/2 721/1/2
f 913/5/3 911/5/3 912/780/3
f 911/5/3 913/5/3 914/781/3
f 913/5/4 722/608/4 914/782/4
f 722/608/4 913/5/4 721/5/4
f 722/610/5 911/5/5 914/783/5
f 911/5/5 722/610/5 716/5/5
f 718/2/6 913/3/6 912/11/6
f 913/3/6 718/2/6 721/1/6
f 171/3/1 915/2/1 172/1/1
f 915/3/1 171/2/1 916/1/1
f 726/3/2 171/2/2 172/1/2
f 171/3/2 726/2/2 725/1/2
f 917/5/3 915/5/3 916/784/3
f 915/5/3 917/5/3 918/785/3
f 917/5/4 726/613/4 918/786/4
f 726/613/4 917/5/4 725/5/4
f 726/615/5 915/5/5 918/787/5
f 915/5/5 726/615/5 172/139/5
f 171/2/6 917/3/6 916/11/6
f 917/3/6 171/2/6 725/1/6
f 921/3/1 920/2/1 919/1/1
f 920/3/1 921/2/1 922/1/1
f 923/3/2 921/2/2 919/1/2
f 921/3/2 923/2/2 924/1/2
f 925/5/3 920/5/3 922/788/3
f 920/5/3 925/5/3 926/789/3
f 925/5/4 923/5/4 926/790/4
f 923/5/4 925/5/4 924/791/4
f 923/5/5 920/5/5 926/792/5
f 920/5/5 923/5/5 919/793/5
f 921/2/6 925/3/6 922/11/6
f 925/3/6 921/2/6 924/1/6
f 929/3/1 928/2/1 927/1/1
f 928/3/1 929/2/1 930/1/1
f 920/3/2 929/2/2 927/1/2
f 929/3/2 920/2/2 922/1/2
f 931/5/3 928/5/3 930/794/3
f 928/5/3 931/5/3 932/795/3
f 931/5/4 920/5/4 932/796/4
f 920/5/4 931/5/4 922/797/4
f 920/5/5 928/5/5 932/798/5
f 928/5/5 920/5/5 927/799/5
f 929/2/6 931/3/6 930/11/6
f 931/3/6 929/2/6 922/1/6
f 462/3/1 933/2/1 460/1/1
f 933/3/1 462/2/1 934/1/1
f 466/3/2 462/2/2 460/1/2
f 462/3/2 466/2/2 465/1/2
f 184/147/3 933/5/3 934/800/3
f 933/5/3 184/147/3 182/5/3
f 184/5/4 466/380/4 182/801/4
f 466/380/4 184/5/4 465/5/4
f 466/382/5 933/5/5 182/5/5
f 933/5/5 466/382/5 460/5/5
f 462/2/6 184/3/6 934/11/6
f 184/3/6 462/2/6 465/1/6
f 937/3/1 936/2/1 935/1/1
f 936/3/1 937/2/1 938/1/1
f 928/3/2 937/2/2 935/1/2
f 937/3/2 928/2/2 930/1/2
f 939/5/3 936/5/3 938/802/3
f 936/5/3 939/5/3 940/803/3
f 939/5/4 928/5/4 940/804/4
f 928/5/4 939/5/4 930/805/4
f 928/5/5 936/5/5 940/806/5
f 936/5/5 928/5/5 935/807/5
f 937/2/6 939/3/6 938/11/6
f 939/3/6 937/2/6 930/1/6
f 943/3/1 942/2/1 941/1/1
f 942/3/1 943/2/1 944/1/1
f 945/3/2 943/2/2 941/1/2
f 943/3/2 945/2/2 946/1/2
f 509/5/3 942/5/3 944/808/3
f 942/5/3 509/5/3 507/809/3
f 509/5/4 945/5/4 507/810/4
f 945/5/4 509/5/4 946/811/4
f 945/5/5 942/5/5 507/426/5
f 942/5/5 945/5/5 941/812/5
f 943/2/6 509/3/6 944/11/6
f 509/3/6 943/2/6 946/1/6
f 860/3/1 733/2/1 858/1/1
f 733/3/1 860/2/1 735/1/1
f 727/3/2 860/2/2 858/1/2
f 860/3/2 727/2/2 729/1/2
f 730/616/3 733/5/3 735/813/3
f 733/5/3 730/616/3 728/5/3
f 730/625/4 727/725/4 728/5/4
f 727/725/4 730/625/4 729/5/4
f 727/621/5 733/627/5 728/5/5
f 733/627/5 727/621/5 858/5/5
f 860/2/6 730/3/6 735/11/6
f 730/3/6 860/2/6 729/1/6
f 949/3/1 948/2/1 947/1/1
f 948/3/1 949/2/1 950/1/1
f 942/3/2 949/2/2 947/1/2
f 949/3/2 942/2/2 944/1/2
f 517/5/3 948/5/3 950/814/3
f 948/5/3 517/5/3 515/815/3
f 517/5/4 942/5/4 515/816/4
f 942/5/4 517/5/4 944/817/4
f 942/5/5 948/5/5 515/432/5
f 948/5/5 942/5/5 947/818/5
f 949/2/6 517/3/6 950/11/6
f 517/3/6 949/2/6 944/1/6
f 282/3/1 951/2/1 280/1/1
f 951/3/1 282/2/1 952/1/1
f 286/3/2 282/2/2 280/1/2
f 282/3/2 286/2/2 285/1/2
f 953/5/3 951/5/3 952/819/3
f 951/5/3 953/5/3 954/820/3
f 953/5/4 286/227/4 954/821/4
f 286/227/4 953/5/4 285/5/4
f 286/229/5 951/5/5 954/822/5
f 951/5/5 286/229/5 280/5/5
f 282/2/6 953/3/6 952/11/6
f 953/3/6 282/2/6 285/1/6
f 957/3/1 956/2/1 955/1/1
f 956/3/1 957/2/1 958/1/1
f 959/3/2 957/2/2 955/1/2
f 957/3/2 959/2/2 960/1/2
f 961/5/3 956/5/3 958/823/3
f 956/5/3 961/5/3 962/824/3
f 961/5/4 959/5/4 962/825/4
f 959/5/4 961/5/4 960/826/4
f 959/5/5 956/5/5 962/827/5
f 956/5/5 959/5/5 955/828/5
f 957/2/6 961/3/6 958/11/6
f 961/3/6 957/2/6 960/1/6
f 965/3/1 964/2/1 963/1/1
f 964/3/1 965/2/1 966/1/1
f 948/3/2 965/2/2 963/1/2
f 965/3/2 948/2/2 950/1/2
f 967/5/3 964/5/3 966/829/3
f 964/5/3 967/5/3 968/830/3
f 967/5/4 948/5/4 968/831/4
f 948/5/4 967/5/4 950/832/4
f 948/5/5 964/5/5 968/833/5
f 964/5/5 948/5/5 963/834/5
f 965/2/6 967/3/6 966/11/6
f 967/3/6 965/2/6 950/1/6
f 971/3/1 970/2/1 969/1/1
f 970/3/1 971/2/1 972/1/1
f 973/3/2 971/2/2 969/1/2
f 971/3/2 973/2/2 974/1/2
f 975/5/3 970/5/3 972/835/3
f 970/5/3 975/5/3 976/836/3
f 975/5/4 973/5/4 976/837/4
f 973/5/4 975/5/4 974/838/4
f 973/5/5 970/5/5 976/839/5
f 970/5/5 973/5/5 969/840/5
f 971/2/6 975/3/6 972/11/6
f 975/3/6 971/2/6 974/1/6
f 978/3/1 743/2/1 977/1/1
f 743/3/1 978/2/1 744/1/1
f 979/3/2 978/2/2 977/1/2
f 978/3/2 979/2/2 980/1/2
f 981/5/3 743/5/3 744/841/3
f 743/5/3 981/5/3 982/842/3
f 981/5/4 979/5/4 982/843/4
f 979/5/4 981/5/4 980/844/4
f 979/5/5 743/5/5 982/845/5
f 743/5/5 979/5/5 977/846/5
f 978/2/6 981/3/6 744/11/6
f 981/3/6 978/2/6 980/1/6
f 984/3/1 751/2/1 983/1/1
f 751/3/1 984/2/1 752/1/1
f 985/3/2 984/2/2 983/1/2
f 984/3/2 985/2/2 986/1/2
f 987/5/3 751/5/3 752/847/3
f 751/5/3 987/5/3 988/848/3
f 987/5/4 985/5/4 988/849/4
f 985/5/4 987/5/4 986/850/4
f 985/5/5 751/5/5 988/851/5
f 751/5/5 985/5/5 983/852/5
f 984/2/6 987/3/6 752/11/6
f 987/3/6 984/2/6 986/1/6
f 990/3/1 759/2/1 989/1/1
f 759/3/1 990/2/1 760/1/1
f 991/3/2 990/2/2 989/1/2
f 990/3/2 991/2/2 992/1/2
f 993/5/3 759/5/3 760/853/3
f 759/5/3 993/5/3 994/854/3
f 993/5/4 991/5/4 994/855/4
f 991/5/4 993/5/4 992/856/4
f 991/5/5 759/5/5 994/857/5
f 759/5/5 991/5/5 989/858/5
f 990/2/6 993/3/6 760/11/6
f 993/3/6 990/2/6 992/1/6
f 330/3/1 332/2/1 329/1/1
f 332/3/1 330/2/1 331/1/1
f 951/3/2 330/2/2 329/1/2
f 330/3/2 951/2/2 952/1/2
f 995/5/3 332/262/3 331/5/3
f 332/262/3 995/5/3 996/859/3
f 995/5/4 951/5/4 996/860/4
f 951/5/4 995/5/4 952/861/4
f 951/5/5 332/265/5 996/862/5
f 332/265/5 951/5/5 329/5/5
f 330/2/6 995/3/6 331/11/6
f 995/3/6 330/2/6 952/1/6
f 323/3/1 997/2/1 324/1/1
f 997/3/1 323/2/1 998/1/1
f 956/3/2 323/2/2 324/1/2
f 323/3/2 956/2/2 958/1/2
f 999/5/3 997/5/3 998/863/3
f 997/5/3 999/5/3 1000/864/3
f 999/5/4 956/5/4 1000/865/4
f 956/5/4 999/5/4 958/866/4
f 956/5/5 997/5/5 1000/867/5
f 997/5/5 956/5/5 324/259/5
f 323/2/6 999/3/6 998/11/6
f 999/3/6 323/2/6 958/1/6
f 975/3/1 1001/2/1 976/1/1
f 1001/3/1 975/2/1 1002/1/1
f 739/3/2 975/2/2 976/1/2
f 975/3/2 739/2/2 741/1/2
f 742/628/3 1001/5/3 1002/868/3
f 1001/5/3 742/628/3 740/5/3
f 742/5/4 739/5/4 740/869/4
f 739/5/4 742/5/4 741/870/4
f 739/633/5 1001/5/5 740/5/5
f 1001/5/5 739/633/5 976/839/5
f 975/2/6 742/3/6 1002/11/6
f 742/3/6 975/2/6 741/1/6
f 981/3/1 1003/2/1 982/1/1
f 1003/3/1 981/2/1 1004/1/1
f 747/3/2 981/2/2 982/1/2
f 981/3/2 747/2/2 749/1/2
f 750/634/3 1003/5/3 1004/871/3
f 1003/5/3 750/634/3 748/5/3
f 750/5/4 747/5/4 748/872/4
f 747/5/4 750/5/4 749/873/4
f 747/639/5 1003/5/5 748/5/5
f 1003/5/5 747/639/5 982/845/5
f 981/2/6 750/3/6 1004/11/6
f 750/3/6 981/2/6 749/1/6
f 987/3/1 1005/2/1 988/1/1
f 1005/3/1 987/2/1 1006/1/1
f 755/3/2 987/2/2 988/1/2
f 987/3/2 755/2/2 757/1/2
f 758/640/3 1005/5/3 1006/874/3
f 1005/5/3 758/640/3 756/5/3
f 758/5/4 755/5/4 756/875/4
f 755/5/4 758/5/4 757/876/4
f 755/645/5 1005/5/5 756/5/5
f 1005/5/5 755/645/5 988/851/5
f 987/2/6 758/3/6 1006/11/6
f 758/3/6 987/2/6 757/1/6

usemtl color11

f 900/3/1 902/2/1 899/1/1
f 902/3/1 900/2/1 901/1/1
f 855/3/2 900/2/2 899/1/2
f 900/3/2 855/2/2 856/1/2
f 714/720/3 902/767/3 901/5/3
f 902/767/3 714/720/3 713/5/3
f 714/604/4 855/5/4 713/5/4
f 855/5/4 714/604/4 856/877/4
f 855/722/5 902/770/5 713/5/5
f 902/770/5 855/722/5 899/5/5
f 900/2/6 714/3/6 901/11/6
f 714/3/6 900/2/6 856/1/6
f 1009/3/1 1008/2/1 1007/1/1
f 1008/3/1 1009/2/1 1010/1/1
f 1011/3/2 1009/2/2 1007/1/2
f 1009/3/2 1011/2/2 1012/1/2
f 1013/5/3 1008/5/3 1010/878/3
f 1008/5/3 1013/5/3 1014/879/3
f 1013/5/4 1011/5/4 1014/880/4
f 1011/5/4 1013/5/4 1012/881/4
f 1011/5/5 1008/5/5 1014/882/5
f 1008/5/5 1011/5/5 1007/883/5
f 1009/2/6 1013/3/6 1010/11/6
f 1013/3/6 1009/2/6 1012/1/6
f 1013/3/1 1015/2/1 1014/1/1
f 1015/3/1 1013/2/1 1016/1/1
f 538/3/2 1013/2/2 1014/1/2
f 1013/3/2 538/2/2 540/1/2
f 1017/5/3 1015/5/3 1016/884/3
f 1015/5/3 1017/5/3 1018/885/3
f 1017/5/4 538/5/4 1018/886/4
f 538/5/4 1017/5/4 540/887/4
f 538/5/5 1015/5/5 1018/888/5
f 1015/5/5 538/5/5 1014/882/5
f 1013/2/6 1017/3/6 1016/11/6
f 1017/3/6 1013/2/6 540/1/6
f 952/3/1 996/2/1 951/1/1
f 996/3/1 952/2/1 995/1/1
f 324/3/2 952/2/2 951/1/2
f 952/3/2 324/2/2 323/1/2
f 998/863/3 996/859/3 995/5/3
f 996/859/3 998/863/3 997/5/3
f 998/5/4 324/257/4 997/889/4
f 324/257/4 998/5/4 323/5/4
f 324/259/5 996/862/5 997/5/5
f 996/862/5 324/259/5 951/5/5
f 952/2/6 998/3/6 995/11/6
f 998/3/6 952/2/6 323/1/6

usemtl color31

f 1021/3/1 1020/2/1 1019/1/1
f 1020/3/1 1021/2/1 1022/1/1
f 1023/3/2 1021/2/2 1019/1/2
f 1021/3/2 1023/2/2 1024/1/2
f 1025/5/3 1020/5/3 1022/890/3
f 1020/5/3 1025/5/3 1026/891/3
f 1025/5/4 1023/5/4 1026/892/4
f 1023/5/4 1025/5/4 1024/893/4
f 1023/5/5 1020/5/5 1026/894/5
f 1020/5/5 1023/5/5 1019/895/5
f 1021/2/6 1025/3/6 1022/11/6
f 1025/3/6 1021/2/6 1024/1/6
f 1029/3/1 1028/2/1 1027/1/1
f 1028/3/1 1029/2/1 1030/1/1
f 1031/3/2 1029/2/2 1027/1/2
f 1029/3/2 1031/2/2 1032/1/2
f 1033/5/3 1028/5/3 1030/896/3
f 1028/5/3 1033/5/3 1034/897/3
f 1033/5/4 1031/5/4 1034/898/4
f 1031/5/4 1033/5/4 1032/899/4
f 1031/5/5 1028/5/5 1034/900/5
f 1028/5/5 1031/5/5 1027/901/5
f 1029/2/6 1033/3/6 1030/11/6
f 1033/3/6 1029/2/6 1032/1/6
f 1037/3/1 1036/2/1 1035/1/1
f 1036/3/1 1037/2/1 1038/1/1
f 1039/3/2 1037/2/2 1035/1/2
f 1037/3/2 1039/2/2 1040/1/2
f 1041/5/3 1036/5/3 1038/902/3
f 1036/5/3 1041/5/3 1042/903/3
f 1041/5/4 1039/5/4 1042/904/4
f 1039/5/4 1041/5/4 1040/905/4
f 1039/5/5 1036/5/5 1042/906/5
f 1036/5/5 1039/5/5 1035/907/5
f 1037/2/6 1041/3/6 1038/11/6
f 1041/3/6 1037/2/6 1040/1/6
f 1045/3/1 1044/2/1 1043/1/1
f 1044/3/1 1045/2/1 1046/1/1
f 1047/3/2 1045/2/2 1043/1/2
f 1045/3/2 1047/2/2 1048/1/2
f 1049/5/3 1044/5/3 1046/908/3
f 1044/5/3 1049/5/3 1050/909/3
f 1049/5/4 1047/5/4 1050/910/4
f 1047/5/4 1049/5/4 1048/911/4
f 1047/5/5 1044/5/5 1050/912/5
f 1044/5/5 1047/5/5 1043/913/5
f 1045/2/6 1049/3/6 1046/11/6
f 1049/3/6 1045/2/6 1048/1/6
f 1053/3/1 1052/2/1 1051/1/1
f 1052/3/1 1053/2/1 1054/1/1
f 1055/3/2 1053/2/2 1051/1/2
f 1053/3/2 1055/2/2 1056/1/2
f 1057/5/3 1052/5/3 1054/914/3
f 1052/5/3 1057/5/3 1058/915/3
f 1057/5/4 1055/5/4 1058/916/4
f 1055/5/4 1057/5/4 1056/917/4
f 1055/5/5 1052/5/5 1058/918/5
f 1052/5/5 1055/5/5 1051/919/5
f 1053/2/6 1057/3/6 1054/11/6
f 1057/3/6 1053/2/6 1056/1/6
f 1061/3/1 1060/2/1 1059/1/1
f 1060/3/1 1061/2/1 1062/1/1
f 1063/3/2 1061/2/2 1059/1/2
f 1061/3/2 1063/2/2 1064/1/2
f 1065/5/3 1060/5/3 1062/920/3
f 1060/5/3 1065/5/3 1066/921/3
f 1065/5/4 1063/5/4 1066/922/4
f 1063/5/4 1065/5/4 1064/923/4
f 1063/5/5 1060/5/5 1066/924/5
f 1060/5/5 1063/5/5 1059/925/5
f 1061/2/6 1065/3/6 1062/11/6
f 1065/3/6 1061/2/6 1064/1/6

usemtl color25

f 1040/3/1 1042/2/1 1039/1/1
f 1042/3/1 1040/2/1 1041/1/1
f 1043/3/2 1040/2/2 1039/1/2
f 1040/3/2 1043/2/2 1045/1/2
f 1046/908/3 1042/903/3 1041/5/3
f 1042/903/3 1046/908/3 1044/5/3
f 1046/5/4 1043/5/4 1044/926/4
f 1043/5/4 1046/5/4 1045/927/4
f 1043/913/5 1042/906/5 1044/5/5
f 1042/906/5 1043/913/5 1039/5/5
f 1040/2/6 1046/3/6 1041/11/6
f 1046/3/6 1040/2/6 1045/1/6
f 1069/3/1 1068/2/1 1067/1/1
f 1068/3/1 1069/2/1 1070/1/1
f 1071/3/2 1069/2/2 1067/1/2
f 1069/3/2 1071/2/2 1072/1/2
f 1073/5/3 1068/5/3 1070/928/3
f 1068/5/3 1073/5/3 1074/929/3
f 1073/5/4 1071/5/4 1074/930/4
f 1071/5/4 1073/5/4 1072/931/4
f 1071/5/5 1068/5/5 1074/932/5
f 1068/5/5 1071/5/5 1067/933/5
f 1069/2/6 1073/3/6 1070/11/6
f 1073/3/6 1069/2/6 1072/1/6
f 1077/3/1 1076/2/1 1075/1/1
f 1076/3/1 1077/2/1 1078/1/1
f 1079/3/2 1077/2/2 1075/1/2
f 1077/3/2 1079/2/2 1080/1/2
f 1081/5/3 1076/5/3 1078/934/3
f 1076/5/3 1081/5/3 1082/935/3
f 1081/5/4 1079/5/4 1082/936/4
f 1079/5/4 1081/5/4 1080/937/4
f 1079/5/5 1076/5/5 1082/938/5
f 1076/5/5 1079/5/5 1075/939/5
f 1077/2/6 1081/3/6 1078/11/6
f 1081/3/6 1077/2/6 1080/1/6

usemtl color3

f 1085/3/1 1084/2/1 1083/1/1
f 1084/3/1 1085/2/1 1086/1/1
f 66/3/2 1085/2/2 1083/1/2
f 1085/3/2 66/2/2 68/1/2
f 880/751/3 1084/5/3 1086/940/3
f 1084/5/3 880/751/3 879/5/3
f 880/5/4 66/5/4 879/941/4
f 66/5/4 880/5/4 68/942/4
f 66/5/5 1084/5/5 879/5/5
f 1084/5/5 66/5/5 1083/943/5
f 1085/2/6 880/3/6 1086/11/6
f 880/3/6 1085/2/6 68/1/6
f 1089/3/1 1088/2/1 1087/1/1
f 1088/3/1 1089/2/1 1090/1/1
f 1091/3/2 1089/2/2 1087/1/2
f 1089/3/2 1091/2/2 1092/1/2
f 1093/5/3 1088/5/3 1090/944/3
f 1088/5/3 1093/5/3 1094/945/3
f 1093/5/4 1091/5/4 1094/946/4
f 1091/5/4 1093/5/4 1092/947/4
f 1091/5/5 1088/5/5 1094/948/5
f 1088/5/5 1091/5/5 1087/949/5
f 1089/2/6 1093/3/6 1090/11/6
f 1093/3/6 1089/2/6 1092/1/6
f 1097/3/1 1096/2/1 1095/1/1
f 1096/3/1 1097/2/1 1098/1/1
f 1099/3/2 1097/2/2 1095/1/2
f 1097/3/2 1099/2/2 1100/1/2
f 1101/5/3 1096/5/3 1098/950/3
f 1096/5/3 1101/5/3 1102/951/3
f 1101/5/4 1099/5/4 1102/952/4
f 1099/5/4 1101/5/4 1100/953/4
f 1099/5/5 1096/5/5 1102/954/5
f 1096/5/5 1099/5/5 1095/955/5
f 1097/2/6 1101/3/6 1098/11/6
f 1101/3/6 1097/2/6 1100/1/6
f 1105/3/1 1104/2/1 1103/1/1
f 1104/3/1 1105/2/1 1106/1/1
f 1107/3/2 1105/2/2 1103/1/2
f 1105/3/2 1107/2/2 1108/1/2
f 1109/5/3 1104/5/3 1106/956/3
f 1104/5/3 1109/5/3 1110/957/3
f 1109/5/4 1107/5/4 1110/958/4
f 1107/5/4 1109/5/4 1108/959/4
f 1107/5/5 1104/5/5 1110/960/5
f 1104/5/5 1107/5/5 1103/961/5
f 1105/2/6 1109/3/6 1106/11/6
f 1109/3/6 1105/2/6 1108/1/6
f 1113/3/1 1112/2/1 1111/1/1
f 1112/3/1 1113/2/1 1114/1/1
f 1115/3/2 1113/2/2 1111/1/2
f 1113/3/2 1115/2/2 1116/1/2
f 1117/5/3 1112/5/3 1114/962/3
f 1112/5/3 1117/5/3 1118/963/3
f 1117/5/4 1115/5/4 1118/964/4
f 1115/5/4 1117/5/4 1116/965/4
f 1115/5/5 1112/5/5 1118/966/5
f 1112/5/5 1115/5/5 1111/967/5
f 1113/2/6 1117/3/6 1114/11/6
f 1117/3/6 1113/2/6 1116/1/6
f 1121/3/1 1120/2/1 1119/1/1
f 1120/3/1 1121/2/1 1122/1/1
f 1123/3/2 1121/2/2 1119/1/2
f 1121/3/2 1123/2/2 1124/1/2
f 1125/5/3 1120/5/3 1122/968/3
f 1120/5/3 1125/5/3 1126/969/3
f 1125/5/4 1123/5/4 1126/970/4
f 1123/5/4 1125/5/4 1124/971/4
f 1123/5/5 1120/5/5 1126/972/5
f 1120/5/5 1123/5/5 1119/973/5
f 1121/2/6 1125/3/6 1122/11/6
f 1125/3/6 1121/2/6 1124/1/6
f 1129/3/1 1128/2/1 1127/1/1
f 1128/3/1 1129/2/1 1130/1/1
f 1131/3/2 1129/2/2 1127/1/2
f 1129/3/2 1131/2/2 1132/1/2
f 1133/5/3 1128/5/3 1130/974/3
f 1128/5/3 1133/5/3 1134/975/3
f 1133/5/4 1131/5/4 1134/976/4
f 1131/5/4 1133/5/4 1132/977/4
f 1131/5/5 1128/5/5 1134/978/5
f 1128/5/5 1131/5/5 1127/979/5
f 1129/2/6 1133/3/6 1130/11/6
f 1133/3/6 1129/2/6 1132/1/6
f 792/3/1 794/2/1 791/1/1
f 794/3/1 792/2/1 793/1/1
f 151/3/2 792/2/2 791/1/2
f 792/3/2 151/2/2 153/1/2
f 154/123/3 794/667/3 793/5/3
f 794/667/3 154/123/3 152/5/3
f 154/5/4 151/5/4 152/980/4
f 151/5/4 154/5/4 153/981/4
f 151/128/5 794/670/5 152/5/5
f 794/670/5 151/128/5 791/5/5
f 792/2/6 154/3/6 793/11/6
f 154/3/6 792/2/6 153/1/6
f 1137/3/1 1136/2/1 1135/1/1
f 1136/3/1 1137/2/1 1138/1/1
f 643/3/2 1137/2/2 1135/1/2
f 1137/3/2 643/2/2 645/1/2
f 1139/5/3 1136/5/3 1138/982/3
f 1136/5/3 1139/5/3 1140/983/3
f 1139/5/4 643/5/4 1140/984/4
f 643/5/4 1139/5/4 645/985/4
f 643/553/5 1136/5/5 1140/986/5
f 1136/5/5 643/553/5 1135/987/5
f 1137/2/6 1139/3/6 1138/11/6
f 1139/3/6 1137/2/6 645/1/6
f 648/3/1 1141/2/1 647/1/1
f 1141/3/1 648/2/1 1142/1/1
f 651/3/2 648/2/2 647/1/2
f 648/3/2 651/2/2 653/1/2
f 1143/5/3 1141/5/3 1142/988/3
f 1141/5/3 1143/5/3 1144/989/3
f 1143/5/4 651/5/4 1144/990/4
f 651/5/4 1143/5/4 653/991/4
f 651/559/5 1141/5/5 1144/992/5
f 1141/5/5 651/559/5 647/5/5
f 648/2/6 1143/3/6 1142/11/6
f 1143/3/6 648/2/6 653/1/6
f 656/3/1 1145/2/1 655/1/1
f 1145/3/1 656/2/1 1146/1/1
f 659/3/2 656/2/2 655/1/2
f 656/3/2 659/2/2 661/1/2
f 1147/5/3 1145/5/3 1146/993/3
f 1145/5/3 1147/5/3 1148/994/3
f 1147/5/4 659/5/4 1148/995/4
f 659/5/4 1147/5/4 661/996/4
f 659/565/5 1145/5/5 1148/997/5
f 1145/5/5 659/565/5 655/5/5
f 656/2/6 1147/3/6 1146/11/6
f 1147/3/6 656/2/6 661/1/6
f 168/3/1 664/2/1 166/1/1
f 664/3/1 168/2/1 663/1/1
f 172/3/2 168/2/2 166/1/2
f 168/3/2 172/2/2 171/1/2
f 916/784/3 664/561/3 663/5/3
f 664/561/3 916/784/3 915/5/3
f 916/5/4 172/137/4 915/998/4
f 172/137/4 916/5/4 171/5/4
f 172/139/5 664/564/5 915/5/5
f 664/564/5 172/139/5 166/5/5
f 168/2/6 916/3/6 663/11/6
f 916/3/6 168/2/6 171/1/6
f 1151/3/1 1150/2/1 1149/1/1
f 1150/3/1 1151/2/1 1152/1/1
f 1153/3/2 1151/2/2 1149/1/2
f 1151/3/2 1153/2/2 1154/1/2
f 1155/5/3 1150/5/3 1152/999/3
f 1150/5/3 1155/5/3 1156/1000/3
f 1155/5/4 1153/5/4 1156/1001/4
f 1153/5/4 1155/5/4 1154/1002/4
f 1153/5/5 1150/5/5 1156/1003/5
f 1150/5/5 1153/5/5 1149/1004/5
f 1151/2/6 1155/3/6 1152/11/6
f 1155/3/6 1151/2/6 1154/1/6
f 1159/3/1 1158/2/1 1157/1/1
f 1158/3/1 1159/2/1 1160/1/1
f 1008/3/2 1159/2/2 1157/1/2
f 1159/3/2 1008/2/2 1010/1/2
f 1161/5/3 1158/5/3 1160/1005/3
f 1158/5/3 1161/5/3 1162/1006/3
f 1161/5/4 1008/5/4 1162/1007/4
f 1008/5/4 1161/5/4 1010/1008/4
f 1008/5/5 1158/5/5 1162/1009/5
f 1158/5/5 1008/5/5 1157/1010/5
f 1159/2/6 1161/3/6 1160/11/6
f 1161/3/6 1159/2/6 1010/1/6
f 1165/3/1 1164/2/1 1163/1/1
f 1164/3/1 1165/2/1 1166/1/1
f 1167/3/2 1165/2/2 1163/1/2
f 1165/3/2 1167/2/2 1168/1/2
f 1169/5/3 1164/5/3 1166/1011/3
f 1164/5/3 1169/5/3 1170/1012/3
f 1169/5/4 1167/5/4 1170/1013/4
f 1167/5/4 1169/5/4 1168/1014/4
f 1167/5/5 1164/5/5 1170/1015/5
f 1164/5/5 1167/5/5 1163/1016/5
f 1165/2/6 1169/3/6 1166/11/6
f 1169/3/6 1165/2/6 1168/1/6
f 1173/3/1 1172/2/1 1171/1/1
f 1172/3/1 1173/2/1 1174/1/1
f 885/3/2 1173/2/2 1171/1/2
f 1173/3/2 885/2/2 887/1/2
f 888/756/3 1172/5/3 1174/1017/3
f 1172/5/3 888/756/3 886/5/3
f 888/5/4 885/5/4 886/1018/4
f 885/5/4 888/5/4 887/1019/4
f 885/760/5 1172/5/5 886/5/5
f 1172/5/5 885/760/5 1171/1020/5
f 1173/2/6 888/3/6 1174/11/6
f 888/3/6 1173/2/6 887/1/6
f 1161/3/1 1175/2/1 1162/1/1
f 1175/3/1 1161/2/1 1176/1/1
f 1015/3/2 1161/2/2 1162/1/2
f 1161/3/2 1015/2/2 1016/1/2
f 1177/5/3 1175/5/3 1176/1021/3
f 1175/5/3 1177/5/3 1178/1022/3
f 1177/5/4 1015/5/4 1178/1023/4
f 1015/5/4 1177/5/4 1016/1024/4
f 1015/5/5 1175/5/5 1178/1025/5
f 1175/5/5 1015/5/5 1162/1009/5
f 1161/2/6 1177/3/6 1176/11/6
f 1177/3/6 1161/2/6 1016/1/6
f 1181/3/1 1180/2/1 1179/1/1
f 1180/3/1 1181/2/1 1182/1/1
f 1183/3/2 1181/2/2 1179/1/2
f 1181/3/2 1183/2/2 1184/1/2
f 1185/5/3 1180/5/3 1182/1026/3
f 1180/5/3 1185/5/3 1186/1027/3
f 1185/5/4 1183/5/4 1186/1028/4
f 1183/5/4 1185/5/4 1184/1029/4
f 1183/5/5 1180/5/5 1186/1030/5
f 1180/5/5 1183/5/5 1179/1031/5
f 1181/2/6 1185/3/6 1182/11/6
f 1185/3/6 1181/2/6 1184/1/6
f 888/3/1 1187/2/1 886/1/1
f 1187/3/1 888/2/1 1188/1/1
f 325/3/2 888/2/2 886/1/2
f 888/3/2 325/2/2 327/1/2
f 328/261/3 1187/5/3 1188/1032/3
f 1187/5/3 328/261/3 326/5/3
f 328/5/4 325/758/4 326/1033/4
f 325/758/4 328/5/4 327/5/4
f 325/266/5 1187/5/5 326/5/5
f 1187/5/5 325/266/5 886/5/5
f 888/2/6 328/3/6 1188/11/6
f 328/3/6 888/2/6 327/1/6
f 1191/3/1 1190/2/1 1189/1/1
f 1190/3/1 1191/2/1 1192/1/1
f 1180/3/2 1191/2/2 1189/1/2
f 1191/3/2 1180/2/2 1182/1/2
f 1193/5/3 1190/5/3 1192/1034/3
f 1190/5/3 1193/5/3 1194/1035/3
f 1193/5/4 1180/5/4 1194/1036/4
f 1180/5/4 1193/5/4 1182/1037/4
f 1180/5/5 1190/5/5 1194/1038/5
f 1190/5/5 1180/5/5 1189/1039/5
f 1191/2/6 1193/3/6 1192/11/6
f 1193/3/6 1191/2/6 1182/1/6

usemtl color14

f 1197/3/1 1196/2/1 1195/1/1
f 1196/3/1 1197/2/1 1198/1/1
f 1199/3/2 1197/2/2 1195/1/2
f 1197/3/2 1199/2/2 1200/1/2
f 1201/5/3 1196/5/3 1198/1040/3
f 1196/5/3 1201/5/3 1202/1041/3
f 1201/5/4 1199/5/4 1202/1042/4
f 1199/5/4 1201/5/4 1200/1043/4
f 1199/5/5 1196/5/5 1202/1044/5
f 1196/5/5 1199/5/5 1195/1045/5
f 1197/2/6 1201/3/6 1198/11/6
f 1201/3/6 1197/2/6 1200/1/6
f 1205/3/1 1204/2/1 1203/1/1
f 1204/3/1 1205/2/1 1206/1/1
f 1207/3/2 1205/2/2 1203/1/2
f 1205/3/2 1207/2/2 1208/1/2
f 1209/5/3 1204/5/3 1206/1046/3
f 1204/5/3 1209/5/3 1210/1047/3
f 1209/5/4 1207/5/4 1210/1048/4
f 1207/5/4 1209/5/4 1208/1049/4
f 1207/5/5 1204/5/5 1210/1050/5
f 1204/5/5 1207/5/5 1203/1051/5
f 1205/2/6 1209/3/6 1206/11/6
f 1209/3/6 1205/2/6 1208/1/6
f 709/3/1 1211/2/1 710/1/1
f 1211/3/1 709/2/1 1212/1/1
f 879/3/2 709/2/2 710/1/2
f 709/3/2 879/2/2 880/1/2
f 1213/5/3 1211/5/3 1212/1052/3
f 1211/5/3 1213/5/3 1214/1053/3
f 1213/5/4 879/941/4 1214/1054/4
f 879/941/4 1213/5/4 880/5/4
f 879/5/5 1211/5/5 1214/1055/5
f 1211/5/5 879/5/5 710/600/5
f 709/2/6 1213/3/6 1212/11/6
f 1213/3/6 709/2/6 880/1/6
f 1217/3/1 1216/2/1 1215/1/1
f 1216/3/1 1217/2/1 1218/1/1
f 1219/3/2 1217/2/2 1215/1/2
f 1217/3/2 1219/2/2 1220/1/2
f 1198/1040/3 1216/5/3 1218/1056/3
f 1216/5/3 1198/1040/3 1196/5/3
f 1198/5/4 1219/5/4 1196/1057/4
f 1219/5/4 1198/5/4 1220/1058/4
f 1219/5/5 1216/5/5 1196/5/5
f 1216/5/5 1219/5/5 1215/1059/5
f 1217/2/6 1198/3/6 1218/11/6
f 1198/3/6 1217/2/6 1220/1/6
f 1223/3/1 1222/2/1 1221/1/1
f 1222/3/1 1223/2/1 1224/1/1
f 1225/3/2 1223/2/2 1221/1/2
f 1223/3/2 1225/2/2 1226/1/2
f 1227/5/3 1222/5/3 1224/1060/3
f 1222/5/3 1227/5/3 1228/1061/3
f 1227/5/4 1225/5/4 1228/1062/4
f 1225/5/4 1227/5/4 1226/1063/4
f 1225/5/5 1222/5/5 1228/1064/5
f 1222/5/5 1225/5/5 1221/1065/5
f 1223/2/6 1227/3/6 1224/11/6
f 1227/3/6 1223/2/6 1226/1/6
f 1231/3/1 1230/2/1 1229/1/1
f 1230/3/1 1231/2/1 1232/1/1
f 1233/3/2 1231/2/2 1229/1/2
f 1231/3/2 1233/2/2 1234/1/2
f 1235/5/3 1230/5/3 1232/1066/3
f 1230/5/3 1235/5/3 1236/1067/3
f 1235/5/4 1233/5/4 1236/1068/4
f 1233/5/4 1235/5/4 1234/1069/4
f 1233/5/5 1230/5/5 1236/1070/5
f 1230/5/5 1233/5/5 1229/1071/5
f 1231/2/6 1235/3/6 1232/11/6
f 1235/3/6 1231/2/6 1234/1/6
f 1238/3/1 592/2/1 1237/1/1
f 592/3/1 1238/2/1 591/1/1
f 1239/3/2 1238/2/2 1237/1/2
f 1238/3/2 1239/2/2 1240/1/2
f 1241/5/3 592/501/3 591/5/3
f 592/501/3 1241/5/3 1242/1072/3
f 1241/5/4 1239/5/4 1242/1073/4
f 1239/5/4 1241/5/4 1240/1074/4
f 1239/5/5 592/504/5 1242/1075/5
f 592/504/5 1239/5/5 1237/1076/5
f 1238/2/6 1241/3/6 591/11/6
f 1241/3/6 1238/2/6 1240/1/6
f 1241/3/1 195/2/1 1242/1/1
f 195/3/1 1241/2/1 197/1/1
f 1243/3/2 1241/2/2 1242/1/2
f 1241/3/2 1243/2/2 1244/1/2
f 200/5/3 195/5/3 197/1077/3
f 195/5/3 200/5/3 199/1078/3
f 200/161/4 1243/5/4 199/5/4
f 1243/5/4 200/161/4 1244/1079/4
f 1243/5/5 195/163/5 199/5/5
f 195/163/5 1243/5/5 1242/1075/5
f 1241/2/6 200/3/6 197/11/6
f 200/3/6 1241/2/6 1244/1/6
f 1235/3/1 1245/2/1 1236/1/1
f 1245/3/1 1235/2/1 1246/1/1
f 1247/3/2 1235/2/2 1236/1/2
f 1235/3/2 1247/2/2 1248/1/2
f 1249/5/3 1245/5/3 1246/1080/3
f 1245/5/3 1249/5/3 1250/1081/3
f 1249/5/4 1247/5/4 1250/1082/4
f 1247/5/4 1249/5/4 1248/1083/4
f 1247/5/5 1245/5/5 1250/1084/5
f 1245/5/5 1247/5/5 1236/1070/5
f 1235/2/6 1249/3/6 1246/11/6
f 1249/3/6 1235/2/6 1248/1/6
f 200/3/1 202/2/1 199/1/1
f 202/3/1 200/2/1 201/1/1
f 1251/3/2 200/2/2 199/1/2
f 200/3/2 1251/2/2 1252/1/2
f 246/5/3 202/159/3 201/5/3
f 202/159/3 246/5/3 245/1085/3
f 246/197/4 1251/5/4 245/5/4
f 1251/5/4 246/197/4 1252/1086/4
f 1251/5/5 202/162/5 245/5/5
f 202/162/5 1251/5/5 199/5/5
f 200/2/6 246/3/6 201/11/6
f 246/3/6 200/2/6 1252/1/6
f 1255/3/1 1254/2/1 1253/1/1
f 1254/3/1 1255/2/1 1256/1/1
f 1257/3/2 1255/2/2 1253/1/2
f 1255/3/2 1257/2/2 1258/1/2
f 1259/5/3 1254/5/3 1256/1087/3
f 1254/5/3 1259/5/3 1260/1088/3
f 1259/5/4 1257/5/4 1260/1089/4
f 1257/5/4 1259/5/4 1258/1090/4
f 1257/5/5 1254/5/5 1260/1091/5
f 1254/5/5 1257/5/5 1253/1092/5
f 1255/2/6 1259/3/6 1256/11/6
f 1259/3/6 1255/2/6 1258/1/6
f 1263/3/1 1262/2/1 1261/1/1
f 1262/3/1 1263/2/1 1264/1/1
f 1265/3/2 1263/2/2 1261/1/2
f 1263/3/2 1265/2/2 1266/1/2
f 1267/5/3 1262/5/3 1264/1093/3
f 1262/5/3 1267/5/3 1268/1094/3
f 1267/5/4 1265/5/4 1268/1095/4
f 1265/5/4 1267/5/4 1266/1096/4
f 1265/5/5 1262/5/5 1268/1097/5
f 1262/5/5 1265/5/5 1261/1098/5
f 1263/2/6 1267/3/6 1264/11/6
f 1267/3/6 1263/2/6 1266/1/6
f 1271/3/1 1270/2/1 1269/1/1
f 1270/3/1 1271/2/1 1272/1/1
f 803/3/2 1271/2/2 1269/1/2
f 1271/3/2 803/2/2 805/1/2
f 806/678/3 1270/5/3 1272/1099/3
f 1270/5/3 806/678/3 804/5/3
f 806/5/4 803/5/4 804/1100/4
f 803/5/4 806/5/4 805/1101/4
f 803/683/5 1270/5/5 804/5/5
f 1270/5/5 803/683/5 1269/1102/5
f 1271/2/6 806/3/6 1272/11/6
f 806/3/6 1271/2/6 805/1/6
f 808/3/1 810/2/1 807/1/1
f 810/3/1 808/2/1 809/1/1
f 811/3/2 808/2/2 807/1/2
f 808/3/2 811/2/2 813/1/2
f 814/684/3 810/679/3 809/5/3
f 810/679/3 814/684/3 812/5/3
f 814/5/4 811/5/4 812/1103/4
f 811/5/4 814/5/4 813/1104/4
f 811/689/5 810/682/5 812/5/5
f 810/682/5 811/689/5 807/5/5
f 808/2/6 814/3/6 809/11/6
f 814/3/6 808/2/6 813/1/6
f 816/3/1 818/2/1 815/1/1
f 818/3/1 816/2/1 817/1/1
f 819/3/2 816/2/2 815/1/2
f 816/3/2 819/2/2 821/1/2
f 822/690/3 818/685/3 817/5/3
f 818/685/3 822/690/3 820/5/3
f 822/5/4 819/5/4 820/1105/4
f 819/5/4 822/5/4 821/1106/4
f 819/695/5 818/688/5 820/5/5
f 818/688/5 819/695/5 815/5/5
f 816/2/6 822/3/6 817/11/6
f 822/3/6 816/2/6 821/1/6
f 824/3/1 826/2/1 823/1/1
f 826/3/1 824/2/1 825/1/1
f 227/3/2 824/2/2 823/1/2
f 824/3/2 227/2/2 229/1/2
f 230/182/3 826/691/3 825/5/3
f 826/691/3 230/182/3 228/5/3
f 230/5/4 227/5/4 228/1107/4
f 227/5/4 230/5/4 229/1108/4
f 227/187/5 826/694/5 228/5/5
f 826/694/5 227/187/5 823/5/5
f 824/2/6 230/3/6 825/11/6
f 230/3/6 824/2/6 229/1/6
f 246/3/1 248/2/1 245/1/1
f 248/3/1 246/2/1 247/1/1
f 1273/3/2 246/2/2 245/1/2
f 246/3/2 1273/2/2 1274/1/2
f 1275/5/3 248/195/3 247/5/3
f 248/195/3 1275/5/3 1276/1109/3
f 1275/5/4 1273/5/4 1276/1110/4
f 1273/5/4 1275/5/4 1274/1111/4
f 1273/5/5 248/198/5 1276/1112/5
f 248/198/5 1273/5/5 245/5/5
f 246/2/6 1275/3/6 247/11/6
f 1275/3/6 246/2/6 1274/1/6
f 1259/3/1 1277/2/1 1260/1/1
f 1277/3/1 1259/2/1 1278/1/1
f 1262/3/2 1259/2/2 1260/1/2
f 1259/3/2 1262/2/2 1264/1/2
f 1279/5/3 1277/5/3 1278/1113/3
f 1277/5/3 1279/5/3 1280/1114/3
f 1279/5/4 1262/5/4 1280/1115/4
f 1262/5/4 1279/5/4 1264/1116/4
f 1262/5/5 1277/5/5 1280/1117/5
f 1277/5/5 1262/5/5 1260/1091/5
f 1259/2/6 1279/3/6 1278/11/6
f 1279/3/6 1259/2/6 1264/1/6
f 1282/3/1 271/2/1 1281/1/1
f 271/3/1 1282/2/1 273/1/1
f 1283/3/2 1282/2/2 1281/1/2
f 1282/3/2 1283/2/2 1284/1/2
f 276/5/3 271/5/3 273/1118/3
f 271/5/3 276/5/3 275/1119/3
f 276/222/4 1283/5/4 275/5/4
f 1283/5/4 276/222/4 1284/1120/4
f 1283/5/5 271/224/5 275/5/5
f 271/224/5 1283/5/5 1281/1121/5
f 1282/2/6 276/3/6 273/11/6
f 276/3/6 1282/2/6 1284/1/6
f 1287/3/1 1286/2/1 1285/1/1
f 1286/3/1 1287/2/1 1288/1/1
f 1289/3/2 1287/2/2 1285/1/2
f 1287/3/2 1289/2/2 1290/1/2
f 1291/5/3 1286/5/3 1288/1122/3
f 1286/5/3 1291/5/3 1292/1123/3
f 1291/5/4 1289/5/4 1292/1124/4
f 1289/5/4 1291/5/4 1290/1125/4
f 1289/5/5 1286/5/5 1292/1126/5
f 1286/5/5 1289/5/5 1285/1127/5
f 1287/2/6 1291/3/6 1288/11/6
f 1291/3/6 1287/2/6 1290/1/6
f 1275/3/1 601/2/1 1276/1/1
f 601/3/1 1275/2/1 603/1/1
f 1293/3/2 1275/2/2 1276/1/2
f 1275/3/2 1293/2/2 1294/1/2
f 1295/5/3 601/5/3 603/1128/3
f 601/5/3 1295/5/3 1296/1129/3
f 1295/5/4 1293/5/4 1296/1130/4
f 1293/5/4 1295/5/4 1294/1131/4
f 1293/5/5 601/517/5 1296/1132/5
f 601/517/5 1293/5/5 1276/1112/5
f 1275/2/6 1295/3/6 603/11/6
f 1295/3/6 1275/2/6 1294/1/6
f 1299/3/1 1298/2/1 1297/1/1
f 1298/3/1 1299/2/1 1300/1/1
f 1277/3/2 1299/2/2 1297/1/2
f 1299/3/2 1277/2/2 1278/1/2
f 1301/5/3 1298/5/3 1300/1133/3
f 1298/5/3 1301/5/3 1302/1134/3
f 1301/5/4 1277/5/4 1302/1135/4
f 1277/5/4 1301/5/4 1278/1136/4
f 1277/5/5 1298/5/5 1302/1137/5
f 1298/5/5 1277/5/5 1297/1138/5
f 1299/2/6 1301/3/6 1300/11/6
f 1301/3/6 1299/2/6 1278/1/6
f 1279/3/1 1303/2/1 1280/1/1
f 1303/3/1 1279/2/1 1304/1/1
f 593/3/2 1279/2/2 1280/1/2
f 1279/3/2 593/2/2 595/1/2
f 596/506/3 1303/5/3 1304/1139/3
f 1303/5/3 596/506/3 594/5/3
f 596/5/4 593/5/4 594/1140/4
f 593/5/4 596/5/4 595/1141/4
f 593/511/5 1303/5/5 594/5/5
f 1303/5/5 593/511/5 1280/1117/5
f 1279/2/6 596/3/6 1304/11/6
f 596/3/6 1279/2/6 595/1/6
f 1307/3/1 1306/2/1 1305/1/1
f 1306/3/1 1307/2/1 1308/1/1
f 1309/3/2 1307/2/2 1305/1/2
f 1307/3/2 1309/2/2 1310/1/2
f 887/5/3 1306/5/3 1308/1142/3
f 1306/5/3 887/5/3 885/1143/3
f 887/1019/4 1309/5/4 885/5/4
f 1309/5/4 887/1019/4 1310/1144/4
f 1309/5/5 1306/5/5 885/760/5
f 1306/5/5 1309/5/5 1305/1145/5
f 1307/2/6 887/3/6 1308/11/6
f 887/3/6 1307/2/6 1310/1/6
f 1313/3/1 1312/2/1 1311/1/1
f 1312/3/1 1313/2/1 1314/1/1
f 1315/3/2 1313/2/2 1311/1/2
f 1313/3/2 1315/2/2 1316/1/2
f 1317/5/3 1312/5/3 1314/1146/3
f 1312/5/3 1317/5/3 1318/1147/3
f 1317/5/4 1315/5/4 1318/1148/4
f 1315/5/4 1317/5/4 1316/1149/4
f 1315/5/5 1312/5/5 1318/1150/5
f 1312/5/5 1315/5/5 1311/1151/5
f 1313/2/6 1317/3/6 1314/11/6
f 1317/3/6 1313/2/6 1316/1/6
f 1301/3/1 1319/2/1 1302/1/1
f 1319/3/1 1301/2/1 1320/1/1
f 1321/3/2 1301/2/2 1302/1/2
f 1301/3/2 1321/2/2 1322/1/2
f 1304/1139/3 1319/5/3 1320/1152/3
f 1319/5/3 1304/1139/3 1303/5/3
f 1304/5/4 1321/5/4 1303/1153/4
f 1321/5/4 1304/5/4 1322/1154/4
f 1321/5/5 1319/5/5 1303/5/5
f 1319/5/5 1321/5/5 1302/1137/5
f 1301/2/6 1304/3/6 1320/11/6
f 1304/3/6 1301/2/6 1322/1/6
f 1325/3/1 1324/2/1 1323/1/1
f 1324/3/1 1325/2/1 1326/1/1
f 1318/3/2 1325/2/2 1323/1/2
f 1325/3/2 1318/2/2 1317/1/2
f 1327/5/3 1324/5/3 1326/1155/3
f 1324/5/3 1327/5/3 1328/1156/3
f 1327/5/4 1318/1148/4 1328/1157/4
f 1318/1148/4 1327/5/4 1317/5/4
f 1318/1150/5 1324/5/5 1328/1158/5
f 1324/5/5 1318/1150/5 1323/1159/5
f 1325/2/6 1327/3/6 1326/11/6
f 1327/3/6 1325/2/6 1317/1/6

usemtl color24

f 1331/3/1 1330/2/1 1329/1/1
f 1330/3/1 1331/2/1 1332/1/1
f 1020/3/2 1331/2/2 1329/1/2
f 1331/3/2 1020/2/2 1022/1/2
f 1333/5/3 1330/5/3 1332/1160/3
f 1330/5/3 1333/5/3 1334/1161/3
f 1333/5/4 1020/5/4 1334/1162/4
f 1020/5/4 1333/5/4 1022/1163/4
f 1020/5/5 1330/5/5 1334/1164/5
f 1330/5/5 1020/5/5 1329/1165/5
f 1331/2/6 1333/3/6 1332/11/6
f 1333/3/6 1331/2/6 1022/1/6
f 1022/3/1 1335/2/1 1020/1/1
f 1335/3/1 1022/2/1 1336/1/1
f 1042/3/2 1022/2/2 1020/1/2
f 1022/3/2 1042/2/2 1041/1/2
f 1337/5/3 1335/5/3 1336/1166/3
f 1335/5/3 1337/5/3 1338/1167/3
f 1337/5/4 1042/904/4 1338/1168/4
f 1042/904/4 1337/5/4 1041/5/4
f 1042/906/5 1335/5/5 1338/1169/5
f 1335/5/5 1042/906/5 1020/5/5
f 1022/2/6 1337/3/6 1336/11/6
f 1337/3/6 1022/2/6 1041/1/6
f 1046/3/1 1339/2/1 1044/1/1
f 1339/3/1 1046/2/1 1340/1/1
f 1341/3/2 1046/2/2 1044/1/2
f 1046/3/2 1341/2/2 1342/1/2
f 1234/5/3 1339/5/3 1340/1170/3
f 1339/5/3 1234/5/3 1233/1171/3
f 1234/1069/4 1341/5/4 1233/5/4
f 1341/5/4 1234/1069/4 1342/1172/4
f 1341/5/5 1339/5/5 1233/5/5
f 1339/5/5 1341/5/5 1044/5/5
f 1046/2/6 1234/3/6 1340/11/6
f 1234/3/6 1046/2/6 1342/1/6
f 1336/3/1 1343/2/1 1335/1/1
f 1343/3/1 1336/2/1 1344/1/1
f 1338/3/2 1336/2/2 1335/1/2
f 1336/3/2 1338/2/2 1337/1/2
f 1345/5/3 1343/5/3 1344/1173/3
f 1343/5/3 1345/5/3 1346/1174/3
f 1345/5/4 1338/1168/4 1346/1175/4
f 1338/1168/4 1345/5/4 1337/5/4
f 1338/1169/5 1343/5/5 1346/1176/5
f 1343/5/5 1338/1169/5 1335/5/5
f 1336/2/6 1345/3/6 1344/11/6
f 1345/3/6 1336/2/6 1337/1/6
f 1062/3/1 1347/2/1 1060/1/1
f 1347/3/1 1062/2/1 1348/1/1
f 1349/3/2 1062/2/2 1060/1/2
f 1062/3/2 1349/2/2 1350/1/2
f 1351/5/3 1347/5/3 1348/1177/3
f 1347/5/3 1351/5/3 1352/1178/3
f 1351/5/4 1349/5/4 1352/1179/4
f 1349/5/4 1351/5/4 1350/1180/4
f 1349/5/5 1347/5/5 1352/1181/5
f 1347/5/5 1349/5/5 1060/5/5
f 1062/2/6 1351/3/6 1348/11/6
f 1351/3/6 1062/2/6 1350/1/6
f 1355/3/1 1354/2/1 1353/1/1
f 1354/3/1 1355/2/1 1356/1/1
f 1357/3/2 1355/2/2 1353/1/2
f 1355/3/2 1357/2/2 1358/1/2
f 1359/5/3 1354/5/3 1356/1182/3
f 1354/5/3 1359/5/3 1360/1183/3
f 1359/5/4 1357/5/4 1360/1184/4
f 1357/5/4 1359/5/4 1358/1185/4
f 1357/5/5 1354/5/5 1360/1186/5
f 1354/5/5 1357/5/5 1353/1187/5
f 1355/2/6 1359/3/6 1356/11/6
f 1359/3/6 1355/2/6 1358/1/6
f 1363/3/1 1362/2/1 1361/1/1
f 1362/3/1 1363/2/1 1364/1/1
f 1365/3/2 1363/2/2 1361/1/2
f 1363/3/2 1365/2/2 1366/1/2
f 1367/5/3 1362/5/3 1364/1188/3
f 1362/5/3 1367/5/3 1368/1189/3
f 1367/5/4 1365/5/4 1368/1190/4
f 1365/5/4 1367/5/4 1366/1191/4
f 1365/5/5 1362/5/5 1368/1192/5
f 1362/5/5 1365/5/5 1361/1193/5
f 1363/2/6 1367/3/6 1364/11/6
f 1367/3/6 1363/2/6 1366/1/6
f 1371/3/1 1370/2/1 1369/1/1
f 1370/3/1 1371/2/1 1372/1/1
f 1066/3/2 1371/2/2 1369/1/2
f 1371/3/2 1066/2/2 1065/1/2
f 1332/1160/3 1370/5/3 1372/1194/3
f 1370/5/3 1332/1160/3 1330/5/3
f 1332/5/4 1066/922/4 1330/1195/4
f 1066/922/4 1332/5/4 1065/5/4
f 1066/924/5 1370/5/5 1330/5/5
f 1370/5/5 1066/924/5 1369/1196/5
f 1371/2/6 1332/3/6 1372/11/6
f 1332/3/6 1371/2/6 1065/1/6
f 1351/3/1 1373/2/1 1352/1/1
f 1373/3/1 1351/2/1 1374/1/1
f 1375/3/2 1351/2/2 1352/1/2
f 1351/3/2 1375/2/2 1376/1/2
f 1356/1182/3 1373/5/3 1374/1197/3
f 1373/5/3 1356/1182/3 1354/5/3
f 1356/5/4 1375/5/4 1354/1198/4
f 1375/5/4 1356/5/4 1376/1199/4
f 1375/5/5 1373/5/5 1354/5/5
f 1373/5/5 1375/5/5 1352/1181/5
f 1351/2/6 1356/3/6 1374/11/6
f 1356/3/6 1351/2/6 1376/1/6
f 1378/3/1 1360/2/1 1377/1/1
f 1360/3/1 1378/2/1 1359/1/1
f 1379/3/2 1378/2/2 1377/1/2
f 1378/3/2 1379/2/2 1380/1/2
f 1364/1188/3 1360/1183/3 1359/5/3
f 1360/1183/3 1364/1188/3 1362/5/3
f 1364/5/4 1379/5/4 1362/1200/4
f 1379/5/4 1364/5/4 1380/1201/4
f 1379/5/5 1360/1186/5 1362/5/5
f 1360/1186/5 1379/5/5 1377/1202/5
f 1378/2/6 1364/3/6 1359/11/6
f 1364/3/6 1378/2/6 1380/1/6
f 1382/3/1 1368/2/1 1381/1/1
f 1368/3/1 1382/2/1 1367/1/1
f 1370/3/2 1382/2/2 1381/1/2
f 1382/3/2 1370/2/2 1372/1/2
f 1383/5/3 1368/1189/3 1367/5/3
f 1368/1189/3 1383/5/3 1384/1203/3
f 1383/5/4 1370/5/4 1384/1204/4
f 1370/5/4 1383/5/4 1372/1205/4
f 1370/5/5 1368/1192/5 1384/1206/5
f 1368/1192/5 1370/5/5 1381/1207/5
f 1382/2/6 1383/3/6 1367/11/6
f 1383/3/6 1382/2/6 1372/1/6
f 1387/3/1 1386/2/1 1385/1/1
f 1386/3/1 1387/2/1 1388/1/1
f 1389/3/2 1387/2/2 1385/1/2
f 1387/3/2 1389/2/2 1390/1/2
f 1391/5/3 1386/5/3 1388/1208/3
f 1386/5/3 1391/5/3 1392/1209/3
f 1391/5/4 1389/5/4 1392/1210/4
f 1389/5/4 1391/5/4 1390/1211/4
f 1389/5/5 1386/5/5 1392/1212/5
f 1386/5/5 1389/5/5 1385/1213/5
f 1387/2/6 1391/3/6 1388/11/6
f 1391/3/6 1387/2/6 1390/1/6
f 1022/3/1 1335/2/1 1020/1/1
f 1335/3/1 1022/2/1 1336/1/1
f 1042/3/2 1022/2/2 1020/1/2
f 1022/3/2 1042/2/2 1041/1/2
f 1337/5/3 1335/5/3 1336/1166/3
f 1335/5/3 1337/5/3 1338/1167/3
f 1337/5/4 1042/904/4 1338/1168/4
f 1042/904/4 1337/5/4 1041/5/4
f 1042/906/5 1335/5/5 1338/1169/5
f 1335/5/5 1042/906/5 1020/5/5
f 1022/2/6 1337/3/6 1336/11/6
f 1337/3/6 1022/2/6 1041/1/6

usemtl color23

f 1041/3/1 1346/2/1 1042/1/1
f 1346/3/1 1041/2/1 1345/1/1
f 1044/3/2 1041/2/2 1042/1/2
f 1041/3/2 1044/2/2 1046/1/2
f 1340/1170/3 1346/1174/3 1345/5/3
f 1346/1174/3 1340/1170/3 1339/5/3
f 1340/5/4 1044/926/4 1339/1214/4
f 1044/926/4 1340/5/4 1046/5/4
f 1044/5/5 1346/1176/5 1339/5/5
f 1346/1176/5 1044/5/5 1042/906/5
f 1041/2/6 1340/3/6 1345/11/6
f 1340/3/6 1041/2/6 1046/1/6
f 1395/3/1 1394/2/1 1393/1/1
f 1394/3/1 1395/2/1 1396/1/1
f 1353/3/2 1395/2/2 1393/1/2
f 1395/3/2 1353/2/2 1355/1/2
f 1376/5/3 1394/5/3 1396/1215/3
f 1394/5/3 1376/5/3 1375/1216/3
f 1376/1199/4 1353/5/4 1375/5/4
f 1353/5/4 1376/1199/4 1355/1217/4
f 1353/1187/5 1394/5/5 1375/5/5
f 1394/5/5 1353/1187/5 1393/1218/5
f 1395/2/6 1376/3/6 1396/11/6
f 1376/3/6 1395/2/6 1355/1/6
f 1358/3/1 1377/2/1 1357/1/1
f 1377/3/1 1358/2/1 1378/1/1
f 1361/3/2 1358/2/2 1357/1/2
f 1358/3/2 1361/2/2 1363/1/2
f 1380/5/3 1377/5/3 1378/1219/3
f 1377/5/3 1380/5/3 1379/1220/3
f 1380/1201/4 1361/5/4 1379/5/4
f 1361/5/4 1380/1201/4 1363/1221/4
f 1361/1193/5 1377/1202/5 1379/5/5
f 1377/1202/5 1361/1193/5 1357/5/5
f 1358/2/6 1380/3/6 1378/11/6
f 1380/3/6 1358/2/6 1363/1/6
f 1399/3/1 1398/2/1 1397/1/1
f 1398/3/1 1399/2/1 1400/1/1
f 1401/3/2 1399/2/2 1397/1/2
f 1399/3/2 1401/2/2 1402/1/2
f 1403/5/3 1398/5/3 1400/1222/3
f 1398/5/3 1403/5/3 1404/1223/3
f 1403/5/4 1401/5/4 1404/1224/4
f 1401/5/4 1403/5/4 1402/1225/4
f 1401/5/5 1398/5/5 1404/1226/5
f 1398/5/5 1401/5/5 1397/1227/5
f 1399/2/6 1403/3/6 1400/11/6
f 1403/3/6 1399/2/6 1402/1/6
f 1407/3/1 1406/2/1 1405/1/1
f 1406/3/1 1407/2/1 1408/1/1
f 1409/3/2 1407/2/2 1405/1/2
f 1407/3/2 1409/2/2 1410/1/2
f 1411/5/3 1406/5/3 1408/1228/3
f 1406/5/3 1411/5/3 1412/1229/3
f 1411/5/4 1409/5/4 1412/1230/4
f 1409/5/4 1411/5/4 1410/1231/4
f 1409/5/5 1406/5/5 1412/1232/5
f 1406/5/5 1409/5/5 1405/1233/5
f 1407/2/6 1411/3/6 1408/11/6
f 1411/3/6 1407/2/6 1410/1/6
f 1415/3/1 1414/2/1 1413/1/1
f 1414/3/1 1415/2/1 1416/1/1
f 1067/3/2 1415/2/2 1413/1/2
f 1415/3/2 1067/2/2 1069/1/2
f 1070/928/3 1414/5/3 1416/1234/3
f 1414/5/3 1070/928/3 1068/5/3
f 1070/5/4 1067/5/4 1068/1235/4
f 1067/5/4 1070/5/4 1069/1236/4
f 1067/933/5 1414/5/5 1068/5/5
f 1414/5/5 1067/933/5 1413/1237/5
f 1415/2/6 1070/3/6 1416/11/6
f 1070/3/6 1415/2/6 1069/1/6
f 1080/3/1 1082/2/1 1079/1/1
f 1082/3/1 1080/2/1 1081/1/1
f 1417/3/2 1080/2/2 1079/1/2
f 1080/3/2 1417/2/2 1418/1/2
f 1419/5/3 1082/935/3 1081/5/3
f 1082/935/3 1419/5/3 1420/1238/3
f 1419/5/4 1417/5/4 1420/1239/4
f 1417/5/4 1419/5/4 1418/1240/4
f 1417/5/5 1082/938/5 1420/1241/5
f 1082/938/5 1417/5/5 1079/5/5
f 1080/2/6 1419/3/6 1081/11/6
f 1419/3/6 1080/2/6 1418/1/6
f 1073/3/1 1421/2/1 1074/1/1
f 1421/3/1 1073/2/1 1422/1/1
f 1076/3/2 1073/2/2 1074/1/2
f 1073/3/2 1076/2/2 1078/1/2
f 1423/5/3 1421/5/3 1422/1242/3
f 1421/5/3 1423/5/3 1424/1243/3
f 1423/5/4 1076/5/4 1424/1244/4
f 1076/5/4 1423/5/4 1078/1245/4
f 1076/5/5 1421/5/5 1424/1246/5
f 1421/5/5 1076/5/5 1074/932/5
f 1073/2/6 1423/3/6 1422/11/6
f 1423/3/6 1073/2/6 1078/1/6

usemtl color27

f 1206/3/1 1425/2/1 1204/1/1
f 1425/3/1 1206/2/1 1426/1/1
f 1210/3/2 1206/2/2 1204/1/2
f 1206/3/2 1210/2/2 1209/1/2
f 1427/5/3 1425/5/3 1426/1247/3
f 1425/5/3 1427/5/3 1428/1248/3
f 1427/5/4 1210/1048/4 1428/1249/4
f 1210/1048/4 1427/5/4 1209/5/4
f 1210/1050/5 1425/5/5 1428/1250/5
f 1425/5/5 1210/1050/5 1204/5/5
f 1206/2/6 1427/3/6 1426/11/6
f 1427/3/6 1206/2/6 1209/1/6
f 1431/3/1 1430/2/1 1429/1/1
f 1430/3/1 1431/2/1 1432/1/1
f 1095/3/2 1431/2/2 1429/1/2
f 1431/3/2 1095/2/2 1097/1/2
f 1098/950/3 1430/5/3 1432/1251/3
f 1430/5/3 1098/950/3 1096/5/3
f 1098/5/4 1095/5/4 1096/1252/4
f 1095/5/4 1098/5/4 1097/1253/4
f 1095/955/5 1430/5/5 1096/5/5
f 1430/5/5 1095/955/5 1429/1254/5
f 1431/2/6 1098/3/6 1432/11/6
f 1098/3/6 1431/2/6 1097/1/6
f 1100/3/1 1102/2/1 1099/1/1
f 1102/3/1 1100/2/1 1101/1/1
f 1103/3/2 1100/2/2 1099/1/2
f 1100/3/2 1103/2/2 1105/1/2
f 1106/956/3 1102/951/3 1101/5/3
f 1102/951/3 1106/956/3 1104/5/3
f 1106/5/4 1103/5/4 1104/1255/4
f 1103/5/4 1106/5/4 1105/1256/4
f 1103/961/5 1102/954/5 1104/5/5
f 1102/954/5 1103/961/5 1099/5/5
f 1100/2/6 1106/3/6 1101/11/6
f 1106/3/6 1100/2/6 1105/1/6
f 1108/3/1 1110/2/1 1107/1/1
f 1110/3/1 1108/2/1 1109/1/1
f 1111/3/2 1108/2/2 1107/1/2
f 1108/3/2 1111/2/2 1113/1/2
f 1114/962/3 1110/957/3 1109/5/3
f 1110/957/3 1114/962/3 1112/5/3
f 1114/5/4 1111/5/4 1112/1257/4
f 1111/5/4 1114/5/4 1113/1258/4
f 1111/967/5 1110/960/5 1112/5/5
f 1110/960/5 1111/967/5 1107/5/5
f 1108/2/6 1114/3/6 1109/11/6
f 1114/3/6 1108/2/6 1113/1/6
f 1116/3/1 1118/2/1 1115/1/1
f 1118/3/1 1116/2/1 1117/1/1
f 1119/3/2 1116/2/2 1115/1/2
f 1116/3/2 1119/2/2 1121/1/2
f 1122/968/3 1118/963/3 1117/5/3
f 1118/963/3 1122/968/3 1120/5/3
f 1122/5/4 1119/5/4 1120/1259/4
f 1119/5/4 1122/5/4 1121/1260/4
f 1119/973/5 1118/966/5 1120/5/5
f 1118/966/5 1119/973/5 1115/5/5
f 1116/2/6 1122/3/6 1117/11/6
f 1122/3/6 1116/2/6 1121/1/6
f 1435/3/1 1434/2/1 1433/1/1
f 1434/3/1 1435/2/1 1436/1/1
f 771/3/2 1435/2/2 1433/1/2
f 1435/3/2 771/2/2 773/1/2
f 774/654/3 1434/5/3 1436/1261/3
f 1434/5/3 774/654/3 772/5/3
f 774/5/4 771/5/4 772/1262/4
f 771/5/4 774/5/4 773/1263/4
f 771/659/5 1434/5/5 772/5/5
f 1434/5/5 771/659/5 1433/1264/5
f 1435/2/6 774/3/6 1436/11/6
f 774/3/6 1435/2/6 773/1/6
f 776/3/1 778/2/1 775/1/1
f 778/3/1 776/2/1 777/1/1
f 779/3/2 776/2/2 775/1/2
f 776/3/2 779/2/2 781/1/2
f 782/660/3 778/655/3 777/5/3
f 778/655/3 782/660/3 780/5/3
f 782/5/4 779/5/4 780/1265/4
f 779/5/4 782/5/4 781/1266/4
f 779/665/5 778/658/5 780/5/5
f 778/658/5 779/665/5 775/5/5
f 776/2/6 782/3/6 777/11/6
f 782/3/6 776/2/6 781/1/6
f 784/3/1 786/2/1 783/1/1
f 786/3/1 784/2/1 785/1/1
f 787/3/2 784/2/2 783/1/2
f 784/3/2 787/2/2 789/1/2
f 790/666/3 786/661/3 785/5/3
f 786/661/3 790/666/3 788/5/3
f 790/5/4 787/5/4 788/1267/4
f 787/5/4 790/5/4 789/1268/4
f 787/671/5 786/664/5 788/5/5
f 786/664/5 787/671/5 783/5/5
f 784/2/6 790/3/6 785/11/6
f 790/3/6 784/2/6 789/1/6
f 1138/3/1 1437/2/1 1136/1/1
f 1437/3/1 1138/2/1 1438/1/1
f 1140/3/2 1138/2/2 1136/1/2
f 1138/3/2 1140/2/2 1139/1/2
f 646/548/3 1437/5/3 1438/1269/3
f 1437/5/3 646/548/3 644/5/3
f 646/5/4 1140/984/4 644/1270/4
f 1140/984/4 646/5/4 1139/5/4
f 1140/986/5 1437/5/5 644/5/5
f 1437/5/5 1140/986/5 1136/5/5
f 1138/2/6 646/3/6 1438/11/6
f 646/3/6 1138/2/6 1139/1/6
f 1142/3/1 650/2/1 1141/1/1
f 650/3/1 1142/2/1 649/1/1
f 1144/3/2 1142/2/2 1141/1/2
f 1142/3/2 1144/2/2 1143/1/2
f 654/554/3 650/549/3 649/5/3
f 650/549/3 654/554/3 652/5/3
f 654/5/4 1144/990/4 652/1271/4
f 1144/990/4 654/5/4 1143/5/4
f 1144/992/5 650/552/5 652/5/5
f 650/552/5 1144/992/5 1141/5/5
f 1142/2/6 654/3/6 649/11/6
f 654/3/6 1142/2/6 1143/1/6
f 1146/3/1 658/2/1 1145/1/1
f 658/3/1 1146/2/1 657/1/1
f 1148/3/2 1146/2/2 1145/1/2
f 1146/3/2 1148/2/2 1147/1/2
f 662/560/3 658/555/3 657/5/3
f 658/555/3 662/560/3 660/5/3
f 662/5/4 1148/995/4 660/1272/4
f 1148/995/4 662/5/4 1147/5/4
f 1148/997/5 658/558/5 660/5/5
f 658/558/5 1148/997/5 1145/5/5
f 1146/2/6 662/3/6 657/11/6
f 662/3/6 1146/2/6 1147/1/6

usemtl color17

f 1441/3/1 1440/2/1 1439/1/1
f 1440/3/1 1441/2/1 1442/1/1
f 1060/3/2 1441/2/2 1439/1/2
f 1441/3/2 1060/2/2 1062/1/2
f 1348/1177/3 1440/5/3 1442/1273/3
f 1440/5/3 1348/1177/3 1347/5/3
f 1348/5/4 1060/5/4 1347/1274/4
f 1060/5/4 1348/5/4 1062/1275/4
f 1060/5/5 1440/5/5 1347/5/5
f 1440/5/5 1060/5/5 1439/1276/5
f 1441/2/6 1348/3/6 1442/11/6
f 1348/3/6 1441/2/6 1062/1/6
f 1445/3/1 1444/2/1 1443/1/1
f 1444/3/1 1445/2/1 1446/1/1
f 1229/3/2 1445/2/2 1443/1/2
f 1445/3/2 1229/2/2 1231/1/2
f 1447/5/3 1444/5/3 1446/1277/3
f 1444/5/3 1447/5/3 1448/1278/3
f 1447/5/4 1229/5/4 1448/1279/4
f 1229/5/4 1447/5/4 1231/1280/4
f 1229/1071/5 1444/5/5 1448/1281/5
f 1444/5/5 1229/1071/5 1443/1282/5
f 1445/2/6 1447/3/6 1446/11/6
f 1447/3/6 1445/2/6 1231/1/6
f 1332/3/1 359/2/1 1330/1/1
f 359/3/1 1332/2/1 361/1/1
f 1444/3/2 1332/2/2 1330/1/2
f 1332/3/2 1444/2/2 1446/1/2
f 1449/5/3 359/5/3 361/1283/3
f 359/5/3 1449/5/3 1450/1284/3
f 1449/5/4 1444/5/4 1450/1285/4
f 1444/5/4 1449/5/4 1446/1286/4
f 1444/5/5 359/294/5 1450/1287/5
f 359/294/5 1444/5/5 1330/5/5
f 1332/2/6 1449/3/6 361/11/6
f 1449/3/6 1332/2/6 1446/1/6
f 1364/3/1 1451/2/1 1362/1/1
f 1451/3/1 1364/2/1 1452/1/1
f 359/3/2 1364/2/2 1362/1/2
f 1364/3/2 359/2/2 361/1/2
f 362/289/3 1451/5/3 1452/1288/3
f 1451/5/3 362/289/3 360/5/3
f 362/5/4 359/5/4 360/1289/4
f 359/5/4 362/5/4 361/1290/4
f 359/294/5 1451/5/5 360/5/5
f 1451/5/5 359/294/5 1362/5/5
f 1364/2/6 362/3/6 1452/11/6
f 362/3/6 1364/2/6 361/1/6
f 1390/3/1 1453/2/1 1389/1/1
f 1453/3/1 1390/2/1 1454/1/1
f 1451/3/2 1390/2/2 1389/1/2
f 1390/3/2 1451/2/2 1452/1/2
f 735/813/3 1453/5/3 1454/1291/3
f 1453/5/3 735/813/3 733/5/3
f 735/5/4 1451/5/4 733/1292/4
f 1451/5/4 735/5/4 1452/1293/4
f 1451/5/5 1453/5/5 733/627/5
f 1453/5/5 1451/5/5 1389/5/5
f 1390/2/6 735/3/6 1454/11/6
f 735/3/6 1390/2/6 1452/1/6

usemtl color26

f 1350/3/1 1352/2/1 1349/1/1
f 1352/3/1 1350/2/1 1351/1/1
f 1393/3/2 1350/2/2 1349/1/2
f 1350/3/2 1393/2/2 1395/1/2
f 1396/1215/3 1352/1178/3 1351/5/3
f 1352/1178/3 1396/1215/3 1394/5/3
f 1396/5/4 1393/5/4 1394/1294/4
f 1393/5/4 1396/5/4 1395/1295/4
f 1393/1218/5 1352/1181/5 1394/5/5
f 1352/1181/5 1393/1218/5 1349/5/5
f 1350/2/6 1396/3/6 1351/11/6
f 1396/3/6 1350/2/6 1395/1/6
f 1366/3/1 1381/2/1 1365/1/1
f 1381/3/1 1366/2/1 1382/1/1
f 1369/3/2 1366/2/2 1365/1/2
f 1366/3/2 1369/2/2 1371/1/2
f 1372/1194/3 1381/5/3 1382/1296/3
f 1381/5/3 1372/1194/3 1370/5/3
f 1372/1205/4 1369/5/4 1370/5/4
f 1369/5/4 1372/1205/4 1371/1297/4
f 1369/1196/5 1381/1207/5 1370/5/5
f 1381/1207/5 1369/1196/5 1365/5/5
f 1366/2/6 1372/3/6 1382/11/6
f 1372/3/6 1366/2/6 1371/1/6
f 1402/3/1 1404/2/1 1401/1/1
f 1404/3/1 1402/2/1 1403/1/1
f 1405/3/2 1402/2/2 1401/1/2
f 1402/3/2 1405/2/2 1407/1/2
f 1408/1228/3 1404/1223/3 1403/5/3
f 1404/1223/3 1408/1228/3 1406/5/3
f 1408/5/4 1405/5/4 1406/1298/4
f 1405/5/4 1408/5/4 1407/1299/4
f 1405/1233/5 1404/1226/5 1406/5/5
f 1404/1226/5 1405/1233/5 1401/5/5
f 1402/2/6 1408/3/6 1403/11/6
f 1408/3/6 1402/2/6 1407/1/6

usemtl color21

f 1344/3/1 1334/2/1 1343/1/1
f 1334/3/1 1344/2/1 1333/1/1
f 1443/3/2 1344/2/2 1343/1/2
f 1344/3/2 1443/2/2 1445/1/2
f 1446/1277/3 1334/1161/3 1333/5/3
f 1334/1161/3 1446/1277/3 1444/5/3
f 1446/1286/4 1443/5/4 1444/5/4
f 1443/5/4 1446/1286/4 1445/1300/4
f 1443/1282/5 1334/1164/5 1444/5/5
f 1334/1164/5 1443/1282/5 1343/5/5
f 1344/2/6 1446/3/6 1333/11/6
f 1446/3/6 1344/2/6 1445/1/6
f 1348/3/1 1455/2/1 1347/1/1
f 1455/3/1 1348/2/1 1456/1/1
f 1352/3/2 1348/2/2 1347/1/2
f 1348/3/2 1352/2/2 1351/1/2
f 1374/1197/3 1455/5/3 1456/1301/3
f 1455/5/3 1374/1197/3 1373/5/3
f 1374/5/4 1352/1179/4 1373/1302/4
f 1352/1179/4 1374/5/4 1351/5/4
f 1352/1181/5 1455/5/5 1373/5/5
f 1455/5/5 1352/1181/5 1347/5/5
f 1348/2/6 1374/3/6 1456/11/6
f 1374/3/6 1348/2/6 1351/1/6
f 1372/3/1 1384/2/1 1370/1/1
f 1384/3/1 1372/2/1 1383/1/1
f 1330/3/2 1372/2/2 1370/1/2
f 1372/3/2 1330/2/2 1332/1/2
f 361/1283/3 1384/1203/3 1383/5/3
f 1384/1203/3 361/1283/3 359/5/3
f 361/1290/4 1330/1195/4 359/5/4
f 1330/1195/4 361/1290/4 1332/5/4
f 1330/5/5 1384/1206/5 359/294/5
f 1384/1206/5 1330/5/5 1370/5/5
f 1372/2/6 361/3/6 1383/11/6
f 361/3/6 1372/2/6 1332/1/6
f 1374/3/1 1457/2/1 1373/1/1
f 1457/3/1 1374/2/1 1458/1/1
f 1459/3/2 1374/2/2 1373/1/2
f 1374/3/2 1459/2/2 1460/1/2
f 1461/5/3 1457/5/3 1458/1303/3
f 1457/5/3 1461/5/3 1462/1304/3
f 1461/5/4 1459/5/4 1462/1305/4
f 1459/5/4 1461/5/4 1460/1306/4
f 1459/5/5 1457/5/5 1462/1307/5
f 1457/5/5 1459/5/5 1373/5/5
f 1374/2/6 1461/3/6 1458/11/6
f 1461/3/6 1374/2/6 1460/1/6
f 1461/3/1 1463/2/1 1462/1/1
f 1463/3/1 1461/2/1 1464/1/1
f 1385/3/2 1461/2/2 1462/1/2
f 1461/3/2 1385/2/2 1387/1/2
f 1388/1208/3 1463/5/3 1464/1308/3
f 1463/5/3 1388/1208/3 1386/5/3
f 1388/5/4 1385/5/4 1386/1309/4
f 1385/5/4 1388/5/4 1387/1310/4
f 1385/1213/5 1463/5/5 1386/5/5
f 1463/5/5 1385/1213/5 1462/1307/5
f 1461/2/6 1388/3/6 1464/11/6
f 1388/3/6 1461/2/6 1387/1/6
f 1388/3/1 1465/2/1 1386/1/1
f 1465/3/1 1388/2/1 1466/1/1
f 1392/3/2 1388/2/2 1386/1/2
f 1388/3/2 1392/2/2 1391/1/2
f 1467/5/3 1465/5/3 1466/1311/3
f 1465/5/3 1467/5/3 1468/1312/3
f 1467/5/4 1392/1210/4 1468/1313/4
f 1392/1210/4 1467/5/4 1391/5/4
f 1392/1212/5 1465/5/5 1468/1314/5
f 1465/5/5 1392/1212/5 1386/5/5
f 1388/2/6 1467/3/6 1466/11/6
f 1467/3/6 1388/2/6 1391/1/6

usemtl color29

f 356/3/1 358/2/1 355/1/1
f 358/3/1 356/2/1 357/1/1
f 1469/3/2 356/2/2 355/1/2
f 356/3/2 1469/2/2 1470/1/2
f 1471/5/3 358/284/3 357/5/3
f 358/284/3 1471/5/3 1472/1315/3
f 1471/5/4 1469/5/4 1472/1316/4
f 1469/5/4 1471/5/4 1470/1317/4
f 1469/5/5 358/287/5 1472/1318/5
f 358/287/5 1469/5/5 355/5/5
f 356/2/6 1471/3/6 357/11/6
f 1471/3/6 356/2/6 1470/1/6
f 1475/3/1 1474/2/1 1473/1/1
f 1474/3/1 1475/2/1 1476/1/1
f 1477/3/2 1475/2/2 1473/1/2
f 1475/3/2 1477/2/2 1478/1/2
f 369/5/3 1474/5/3 1476/1319/3
f 1474/5/3 369/5/3 367/1320/3
f 369/5/4 1477/5/4 367/1321/4
f 1477/5/4 369/5/4 1478/1322/4
f 1477/5/5 1474/5/5 367/300/5
f 1474/5/5 1477/5/5 1473/1323/5
f 1475/2/6 369/3/6 1476/11/6
f 369/3/6 1475/2/6 1478/1/6

usemtl color30

f 1470/3/1 1472/2/1 1469/1/1
f 1472/3/1 1470/2/1 1471/1/1
f 1473/3/2 1470/2/2 1469/1/2
f 1470/3/2 1473/2/2 1475/1/2
f 1476/1319/3 1472/1315/3 1471/5/3
f 1472/1315/3 1476/1319/3 1474/5/3
f 1476/5/4 1473/5/4 1474/1324/4
f 1473/5/4 1476/5/4 1475/1325/4
f 1473/1323/5 1472/1318/5 1474/5/5
f 1472/1318/5 1473/1323/5 1469/5/5
f 1470/2/6 1476/3/6 1471/11/6
f 1476/3/6 1470/2/6 1475/1/6

usemtl color18

f 1481/3/1 1480/2/1 1479/1/1
f 1480/3/1 1481/2/1 1482/1/1
f 456/3/2 1481/2/2 1479/1/2
f 1481/3/2 456/2/2 458/1/2
f 1483/5/3 1480/5/3 1482/1326/3
f 1480/5/3 1483/5/3 1484/1327/3
f 1483/5/4 456/5/4 1484/1328/4
f 456/5/4 1483/5/4 458/1329/4
f 456/5/5 1480/5/5 1484/1330/5
f 1480/5/5 456/5/5 1479/1331/5
f 1481/2/6 1483/3/6 1482/11/6
f 1483/3/6 1481/2/6 458/1/6
f 1486/3/1 377/2/1 1485/1/1
f 377/3/1 1486/2/1 378/1/1
f 360/3/2 1486/2/2 1485/1/2
f 1486/3/2 360/2/2 362/1/2
f 1487/5/3 377/5/3 378/1332/3
f 377/5/3 1487/5/3 1488/1333/3
f 1487/5/4 360/1289/4 1488/1334/4
f 360/1289/4 1487/5/4 362/5/4
f 360/5/5 377/5/5 1488/1335/5
f 377/5/5 360/5/5 1485/1336/5
f 1486/2/6 1487/3/6 378/11/6
f 1487/3/6 1486/2/6 362/1/6
f 1491/3/1 1490/2/1 1489/1/1
f 1490/3/1 1491/2/1 1492/1/1
f 460/3/2 1491/2/2 1489/1/2
f 1491/3/2 460/2/2 462/1/2
f 934/800/3 1490/5/3 1492/1337/3
f 1490/5/3 934/800/3 933/5/3
f 934/5/4 460/5/4 933/1338/4
f 460/5/4 934/5/4 462/1339/4
f 460/5/5 1490/5/5 933/5/5
f 1490/5/5 460/5/5 1489/1340/5
f 1491/2/6 934/3/6 1492/11/6
f 934/3/6 1491/2/6 462/1/6
f 1494/3/1 393/2/1 1493/1/1
f 393/3/1 1494/2/1 394/1/1
f 382/3/2 1494/2/2 1493/1/2
f 1494/3/2 382/2/2 384/1/2
f 1495/5/3 393/5/3 394/1341/3
f 393/5/3 1495/5/3 1496/1342/3
f 1495/5/4 382/5/4 1496/1343/4
f 382/5/4 1495/5/4 384/1344/4
f 382/5/5 393/5/5 1496/1345/5
f 393/5/5 382/5/5 1493/1346/5
f 1494/2/6 1495/3/6 394/11/6
f 1495/3/6 1494/2/6 384/1/6

usemtl color9

f 1498/3/1 1011/2/1 1497/1/1
f 1011/3/1 1498/2/1 1012/1/1
f 196/3/2 1498/2/2 1497/1/2
f 1498/3/2 196/2/2 198/1/2
f 539/5/3 1011/5/3 1012/1347/3
f 1011/5/3 539/5/3 537/1348/3
f 539/5/4 196/5/4 537/1349/4
f 196/5/4 539/5/4 198/1350/4
f 196/5/5 1011/5/5 537/456/5
f 1011/5/5 196/5/5 1497/1351/5
f 1498/2/6 539/3/6 1012/11/6
f 539/3/6 1498/2/6 198/1/6
f 1500/3/1 1183/2/1 1499/1/1
f 1183/3/1 1500/2/1 1184/1/1
f 1150/3/2 1500/2/2 1499/1/2
f 1500/3/2 1150/2/2 1152/1/2
f 1501/5/3 1183/5/3 1184/1352/3
f 1183/5/3 1501/5/3 1502/1353/3
f 1501/5/4 1150/5/4 1502/1354/4
f 1150/5/4 1501/5/4 1152/1355/4
f 1150/5/5 1183/5/5 1502/1356/5
f 1183/5/5 1150/5/5 1499/1357/5
f 1500/2/6 1501/3/6 1184/11/6
f 1501/3/6 1500/2/6 1152/1/6
f 1505/3/1 1504/2/1 1503/1/1
f 1504/3/1 1505/2/1 1506/1/1
f 1507/3/2 1505/2/2 1503/1/2
f 1505/3/2 1507/2/2 1508/1/2
f 1509/5/3 1504/5/3 1506/1358/3
f 1504/5/3 1509/5/3 1510/1359/3
f 1509/5/4 1507/5/4 1510/1360/4
f 1507/5/4 1509/5/4 1508/1361/4
f 1507/5/5 1504/5/5 1510/1362/5
f 1504/5/5 1507/5/5 1503/1363/5
f 1505/2/6 1509/3/6 1506/11/6
f 1509/3/6 1505/2/6 1508/1/6
f 1513/3/1 1512/2/1 1511/1/1
f 1512/3/1 1513/2/1 1514/1/1
f 1515/3/2 1513/2/2 1511/1/2
f 1513/3/2 1515/2/2 1516/1/2
f 1517/5/3 1512/5/3 1514/1364/3
f 1512/5/3 1517/5/3 1518/1365/3
f 1517/5/4 1515/5/4 1518/1366/4
f 1515/5/4 1517/5/4 1516/1367/4
f 1515/5/5 1512/5/5 1518/1368/5
f 1512/5/5 1515/5/5 1511/1369/5
f 1513/2/6 1517/3/6 1514/11/6
f 1517/3/6 1513/2/6 1516/1/6
f 1521/3/1 1520/2/1 1519/1/1
f 1520/3/1 1521/2/1 1522/1/1
f 1523/3/2 1521/2/2 1519/1/2
f 1521/3/2 1523/2/2 1524/1/2
f 1525/5/3 1520/5/3 1522/1370/3
f 1520/5/3 1525/5/3 1526/1371/3
f 1525/5/4 1523/5/4 1526/1372/4
f 1523/5/4 1525/5/4 1524/1373/4
f 1523/5/5 1520/5/5 1526/1374/5
f 1520/5/5 1523/5/5 1519/1375/5
f 1521/2/6 1525/3/6 1522/11/6
f 1525/3/6 1521/2/6 1524/1/6
f 1529/3/1 1528/2/1 1527/1/1
f 1528/3/1 1529/2/1 1530/1/1
f 1531/3/2 1529/2/2 1527/1/2
f 1529/3/2 1531/2/2 1532/1/2
f 1533/5/3 1528/5/3 1530/1376/3
f 1528/5/3 1533/5/3 1534/1377/3
f 1533/5/4 1531/5/4 1534/1378/4
f 1531/5/4 1533/5/4 1532/1379/4
f 1531/5/5 1528/5/5 1534/1380/5
f 1528/5/5 1531/5/5 1527/1381/5
f 1529/2/6 1533/3/6 1530/11/6
f 1533/3/6 1529/2/6 1532/1/6
f 1537/3/1 1536/2/1 1535/1/1
f 1536/3/1 1537/2/1 1538/1/1
f 1539/3/2 1537/2/2 1535/1/2
f 1537/3/2 1539/2/2 1540/1/2
f 1541/5/3 1536/5/3 1538/1382/3
f 1536/5/3 1541/5/3 1542/1383/3
f 1541/5/4 1539/5/4 1542/1384/4
f 1539/5/4 1541/5/4 1540/1385/4
f 1539/5/5 1536/5/5 1542/1386/5
f 1536/5/5 1539/5/5 1535/1387/5
f 1537/2/6 1541/3/6 1538/11/6
f 1541/3/6 1537/2/6 1540/1/6
f 1545/3/1 1544/2/1 1543/1/1
f 1544/3/1 1545/2/1 1546/1/1
f 1547/3/2 1545/2/2 1543/1/2
f 1545/3/2 1547/2/2 1548/1/2
f 1549/5/3 1544/5/3 1546/1388/3
f 1544/5/3 1549/5/3 1550/1389/3
f 1549/5/4 1547/5/4 1550/1390/4
f 1547/5/4 1549/5/4 1548/1391/4
f 1547/5/5 1544/5/5 1550/1392/5
f 1544/5/5 1547/5/5 1543/1393/5
f 1545/2/6 1549/3/6 1546/11/6
f 1549/3/6 1545/2/6 1548/1/6

usemtl color2

f 198/3/1 537/2/1 196/1/1
f 537/3/1 198/2/1 539/1/1
f 202/3/2 198/2/2 196/1/2
f 198/3/2 202/2/2 201/1/2
f 244/194/3 537/1348/3 539/5/3
f 537/1348/3 244/194/3 243/5/3
f 244/454/4 202/160/4 243/5/4
f 202/160/4 244/454/4 201/5/4
f 202/162/5 537/456/5 243/5/5
f 537/456/5 202/162/5 196/5/5
f 198/2/6 244/3/6 539/11/6
f 244/3/6 198/2/6 201/1/6
f 1012/3/1 1014/2/1 1011/1/1
f 1014/3/1 1012/2/1 1013/1/1
f 537/3/2 1012/2/2 1011/1/2
f 1012/3/2 537/2/2 539/1/2
f 540/451/3 1014/879/3 1013/5/3
f 1014/879/3 540/451/3 538/5/3
f 540/887/4 537/1349/4 538/5/4
f 537/1349/4 540/887/4 539/5/4
f 537/456/5 1014/882/5 538/5/5
f 1014/882/5 537/456/5 1011/5/5
f 1012/2/6 540/3/6 1013/11/6
f 540/3/6 1012/2/6 539/1/6
f 1553/3/1 1552/2/1 1551/1/1
f 1552/3/1 1553/2/1 1554/1/1
f 936/3/2 1553/2/2 1551/1/2
f 1553/3/2 936/2/2 938/1/2
f 1555/5/3 1552/5/3 1554/1394/3
f 1552/5/3 1555/5/3 1556/1395/3
f 1555/5/4 936/5/4 1556/1396/4
f 936/5/4 1555/5/4 938/1397/4
f 936/5/5 1552/5/5 1556/1398/5
f 1552/5/5 936/5/5 1551/1399/5
f 1553/2/6 1555/3/6 1554/11/6
f 1555/3/6 1553/2/6 938/1/6
f 1010/3/1 1162/2/1 1008/1/1
f 1162/3/1 1010/2/1 1161/1/1
f 1014/3/2 1010/2/2 1008/1/2
f 1010/3/2 1014/2/2 1013/1/2
f 1016/884/3 1162/1006/3 1161/5/3
f 1162/1006/3 1016/884/3 1015/5/3
f 1016/1024/4 1014/880/4 1015/5/4
f 1014/880/4 1016/1024/4 1013/5/4
f 1014/882/5 1162/1009/5 1015/5/5
f 1162/1009/5 1014/882/5 1008/5/5
f 1010/2/6 1016/3/6 1161/11/6
f 1016/3/6 1010/2/6 1013/1/6
f 1160/3/1 1557/2/1 1158/1/1
f 1557/3/1 1160/2/1 1558/1/1
f 1162/3/2 1160/2/2 1158/1/2
f 1160/3/2 1162/2/2 1161/1/2
f 1176/1021/3 1557/5/3 1558/1400/3
f 1557/5/3 1176/1021/3 1175/5/3
f 1176/5/4 1162/1007/4 1175/1401/4
f 1162/1007/4 1176/5/4 1161/5/4
f 1162/1009/5 1557/5/5 1175/5/5
f 1557/5/5 1162/1009/5 1158/5/5
f 1160/2/6 1176/3/6 1558/11/6
f 1176/3/6 1160/2/6 1161/1/6
f 1561/3/1 1560/2/1 1559/1/1
f 1560/3/1 1561/2/1 1562/1/1
f 964/3/2 1561/2/2 1559/1/2
f 1561/3/2 964/2/2 966/1/2
f 1563/5/3 1560/5/3 1562/1402/3
f 1560/5/3 1563/5/3 1564/1403/3
f 1563/5/4 964/5/4 1564/1404/4
f 964/5/4 1563/5/4 966/1405/4
f 964/5/5 1560/5/5 1564/1406/5
f 1560/5/5 964/5/5 1559/1407/5
f 1561/2/6 1563/3/6 1562/11/6
f 1563/3/6 1561/2/6 966/1/6

usemtl color22

f 1567/3/1 1566/2/1 1565/1/1
f 1566/3/1 1567/2/1 1568/1/1
f 1569/3/2 1567/2/2 1565/1/2
f 1567/3/2 1569/2/2 1570/1/2
f 1571/5/3 1566/5/3 1568/1408/3
f 1566/5/3 1571/5/3 1572/1409/3
f 1571/5/4 1569/5/4 1572/1410/4
f 1569/5/4 1571/5/4 1570/1411/4
f 1569/5/5 1566/5/5 1572/1412/5
f 1566/5/5 1569/5/5 1565/1413/5
f 1567/2/6 1571/3/6 1568/11/6
f 1571/3/6 1567/2/6 1570/1/6

usemtl color12

f 958/3/1 1000/2/1 956/1/1
f 1000/3/1 958/2/1 999/1/1
f 962/3/2 958/2/2 956/1/2
f 958/3/2 962/2/2 961/1/2
f 1573/5/3 1000/864/3 999/5/3
f 1000/864/3 1573/5/3 1574/1414/3
f 1573/5/4 962/825/4 1574/1415/4
f 962/825/4 1573/5/4 961/5/4
f 962/827/5 1000/867/5 1574/1416/5
f 1000/867/5 962/827/5 956/5/5
f 958/2/6 1573/3/6 999/11/6
f 1573/3/6 958/2/6 961/1/6

