# Created by Kenney (www.kenney.nl)

mtllib Cannon Q6O Sassee.mtl

v 9 9 -3.3
v 9 8 -3.3
v 9 9 3.3
v 9 8 3.3
v 8 9 -3.3
v 8 9 3.3
v 8 8 3.3
v 8 8 -3.3
v 7 8 -1.65
v 7 7 -1.65
v 7 8 1.65
v 7 7 1.65
v 6 8 -1.65
v 6 8 1.65
v 6 7 1.65
v 6 7 -1.65
v 20 7 -1.1
v 20 6 -1.1
v 20 7 1.1
v 20 6 1.1
v 19 7 -1.1
v 19 7 1.1
v 19 6 1.1
v 19 6 -1.1
v 6 7 -1.1
v 6 6 -1.1
v 6 7 1.1
v 6 6 1.1
v 5 7 -1.1
v 5 7 1.1
v 5 6 1.1
v 5 6 -1.1
v 0 7 -1.1
v 0 6 -1.1
v 0 7 1.1
v 0 6 1.1
v -2 7 -1.1
v -2 7 1.1
v -2 6 1.1
v -2 6 -1.1
v -3 7 -1.1
v -3 6 -1.1
v -3 7 1.1
v -3 6 1.1
v -4 7 -1.1
v -4 7 1.1
v -4 6 1.1
v -4 6 -1.1
v 21 6 -1.1
v 21 5 -1.1
v 21 6 1.1
v 21 5 1.1
v 20 5 1.1
v 20 5 -1.1
v 18 6 -0.55
v 18 5 -0.55
v 18 6 0.55
v 18 5 0.55
v 17 6 -0.55
v 17 6 0.55
v 17 5 0.55
v 17 5 -0.55
v 5 5 -1.1
v 5 5 1.1
v 4 6 -1.1
v 4 6 1.1
v 4 5 1.1
v 4 5 -1.1
v 2 6 -1.65
v 2 5 -1.65
v 2 6 1.65
v 2 5 1.65
v 1 6 -1.65
v 1 6 1.65
v 1 5 1.65
v 1 5 -1.65
v 17 3 -0.55
v 17 3 0.55
v 16 5 -0.55
v 16 5 0.55
v 16 3 0.55
v 16 3 -0.55
v 22 4 -0.55
v 22 3 -0.55
v 22 4 0.55
v 22 3 0.55
v 21 4 -0.55
v 21 4 0.55
v 21 3 0.55
v 21 3 -0.55
v 7 4 -1.65
v 7 3 -1.65
v 7 4 1.65
v 7 3 1.65
v 6 4 -1.65
v 6 4 1.65
v 6 3 1.65
v 6 3 -1.65
v 17 3 -1.65
v 17 2 -1.65
v 17 3 1.65
v 17 2 1.65
v 16 3 -1.65
v 16 3 1.65
v 16 2 1.65
v 16 2 -1.65
v 16 3 -2.2
v 16 2 -2.2
v 16 3 2.2
v 16 2 2.2
v 15 3 -2.2
v 15 3 2.2
v 15 2 2.2
v 15 2 -2.2
v 14 3 -2.2
v 14 2 -2.2
v 14 3 2.2
v 14 2 2.2
v 13 3 -2.2
v 13 3 2.2
v 13 2 2.2
v 13 2 -2.2
v 12 3 -2.2
v 12 2 -2.2
v 12 3 2.2
v 12 2 2.2
v 11 3 -2.2
v 11 3 2.2
v 11 2 2.2
v 11 2 -2.2
v 10 3 -2.2
v 10 1 -2.2
v 10 3 2.2
v 10 1 2.2
v 9 3 -2.2
v 9 3 2.2
v 9 1 2.2
v 9 1 -2.2
v 8 3 -2.2
v 8 2 -2.2
v 8 3 2.2
v 8 2 2.2
v 7 3 -2.2
v 7 3 2.2
v 7 2 2.2
v 7 2 -2.2
v 4 3 -2.2
v 4 1 -2.2
v 4 3 2.2
v 4 1 2.2
v 3 3 -2.2
v 3 3 2.2
v 3 1 2.2
v 3 1 -2.2
v 2 3 -1.65
v 2 2 -1.65
v 2 3 1.65
v 2 2 1.65
v -1 3 -1.65
v -1 3 1.65
v -1 2 1.65
v -1 2 -1.65
v 22 2 -0.55
v 22 1 -0.55
v 22 2 0.55
v 22 1 0.55
v 20 2 -0.55
v 20 2 0.55
v 20 1 0.55
v 20 1 -0.55
v 18 2 -1.65
v 18 1 -1.65
v 18 2 1.65
v 18 1 1.65
v 17 1 1.65
v 17 1 -1.65
v 17 2 -2.2
v 17 1 -2.2
v 17 2 2.2
v 17 1 2.2
v 16 1 2.2
v 16 1 -2.2
v 15 1 -2.2
v 15 1 2.2
v 14 1 2.2
v 14 1 -2.2
v 13 1 -2.2
v 13 1 2.2
v 12 1 2.2
v 12 1 -2.2
v 11 1 -2.2
v 11 1 2.2
v 10 2 -2.2
v 10 2 2.2
v 5 2 -2.2
v 5 1 -2.2
v 5 2 2.2
v 5 1 2.2
v 4 2 -2.2
v 4 2 2.2
v 2 2 -2.2
v 2 1 -2.2
v 2 2 2.2
v 2 1 2.2
v 1 2 -2.2
v 1 2 2.2
v 1 1 2.2
v 1 1 -2.2
v -4 2 -1.1
v -4 1 -1.1
v -4 2 1.1
v -4 1 1.1
v -9 2 -1.1
v -9 2 1.1
v -9 1 1.1
v -9 1 -1.1
v -11 2 -1.1
v -11 1 -1.1
v -11 2 1.1
v -11 1 1.1
v -12 2 -1.1
v -12 2 1.1
v -12 1 1.1
v -12 1 -1.1
v 23 1 -1.65
v 23 0 -1.65
v 23 1 1.65
v 23 0 1.65
v 20 1 -1.65
v 20 1 1.65
v 20 0 1.65
v 20 0 -1.65
v 19 1 -1.65
v 19 0 -1.65
v 19 1 1.65
v 19 0 1.65
v 18 0 1.65
v 18 0 -1.65
v 27 0 -1.1
v 27 -1 -1.1
v 27 0 1.1
v 27 -1 1.1
v 26 0 -1.1
v 26 0 1.1
v 26 -1 1.1
v 26 -1 -1.1
v 11 0 -3.3
v 11 -1 -3.3
v 11 0 3.3
v 11 -1 3.3
v 10 0 -3.3
v 10 0 3.3
v 10 -1 3.3
v 10 -1 -3.3
v 4 0 -3.3
v 4 -1 -3.3
v 4 0 3.3
v 4 -1 3.3
v 3 0 -3.3
v 3 0 3.3
v 3 -1 3.3
v 3 -1 -3.3
v 27 -1 -1.65
v 27 -2 -1.65
v 27 -1 1.65
v 27 -2 1.65
v 26 -1 -1.65
v 26 -1 1.65
v 26 -2 1.65
v 26 -2 -1.65
v 22 -1 -2.2
v 22 -2 -2.2
v 22 -1 2.2
v 22 -2 2.2
v 21 -1 -2.2
v 21 -1 2.2
v 21 -2 2.2
v 21 -2 -2.2
v 20 -1 -2.2
v 20 -2 -2.2
v 20 -1 2.2
v 20 -2 2.2
v 19 -1 -2.2
v 19 -1 2.2
v 19 -2 2.2
v 19 -2 -2.2
v 18 -1 -2.2
v 18 -2 -2.2
v 18 -1 2.2
v 18 -2 2.2
v 14 -1 -2.2
v 14 -1 2.2
v 14 -2 2.2
v 14 -2 -2.2
v 21 -3 -2.2
v 21 -3 2.2
v 20 -3 2.2
v 20 -3 -2.2
v 19 -3 -2.2
v 19 -3 2.2
v 18 -3 2.2
v 18 -3 -2.2
v 11 -2 -3.3
v 11 -3 -3.3
v 11 -2 3.3
v 11 -3 3.3
v 10 -2 -3.3
v 10 -2 3.3
v 10 -3 3.3
v 10 -3 -3.3
v 9 -2 -3.3
v 9 -4 -3.3
v 9 -2 3.3
v 9 -4 3.3
v 5 -2 -3.3
v 5 -2 3.3
v 5 -4 3.3
v 5 -4 -3.3
v 4 -2 -3.3
v 4 -3 -3.3
v 4 -2 3.3
v 4 -3 3.3
v 3 -2 -3.3
v 3 -2 3.3
v 3 -3 3.3
v 3 -3 -3.3
v 2 -2 -3.3
v 2 -3 -3.3
v 2 -2 3.3
v 2 -3 3.3
v -2 -2 -3.3
v -2 -2 3.3
v -2 -3 3.3
v -2 -3 -3.3
v -3 -2 -2.75
v -3 -3 -2.75
v -3 -2 2.75
v -3 -3 2.75
v -9 -2 -2.75
v -9 -2 2.75
v -9 -3 2.75
v -9 -3 -2.75
v -10 -2 -2.75
v -10 -3 -2.75
v -10 -2 2.75
v -10 -3 2.75
v -12 -2 -2.75
v -12 -2 2.75
v -12 -3 2.75
v -12 -3 -2.75
v -13 -2 -2.2
v -13 -3 -2.2
v -13 -2 2.2
v -13 -3 2.2
v -23 -2 -2.2
v -23 -2 2.2
v -23 -3 2.2
v -23 -3 -2.2
v -24 -2 -2.2
v -24 -3 -2.2
v -24 -2 2.2
v -24 -3 2.2
v -26 -2 -2.2
v -26 -2 2.2
v -26 -3 2.2
v -26 -3 -2.2
v 23 -3 -1.65
v 23 -4 -1.65
v 23 -3 1.65
v 23 -4 1.65
v 22 -3 -1.65
v 22 -3 1.65
v 22 -4 1.65
v 22 -4 -1.65
v -1 -3 -2.75
v -1 -4 -2.75
v -1 -3 2.75
v -1 -4 2.75
v -2 -3 -2.75
v -2 -3 2.75
v -2 -4 2.75
v -2 -4 -2.75
v 11 -4 -3.3
v 11 -5 -3.3
v 11 -4 3.3
v 11 -5 3.3
v 10 -4 -3.3
v 10 -4 3.3
v 10 -5 3.3
v 10 -5 -3.3
v 4 -4 -3.3
v 4 -5 -3.3
v 4 -4 3.3
v 4 -5 3.3
v 3 -4 -3.3
v 3 -4 3.3
v 3 -5 3.3
v 3 -5 -3.3
v 1 -4 -2.2
v 1 -5 -2.2
v 1 -4 2.2
v 1 -5 2.2
v -1 -4 -2.2
v -1 -4 2.2
v -1 -5 2.2
v -1 -5 -2.2
v 7 9 -3.3
v 7 9 3.3
v 7 8 3.3
v 7 8 -3.3
v 7 9 -0.55
v 7 8 -0.55
v 7 9 0.55
v 7 8 0.55
v 6 9 -0.55
v 6 9 0.55
v 6 8 0.55
v 6 8 -0.55
v 6 7 -0.55
v 6 7 0.55
v 5 8 -0.55
v 5 8 0.55
v 5 7 0.55
v 5 7 -0.55
v 18 7 -1.1
v 18 7 1.1
v 18 6 1.1
v 18 6 -1.1
v 17 7 -0.55
v 17 7 0.55
v 16 7 -0.55
v 16 7 0.55
v 5 6 -0.55
v 5 6 0.55
v 3 7 -0.55
v 3 7 0.55
v 3 6 0.55
v 3 6 -0.55
v -5 7 -1.1
v -5 7 1.1
v -5 6 1.1
v -5 6 -1.1
v 16 2 -2.75
v 16 1 -2.75
v 16 2 2.75
v 16 1 2.75
v 15 2 -2.75
v 15 2 2.75
v 15 1 2.75
v 15 1 -2.75
v 14 2 -2.75
v 14 1 -2.75
v 14 2 2.75
v 14 1 2.75
v 13 2 -2.75
v 13 2 2.75
v 13 1 2.75
v 13 1 -2.75
v 12 2 -2.75
v 12 1 -2.75
v 12 2 2.75
v 12 1 2.75
v 11 2 -2.75
v 11 2 2.75
v 11 1 2.75
v 11 1 -2.75
v -1 2 -2.2
v -1 2 2.2
v -1 1 2.2
v -1 1 -2.2
v -1 1 -1.65
v -1 1 1.65
v -2 2 -1.65
v -2 2 1.65
v -2 1 1.65
v -2 1 -1.65
v 24 1 -1.1
v 24 0 -1.1
v 24 1 1.1
v 24 0 1.1
v 23 1 -1.1
v 23 1 1.1
v 23 0 1.1
v 23 0 -1.1
v 14 1 -1.65
v 14 1 1.65
v 14 0 1.65
v 14 0 -1.65
v 2 1 -2.75
v 2 0 -2.75
v 2 1 2.75
v 2 0 2.75
v 1 1 -2.75
v 1 1 2.75
v 1 0 2.75
v 1 0 -2.75
v -3 1 -2.2
v -3 0 -2.2
v -3 1 2.2
v -3 0 2.2
v -9 1 -2.2
v -9 1 2.2
v -9 0 2.2
v -9 0 -2.2
v -10 1 -2.2
v -10 0 -2.2
v -10 1 2.2
v -10 0 2.2
v -12 1 -2.2
v -12 1 2.2
v -12 0 2.2
v -12 0 -2.2
v -13 1 -1.1
v -13 0 -1.1
v -13 1 1.1
v -13 0 1.1
v -26 1 -1.1
v -26 1 1.1
v -26 0 1.1
v -26 0 -1.1
v -27 1 -1.1
v -27 0 -1.1
v -27 1 1.1
v -27 0 1.1
v -28 1 -1.1
v -28 1 1.1
v -28 0 1.1
v -28 0 -1.1
v 22 0 -2.2
v 22 0 2.2
v 21 0 -2.2
v 21 0 2.2
v 20 0 -2.2
v 20 0 2.2
v 19 0 -2.2
v 19 0 2.2
v 8 -1 -3.3
v 8 -2 -3.3
v 8 -1 3.3
v 8 -2 3.3
v 6 -1 -3.3
v 6 -1 3.3
v 6 -2 3.3
v 6 -2 -3.3
v 2 -1 -3.3
v 2 -1 3.3
v 1 -1 -3.3
v 1 -1 3.3
v 1 -2 3.3
v 1 -2 -3.3
v 24 -3 -1.1
v 24 -4 -1.1
v 24 -3 1.1
v 24 -4 1.1
v 23 -3 -1.1
v 23 -3 1.1
v 23 -4 1.1
v 23 -4 -1.1
v -26 -3 -1.1
v -26 -4 -1.1
v -26 -3 1.1
v -26 -4 1.1
v -27 -3 -1.1
v -27 -3 1.1
v -27 -4 1.1
v -27 -4 -1.1
v 8 -4 -3.3
v 8 -5 -3.3
v 8 -4 3.3
v 8 -5 3.3
v 6 -4 -3.3
v 6 -4 3.3
v 6 -5 3.3
v 6 -5 -3.3
v 9 7 -3.3
v 9 7 3.3
v 8 7 3.3
v 8 7 -3.3
v 3 6 -1.1
v 3 6 1.1
v 3 5 1.1
v 3 5 -1.1
v 0 5 -1.1
v 0 5 1.1
v -1 6 -1.1
v -1 6 1.1
v -1 5 1.1
v -1 5 -1.1
v 22 5 -1.1
v 22 4 -1.1
v 22 5 1.1
v 22 4 1.1
v 21 4 1.1
v 21 4 -1.1
v 5 5 -1.65
v 5 4 -1.65
v 5 5 1.65
v 5 4 1.65
v 4 5 -1.65
v 4 5 1.65
v 4 4 1.65
v 4 4 -1.65
v 0 5 -1.65
v 0 4 -1.65
v 0 5 1.65
v 0 4 1.65
v -2 5 -1.65
v -2 5 1.65
v -2 4 1.65
v -2 4 -1.65
v 23 3 -1.1
v 23 2 -1.1
v 23 3 1.1
v 23 2 1.1
v 22 3 -1.1
v 22 3 1.1
v 22 2 1.1
v 22 2 -1.1
v 18 3 -0.55
v 18 2 -0.55
v 18 3 0.55
v 18 2 0.55
v 17 2 0.55
v 17 2 -0.55
v 2 3 -2.2
v 2 3 2.2
v 19 2 -0.55
v 19 1 -0.55
v 19 2 0.55
v 19 1 0.55
v 18 1 0.55
v 18 1 -0.55
v 3 1 -3.3
v 3 1 3.3
v 2 1 -3.3
v 2 1 3.3
v 2 -5 3.3
v 2 -5 -3.3
v 0 1 -2.2
v 0 0 -2.2
v 0 1 2.2
v 0 0 2.2
v -1 0 2.2
v -1 0 -2.2
v -2 1 -1.1
v -2 0 -1.1
v -2 1 1.1
v -2 0 1.1
v -3 1 -1.1
v -3 1 1.1
v -3 0 1.1
v -3 0 -1.1
v -9 0 -1.1
v -9 0 1.1
v -10 1 -1.1
v -10 1 1.1
v -10 0 1.1
v -10 0 -1.1
v -12 0 -1.1
v -12 0 1.1
v 25 0 -1.1
v 25 0 1.1
v 25 -1 1.1
v 25 -1 -1.1
v -2 0 -2.2
v -2 -3 -2.2
v -2 0 2.2
v -2 -3 2.2
v -3 -3 2.2
v -3 -3 -2.2
v -9 -3 -2.2
v -9 -3 2.2
v -10 -3 2.2
v -10 -3 -2.2
v -12 -3 -2.2
v -12 -3 2.2
v -13 0 -2.2
v -13 0 2.2
v 0 -1 -2.2
v 0 -2 -2.2
v 0 -1 2.2
v 0 -2 2.2
v -1 -1 -2.2
v -1 -1 2.2
v -1 -2 2.2
v -1 -2 -2.2
v -22 -1 -1.65
v -22 -2 -1.65
v -22 -1 1.65
v -22 -2 1.65
v -23 -1 -1.65
v -23 -1 1.65
v -23 -2 1.65
v -23 -2 -1.65
v 14 -3 -2.2
v 14 -3 2.2
v 13 -2 -2.2
v 13 -2 2.2
v 13 -3 2.2
v 13 -3 -2.2
v -23 -3 -1.65
v -23 -3 1.65
v -24 -2 -1.65
v -24 -2 1.65
v -24 -3 1.65
v -24 -3 -1.65
v 15 -3 -2.2
v 15 -4 -2.2
v 15 -3 2.2
v 15 -4 2.2
v 14 -4 2.2
v 14 -4 -2.2
v 12 -3 -2.2
v 12 -5 -2.2
v 12 -3 2.2
v 12 -5 2.2
v 11 -3 -2.2
v 11 -3 2.2
v 11 -5 2.2
v 11 -5 -2.2
v 0 -3 -2.2
v 0 -4 -2.2
v 0 -3 2.2
v 0 -4 2.2
v -1 -3 -2.2
v -1 -3 2.2
v -2 -3 -1.1
v -2 -4 -1.1
v -2 -3 1.1
v -2 -4 1.1
v -3 -3 -1.1
v -3 -3 1.1
v -3 -4 1.1
v -3 -4 -1.1
v -9 -3 -1.1
v -9 -4 -1.1
v -9 -3 1.1
v -9 -4 1.1
v -10 -3 -1.1
v -10 -3 1.1
v -10 -4 1.1
v -10 -4 -1.1
v -12 -3 -1.1
v -12 -4 -1.1
v -12 -3 1.1
v -12 -4 1.1
v -13 -3 -1.1
v -13 -3 1.1
v -13 -4 1.1
v -13 -4 -1.1
v -3 -5 -1.1
v -3 -5 1.1
v -9 -5 1.1
v -9 -5 -1.1
v -10 -5 -1.1
v -10 -5 1.1
v -12 -5 1.1
v -12 -5 -1.1
v 21 -5 -2.75
v 21 -6 -2.75
v 21 -5 2.75
v 21 -6 2.75
v 20 -5 -2.75
v 20 -5 2.75
v 20 -6 2.75
v 20 -6 -2.75
v 19 -5 -2.75
v 19 -6 -2.75
v 19 -5 2.75
v 19 -6 2.75
v 18 -5 -2.75
v 18 -5 2.75
v 18 -6 2.75
v 18 -6 -2.75
v 3 -5 -2.2
v 3 -6 -2.2
v 3 -5 2.2
v 3 -6 2.2
v 2 -5 -2.2
v 2 -5 2.2
v 2 -6 2.2
v 2 -6 -2.2
v 2 -5 -1.65
v 2 -6 -1.65
v 2 -5 1.65
v 2 -6 1.65
v -1 -5 -1.65
v -1 -5 1.65
v -1 -6 1.65
v -1 -6 -1.65
v 20 -6 -2.2
v 20 -7 -2.2
v 20 -6 2.2
v 20 -7 2.2
v 19 -6 -2.2
v 19 -6 2.2
v 19 -7 2.2
v 19 -7 -2.2
v 18 -6 -2.2
v 18 -7 -2.2
v 18 -6 2.2
v 18 -7 2.2
v 17 -6 -2.2
v 17 -6 2.2
v 17 -7 2.2
v 17 -7 -2.2
v 8 8 -2.75
v 8 7 -2.75
v 8 8 2.75
v 8 7 2.75
v 7 8 -2.75
v 7 8 2.75
v 7 7 2.75
v 7 7 -2.75
v 7 7 -1.1
v 7 6 -1.1
v 7 7 1.1
v 7 6 1.1
v 20 6 -0.55
v 20 5 -0.55
v 20 6 0.55
v 20 5 0.55
v 6 5 -1.1
v 6 5 1.1
v 3 6 -1.65
v 3 5 -1.65
v 3 6 1.65
v 3 5 1.65
v 0 6 -1.65
v 0 6 1.65
v -2 5 1.1
v -2 5 -1.1
v -3 5 -1.1
v -3 5 1.1
v -4 5 1.1
v -4 5 -1.1
v 21 5 -0.55
v 21 5 0.55
v 20 4 0.55
v 20 4 -0.55
v 4 3 -1.65
v 4 3 1.65
v 3 3 1.65
v 3 3 -1.65
v 1 3 1.65
v 1 3 -1.65
v 23 4 -1.1
v 23 4 1.1
v 3 4 -1.65
v 3 4 1.65
v 2 4 -1.65
v 2 4 1.65
v 1 4 -1.65
v 1 4 1.65
v -1 4 -1.65
v -1 4 1.65
v 21 2 0.55
v 21 2 -0.55
v -1 3 -1.1
v -1 2 -1.1
v -1 3 1.1
v -1 2 1.1
v -2 3 -1.1
v -2 3 1.1
v -2 2 1.1
v -2 2 -1.1
v 22 1 1.1
v 22 1 -1.1
v -3 2 -1.1
v -3 2 1.1
v -10 2 -1.1
v -10 2 1.1
v 11 0 -2.75
v 11 0 2.75
v 10 1 -2.75
v 10 1 2.75
v 10 0 2.75
v 10 0 -2.75
v 4 1 -2.75
v 4 0 -2.75
v 4 1 2.75
v 4 0 2.75
v 3 1 -2.75
v 3 1 2.75
v 3 0 2.75
v 3 0 -2.75
v 23 0 -2.2
v 23 -3 -2.2
v 23 0 2.2
v 23 -3 2.2
v 22 -3 2.2
v 22 -3 -2.2
v -23 0 -1.65
v -23 0 1.65
v -24 0 -1.65
v -24 0 1.65
v -24 -1 1.65
v -24 -1 -1.65
v 11 -1 -2.75
v 11 -2 -2.75
v 11 -1 2.75
v 11 -2 2.75
v 10 -1 -2.75
v 10 -1 2.75
v 10 -2 2.75
v 10 -2 -2.75
v 10 -1 -3.85
v 10 -6 -3.85
v 10 -1 3.85
v 10 -6 3.85
v 9 -1 -3.85
v 9 -1 3.85
v 9 -6 3.85
v 9 -6 -3.85
v 5 -1 -3.85
v 5 -6 -3.85
v 5 -1 3.85
v 5 -6 3.85
v 4 -1 -3.85
v 4 -1 3.85
v 4 -6 3.85
v 4 -6 -3.85
v 4 -1 -2.75
v 4 -2 -2.75
v 4 -1 2.75
v 4 -2 2.75
v 3 -1 -2.75
v 3 -1 2.75
v 3 -2 2.75
v 3 -2 -2.75
v -25 -1 -1.65
v -25 -2 -1.65
v -25 -1 1.65
v -25 -2 1.65
v -26 -1 -1.65
v -26 -1 1.65
v -26 -2 1.65
v -26 -2 -1.65
v 27 -2 -1.1
v 27 -3 -1.1
v 27 -2 1.1
v 27 -3 1.1
v 26 -2 -1.1
v 26 -2 1.1
v 26 -3 1.1
v 26 -3 -1.1
v 12 -2 -2.2
v 12 -2 2.2
v 11 -2 -2.2
v 11 -2 2.2
v 13 -4 2.2
v 13 -4 -2.2
v 11 -3 -2.75
v 11 -4 -2.75
v 11 -3 2.75
v 11 -4 2.75
v 10 -3 -2.75
v 10 -3 2.75
v 10 -4 2.75
v 10 -4 -2.75
v 4 -3 -2.75
v 4 -4 -2.75
v 4 -3 2.75
v 4 -4 2.75
v 3 -3 -2.75
v 3 -3 2.75
v 3 -4 2.75
v 3 -4 -2.75
v 2 -3 -2.75
v 2 -4 -2.75
v 2 -3 2.75
v 2 -4 2.75
v 1 -3 -2.75
v 1 -3 2.75
v 1 -4 2.75
v 1 -4 -2.75
v -3 -4 -2.2
v -3 -4 2.2
v -9 -4 2.2
v -9 -4 -2.2
v -10 -4 -2.2
v -10 -4 2.2
v -12 -4 2.2
v -12 -4 -2.2
v -28 -3 -1.1
v -28 -3 1.1
v -28 -4 1.1
v -28 -4 -1.1
v 13 -5 -2.2
v 13 -5 2.2
v 12 -4 -2.2
v 12 -4 2.2
v 2 -4 -2.2
v 2 -4 2.2
v -1 -4 -1.65
v -1 -4 1.65
v -2 -4 -1.65
v -2 -4 1.65
v -2 -5 1.65
v -2 -5 -1.65
v 17 7 -1.1
v 17 7 1.1
v 17 6 1.1
v 17 6 -1.1
v -2 6 -1.65
v -2 6 1.65
v -3 6 -1.65
v -3 6 1.65
v -3 5 1.65
v -3 5 -1.65
v -1 1 -2.75
v -1 0 -2.75
v -1 1 2.75
v -1 0 2.75
v -2 1 -2.75
v -2 1 2.75
v -2 0 2.75
v -2 0 -2.75
v 18 0 -2.2
v 18 0 2.2
v 14 0 -2.2
v 14 0 2.2
v 2 0 -3.3
v 2 0 3.3
v 0 0 -3.3
v 0 0 3.3
v 0 -1 3.3
v 0 -1 -3.3
v 21 -1 -2.75
v 21 -2 -2.75
v 21 -1 2.75
v 21 -2 2.75
v 20 -1 -2.75
v 20 -1 2.75
v 20 -2 2.75
v 20 -2 -2.75
v 19 -1 -2.75
v 19 -2 -2.75
v 19 -1 2.75
v 19 -2 2.75
v 18 -1 -2.75
v 18 -1 2.75
v 18 -2 2.75
v 18 -2 -2.75
v 9 -2 -3.85
v 9 -2 3.85
v 8 -1 -3.85
v 8 -1 3.85
v 8 -2 3.85
v 8 -2 -3.85
v 6 -1 -3.85
v 6 -2 -3.85
v 6 -1 3.85
v 6 -2 3.85
v 5 -2 3.85
v 5 -2 -3.85
v -1 -1 -3.3
v -1 -2 -3.3
v -1 -1 3.3
v -1 -2 3.3
v -2 -1 -3.3
v -2 -1 3.3
v -3 -1 -2.75
v -3 -1 2.75
v -9 -1 -2.75
v -9 -1 2.75
v -10 -1 -2.75
v -10 -1 2.75
v -12 -1 -2.75
v -12 -1 2.75
v -13 -1 -2.2
v -13 -1 2.2
v -22 -1 -2.2
v -22 -1 2.2
v -22 -2 2.2
v -22 -2 -2.2
v -26 -3 -1.65
v -26 -3 1.65
v -27 -2 -1.65
v -27 -2 1.65
v -27 -3 1.65
v -27 -3 -1.65
v 9 -4 -3.85
v 9 -5 -3.85
v 9 -4 3.85
v 9 -5 3.85
v 8 -4 -3.85
v 8 -4 3.85
v 8 -5 3.85
v 8 -5 -3.85
v 6 -4 -3.85
v 6 -5 -3.85
v 6 -4 3.85
v 6 -5 3.85
v 5 -4 -3.85
v 5 -4 3.85
v 5 -5 3.85
v 5 -5 -3.85
v 15 3 -1.65
v 15 2 -1.65
v 15 3 1.65
v 15 2 1.65
v 14 3 -1.65
v 14 3 1.65
v 14 2 1.65
v 14 2 -1.65
v 13 3 -1.65
v 13 2 -1.65
v 13 3 1.65
v 13 2 1.65
v 12 3 -1.65
v 12 3 1.65
v 12 2 1.65
v 12 2 -1.65
v 11 3 -1.65
v 11 2 -1.65
v 11 3 1.65
v 11 2 1.65
v 10 3 -1.65
v 10 3 1.65
v 10 2 1.65
v 10 2 -1.65
v 9 3 -1.65
v 9 2 -1.65
v 9 3 1.65
v 9 2 1.65
v 8 3 -1.65
v 8 3 1.65
v 8 2 1.65
v 8 2 -1.65
v 21 0 -2.75
v 21 0 2.75
v 20 0 -2.75
v 20 0 2.75
v 19 0 -2.75
v 19 0 2.75
v 18 0 -2.75
v 18 0 2.75
v -2 0 -3.3
v -2 0 3.3
v -3 0 -2.75
v -3 0 2.75
v -9 0 -2.75
v -9 0 2.75
v -10 0 -2.75
v -10 0 2.75
v -12 0 -2.75
v -12 0 2.75
v -23 0 -2.2
v -23 0 2.2
v -23 -1 2.2
v -23 -1 -2.2
v -24 0 -2.2
v -24 -1 -2.2
v -24 0 2.2
v -24 -1 2.2
v -26 0 -2.2
v -26 0 2.2
v -26 -1 2.2
v -26 -1 -2.2
v -4 6 -0.55
v -4 5 -0.55
v -4 6 0.55
v -4 5 0.55
v -5 6 -0.55
v -5 6 0.55
v -5 5 0.55
v -5 5 -0.55
v 19 5 -0.55
v 19 5 0.55
v 19 4 0.55
v 19 4 -0.55
v 3 5 -2.2
v 3 4 -2.2
v 3 5 2.2
v 3 4 2.2
v 2 5 -2.2
v 2 5 2.2
v 2 4 2.2
v 2 4 -2.2
v 1 5 -2.2
v 1 4 -2.2
v 1 5 2.2
v 1 4 2.2
v 0 5 -2.2
v 0 5 2.2
v 0 4 2.2
v 0 4 -2.2
v 15 4 -1.1
v 15 3 -1.1
v 15 4 1.1
v 15 3 1.1
v 14 4 -1.1
v 14 4 1.1
v 14 3 1.1
v 14 3 -1.1
v 13 4 -1.1
v 13 3 -1.1
v 13 4 1.1
v 13 3 1.1
v 12 4 -1.1
v 12 4 1.1
v 12 3 1.1
v 12 3 -1.1
v 11 4 -1.1
v 11 3 -1.1
v 11 4 1.1
v 11 3 1.1
v 10 4 -1.1
v 10 4 1.1
v 10 3 1.1
v 10 3 -1.1
v 9 4 -1.1
v 9 3 -1.1
v 9 4 1.1
v 9 3 1.1
v 8 4 -1.1
v 8 4 1.1
v 8 3 1.1
v 8 3 -1.1
v -27 -1 -2.2
v -27 -1 2.2
v -27 -2 2.2
v -27 -2 -2.2
v 9 2 -2.75
v 9 1 -2.75
v 9 2 2.75
v 9 1 2.75
v 6 2 -2.75
v 6 2 2.75
v 6 1 2.75
v 6 1 -2.75
v 5 2 -2.75
v 5 2 2.75
v 5 1 2.75
v 5 1 -2.75
v 14 1 -3.3
v 14 0 -3.3
v 14 1 3.3
v 14 0 3.3
v 13 1 -3.3
v 13 1 3.3
v 13 0 3.3
v 13 0 -3.3
v 14 -1 -3.3
v 14 -2 -3.3
v 14 -1 3.3
v 14 -2 3.3
v 13 -1 -3.3
v 13 -1 3.3
v 13 -2 3.3
v 13 -2 -3.3
v 12 -1 -3.3
v 12 -2 -3.3
v 12 -1 3.3
v 12 -2 3.3
v 13 0 -2.75
v 13 0 2.75
v 12 0 2.75
v 12 0 -2.75
v 12 -1 -2.75
v 12 -1 2.75
v 12 1 -3.3
v 12 0 -3.3
v 12 1 3.3
v 12 0 3.3
v 11 1 -3.3
v 11 1 3.3
v 9 -1 2.75
v 9 -1 -2.75
v 5 -1 -2.75
v 5 -1 2.75
v 24 -2 -1.1
v 24 -2 1.1
v 23 -2 -1.1
v 23 -2 1.1
v 22 -6 -2.75
v 22 -7 -2.75
v 22 -6 2.75
v 22 -7 2.75
v 21 -7 2.75
v 21 -7 -2.75
v 9 1 -3.3
v 9 -1 -3.3
v 9 1 3.3
v 9 -1 3.3
v 6 1 -3.3
v 6 1 3.3
v 24 -1 -1.1
v 24 -1 1.1
v 23 -1 1.1
v 23 -1 -1.1
v 22 -3 -3.3
v 22 -4 -3.3
v 22 -3 3.3
v 22 -4 3.3
v 21 -3 -3.3
v 21 -3 3.3
v 21 -4 3.3
v 21 -4 -3.3
v 21 -5 -3.3
v 21 -5 3.3
v 16 -4 -3.3
v 16 -4 3.3
v 16 -5 3.3
v 16 -5 -3.3
v 20 -5 -3.3
v 20 -6 -3.3
v 20 -5 3.3
v 20 -6 3.3
v 19 -5 -3.3
v 19 -5 3.3
v 19 -6 3.3
v 19 -6 -3.3
v 18 -5 -3.3
v 18 -6 -3.3
v 18 -5 3.3
v 18 -6 3.3
v 16 -6 3.3
v 16 -6 -3.3
v 16 -6 -2.75
v 16 -7 -2.75
v 16 -6 2.75
v 16 -7 2.75
v 15 -6 -2.75
v 15 -6 2.75
v 15 -7 2.75
v 15 -7 -2.75
v 5 1 -3.3
v 5 1 3.3
v 5 -1 3.3
v 5 -1 -3.3
v 28 0 -1.1
v 28 -1 -1.1
v 28 0 1.1
v 28 -1 1.1
v 24 -1 -1.65
v 24 -2 -1.65
v 24 -1 1.65
v 24 -2 1.65
v 23 -1 -1.65
v 23 -1 1.65
v 23 -2 1.65
v 23 -2 -1.65
v 20 -3 -3.3
v 20 -3 3.3
v 20 -4 3.3
v 20 -4 -3.3
v 16 -3 -3.3
v 16 -3 3.3
v 15 -3 -3.3
v 15 -3 3.3
v 15 -6 3.3
v 15 -6 -3.3
v 1 0 -2.2
v 1 0 2.2
v 1 -1 -2.2
v 1 -2 -2.2
v 1 -1 2.2
v 1 -2 2.2
v 25 -2 -1.1
v 25 -2 1.1
v 25 -3 1.1
v 25 -3 -1.1
v 1 -3 -2.2
v 1 -3 2.2
v 14 0 -2.75
v 14 -1 -2.75
v 14 0 2.75
v 14 -1 2.75
v 13 -1 -2.75
v 13 -2 -2.75
v 13 -1 2.75
v 13 -2 2.75
v 12 -2 2.75
v 12 -2 -2.75
v -26 0 -1.65
v -26 0 1.65
v -27 0 -1.65
v -27 0 1.65
v -27 -1 1.65
v -27 -1 -1.65
v -27 -1 -1.1
v -27 -1 1.1
v -28 -1 1.1
v -28 -1 -1.1
v -28 -1 -1.65
v -28 -1 1.65
v -28 -2 1.65
v -28 -2 -1.65
v -27 -2 -1.1
v -27 -2 1.1
v -28 -2 -1.1
v -28 -2 1.1
v 28 -1 -1.65
v 28 -2 -1.65
v 28 -1 1.65
v 28 -2 1.65
v 19 -3 -3.3
v 19 -4 -3.3
v 19 -3 3.3
v 19 -4 3.3
v 17 -3 -3.3
v 17 -3 3.3
v 17 -4 3.3
v 17 -4 -3.3
v 28 -2 -1.1
v 28 -3 -1.1
v 28 -2 1.1
v 28 -3 1.1
v 22 -6 -3.3
v 22 -6 3.3
v 21 -6 3.3
v 21 -6 -3.3
v 20 -7 2.75
v 20 -7 -2.75
v 19 -7 -2.75
v 19 -7 2.75
v 18 -7 2.75
v 18 -7 -2.75
v 17 -6 -2.75
v 17 -7 -2.75
v 17 -6 2.75
v 17 -7 2.75
v 13 -3 -2.75
v 13 -3 2.75
v 12 -3 2.75
v 12 -3 -2.75
v 13 -4 -2.75
v 13 -4 2.75
v 12 -4 2.75
v 12 -4 -2.75
v 15 -4 -2.75
v 15 -5 -2.75
v 15 -4 2.75
v 15 -5 2.75
v 13 -5 2.75
v 13 -5 -2.75
v 15 -5 -2.2
v 15 -6 -2.2
v 15 -5 2.2
v 15 -6 2.2
v 10 -5 -2.2
v 10 -5 2.2
v 10 -6 2.2
v 10 -6 -2.2
v 9 -5 -2.2
v 9 -6 -2.2
v 9 -5 2.2
v 9 -6 2.2
v 5 -5 -2.2
v 5 -5 2.2
v 5 -6 2.2
v 5 -6 -2.2
v 4 -5 -2.2
v 4 -6 -2.2
v 4 -5 2.2
v 4 -6 2.2
v 10 -6 -3.3
v 10 -7 -3.3
v 10 -6 3.3
v 10 -7 3.3
v 9 -6 -3.3
v 9 -6 3.3
v 9 -7 3.3
v 9 -7 -3.3
v 5 -6 -3.3
v 5 -7 -3.3
v 5 -6 3.3
v 5 -7 3.3
v 4 -6 -3.3
v 4 -6 3.3
v 4 -7 3.3
v 4 -7 -3.3

vn 1 0 0
vn 0 1 0
vn 0 -1 0
vn -1 0 0
vn 0 0 -1
vn 0 0 1

vt -19.68504 19.68504
vt 19.68504 19.68504
vt -19.68504 -19.68504
vt 0 NaN
vt 0 0
vt 0 NaN
vt 0 NaN
vt 0 NaN
vt 0 NaN
vt 0 NaN
vt 19.68504 -19.68504
vt 0 NaN
vt 0 NaN
vt 0 NaN
vt 0 NaN
vt 0 NaN
vt 0 NaN
vt 0 NaN
vt 0 NaN
vt 0 NaN
vt 0 NaN
vt 0 NaN
vt 0 NaN
vt 0 NaN
vt 0 NaN
vt 0 NaN
vt 0 NaN
vt 0 NaN
vt 0 NaN
vt 0 NaN
vt 0 NaN
vt 0 NaN
vt 0 NaN
vt 0 NaN
vt 0 NaN
vt 0 NaN
vt 0 NaN
vt 0 NaN
vt 0 NaN
vt 0 NaN
vt 0 NaN
vt 0 NaN
vt 0 NaN
vt 0 NaN
vt 0 NaN
vt 0 NaN
vt 0 NaN
vt 0 NaN
vt 0 NaN
vt 0 NaN
vt 0 NaN
vt 0 NaN
vt 0 NaN
vt 0 NaN
vt 0 NaN
vt 0 NaN
vt 0 NaN
vt 0 NaN
vt 0 NaN
vt 0 NaN
vt 0 NaN
vt 0 NaN
vt 0 NaN
vt 0 NaN
vt 0 NaN
vt 0 NaN
vt 0 NaN
vt 0 NaN
vt 0 NaN
vt 0 NaN
vt 0 NaN
vt 0 NaN
vt 0 NaN
vt 0 NaN
vt 0 NaN
vt 0 NaN
vt 0 NaN
vt 0 NaN
vt 0 NaN
vt 0 NaN
vt 0 NaN
vt 0 NaN
vt 0 NaN
vt 0 NaN
vt 0 NaN
vt 0 NaN
vt 0 NaN
vt 0 NaN
vt 0 NaN
vt 0 NaN
vt 0 NaN
vt 0 NaN
vt 0 NaN
vt 0 NaN
vt 0 NaN
vt 0 NaN
vt 0 NaN
vt 0 NaN
vt 0 NaN
vt 0 NaN
vt 0 NaN
vt 0 NaN
vt 0 NaN
vt 0 NaN
vt 0 NaN
vt 0 NaN
vt 0 NaN
vt 0 NaN
vt 0 NaN
vt 0 NaN
vt 0 NaN
vt 0 NaN
vt 0 NaN
vt 0 NaN
vt 0 NaN
vt 0 NaN
vt 0 NaN
vt 0 NaN
vt 0 NaN
vt 0 NaN
vt 0 NaN
vt 0 NaN
vt 0 NaN
vt 0 NaN
vt 0 NaN
vt 0 NaN
vt 0 NaN
vt 0 NaN
vt 0 NaN
vt 0 NaN
vt 0 NaN
vt 0 NaN
vt 0 NaN
vt 0 NaN
vt 0 NaN
vt 0 NaN
vt 0 NaN
vt 0 NaN
vt 0 NaN
vt 0 NaN
vt 0 NaN
vt 0 NaN
vt 0 NaN
vt 0 NaN
vt 0 NaN
vt 0 NaN
vt 0 NaN
vt 0 NaN
vt 0 NaN
vt 0 NaN
vt 0 NaN
vt 0 NaN
vt 0 NaN
vt 0 NaN
vt 0 NaN
vt 0 NaN
vt 0 NaN
vt 0 NaN
vt 0 NaN
vt 0 NaN
vt 0 NaN
vt 0 NaN
vt 0 NaN
vt 0 NaN
vt 0 NaN
vt 0 NaN
vt 0 NaN
vt 0 NaN
vt 0 NaN
vt 0 NaN
vt 0 NaN
vt 0 NaN
vt 0 NaN
vt 0 NaN
vt 0 NaN
vt 0 NaN
vt 0 NaN
vt 0 NaN
vt 0 NaN
vt 0 NaN
vt 0 NaN
vt 0 NaN
vt 0 NaN
vt 0 NaN
vt 0 NaN
vt 0 NaN
vt 0 NaN
vt 0 NaN
vt 0 NaN
vt 0 NaN
vt 0 NaN
vt 0 NaN
vt 0 NaN
vt 0 NaN
vt 0 NaN
vt 0 NaN
vt 0 NaN
vt 0 NaN
vt 0 NaN
vt 0 NaN
vt 0 NaN
vt 0 NaN
vt 0 NaN
vt 0 NaN
vt 0 NaN
vt 0 NaN
vt 0 NaN
vt 0 NaN
vt 0 NaN
vt 0 NaN
vt 0 NaN
vt 0 NaN
vt 0 NaN
vt 0 NaN
vt 0 NaN
vt 0 NaN
vt 0 NaN
vt 0 NaN
vt 0 NaN
vt 0 NaN
vt 0 NaN
vt 0 NaN
vt 0 NaN
vt 0 NaN
vt 0 NaN
vt 0 NaN
vt 0 NaN
vt 0 NaN
vt 0 NaN
vt 0 NaN
vt 0 NaN
vt 0 NaN
vt 0 NaN
vt 0 NaN
vt 0 NaN
vt 0 NaN
vt 0 NaN
vt 0 NaN
vt 0 NaN
vt 0 NaN
vt 0 NaN
vt 0 NaN
vt 0 NaN
vt 0 NaN
vt 0 NaN
vt 0 NaN
vt 0 NaN
vt 0 NaN
vt 0 NaN
vt 0 NaN
vt 0 NaN
vt 0 NaN
vt 0 NaN
vt 0 NaN
vt 0 NaN
vt 0 NaN
vt 0 NaN
vt 0 NaN
vt 0 NaN
vt 0 NaN
vt 0 NaN
vt 0 NaN
vt 0 NaN
vt 0 NaN
vt 0 NaN
vt 0 NaN
vt 0 NaN
vt 0 NaN
vt 0 NaN
vt 0 NaN
vt 0 NaN
vt 0 NaN
vt 0 NaN
vt 0 NaN
vt 0 NaN
vt 0 NaN
vt 0 NaN
vt 0 NaN
vt 0 NaN
vt 0 NaN
vt 0 NaN
vt 0 NaN
vt 0 NaN
vt 0 NaN
vt 0 NaN
vt 0 NaN
vt 0 NaN
vt 0 NaN
vt 0 NaN
vt 0 NaN
vt 0 NaN
vt 0 NaN
vt 0 NaN
vt 0 NaN
vt 0 NaN
vt 0 NaN
vt 0 NaN
vt 0 NaN
vt 0 NaN
vt 0 NaN
vt 0 NaN
vt 0 NaN
vt 0 NaN
vt 0 NaN
vt 0 NaN
vt 0 NaN
vt 0 NaN
vt 0 NaN
vt 0 NaN
vt 0 NaN
vt 0 NaN
vt 0 NaN
vt 0 NaN
vt 0 NaN
vt 0 NaN
vt 0 NaN
vt 0 NaN
vt 0 NaN
vt 0 NaN
vt 0 NaN
vt 0 NaN
vt 0 NaN
vt 0 NaN
vt 0 NaN
vt 0 NaN
vt 0 NaN
vt 0 NaN
vt 0 NaN
vt 0 NaN
vt 0 NaN
vt 0 NaN
vt 0 NaN
vt 0 NaN
vt 0 NaN
vt 0 NaN
vt 0 NaN
vt 0 NaN
vt 0 NaN
vt 0 NaN
vt 0 NaN
vt 0 NaN
vt 0 NaN
vt 0 NaN
vt 0 NaN
vt 0 NaN
vt 0 NaN
vt 0 NaN
vt 0 NaN
vt 0 NaN
vt 0 NaN
vt 0 NaN
vt 0 NaN
vt 0 NaN
vt 0 NaN
vt 0 NaN
vt 0 NaN
vt 0 NaN
vt 0 NaN
vt 0 NaN
vt 0 NaN
vt 0 NaN
vt 0 NaN
vt 0 NaN
vt 0 NaN
vt 0 NaN
vt 0 NaN
vt 0 NaN
vt 0 NaN
vt 0 NaN
vt 0 NaN
vt 0 NaN
vt 0 NaN
vt 0 NaN
vt 0 NaN
vt 0 NaN
vt 0 NaN
vt 0 NaN
vt 0 NaN
vt 0 NaN
vt 0 NaN
vt 0 NaN
vt 0 NaN
vt 0 NaN
vt 0 NaN
vt 0 NaN
vt 0 NaN
vt 0 NaN
vt 0 NaN
vt 0 NaN
vt 0 NaN
vt 0 NaN
vt 0 NaN
vt 0 NaN
vt 0 NaN
vt 0 NaN
vt 0 NaN
vt 0 NaN
vt 0 NaN
vt 0 NaN
vt 0 NaN
vt 0 NaN
vt 0 NaN
vt 0 NaN
vt 0 NaN
vt 0 NaN
vt 0 NaN
vt 0 NaN
vt 0 NaN
vt 0 NaN
vt 0 NaN
vt 0 NaN
vt 0 NaN
vt 0 NaN
vt 0 NaN
vt 0 NaN
vt 0 NaN
vt 0 NaN
vt 0 NaN
vt 0 NaN
vt 0 NaN
vt 0 NaN
vt 0 NaN
vt 0 NaN
vt 0 NaN
vt 0 NaN
vt 0 NaN
vt 0 NaN
vt 0 NaN
vt 0 NaN
vt 0 NaN
vt 0 NaN
vt 0 NaN
vt 0 NaN
vt 0 NaN
vt 0 NaN
vt 0 NaN
vt 0 NaN
vt 0 NaN
vt 0 NaN
vt 0 NaN
vt 0 NaN
vt 0 NaN
vt 0 NaN
vt 0 NaN
vt 0 NaN
vt 0 NaN
vt 0 NaN
vt 0 NaN
vt 0 NaN
vt 0 NaN
vt 0 NaN
vt 0 NaN
vt 0 NaN
vt 0 NaN
vt 0 NaN
vt 0 NaN
vt 0 NaN
vt 0 NaN
vt 0 NaN
vt 0 NaN
vt 0 NaN
vt 0 NaN
vt 0 NaN
vt 0 NaN
vt 0 NaN
vt 0 NaN
vt 0 NaN
vt 0 NaN
vt 0 NaN
vt 0 NaN
vt 0 NaN
vt 0 NaN
vt 0 NaN
vt 0 NaN
vt 0 NaN
vt 0 NaN
vt 0 NaN
vt 0 NaN
vt 0 NaN
vt 0 NaN
vt 0 NaN
vt 0 NaN
vt 0 NaN
vt 0 NaN
vt 0 NaN
vt 0 NaN
vt 0 NaN
vt 0 NaN
vt 0 NaN
vt 0 NaN
vt 0 NaN
vt 0 NaN
vt 0 NaN
vt 0 NaN
vt 0 NaN
vt 0 NaN
vt 0 NaN
vt 0 NaN
vt 0 NaN
vt 0 NaN
vt 0 NaN
vt 0 NaN
vt 0 NaN
vt 0 NaN
vt 0 NaN
vt 0 NaN
vt 0 NaN
vt 0 NaN
vt 0 NaN
vt 0 NaN
vt 0 NaN
vt 0 NaN
vt 0 NaN
vt 0 NaN
vt 0 NaN
vt 0 NaN
vt 0 NaN
vt 0 NaN
vt 0 NaN
vt 0 NaN
vt 0 NaN
vt 0 NaN
vt 0 NaN
vt 0 NaN
vt 0 NaN
vt 0 NaN
vt 0 NaN
vt 0 NaN
vt 0 NaN
vt 0 NaN
vt 0 NaN
vt 0 NaN
vt 0 NaN
vt 0 NaN
vt 0 NaN
vt 0 NaN
vt 0 NaN
vt 0 NaN
vt 0 NaN
vt 0 NaN
vt 0 NaN
vt 0 NaN
vt 0 NaN
vt 0 NaN
vt 0 NaN
vt 0 NaN
vt 0 NaN
vt 0 NaN
vt 0 NaN
vt 0 NaN
vt 0 NaN
vt 0 NaN
vt 0 NaN
vt 0 NaN
vt 0 NaN
vt 0 NaN
vt 0 NaN
vt 0 NaN
vt 0 NaN
vt 0 NaN
vt 0 NaN
vt 0 NaN
vt 0 NaN
vt 0 NaN
vt 0 NaN
vt 0 NaN
vt 0 NaN
vt 0 NaN
vt 0 NaN
vt 0 NaN
vt 0 NaN
vt 0 NaN
vt 0 NaN
vt 0 NaN
vt 0 NaN
vt 0 NaN
vt 0 NaN
vt 0 NaN
vt 0 NaN
vt 0 NaN
vt 0 NaN
vt 0 NaN
vt 0 NaN
vt 0 NaN
vt 0 NaN
vt 0 NaN
vt 0 NaN
vt 0 NaN
vt 0 NaN
vt 0 NaN
vt 0 NaN
vt 0 NaN
vt 0 NaN
vt 0 NaN
vt 0 NaN
vt 0 NaN
vt 0 NaN
vt 0 NaN
vt 0 NaN
vt 0 NaN
vt 0 NaN
vt 0 NaN
vt 0 NaN
vt 0 NaN
vt 0 NaN
vt 0 NaN
vt 0 NaN
vt 0 NaN
vt 0 NaN
vt 0 NaN
vt 0 NaN
vt 0 NaN
vt 0 NaN
vt 0 NaN
vt 0 NaN
vt 0 NaN
vt 0 NaN
vt 0 NaN
vt 0 NaN
vt 0 NaN
vt 0 NaN
vt 0 NaN
vt 0 NaN
vt 0 NaN
vt 0 NaN
vt 0 NaN
vt 0 NaN
vt 0 NaN
vt 0 NaN
vt 0 NaN
vt 0 NaN
vt 0 NaN
vt 0 NaN
vt 0 NaN
vt 0 NaN
vt 0 NaN
vt 0 NaN
vt 0 NaN
vt 0 NaN
vt 0 NaN
vt 0 NaN
vt 0 NaN
vt 0 NaN
vt 0 NaN
vt 0 NaN
vt 0 NaN
vt 0 NaN
vt 0 NaN
vt 0 NaN
vt 0 NaN
vt 0 NaN
vt 0 NaN
vt 0 NaN
vt 0 NaN
vt 0 NaN
vt 0 NaN
vt 0 NaN
vt 0 NaN
vt 0 NaN
vt 0 NaN
vt 0 NaN
vt 0 NaN
vt 0 NaN
vt 0 NaN
vt 0 NaN
vt 0 NaN
vt 0 NaN
vt 0 NaN
vt 0 NaN
vt 0 NaN
vt 0 NaN
vt 0 NaN
vt 0 NaN
vt 0 NaN
vt 0 NaN
vt 0 NaN
vt 0 NaN
vt 0 NaN
vt 0 NaN
vt 0 NaN
vt 0 NaN
vt 0 NaN
vt 0 NaN
vt 0 NaN
vt 0 NaN
vt 0 NaN
vt 0 NaN
vt 0 NaN
vt 0 NaN
vt 0 NaN
vt 0 NaN
vt 0 NaN
vt 0 NaN
vt 0 NaN
vt 0 NaN
vt 0 NaN
vt 0 NaN
vt 0 NaN
vt 0 NaN
vt 0 NaN
vt 0 NaN
vt 0 NaN
vt 0 NaN
vt 0 NaN
vt 0 NaN
vt 0 NaN
vt 0 NaN
vt 0 NaN
vt 0 NaN
vt 0 NaN
vt 0 NaN
vt 0 NaN
vt 0 NaN
vt 0 NaN
vt 0 NaN
vt 0 NaN
vt 0 NaN
vt 0 NaN
vt 0 NaN
vt 0 NaN
vt 0 NaN
vt 0 NaN
vt 0 NaN
vt 0 NaN
vt 0 NaN
vt 0 NaN
vt 0 NaN
vt 0 NaN
vt 0 NaN
vt 0 NaN
vt 0 NaN
vt 0 NaN
vt 0 NaN
vt 0 NaN
vt 0 NaN
vt 0 NaN
vt 0 NaN
vt 0 NaN
vt 0 NaN
vt 0 NaN
vt 0 NaN
vt 0 NaN
vt 0 NaN
vt 0 NaN
vt 0 NaN
vt 0 NaN
vt 0 NaN
vt 0 NaN
vt 0 NaN
vt 0 NaN
vt 0 NaN
vt 0 NaN
vt 0 NaN
vt 0 NaN
vt 0 NaN
vt 0 NaN
vt 0 NaN
vt 0 NaN
vt 0 NaN
vt 0 NaN
vt 0 NaN
vt 0 NaN
vt 0 NaN
vt 0 NaN
vt 0 NaN
vt 0 NaN
vt 0 NaN
vt 0 NaN
vt 0 NaN
vt 0 NaN
vt 0 NaN
vt 0 NaN
vt 0 NaN
vt 0 NaN
vt 0 NaN
vt 0 NaN
vt 0 NaN
vt 0 NaN
vt 0 NaN
vt 0 NaN
vt 0 NaN
vt 0 NaN
vt 0 NaN
vt 0 NaN
vt 0 NaN
vt 0 NaN
vt 0 NaN
vt 0 NaN
vt 0 NaN
vt 0 NaN
vt 0 NaN
vt 0 NaN
vt 0 NaN
vt 0 NaN
vt 0 NaN
vt 0 NaN
vt 0 NaN
vt 0 NaN
vt 0 NaN
vt 0 NaN
vt 0 NaN
vt 0 NaN
vt 0 NaN
vt 0 NaN
vt 0 NaN
vt 0 NaN
vt 0 NaN
vt 0 NaN
vt 0 NaN
vt 0 NaN
vt 0 NaN
vt 0 NaN
vt 0 NaN
vt 0 NaN
vt 0 NaN
vt 0 NaN
vt 0 NaN
vt 0 NaN
vt 0 NaN
vt 0 NaN
vt 0 NaN
vt 0 NaN
vt 0 NaN
vt 0 NaN
vt 0 NaN
vt 0 NaN
vt 0 NaN
vt 0 NaN
vt 0 NaN
vt 0 NaN
vt 0 NaN
vt 0 NaN
vt 0 NaN
vt 0 NaN
vt 0 NaN
vt 0 NaN
vt 0 NaN
vt 0 NaN
vt 0 NaN
vt 0 NaN
vt 0 NaN
vt 0 NaN
vt 0 NaN
vt 0 NaN
vt 0 NaN
vt 0 NaN
vt 0 NaN
vt 0 NaN
vt 0 NaN
vt 0 NaN
vt 0 NaN
vt 0 NaN
vt 0 NaN
vt 0 NaN
vt 0 NaN
vt 0 NaN
vt 0 NaN
vt 0 NaN
vt 0 NaN
vt 0 NaN
vt 0 NaN
vt 0 NaN
vt 0 NaN
vt 0 NaN
vt 0 NaN
vt 0 NaN
vt 0 NaN
vt 0 NaN
vt 0 NaN
vt 0 NaN
vt 0 NaN
vt 0 NaN
vt 0 NaN
vt 0 NaN
vt 0 NaN
vt 0 NaN
vt 0 NaN
vt 0 NaN
vt 0 NaN
vt 0 NaN
vt 0 NaN
vt 0 NaN
vt 0 NaN
vt 0 NaN
vt 0 NaN
vt 0 NaN
vt 0 NaN
vt 0 NaN
vt 0 NaN
vt 0 NaN
vt 0 NaN
vt 0 NaN
vt 0 NaN
vt 0 NaN
vt 0 NaN
vt 0 NaN
vt 0 NaN
vt 0 NaN
vt 0 NaN
vt 0 NaN
vt 0 NaN
vt 0 NaN
vt 0 NaN
vt 0 NaN
vt 0 NaN
vt 0 NaN
vt 0 NaN
vt 0 NaN
vt 0 NaN
vt 0 NaN
vt 0 NaN
vt 0 NaN
vt 0 NaN
vt 0 NaN
vt 0 NaN
vt 0 NaN
vt 0 NaN
vt 0 NaN
vt 0 NaN
vt 0 NaN
vt 0 NaN
vt 0 NaN
vt 0 NaN
vt 0 NaN
vt 0 NaN
vt 0 NaN
vt 0 NaN
vt 0 NaN
vt 0 NaN
vt 0 NaN
vt 0 NaN
vt 0 NaN
vt 0 NaN
vt 0 NaN
vt 0 NaN
vt 0 NaN
vt 0 NaN
vt 0 NaN
vt 0 NaN
vt 0 NaN
vt 0 NaN
vt 0 NaN
vt 0 NaN
vt 0 NaN
vt 0 NaN
vt 0 NaN
vt 0 NaN
vt 0 NaN
vt 0 NaN
vt 0 NaN
vt 0 NaN
vt 0 NaN
vt 0 NaN
vt 0 NaN
vt 0 NaN
vt 0 NaN
vt 0 NaN
vt 0 NaN
vt 0 NaN
vt 0 NaN
vt 0 NaN
vt 0 NaN
vt 0 NaN
vt 0 NaN
vt 0 NaN
vt 0 NaN
vt 0 NaN
vt 0 NaN
vt 0 NaN
vt 0 NaN
vt 0 NaN
vt 0 NaN
vt 0 NaN
vt 0 NaN
vt 0 NaN
vt 0 NaN
vt 0 NaN
vt 0 NaN
vt 0 NaN
vt 0 NaN
vt 0 NaN
vt 0 NaN
vt 0 NaN
vt 0 NaN
vt 0 NaN
vt 0 NaN
vt 0 NaN
vt 0 NaN
vt 0 NaN
vt 0 NaN
vt 0 NaN
vt 0 NaN
vt 0 NaN
vt 0 NaN
vt 0 NaN
vt 0 NaN
vt 0 NaN
vt 0 NaN
vt 0 NaN
vt 0 NaN
vt 0 NaN
vt 0 NaN
vt 0 NaN
vt 0 NaN
vt 0 NaN
vt 0 NaN
vt 0 NaN
vt 0 NaN
vt 0 NaN
vt 0 NaN
vt 0 NaN
vt 0 NaN
vt 0 NaN
vt 0 NaN
vt 0 NaN
vt 0 NaN
vt 0 NaN
vt 0 NaN
vt 0 NaN
vt 0 NaN
vt 0 NaN
vt 0 NaN
vt 0 NaN
vt 0 NaN
vt 0 NaN
vt 0 NaN
vt 0 NaN
vt 0 NaN
vt 0 NaN
vt 0 NaN
vt 0 NaN
vt 0 NaN
vt 0 NaN
vt 0 NaN
vt 0 NaN
vt 0 NaN
vt 0 NaN
vt 0 NaN
vt 0 NaN
vt 0 NaN
vt 0 NaN
vt 0 NaN
vt 0 NaN
vt 0 NaN
vt 0 NaN
vt 0 NaN
vt 0 NaN
vt 0 NaN
vt 0 NaN
vt 0 NaN
vt 0 NaN
vt 0 NaN
vt 0 NaN
vt 0 NaN
vt 0 NaN
vt 0 NaN
vt 0 NaN
vt 0 NaN
vt 0 NaN
vt 0 NaN
vt 0 NaN
vt 0 NaN
vt 0 NaN
vt 0 NaN
vt 0 NaN
vt 0 NaN
vt 0 NaN
vt 0 NaN
vt 0 NaN
vt 0 NaN
vt 0 NaN
vt 0 NaN
vt 0 NaN
vt 0 NaN
vt 0 NaN
vt 0 NaN
vt 0 NaN
vt 0 NaN
vt 0 NaN
vt 0 NaN
vt 0 NaN
vt 0 NaN
vt 0 NaN
vt 0 NaN
vt 0 NaN
vt 0 NaN
vt 0 NaN
vt 0 NaN
vt 0 NaN
vt 0 NaN
vt 0 NaN
vt 0 NaN
vt 0 NaN
vt 0 NaN
vt 0 NaN
vt 0 NaN
vt 0 NaN
vt 0 NaN
vt 0 NaN
vt 0 NaN
vt 0 NaN
vt 0 NaN
vt 0 NaN
vt 0 NaN
vt 0 NaN
vt 0 NaN
vt 0 NaN
vt 0 NaN
vt 0 NaN
vt 0 NaN
vt 0 NaN
vt 0 NaN
vt 0 NaN
vt 0 NaN
vt 0 NaN
vt 0 NaN
vt 0 NaN
vt 0 NaN
vt 0 NaN
vt 0 NaN
vt 0 NaN
vt 0 NaN
vt 0 NaN
vt 0 NaN
vt 0 NaN
vt 0 NaN
vt 0 NaN
vt 0 NaN
vt 0 NaN
vt 0 NaN
vt 0 NaN
vt 0 NaN
vt 0 NaN
vt 0 NaN
vt 0 NaN
vt 0 NaN
vt 0 NaN
vt 0 NaN
vt 0 NaN
vt 0 NaN
vt 0 NaN
vt 0 NaN
vt 0 NaN
vt 0 NaN
vt 0 NaN
vt 0 NaN
vt 0 NaN
vt 0 NaN
vt 0 NaN
vt 0 NaN
vt 0 NaN
vt 0 NaN
vt 0 NaN
vt 0 NaN
vt 0 NaN
vt 0 NaN
vt 0 NaN
vt 0 NaN
vt 0 NaN
vt 0 NaN
vt 0 NaN
vt 0 NaN
vt 0 NaN
vt 0 NaN
vt 0 NaN
vt 0 NaN
vt 0 NaN
vt 0 NaN
vt 0 NaN
vt 0 NaN
vt 0 NaN
vt 0 NaN
vt 0 NaN
vt 0 NaN
vt 0 NaN
vt 0 NaN
vt 0 NaN
vt 0 NaN
vt 0 NaN
vt 0 NaN
vt 0 NaN
vt 0 NaN
vt 0 NaN
vt 0 NaN
vt 0 NaN
vt 0 NaN
vt 0 NaN
vt 0 NaN
vt 0 NaN
vt 0 NaN
vt 0 NaN
vt 0 NaN
vt 0 NaN
vt 0 NaN
vt 0 NaN
vt 0 NaN
vt 0 NaN
vt 0 NaN
vt 0 NaN
vt 0 NaN
vt 0 NaN
vt 0 NaN
vt 0 NaN
vt 0 NaN
vt 0 NaN
vt 0 NaN
vt 0 NaN
vt 0 NaN
vt 0 NaN
vt 0 NaN
vt 0 NaN
vt 0 NaN
vt 0 NaN
vt 0 NaN
vt 0 NaN
vt 0 NaN
vt 0 NaN
vt 0 NaN
vt 0 NaN
vt 0 NaN
vt 0 NaN
vt 0 NaN
vt 0 NaN
vt 0 NaN
vt 0 NaN
vt 0 NaN
vt 0 NaN
vt 0 NaN
vt 0 NaN
vt 0 NaN
vt 0 NaN
vt 0 NaN
vt 0 NaN
vt 0 NaN
vt 0 NaN
vt 0 NaN
vt 0 NaN
vt 0 NaN
vt 0 NaN
vt 0 NaN
vt 0 NaN
vt 0 NaN
vt 0 NaN
vt 0 NaN
vt 0 NaN
vt 0 NaN
vt 0 NaN
vt 0 NaN
vt 0 NaN
vt 0 NaN
vt 0 NaN
vt 0 NaN
vt 0 NaN
vt 0 NaN
vt 0 NaN
vt 0 NaN
vt 0 NaN
vt 0 NaN
vt 0 NaN
vt 0 NaN
vt 0 NaN
vt 0 NaN
vt 0 NaN
vt 0 NaN
vt 0 NaN
vt 0 NaN
vt 0 NaN
vt 0 NaN
vt 0 NaN
vt 0 NaN
vt 0 NaN
vt 0 NaN
vt 0 NaN
vt 0 NaN
vt 0 NaN
vt 0 NaN
vt 0 NaN
vt 0 NaN
vt 0 NaN
vt 0 NaN
vt 0 NaN
vt 0 NaN
vt 0 NaN
vt 0 NaN
vt 0 NaN
vt 0 NaN

usemtl color10

f 3/3/1 2/2/1 1/1/1
f 2/3/1 3/2/1 4/1/1
f 5/3/2 3/2/2 1/1/2
f 3/3/2 5/2/2 6/1/2
f 7/5/3 2/5/3 4/4/3
f 2/5/3 7/5/3 8/6/3
f 7/5/4 5/5/4 8/7/4
f 5/5/4 7/5/4 6/8/4
f 5/5/5 2/5/5 8/9/5
f 2/5/5 5/5/5 1/10/5
f 3/2/6 7/3/6 4/11/6
f 7/3/6 3/2/6 6/1/6
f 3/3/1 2/2/1 1/1/1
f 2/3/1 3/2/1 4/1/1
f 5/3/2 3/2/2 1/1/2
f 3/3/2 5/2/2 6/1/2
f 7/5/3 2/5/3 4/4/3
f 2/5/3 7/5/3 8/6/3
f 7/5/4 5/5/4 8/7/4
f 5/5/4 7/5/4 6/8/4
f 5/5/5 2/5/5 8/9/5
f 2/5/5 5/5/5 1/10/5
f 3/2/6 7/3/6 4/11/6
f 7/3/6 3/2/6 6/1/6
f 11/3/1 10/2/1 9/1/1
f 10/3/1 11/2/1 12/1/1
f 13/3/2 11/2/2 9/1/2
f 11/3/2 13/2/2 14/1/2
f 15/5/3 10/5/3 12/12/3
f 10/5/3 15/5/3 16/13/3
f 15/5/4 13/5/4 16/14/4
f 13/5/4 15/5/4 14/15/4
f 13/5/5 10/5/5 16/16/5
f 10/5/5 13/5/5 9/17/5
f 11/2/6 15/3/6 12/11/6
f 15/3/6 11/2/6 14/1/6
f 19/3/1 18/2/1 17/1/1
f 18/3/1 19/2/1 20/1/1
f 21/3/2 19/2/2 17/1/2
f 19/3/2 21/2/2 22/1/2
f 23/5/3 18/5/3 20/18/3
f 18/5/3 23/5/3 24/19/3
f 23/5/4 21/5/4 24/20/4
f 21/5/4 23/5/4 22/21/4
f 21/5/5 18/5/5 24/22/5
f 18/5/5 21/5/5 17/23/5
f 19/2/6 23/3/6 20/11/6
f 23/3/6 19/2/6 22/1/6
f 27/3/1 26/2/1 25/1/1
f 26/3/1 27/2/1 28/1/1
f 29/3/2 27/2/2 25/1/2
f 27/3/2 29/2/2 30/1/2
f 31/5/3 26/5/3 28/24/3
f 26/5/3 31/5/3 32/25/3
f 31/5/4 29/5/4 32/26/4
f 29/5/4 31/5/4 30/27/4
f 29/5/5 26/5/5 32/28/5
f 26/5/5 29/5/5 25/29/5
f 27/2/6 31/3/6 28/11/6
f 31/3/6 27/2/6 30/1/6
f 35/3/1 34/2/1 33/1/1
f 34/3/1 35/2/1 36/1/1
f 37/3/2 35/2/2 33/1/2
f 35/3/2 37/2/2 38/1/2
f 39/5/3 34/5/3 36/30/3
f 34/5/3 39/5/3 40/31/3
f 39/5/4 37/5/4 40/32/4
f 37/5/4 39/5/4 38/33/4
f 37/5/5 34/5/5 40/34/5
f 34/5/5 37/5/5 33/35/5
f 35/2/6 39/3/6 36/11/6
f 39/3/6 35/2/6 38/1/6
f 43/3/1 42/2/1 41/1/1
f 42/3/1 43/2/1 44/1/1
f 45/3/2 43/2/2 41/1/2
f 43/3/2 45/2/2 46/1/2
f 47/5/3 42/5/3 44/36/3
f 42/5/3 47/5/3 48/37/3
f 47/5/4 45/5/4 48/38/4
f 45/5/4 47/5/4 46/39/4
f 45/5/5 42/5/5 48/40/5
f 42/5/5 45/5/5 41/41/5
f 43/2/6 47/3/6 44/11/6
f 47/3/6 43/2/6 46/1/6
f 51/3/1 50/2/1 49/1/1
f 50/3/1 51/2/1 52/1/1
f 18/3/2 51/2/2 49/1/2
f 51/3/2 18/2/2 20/1/2
f 53/5/3 50/5/3 52/42/3
f 50/5/3 53/5/3 54/43/3
f 53/5/4 18/5/4 54/44/4
f 18/5/4 53/5/4 20/45/4
f 18/5/5 50/5/5 54/46/5
f 50/5/5 18/5/5 49/47/5
f 51/2/6 53/3/6 52/11/6
f 53/3/6 51/2/6 20/1/6
f 57/3/1 56/2/1 55/1/1
f 56/3/1 57/2/1 58/1/1
f 59/3/2 57/2/2 55/1/2
f 57/3/2 59/2/2 60/1/2
f 61/5/3 56/5/3 58/48/3
f 56/5/3 61/5/3 62/49/3
f 61/5/4 59/5/4 62/50/4
f 59/5/4 61/5/4 60/51/4
f 59/5/5 56/5/5 62/52/5
f 56/5/5 59/5/5 55/53/5
f 57/2/6 61/3/6 58/11/6
f 61/3/6 57/2/6 60/1/6
f 31/3/1 63/2/1 32/1/1
f 63/3/1 31/2/1 64/1/1
f 65/3/2 31/2/2 32/1/2
f 31/3/2 65/2/2 66/1/2
f 67/5/3 63/5/3 64/54/3
f 63/5/3 67/5/3 68/55/3
f 67/5/4 65/5/4 68/56/4
f 65/5/4 67/5/4 66/57/4
f 65/5/5 63/5/5 68/58/5
f 63/5/5 65/5/5 32/28/5
f 31/2/6 67/3/6 64/11/6
f 67/3/6 31/2/6 66/1/6
f 71/3/1 70/2/1 69/1/1
f 70/3/1 71/2/1 72/1/1
f 73/3/2 71/2/2 69/1/2
f 71/3/2 73/2/2 74/1/2
f 75/5/3 70/5/3 72/59/3
f 70/5/3 75/5/3 76/60/3
f 75/5/4 73/5/4 76/61/4
f 73/5/4 75/5/4 74/62/4
f 73/5/5 70/5/5 76/63/5
f 70/5/5 73/5/5 69/64/5
f 71/2/6 75/3/6 72/11/6
f 75/3/6 71/2/6 74/1/6
f 61/3/1 77/2/1 62/1/1
f 77/3/1 61/2/1 78/1/1
f 79/3/2 61/2/2 62/1/2
f 61/3/2 79/2/2 80/1/2
f 81/5/3 77/5/3 78/65/3
f 77/5/3 81/5/3 82/66/3
f 81/5/4 79/5/4 82/67/4
f 79/5/4 81/5/4 80/68/4
f 79/5/5 77/5/5 82/69/5
f 77/5/5 79/5/5 62/52/5
f 61/2/6 81/3/6 78/11/6
f 81/3/6 61/2/6 80/1/6
f 85/3/1 84/2/1 83/1/1
f 84/3/1 85/2/1 86/1/1
f 87/3/2 85/2/2 83/1/2
f 85/3/2 87/2/2 88/1/2
f 89/5/3 84/5/3 86/70/3
f 84/5/3 89/5/3 90/71/3
f 89/5/4 87/5/4 90/72/4
f 87/5/4 89/5/4 88/73/4
f 87/5/5 84/5/5 90/74/5
f 84/5/5 87/5/5 83/75/5
f 85/2/6 89/3/6 86/11/6
f 89/3/6 85/2/6 88/1/6
f 93/3/1 92/2/1 91/1/1
f 92/3/1 93/2/1 94/1/1
f 95/3/2 93/2/2 91/1/2
f 93/3/2 95/2/2 96/1/2
f 97/5/3 92/5/3 94/76/3
f 92/5/3 97/5/3 98/77/3
f 97/5/4 95/5/4 98/78/4
f 95/5/4 97/5/4 96/79/4
f 95/5/5 92/5/5 98/80/5
f 92/5/5 95/5/5 91/81/5
f 93/2/6 97/3/6 94/11/6
f 97/3/6 93/2/6 96/1/6
f 101/3/1 100/2/1 99/1/1
f 100/3/1 101/2/1 102/1/1
f 103/3/2 101/2/2 99/1/2
f 101/3/2 103/2/2 104/1/2
f 105/5/3 100/5/3 102/82/3
f 100/5/3 105/5/3 106/83/3
f 105/5/4 103/5/4 106/84/4
f 103/5/4 105/5/4 104/85/4
f 103/5/5 100/5/5 106/86/5
f 100/5/5 103/5/5 99/87/5
f 101/2/6 105/3/6 102/11/6
f 105/3/6 101/2/6 104/1/6
f 109/3/1 108/2/1 107/1/1
f 108/3/1 109/2/1 110/1/1
f 111/3/2 109/2/2 107/1/2
f 109/3/2 111/2/2 112/1/2
f 113/5/3 108/5/3 110/88/3
f 108/5/3 113/5/3 114/89/3
f 113/5/4 111/5/4 114/90/4
f 111/5/4 113/5/4 112/91/4
f 111/5/5 108/5/5 114/92/5
f 108/5/5 111/5/5 107/93/5
f 109/2/6 113/3/6 110/11/6
f 113/3/6 109/2/6 112/1/6
f 117/3/1 116/2/1 115/1/1
f 116/3/1 117/2/1 118/1/1
f 119/3/2 117/2/2 115/1/2
f 117/3/2 119/2/2 120/1/2
f 121/5/3 116/5/3 118/94/3
f 116/5/3 121/5/3 122/95/3
f 121/5/4 119/5/4 122/96/4
f 119/5/4 121/5/4 120/97/4
f 119/5/5 116/5/5 122/98/5
f 116/5/5 119/5/5 115/99/5
f 117/2/6 121/3/6 118/11/6
f 121/3/6 117/2/6 120/1/6
f 125/3/1 124/2/1 123/1/1
f 124/3/1 125/2/1 126/1/1
f 127/3/2 125/2/2 123/1/2
f 125/3/2 127/2/2 128/1/2
f 129/5/3 124/5/3 126/100/3
f 124/5/3 129/5/3 130/101/3
f 129/5/4 127/5/4 130/102/4
f 127/5/4 129/5/4 128/103/4
f 127/5/5 124/5/5 130/104/5
f 124/5/5 127/5/5 123/105/5
f 125/2/6 129/3/6 126/11/6
f 129/3/6 125/2/6 128/1/6
f 133/3/1 132/2/1 131/1/1
f 132/3/1 133/2/1 134/1/1
f 135/3/2 133/2/2 131/1/2
f 133/3/2 135/2/2 136/1/2
f 137/5/3 132/5/3 134/106/3
f 132/5/3 137/5/3 138/107/3
f 137/5/4 135/5/4 138/108/4
f 135/5/4 137/5/4 136/109/4
f 135/5/5 132/5/5 138/110/5
f 132/5/5 135/5/5 131/111/5
f 133/2/6 137/3/6 134/11/6
f 137/3/6 133/2/6 136/1/6
f 141/3/1 140/2/1 139/1/1
f 140/3/1 141/2/1 142/1/1
f 143/3/2 141/2/2 139/1/2
f 141/3/2 143/2/2 144/1/2
f 145/5/3 140/5/3 142/112/3
f 140/5/3 145/5/3 146/113/3
f 145/5/4 143/5/4 146/114/4
f 143/5/4 145/5/4 144/115/4
f 143/5/5 140/5/5 146/116/5
f 140/5/5 143/5/5 139/117/5
f 141/2/6 145/3/6 142/11/6
f 145/3/6 141/2/6 144/1/6
f 149/3/1 148/2/1 147/1/1
f 148/3/1 149/2/1 150/1/1
f 151/3/2 149/2/2 147/1/2
f 149/3/2 151/2/2 152/1/2
f 153/5/3 148/5/3 150/118/3
f 148/5/3 153/5/3 154/119/3
f 153/5/4 151/5/4 154/120/4
f 151/5/4 153/5/4 152/121/4
f 151/5/5 148/5/5 154/122/5
f 148/5/5 151/5/5 147/123/5
f 149/2/6 153/3/6 150/11/6
f 153/3/6 149/2/6 152/1/6
f 157/3/1 156/2/1 155/1/1
f 156/3/1 157/2/1 158/1/1
f 159/3/2 157/2/2 155/1/2
f 157/3/2 159/2/2 160/1/2
f 161/5/3 156/5/3 158/124/3
f 156/5/3 161/5/3 162/125/3
f 161/5/4 159/5/4 162/126/4
f 159/5/4 161/5/4 160/127/4
f 159/5/5 156/5/5 162/128/5
f 156/5/5 159/5/5 155/129/5
f 157/2/6 161/3/6 158/11/6
f 161/3/6 157/2/6 160/1/6
f 165/3/1 164/2/1 163/1/1
f 164/3/1 165/2/1 166/1/1
f 167/3/2 165/2/2 163/1/2
f 165/3/2 167/2/2 168/1/2
f 169/5/3 164/5/3 166/130/3
f 164/5/3 169/5/3 170/131/3
f 169/5/4 167/5/4 170/132/4
f 167/5/4 169/5/4 168/133/4
f 167/5/5 164/5/5 170/134/5
f 164/5/5 167/5/5 163/135/5
f 165/2/6 169/3/6 166/11/6
f 169/3/6 165/2/6 168/1/6
f 173/3/1 172/2/1 171/1/1
f 172/3/1 173/2/1 174/1/1
f 100/3/2 173/2/2 171/1/2
f 173/3/2 100/2/2 102/1/2
f 175/5/3 172/5/3 174/136/3
f 172/5/3 175/5/3 176/137/3
f 175/5/4 100/5/4 176/138/4
f 100/5/4 175/5/4 102/139/4
f 100/5/5 172/5/5 176/140/5
f 172/5/5 100/5/5 171/141/5
f 173/2/6 175/3/6 174/11/6
f 175/3/6 173/2/6 102/1/6
f 179/3/1 178/2/1 177/1/1
f 178/3/1 179/2/1 180/1/1
f 108/3/2 179/2/2 177/1/2
f 179/3/2 108/2/2 110/1/2
f 181/5/3 178/5/3 180/142/3
f 178/5/3 181/5/3 182/143/3
f 181/5/4 108/5/4 182/144/4
f 108/5/4 181/5/4 110/145/4
f 108/5/5 178/5/5 182/146/5
f 178/5/5 108/5/5 177/147/5
f 179/2/6 181/3/6 180/11/6
f 181/3/6 179/2/6 110/1/6
f 113/3/1 183/2/1 114/1/1
f 183/3/1 113/2/1 184/1/1
f 116/3/2 113/2/2 114/1/2
f 113/3/2 116/2/2 118/1/2
f 185/5/3 183/5/3 184/148/3
f 183/5/3 185/5/3 186/149/3
f 185/5/4 116/5/4 186/150/4
f 116/5/4 185/5/4 118/151/4
f 116/5/5 183/5/5 186/152/5
f 183/5/5 116/5/5 114/92/5
f 113/2/6 185/3/6 184/11/6
f 185/3/6 113/2/6 118/1/6
f 121/3/1 187/2/1 122/1/1
f 187/3/1 121/2/1 188/1/1
f 124/3/2 121/2/2 122/1/2
f 121/3/2 124/2/2 126/1/2
f 189/5/3 187/5/3 188/153/3
f 187/5/3 189/5/3 190/154/3
f 189/5/4 124/5/4 190/155/4
f 124/5/4 189/5/4 126/156/4
f 124/5/5 187/5/5 190/157/5
f 187/5/5 124/5/5 122/98/5
f 121/2/6 189/3/6 188/11/6
f 189/3/6 121/2/6 126/1/6
f 129/3/1 191/2/1 130/1/1
f 191/3/1 129/2/1 192/1/1
f 193/3/2 129/2/2 130/1/2
f 129/3/2 193/2/2 194/1/2
f 134/106/3 191/5/3 192/158/3
f 191/5/3 134/106/3 132/5/3
f 134/5/4 193/5/4 132/159/4
f 193/5/4 134/5/4 194/160/4
f 193/5/5 191/5/5 132/5/5
f 191/5/5 193/5/5 130/104/5
f 129/2/6 134/3/6 192/11/6
f 134/3/6 129/2/6 194/1/6
f 197/3/1 196/2/1 195/1/1
f 196/3/1 197/2/1 198/1/1
f 199/3/2 197/2/2 195/1/2
f 197/3/2 199/2/2 200/1/2
f 150/118/3 196/5/3 198/161/3
f 196/5/3 150/118/3 148/5/3
f 150/5/4 199/5/4 148/162/4
f 199/5/4 150/5/4 200/163/4
f 199/5/5 196/5/5 148/5/5
f 196/5/5 199/5/5 195/164/5
f 197/2/6 150/3/6 198/11/6
f 150/3/6 197/2/6 200/1/6
f 203/3/1 202/2/1 201/1/1
f 202/3/1 203/2/1 204/1/1
f 205/3/2 203/2/2 201/1/2
f 203/3/2 205/2/2 206/1/2
f 207/5/3 202/5/3 204/165/3
f 202/5/3 207/5/3 208/166/3
f 207/5/4 205/5/4 208/167/4
f 205/5/4 207/5/4 206/168/4
f 205/5/5 202/5/5 208/169/5
f 202/5/5 205/5/5 201/170/5
f 203/2/6 207/3/6 204/11/6
f 207/3/6 203/2/6 206/1/6
f 211/3/1 210/2/1 209/1/1
f 210/3/1 211/2/1 212/1/1
f 213/3/2 211/2/2 209/1/2
f 211/3/2 213/2/2 214/1/2
f 215/5/3 210/5/3 212/171/3
f 210/5/3 215/5/3 216/172/3
f 215/5/4 213/5/4 216/173/4
f 213/5/4 215/5/4 214/174/4
f 213/5/5 210/5/5 216/175/5
f 210/5/5 213/5/5 209/176/5
f 211/2/6 215/3/6 212/11/6
f 215/3/6 211/2/6 214/1/6
f 219/3/1 218/2/1 217/1/1
f 218/3/1 219/2/1 220/1/1
f 221/3/2 219/2/2 217/1/2
f 219/3/2 221/2/2 222/1/2
f 223/5/3 218/5/3 220/177/3
f 218/5/3 223/5/3 224/178/3
f 223/5/4 221/5/4 224/179/4
f 221/5/4 223/5/4 222/180/4
f 221/5/5 218/5/5 224/181/5
f 218/5/5 221/5/5 217/182/5
f 219/2/6 223/3/6 220/11/6
f 223/3/6 219/2/6 222/1/6
f 227/3/1 226/2/1 225/1/1
f 226/3/1 227/2/1 228/1/1
f 229/3/2 227/2/2 225/1/2
f 227/3/2 229/2/2 230/1/2
f 231/5/3 226/5/3 228/183/3
f 226/5/3 231/5/3 232/184/3
f 231/5/4 229/5/4 232/185/4
f 229/5/4 231/5/4 230/186/4
f 229/5/5 226/5/5 232/187/5
f 226/5/5 229/5/5 225/188/5
f 227/2/6 231/3/6 228/11/6
f 231/3/6 227/2/6 230/1/6
f 235/3/1 234/2/1 233/1/1
f 234/3/1 235/2/1 236/1/1
f 172/3/2 235/2/2 233/1/2
f 235/3/2 172/2/2 174/1/2
f 237/5/3 234/5/3 236/189/3
f 234/5/3 237/5/3 238/190/3
f 237/5/4 172/5/4 238/191/4
f 172/5/4 237/5/4 174/192/4
f 172/5/5 234/5/5 238/193/5
f 234/5/5 172/5/5 233/194/5
f 235/2/6 237/3/6 236/11/6
f 237/3/6 235/2/6 174/1/6
f 241/3/1 240/2/1 239/1/1
f 240/3/1 241/2/1 242/1/1
f 243/3/2 241/2/2 239/1/2
f 241/3/2 243/2/2 244/1/2
f 245/5/3 240/5/3 242/195/3
f 240/5/3 245/5/3 246/196/3
f 245/5/4 243/5/4 246/197/4
f 243/5/4 245/5/4 244/198/4
f 243/5/5 240/5/5 246/199/5
f 240/5/5 243/5/5 239/200/5
f 241/2/6 245/3/6 242/11/6
f 245/3/6 241/2/6 244/1/6
f 249/3/1 248/2/1 247/1/1
f 248/3/1 249/2/1 250/1/1
f 251/3/2 249/2/2 247/1/2
f 249/3/2 251/2/2 252/1/2
f 253/5/3 248/5/3 250/201/3
f 248/5/3 253/5/3 254/202/3
f 253/5/4 251/5/4 254/203/4
f 251/5/4 253/5/4 252/204/4
f 251/5/5 248/5/5 254/205/5
f 248/5/5 251/5/5 247/206/5
f 249/2/6 253/3/6 250/11/6
f 253/3/6 249/2/6 252/1/6
f 257/3/1 256/2/1 255/1/1
f 256/3/1 257/2/1 258/1/1
f 259/3/2 257/2/2 255/1/2
f 257/3/2 259/2/2 260/1/2
f 261/5/3 256/5/3 258/207/3
f 256/5/3 261/5/3 262/208/3
f 261/5/4 259/5/4 262/209/4
f 259/5/4 261/5/4 260/210/4
f 259/5/5 256/5/5 262/211/5
f 256/5/5 259/5/5 255/212/5
f 257/2/6 261/3/6 258/11/6
f 261/3/6 257/2/6 260/1/6
f 265/3/1 264/2/1 263/1/1
f 264/3/1 265/2/1 266/1/1
f 267/3/2 265/2/2 263/1/2
f 265/3/2 267/2/2 268/1/2
f 269/5/3 264/5/3 266/213/3
f 264/5/3 269/5/3 270/214/3
f 269/5/4 267/5/4 270/215/4
f 267/5/4 269/5/4 268/216/4
f 267/5/5 264/5/5 270/217/5
f 264/5/5 267/5/5 263/218/5
f 265/2/6 269/3/6 266/11/6
f 269/3/6 265/2/6 268/1/6
f 273/3/1 272/2/1 271/1/1
f 272/3/1 273/2/1 274/1/1
f 275/3/2 273/2/2 271/1/2
f 273/3/2 275/2/2 276/1/2
f 277/5/3 272/5/3 274/219/3
f 272/5/3 277/5/3 278/220/3
f 277/5/4 275/5/4 278/221/4
f 275/5/4 277/5/4 276/222/4
f 275/5/5 272/5/5 278/223/5
f 272/5/5 275/5/5 271/224/5
f 273/2/6 277/3/6 274/11/6
f 277/3/6 273/2/6 276/1/6
f 281/3/1 280/2/1 279/1/1
f 280/3/1 281/2/1 282/1/1
f 283/3/2 281/2/2 279/1/2
f 281/3/2 283/2/2 284/1/2
f 285/5/3 280/5/3 282/225/3
f 280/5/3 285/5/3 286/226/3
f 285/5/4 283/5/4 286/227/4
f 283/5/4 285/5/4 284/228/4
f 283/5/5 280/5/5 286/229/5
f 280/5/5 283/5/5 279/230/5
f 281/2/6 285/3/6 282/11/6
f 285/3/6 281/2/6 284/1/6
f 289/3/1 288/2/1 287/1/1
f 288/3/1 289/2/1 290/1/1
f 291/3/2 289/2/2 287/1/2
f 289/3/2 291/2/2 292/1/2
f 293/5/3 288/5/3 290/231/3
f 288/5/3 293/5/3 294/232/3
f 293/5/4 291/5/4 294/233/4
f 291/5/4 293/5/4 292/234/4
f 291/5/5 288/5/5 294/235/5
f 288/5/5 291/5/5 287/236/5
f 289/2/6 293/3/6 290/11/6
f 293/3/6 289/2/6 292/1/6
f 277/3/1 295/2/1 278/1/1
f 295/3/1 277/2/1 296/1/1
f 280/3/2 277/2/2 278/1/2
f 277/3/2 280/2/2 282/1/2
f 297/5/3 295/5/3 296/237/3
f 295/5/3 297/5/3 298/238/3
f 297/5/4 280/5/4 298/239/4
f 280/5/4 297/5/4 282/240/4
f 280/5/5 295/5/5 298/241/5
f 295/5/5 280/5/5 278/223/5
f 277/2/6 297/3/6 296/11/6
f 297/3/6 277/2/6 282/1/6
f 285/3/1 299/2/1 286/1/1
f 299/3/1 285/2/1 300/1/1
f 288/3/2 285/2/2 286/1/2
f 285/3/2 288/2/2 290/1/2
f 301/5/3 299/5/3 300/242/3
f 299/5/3 301/5/3 302/243/3
f 301/5/4 288/5/4 302/244/4
f 288/5/4 301/5/4 290/245/4
f 288/5/5 299/5/5 302/246/5
f 299/5/5 288/5/5 286/229/5
f 285/2/6 301/3/6 300/11/6
f 301/3/6 285/2/6 290/1/6
f 305/3/1 304/2/1 303/1/1
f 304/3/1 305/2/1 306/1/1
f 307/3/2 305/2/2 303/1/2
f 305/3/2 307/2/2 308/1/2
f 309/5/3 304/5/3 306/247/3
f 304/5/3 309/5/3 310/248/3
f 309/5/4 307/5/4 310/249/4
f 307/5/4 309/5/4 308/250/4
f 307/5/5 304/5/5 310/251/5
f 304/5/5 307/5/5 303/252/5
f 305/2/6 309/3/6 306/11/6
f 309/3/6 305/2/6 308/1/6
f 313/3/1 312/2/1 311/1/1
f 312/3/1 313/2/1 314/1/1
f 315/3/2 313/2/2 311/1/2
f 313/3/2 315/2/2 316/1/2
f 317/5/3 312/5/3 314/253/3
f 312/5/3 317/5/3 318/254/3
f 317/5/4 315/5/4 318/255/4
f 315/5/4 317/5/4 316/256/4
f 315/5/5 312/5/5 318/257/5
f 312/5/5 315/5/5 311/258/5
f 313/2/6 317/3/6 314/11/6
f 317/3/6 313/2/6 316/1/6
f 321/3/1 320/2/1 319/1/1
f 320/3/1 321/2/1 322/1/1
f 323/3/2 321/2/2 319/1/2
f 321/3/2 323/2/2 324/1/2
f 325/5/3 320/5/3 322/259/3
f 320/5/3 325/5/3 326/260/3
f 325/5/4 323/5/4 326/261/4
f 323/5/4 325/5/4 324/262/4
f 323/5/5 320/5/5 326/263/5
f 320/5/5 323/5/5 319/264/5
f 321/2/6 325/3/6 322/11/6
f 325/3/6 321/2/6 324/1/6
f 329/3/1 328/2/1 327/1/1
f 328/3/1 329/2/1 330/1/1
f 331/3/2 329/2/2 327/1/2
f 329/3/2 331/2/2 332/1/2
f 333/5/3 328/5/3 330/265/3
f 328/5/3 333/5/3 334/266/3
f 333/5/4 331/5/4 334/267/4
f 331/5/4 333/5/4 332/268/4
f 331/5/5 328/5/5 334/269/5
f 328/5/5 331/5/5 327/270/5
f 329/2/6 333/3/6 330/11/6
f 333/3/6 329/2/6 332/1/6
f 337/3/1 336/2/1 335/1/1
f 336/3/1 337/2/1 338/1/1
f 339/3/2 337/2/2 335/1/2
f 337/3/2 339/2/2 340/1/2
f 341/5/3 336/5/3 338/271/3
f 336/5/3 341/5/3 342/272/3
f 341/5/4 339/5/4 342/273/4
f 339/5/4 341/5/4 340/274/4
f 339/5/5 336/5/5 342/275/5
f 336/5/5 339/5/5 335/276/5
f 337/2/6 341/3/6 338/11/6
f 341/3/6 337/2/6 340/1/6
f 345/3/1 344/2/1 343/1/1
f 344/3/1 345/2/1 346/1/1
f 347/3/2 345/2/2 343/1/2
f 345/3/2 347/2/2 348/1/2
f 349/5/3 344/5/3 346/277/3
f 344/5/3 349/5/3 350/278/3
f 349/5/4 347/5/4 350/279/4
f 347/5/4 349/5/4 348/280/4
f 347/5/5 344/5/5 350/281/5
f 344/5/5 347/5/5 343/282/5
f 345/2/6 349/3/6 346/11/6
f 349/3/6 345/2/6 348/1/6
f 353/3/1 352/2/1 351/1/1
f 352/3/1 353/2/1 354/1/1
f 355/3/2 353/2/2 351/1/2
f 353/3/2 355/2/2 356/1/2
f 357/5/3 352/5/3 354/283/3
f 352/5/3 357/5/3 358/284/3
f 357/5/4 355/5/4 358/285/4
f 355/5/4 357/5/4 356/286/4
f 355/5/5 352/5/5 358/287/5
f 352/5/5 355/5/5 351/288/5
f 353/2/6 357/3/6 354/11/6
f 357/3/6 353/2/6 356/1/6
f 361/3/1 360/2/1 359/1/1
f 360/3/1 361/2/1 362/1/1
f 363/3/2 361/2/2 359/1/2
f 361/3/2 363/2/2 364/1/2
f 365/5/3 360/5/3 362/289/3
f 360/5/3 365/5/3 366/290/3
f 365/5/4 363/5/4 366/291/4
f 363/5/4 365/5/4 364/292/4
f 363/5/5 360/5/5 366/293/5
f 360/5/5 363/5/5 359/294/5
f 361/2/6 365/3/6 362/11/6
f 365/3/6 361/2/6 364/1/6
f 369/3/1 368/2/1 367/1/1
f 368/3/1 369/2/1 370/1/1
f 371/3/2 369/2/2 367/1/2
f 369/3/2 371/2/2 372/1/2
f 373/5/3 368/5/3 370/295/3
f 368/5/3 373/5/3 374/296/3
f 373/5/4 371/5/4 374/297/4
f 371/5/4 373/5/4 372/298/4
f 371/5/5 368/5/5 374/299/5
f 368/5/5 371/5/5 367/300/5
f 369/2/6 373/3/6 370/11/6
f 373/3/6 369/2/6 372/1/6
f 377/3/1 376/2/1 375/1/1
f 376/3/1 377/2/1 378/1/1
f 379/3/2 377/2/2 375/1/2
f 377/3/2 379/2/2 380/1/2
f 381/5/3 376/5/3 378/301/3
f 376/5/3 381/5/3 382/302/3
f 381/5/4 379/5/4 382/303/4
f 379/5/4 381/5/4 380/304/4
f 379/5/5 376/5/5 382/305/5
f 376/5/5 379/5/5 375/306/5
f 377/2/6 381/3/6 378/11/6
f 381/3/6 377/2/6 380/1/6
f 385/3/1 384/2/1 383/1/1
f 384/3/1 385/2/1 386/1/1
f 387/3/2 385/2/2 383/1/2
f 385/3/2 387/2/2 388/1/2
f 389/5/3 384/5/3 386/307/3
f 384/5/3 389/5/3 390/308/3
f 389/5/4 387/5/4 390/309/4
f 387/5/4 389/5/4 388/310/4
f 387/5/5 384/5/5 390/311/5
f 384/5/5 387/5/5 383/312/5
f 385/2/6 389/3/6 386/11/6
f 389/3/6 385/2/6 388/1/6
f 393/3/1 392/2/1 391/1/1
f 392/3/1 393/2/1 394/1/1
f 395/3/2 393/2/2 391/1/2
f 393/3/2 395/2/2 396/1/2
f 397/5/3 392/5/3 394/313/3
f 392/5/3 397/5/3 398/314/3
f 397/5/4 395/5/4 398/315/4
f 395/5/4 397/5/4 396/316/4
f 395/5/5 392/5/5 398/317/5
f 392/5/5 395/5/5 391/318/5
f 393/2/6 397/3/6 394/11/6
f 397/3/6 393/2/6 396/1/6
f 401/3/1 400/2/1 399/1/1
f 400/3/1 401/2/1 402/1/1
f 403/3/2 401/2/2 399/1/2
f 401/3/2 403/2/2 404/1/2
f 405/5/3 400/5/3 402/319/3
f 400/5/3 405/5/3 406/320/3
f 405/5/4 403/5/4 406/321/4
f 403/5/4 405/5/4 404/322/4
f 403/5/5 400/5/5 406/323/5
f 400/5/5 403/5/5 399/324/5
f 401/2/6 405/3/6 402/11/6
f 405/3/6 401/2/6 404/1/6

usemtl color12

f 6/3/1 8/2/1 5/1/1
f 8/3/1 6/2/1 7/1/1
f 407/3/2 6/2/2 5/1/2
f 6/3/2 407/2/2 408/1/2
f 409/5/3 8/6/3 7/5/3
f 8/6/3 409/5/3 410/325/3
f 409/5/4 407/5/4 410/326/4
f 407/5/4 409/5/4 408/327/4
f 407/5/5 8/9/5 410/328/5
f 8/9/5 407/5/5 5/5/5
f 6/2/6 409/3/6 7/11/6
f 409/3/6 6/2/6 408/1/6
f 413/3/1 412/2/1 411/1/1
f 412/3/1 413/2/1 414/1/1
f 415/3/2 413/2/2 411/1/2
f 413/3/2 415/2/2 416/1/2
f 417/5/3 412/5/3 414/329/3
f 412/5/3 417/5/3 418/330/3
f 417/5/4 415/5/4 418/331/4
f 415/5/4 417/5/4 416/332/4
f 415/5/5 412/5/5 418/333/5
f 412/5/5 415/5/5 411/334/5
f 413/2/6 417/3/6 414/11/6
f 417/3/6 413/2/6 416/1/6
f 417/3/1 419/2/1 418/1/1
f 419/3/1 417/2/1 420/1/1
f 421/3/2 417/2/2 418/1/2
f 417/3/2 421/2/2 422/1/2
f 423/5/3 419/5/3 420/335/3
f 419/5/3 423/5/3 424/336/3
f 423/5/4 421/5/4 424/337/4
f 421/5/4 423/5/4 422/338/4
f 421/5/5 419/5/5 424/339/5
f 419/5/5 421/5/5 418/333/5
f 417/2/6 423/3/6 420/11/6
f 423/3/6 417/2/6 422/1/6
f 22/3/1 24/2/1 21/1/1
f 24/3/1 22/2/1 23/1/1
f 425/3/2 22/2/2 21/1/2
f 22/3/2 425/2/2 426/1/2
f 427/5/3 24/19/3 23/5/3
f 24/19/3 427/5/3 428/340/3
f 427/5/4 425/5/4 428/341/4
f 425/5/4 427/5/4 426/342/4
f 425/5/5 24/22/5 428/343/5
f 24/22/5 425/5/5 21/5/5
f 22/2/6 427/3/6 23/11/6
f 427/3/6 22/2/6 426/1/6
f 430/3/1 62/2/1 429/1/1
f 62/3/1 430/2/1 61/1/1
f 431/3/2 430/2/2 429/1/2
f 430/3/2 431/2/2 432/1/2
f 80/5/3 62/49/3 61/5/3
f 62/49/3 80/5/3 79/344/3
f 80/68/4 431/5/4 79/5/4
f 431/5/4 80/68/4 432/345/4
f 431/5/5 62/52/5 79/5/5
f 62/52/5 431/5/5 429/346/5
f 430/2/6 80/3/6 61/11/6
f 80/3/6 430/2/6 432/1/6
f 423/3/1 433/2/1 424/1/1
f 433/3/1 423/2/1 434/1/1
f 435/3/2 423/2/2 424/1/2
f 423/3/2 435/2/2 436/1/2
f 437/5/3 433/5/3 434/347/3
f 433/5/3 437/5/3 438/348/3
f 437/5/4 435/5/4 438/349/4
f 435/5/4 437/5/4 436/350/4
f 435/5/5 433/5/5 438/351/5
f 433/5/5 435/5/5 424/339/5
f 423/2/6 437/3/6 434/11/6
f 437/3/6 423/2/6 436/1/6
f 46/3/1 48/2/1 45/1/1
f 48/3/1 46/2/1 47/1/1
f 439/3/2 46/2/2 45/1/2
f 46/3/2 439/2/2 440/1/2
f 441/5/3 48/37/3 47/5/3
f 48/37/3 441/5/3 442/352/3
f 441/5/4 439/5/4 442/353/4
f 439/5/4 441/5/4 440/354/4
f 439/5/5 48/40/5 442/355/5
f 48/40/5 439/5/5 45/5/5
f 46/2/6 441/3/6 47/11/6
f 441/3/6 46/2/6 440/1/6
f 144/3/1 146/2/1 143/1/1
f 146/3/1 144/2/1 145/1/1
f 147/3/2 144/2/2 143/1/2
f 144/3/2 147/2/2 149/1/2
f 200/5/3 146/113/3 145/5/3
f 146/113/3 200/5/3 199/356/3
f 200/163/4 147/5/4 199/5/4
f 147/5/4 200/163/4 149/357/4
f 147/123/5 146/116/5 199/5/5
f 146/116/5 147/123/5 143/5/5
f 144/2/6 200/3/6 145/11/6
f 200/3/6 144/2/6 149/1/6
f 445/3/1 444/2/1 443/1/1
f 444/3/1 445/2/1 446/1/1
f 447/3/2 445/2/2 443/1/2
f 445/3/2 447/2/2 448/1/2
f 449/5/3 444/5/3 446/358/3
f 444/5/3 449/5/3 450/359/3
f 449/5/4 447/5/4 450/360/4
f 447/5/4 449/5/4 448/361/4
f 447/5/5 444/5/5 450/362/5
f 444/5/5 447/5/5 443/363/5
f 445/2/6 449/3/6 446/11/6
f 449/3/6 445/2/6 448/1/6
f 453/3/1 452/2/1 451/1/1
f 452/3/1 453/2/1 454/1/1
f 455/3/2 453/2/2 451/1/2
f 453/3/2 455/2/2 456/1/2
f 457/5/3 452/5/3 454/364/3
f 452/5/3 457/5/3 458/365/3
f 457/5/4 455/5/4 458/366/4
f 455/5/4 457/5/4 456/367/4
f 455/5/5 452/5/5 458/368/5
f 452/5/5 455/5/5 451/369/5
f 453/2/6 457/3/6 454/11/6
f 457/3/6 453/2/6 456/1/6
f 461/3/1 460/2/1 459/1/1
f 460/3/1 461/2/1 462/1/1
f 463/3/2 461/2/2 459/1/2
f 461/3/2 463/2/2 464/1/2
f 465/5/3 460/5/3 462/370/3
f 460/5/3 465/5/3 466/371/3
f 465/5/4 463/5/4 466/372/4
f 463/5/4 465/5/4 464/373/4
f 463/5/5 460/5/5 466/374/5
f 460/5/5 463/5/5 459/375/5
f 461/2/6 465/3/6 462/11/6
f 465/3/6 461/2/6 464/1/6
f 206/3/1 208/2/1 205/1/1
f 208/3/1 206/2/1 207/1/1
f 467/3/2 206/2/2 205/1/2
f 206/3/2 467/2/2 468/1/2
f 469/5/3 208/166/3 207/5/3
f 208/166/3 469/5/3 470/376/3
f 469/5/4 467/5/4 470/377/4
f 467/5/4 469/5/4 468/378/4
f 467/5/5 208/169/5 470/379/5
f 208/169/5 467/5/5 205/5/5
f 206/2/6 469/3/6 207/11/6
f 469/3/6 206/2/6 468/1/6
f 161/3/1 471/2/1 162/1/1
f 471/3/1 161/2/1 472/1/1
f 473/3/2 161/2/2 162/1/2
f 161/3/2 473/2/2 474/1/2
f 475/5/3 471/5/3 472/380/3
f 471/5/3 475/5/3 476/381/3
f 475/5/4 473/5/4 476/382/4
f 473/5/4 475/5/4 474/383/4
f 473/5/5 471/5/5 476/384/5
f 471/5/5 473/5/5 162/128/5
f 161/2/6 475/3/6 472/11/6
f 475/3/6 161/2/6 474/1/6
f 479/3/1 478/2/1 477/1/1
f 478/3/1 479/2/1 480/1/1
f 481/3/2 479/2/2 477/1/2
f 479/3/2 481/2/2 482/1/2
f 483/5/3 478/5/3 480/385/3
f 478/5/3 483/5/3 484/386/3
f 483/5/4 481/5/4 484/387/4
f 481/5/4 483/5/4 482/388/4
f 481/5/5 478/5/5 484/389/5
f 478/5/5 481/5/5 477/390/5
f 479/2/6 483/3/6 480/11/6
f 483/3/6 479/2/6 482/1/6
f 174/3/1 238/2/1 172/1/1
f 238/3/1 174/2/1 237/1/1
f 485/3/2 174/2/2 172/1/2
f 174/3/2 485/2/2 486/1/2
f 487/5/3 238/190/3 237/5/3
f 238/190/3 487/5/3 488/391/3
f 487/5/4 485/5/4 488/392/4
f 485/5/4 487/5/4 486/393/4
f 485/5/5 238/193/5 488/394/5
f 238/193/5 485/5/5 172/5/5
f 174/2/6 487/3/6 237/11/6
f 487/3/6 174/2/6 486/1/6
f 491/3/1 490/2/1 489/1/1
f 490/3/1 491/2/1 492/1/1
f 493/3/2 491/2/2 489/1/2
f 491/3/2 493/2/2 494/1/2
f 495/5/3 490/5/3 492/395/3
f 490/5/3 495/5/3 496/396/3
f 495/5/4 493/5/4 496/397/4
f 493/5/4 495/5/4 494/398/4
f 493/5/5 490/5/5 496/399/5
f 490/5/5 493/5/5 489/400/5
f 491/2/6 495/3/6 492/11/6
f 495/3/6 491/2/6 494/1/6
f 499/3/1 498/2/1 497/1/1
f 498/3/1 499/2/1 500/1/1
f 501/3/2 499/2/2 497/1/2
f 499/3/2 501/2/2 502/1/2
f 503/5/3 498/5/3 500/401/3
f 498/5/3 503/5/3 504/402/3
f 503/5/4 501/5/4 504/403/4
f 501/5/4 503/5/4 502/404/4
f 501/5/5 498/5/5 504/405/5
f 498/5/5 501/5/5 497/406/5
f 499/2/6 503/3/6 500/11/6
f 503/3/6 499/2/6 502/1/6
f 507/3/1 506/2/1 505/1/1
f 506/3/1 507/2/1 508/1/1
f 509/3/2 507/2/2 505/1/2
f 507/3/2 509/2/2 510/1/2
f 511/5/3 506/5/3 508/407/3
f 506/5/3 511/5/3 512/408/3
f 511/5/4 509/5/4 512/409/4
f 509/5/4 511/5/4 510/410/4
f 509/5/5 506/5/5 512/411/5
f 506/5/5 509/5/5 505/412/5
f 507/2/6 511/3/6 508/11/6
f 511/3/6 507/2/6 510/1/6
f 515/3/1 514/2/1 513/1/1
f 514/3/1 515/2/1 516/1/1
f 517/3/2 515/2/2 513/1/2
f 515/3/2 517/2/2 518/1/2
f 519/5/3 514/5/3 516/413/3
f 514/5/3 519/5/3 520/414/3
f 519/5/4 517/5/4 520/415/4
f 517/5/4 519/5/4 518/416/4
f 517/5/5 514/5/5 520/417/5
f 514/5/5 517/5/5 513/418/5
f 515/2/6 519/3/6 516/11/6
f 519/3/6 515/2/6 518/1/6
f 523/3/1 522/2/1 521/1/1
f 522/3/1 523/2/1 524/1/1
f 525/3/2 523/2/2 521/1/2
f 523/3/2 525/2/2 526/1/2
f 527/5/3 522/5/3 524/419/3
f 522/5/3 527/5/3 528/420/3
f 527/5/4 525/5/4 528/421/4
f 525/5/4 527/5/4 526/422/4
f 525/5/5 522/5/5 528/423/5
f 522/5/5 525/5/5 521/424/5
f 523/2/6 527/3/6 524/11/6
f 527/3/6 523/2/6 526/1/6
f 530/3/1 271/2/1 529/1/1
f 271/3/1 530/2/1 273/1/1
f 531/3/2 530/2/2 529/1/2
f 530/3/2 531/2/2 532/1/2
f 276/5/3 271/5/3 273/425/3
f 271/5/3 276/5/3 275/426/3
f 276/222/4 531/5/4 275/5/4
f 531/5/4 276/222/4 532/427/4
f 531/5/5 271/224/5 275/5/5
f 271/224/5 531/5/5 529/428/5
f 530/2/6 276/3/6 273/11/6
f 276/3/6 530/2/6 532/1/6
f 534/3/1 279/2/1 533/1/1
f 279/3/1 534/2/1 281/1/1
f 535/3/2 534/2/2 533/1/2
f 534/3/2 535/2/2 536/1/2
f 284/5/3 279/5/3 281/429/3
f 279/5/3 284/5/3 283/430/3
f 284/228/4 535/5/4 283/5/4
f 535/5/4 284/228/4 536/431/4
f 535/5/5 279/230/5 283/5/5
f 279/230/5 535/5/5 533/432/5
f 534/2/6 284/3/6 281/11/6
f 284/3/6 534/2/6 536/1/6
f 539/3/1 538/2/1 537/1/1
f 538/3/1 539/2/1 540/1/1
f 541/3/2 539/2/2 537/1/2
f 539/3/2 541/2/2 542/1/2
f 543/5/3 538/5/3 540/433/3
f 538/5/3 543/5/3 544/434/3
f 543/5/4 541/5/4 544/435/4
f 541/5/4 543/5/4 542/436/4
f 541/5/5 538/5/5 544/437/5
f 538/5/5 541/5/5 537/438/5
f 539/2/6 543/3/6 540/11/6
f 543/3/6 539/2/6 542/1/6
f 546/3/1 327/2/1 545/1/1
f 327/3/1 546/2/1 329/1/1
f 547/3/2 546/2/2 545/1/2
f 546/3/2 547/2/2 548/1/2
f 549/5/3 327/5/3 329/439/3
f 327/5/3 549/5/3 550/440/3
f 549/5/4 547/5/4 550/441/4
f 547/5/4 549/5/4 548/442/4
f 547/5/5 327/270/5 550/443/5
f 327/270/5 547/5/5 545/444/5
f 546/2/6 549/3/6 329/11/6
f 549/3/6 546/2/6 548/1/6
f 553/3/1 552/2/1 551/1/1
f 552/3/1 553/2/1 554/1/1
f 555/3/2 553/2/2 551/1/2
f 553/3/2 555/2/2 556/1/2
f 557/5/3 552/5/3 554/445/3
f 552/5/3 557/5/3 558/446/3
f 557/5/4 555/5/4 558/447/4
f 555/5/4 557/5/4 556/448/4
f 555/5/5 552/5/5 558/449/5
f 552/5/5 555/5/5 551/450/5
f 553/2/6 557/3/6 554/11/6
f 557/3/6 553/2/6 556/1/6
f 561/3/1 560/2/1 559/1/1
f 560/3/1 561/2/1 562/1/1
f 563/3/2 561/2/2 559/1/2
f 561/3/2 563/2/2 564/1/2
f 565/5/3 560/5/3 562/451/3
f 560/5/3 565/5/3 566/452/3
f 565/5/4 563/5/4 566/453/4
f 563/5/4 565/5/4 564/454/4
f 563/5/5 560/5/5 566/455/5
f 560/5/5 563/5/5 559/456/5
f 561/2/6 565/3/6 562/11/6
f 565/3/6 561/2/6 564/1/6
f 569/3/1 568/2/1 567/1/1
f 568/3/1 569/2/1 570/1/1
f 571/3/2 569/2/2 567/1/2
f 569/3/2 571/2/2 572/1/2
f 573/5/3 568/5/3 570/457/3
f 568/5/3 573/5/3 574/458/3
f 573/5/4 571/5/4 574/459/4
f 571/5/4 573/5/4 572/460/4
f 571/5/5 568/5/5 574/461/5
f 568/5/5 571/5/5 567/462/5
f 569/2/6 573/3/6 570/11/6
f 573/3/6 569/2/6 572/1/6

usemtl color4

f 4/3/1 575/2/1 2/1/1
f 575/3/1 4/2/1 576/1/1
f 8/3/2 4/2/2 2/1/2
f 4/3/2 8/2/2 7/1/2
f 577/5/3 575/5/3 576/463/3
f 575/5/3 577/5/3 578/464/3
f 577/5/4 8/7/4 578/465/4
f 8/7/4 577/5/4 7/5/4
f 8/9/5 575/5/5 578/466/5
f 575/5/5 8/9/5 2/5/5
f 4/2/6 577/3/6 576/11/6
f 577/3/6 4/2/6 7/1/6
f 66/3/1 68/2/1 65/1/1
f 68/3/1 66/2/1 67/1/1
f 579/3/2 66/2/2 65/1/2
f 66/3/2 579/2/2 580/1/2
f 581/5/3 68/55/3 67/5/3
f 68/55/3 581/5/3 582/467/3
f 581/5/4 579/5/4 582/468/4
f 579/5/4 581/5/4 580/469/4
f 579/5/5 68/58/5 582/470/5
f 68/58/5 579/5/5 65/5/5
f 66/2/6 581/3/6 67/11/6
f 581/3/6 66/2/6 580/1/6
f 36/3/1 583/2/1 34/1/1
f 583/3/1 36/2/1 584/1/1
f 585/3/2 36/2/2 34/1/2
f 36/3/2 585/2/2 586/1/2
f 587/5/3 583/5/3 584/471/3
f 583/5/3 587/5/3 588/472/3
f 587/5/4 585/5/4 588/473/4
f 585/5/4 587/5/4 586/474/4
f 585/5/5 583/5/5 588/475/5
f 583/5/5 585/5/5 34/5/5
f 36/2/6 587/3/6 584/11/6
f 587/3/6 36/2/6 586/1/6
f 591/3/1 590/2/1 589/1/1
f 590/3/1 591/2/1 592/1/1
f 50/3/2 591/2/2 589/1/2
f 591/3/2 50/2/2 52/1/2
f 593/5/3 590/5/3 592/476/3
f 590/5/3 593/5/3 594/477/3
f 593/5/4 50/5/4 594/478/4
f 50/5/4 593/5/4 52/479/4
f 50/5/5 590/5/5 594/480/5
f 590/5/5 50/5/5 589/481/5
f 591/2/6 593/3/6 592/11/6
f 593/3/6 591/2/6 52/1/6
f 597/3/1 596/2/1 595/1/1
f 596/3/1 597/2/1 598/1/1
f 599/3/2 597/2/2 595/1/2
f 597/3/2 599/2/2 600/1/2
f 601/5/3 596/5/3 598/482/3
f 596/5/3 601/5/3 602/483/3
f 601/5/4 599/5/4 602/484/4
f 599/5/4 601/5/4 600/485/4
f 599/5/5 596/5/5 602/486/5
f 596/5/5 599/5/5 595/487/5
f 597/2/6 601/3/6 598/11/6
f 601/3/6 597/2/6 600/1/6
f 605/3/1 604/2/1 603/1/1
f 604/3/1 605/2/1 606/1/1
f 607/3/2 605/2/2 603/1/2
f 605/3/2 607/2/2 608/1/2
f 609/5/3 604/5/3 606/488/3
f 604/5/3 609/5/3 610/489/3
f 609/5/4 607/5/4 610/490/4
f 607/5/4 609/5/4 608/491/4
f 607/5/5 604/5/5 610/492/5
f 604/5/5 607/5/5 603/493/5
f 605/2/6 609/3/6 606/11/6
f 609/3/6 605/2/6 608/1/6
f 613/3/1 612/2/1 611/1/1
f 612/3/1 613/2/1 614/1/1
f 615/3/2 613/2/2 611/1/2
f 613/3/2 615/2/2 616/1/2
f 617/5/3 612/5/3 614/494/3
f 612/5/3 617/5/3 618/495/3
f 617/5/4 615/5/4 618/496/4
f 615/5/4 617/5/4 616/497/4
f 615/5/5 612/5/5 618/498/5
f 612/5/5 615/5/5 611/499/5
f 613/2/6 617/3/6 614/11/6
f 617/3/6 613/2/6 616/1/6
f 621/3/1 620/2/1 619/1/1
f 620/3/1 621/2/1 622/1/1
f 77/3/2 621/2/2 619/1/2
f 621/3/2 77/2/2 78/1/2
f 623/5/3 620/5/3 622/500/3
f 620/5/3 623/5/3 624/501/3
f 623/5/4 77/5/4 624/502/4
f 77/5/4 623/5/4 78/503/4
f 77/5/5 620/5/5 624/504/5
f 620/5/5 77/5/5 619/505/5
f 621/2/6 623/3/6 622/11/6
f 623/3/6 621/2/6 78/1/6
f 152/3/1 154/2/1 151/1/1
f 154/3/1 152/2/1 153/1/1
f 625/3/2 152/2/2 151/1/2
f 152/3/2 625/2/2 626/1/2
f 204/165/3 154/119/3 153/5/3
f 154/119/3 204/165/3 202/5/3
f 204/5/4 625/5/4 202/506/4
f 625/5/4 204/5/4 626/507/4
f 625/5/5 154/122/5 202/5/5
f 154/122/5 625/5/5 151/5/5
f 152/2/6 204/3/6 153/11/6
f 204/3/6 152/2/6 626/1/6
f 629/3/1 628/2/1 627/1/1
f 628/3/1 629/2/1 630/1/1
f 620/3/2 629/2/2 627/1/2
f 629/3/2 620/2/2 622/1/2
f 631/5/3 628/5/3 630/508/3
f 628/5/3 631/5/3 632/509/3
f 631/5/4 620/5/4 632/510/4
f 620/5/4 631/5/4 622/511/4
f 620/5/5 628/5/5 632/512/5
f 628/5/5 620/5/5 627/513/5
f 629/2/6 631/3/6 630/11/6
f 631/3/6 629/2/6 622/1/6
f 634/3/1 398/2/1 633/1/1
f 398/3/1 634/2/1 397/1/1
f 635/3/2 634/2/2 633/1/2
f 634/3/2 635/2/2 636/1/2
f 637/5/3 398/314/3 397/5/3
f 398/314/3 637/5/3 638/514/3
f 637/5/4 635/5/4 638/515/4
f 635/5/4 637/5/4 636/516/4
f 635/5/5 398/317/5 638/517/5
f 398/317/5 635/5/5 633/518/5
f 634/2/6 637/3/6 397/11/6
f 637/3/6 634/2/6 636/1/6
f 641/3/1 640/2/1 639/1/1
f 640/3/1 641/2/1 642/1/1
f 470/3/2 641/2/2 639/1/2
f 641/3/2 470/2/2 469/1/2
f 643/5/3 640/5/3 642/519/3
f 640/5/3 643/5/3 644/520/3
f 643/5/4 470/377/4 644/521/4
f 470/377/4 643/5/4 469/5/4
f 470/379/5 640/5/5 644/522/5
f 640/5/5 470/379/5 639/523/5
f 641/2/6 643/3/6 642/11/6
f 643/3/6 641/2/6 469/1/6
f 647/3/1 646/2/1 645/1/1
f 646/3/1 647/2/1 648/1/1
f 649/3/2 647/2/2 645/1/2
f 647/3/2 649/2/2 650/1/2
f 651/5/3 646/5/3 648/524/3
f 646/5/3 651/5/3 652/525/3
f 651/5/4 649/5/4 652/526/4
f 649/5/4 651/5/4 650/527/4
f 649/5/5 646/5/5 652/528/5
f 646/5/5 649/5/5 645/529/5
f 647/2/6 651/3/6 648/11/6
f 651/3/6 647/2/6 650/1/6
f 215/3/1 653/2/1 216/1/1
f 653/3/1 215/2/1 654/1/1
f 655/3/2 215/2/2 216/1/2
f 215/3/2 655/2/2 656/1/2
f 657/5/3 653/5/3 654/530/3
f 653/5/3 657/5/3 658/531/3
f 657/5/4 655/5/4 658/532/4
f 655/5/4 657/5/4 656/533/4
f 655/5/5 653/5/5 658/534/5
f 653/5/5 655/5/5 216/175/5
f 215/2/6 657/3/6 654/11/6
f 657/3/6 215/2/6 656/1/6
f 223/3/1 659/2/1 224/1/1
f 659/3/1 223/2/1 660/1/1
f 513/3/2 223/2/2 224/1/2
f 223/3/2 513/2/2 515/1/2
f 516/413/3 659/5/3 660/535/3
f 659/5/3 516/413/3 514/5/3
f 516/5/4 513/5/4 514/536/4
f 513/5/4 516/5/4 515/537/4
f 513/418/5 659/5/5 514/5/5
f 659/5/5 513/418/5 224/181/5
f 223/2/6 516/3/6 660/11/6
f 516/3/6 223/2/6 515/1/6
f 244/3/1 246/2/1 243/1/1
f 246/3/1 244/2/1 245/1/1
f 661/3/2 244/2/2 243/1/2
f 244/3/2 661/2/2 662/1/2
f 663/5/3 246/196/3 245/5/3
f 246/196/3 663/5/3 664/538/3
f 663/5/4 661/5/4 664/539/4
f 661/5/4 663/5/4 662/540/4
f 661/5/5 246/199/5 664/541/5
f 246/199/5 661/5/5 243/5/5
f 244/2/6 663/3/6 245/11/6
f 663/3/6 244/2/6 662/1/6
f 667/3/1 666/2/1 665/1/1
f 666/3/1 667/2/1 668/1/1
f 498/3/2 667/2/2 665/1/2
f 667/3/2 498/2/2 500/1/2
f 669/5/3 666/5/3 668/542/3
f 666/5/3 669/5/3 670/543/3
f 669/5/4 498/5/4 670/544/4
f 498/5/4 669/5/4 500/545/4
f 498/5/5 666/5/5 670/546/5
f 666/5/5 498/5/5 665/547/5
f 667/2/6 669/3/6 668/11/6
f 669/3/6 667/2/6 500/1/6
f 503/3/1 671/2/1 504/1/1
f 671/3/1 503/2/1 672/1/1
f 506/3/2 503/2/2 504/1/2
f 503/3/2 506/2/2 508/1/2
f 673/5/3 671/5/3 672/548/3
f 671/5/3 673/5/3 674/549/3
f 673/5/4 506/5/4 674/550/4
f 506/5/4 673/5/4 508/551/4
f 506/5/5 671/5/5 674/552/5
f 671/5/5 506/5/5 504/405/5
f 503/2/6 673/3/6 672/11/6
f 673/3/6 503/2/6 508/1/6
f 511/3/1 675/2/1 512/1/1
f 675/3/1 511/2/1 676/1/1
f 677/3/2 511/2/2 512/1/2
f 511/3/2 677/2/2 678/1/2
f 354/283/3 675/5/3 676/553/3
f 675/5/3 354/283/3 352/5/3
f 354/5/4 677/5/4 352/554/4
f 677/5/4 354/5/4 678/555/4
f 677/5/5 675/5/5 352/5/5
f 675/5/5 677/5/5 512/411/5
f 511/2/6 354/3/6 676/11/6
f 354/3/6 511/2/6 678/1/6
f 681/3/1 680/2/1 679/1/1
f 680/3/1 681/2/1 682/1/1
f 683/3/2 681/2/2 679/1/2
f 681/3/2 683/2/2 684/1/2
f 685/5/3 680/5/3 682/556/3
f 680/5/3 685/5/3 686/557/3
f 685/5/4 683/5/4 686/558/4
f 683/5/4 685/5/4 684/559/4
f 683/5/5 680/5/5 686/560/5
f 680/5/5 683/5/5 679/561/5
f 681/2/6 685/3/6 682/11/6
f 685/3/6 681/2/6 684/1/6
f 689/3/1 688/2/1 687/1/1
f 688/3/1 689/2/1 690/1/1
f 691/3/2 689/2/2 687/1/2
f 689/3/2 691/2/2 692/1/2
f 693/5/3 688/5/3 690/562/3
f 688/5/3 693/5/3 694/563/3
f 693/5/4 691/5/4 694/564/4
f 691/5/4 693/5/4 692/565/4
f 691/5/5 688/5/5 694/566/5
f 688/5/5 691/5/5 687/567/5
f 689/2/6 693/3/6 690/11/6
f 693/3/6 689/2/6 692/1/6
f 293/3/1 695/2/1 294/1/1
f 695/3/1 293/2/1 696/1/1
f 697/3/2 293/2/2 294/1/2
f 293/3/2 697/2/2 698/1/2
f 699/5/3 695/5/3 696/568/3
f 695/5/3 699/5/3 700/569/3
f 699/5/4 697/5/4 700/570/4
f 697/5/4 699/5/4 698/571/4
f 697/5/5 695/5/5 700/572/5
f 695/5/5 697/5/5 294/235/5
f 293/2/6 699/3/6 696/11/6
f 699/3/6 293/2/6 698/1/6
f 693/3/1 701/2/1 694/1/1
f 701/3/1 693/2/1 702/1/1
f 703/3/2 693/2/2 694/1/2
f 693/3/2 703/2/2 704/1/2
f 705/5/3 701/5/3 702/573/3
f 701/5/3 705/5/3 706/574/3
f 705/5/4 703/5/4 706/575/4
f 703/5/4 705/5/4 704/576/4
f 703/5/5 701/5/5 706/577/5
f 701/5/5 703/5/5 694/566/5
f 693/2/6 705/3/6 702/11/6
f 705/3/6 693/2/6 704/1/6
f 709/3/1 708/2/1 707/1/1
f 708/3/1 709/2/1 710/1/1
f 695/3/2 709/2/2 707/1/2
f 709/3/2 695/2/2 696/1/2
f 711/5/3 708/5/3 710/578/3
f 708/5/3 711/5/3 712/579/3
f 711/5/4 695/5/4 712/580/4
f 695/5/4 711/5/4 696/581/4
f 695/5/5 708/5/5 712/582/5
f 708/5/5 695/5/5 707/583/5
f 709/2/6 711/3/6 710/11/6
f 711/3/6 709/2/6 696/1/6
f 715/3/1 714/2/1 713/1/1
f 714/3/1 715/2/1 716/1/1
f 717/3/2 715/2/2 713/1/2
f 715/3/2 717/2/2 718/1/2
f 719/5/3 714/5/3 716/584/3
f 714/5/3 719/5/3 720/585/3
f 719/5/4 717/5/4 720/586/4
f 717/5/4 719/5/4 718/587/4
f 717/5/5 714/5/5 720/588/5
f 714/5/5 717/5/5 713/589/5
f 715/2/6 719/3/6 716/11/6
f 719/3/6 715/2/6 718/1/6
f 723/3/1 722/2/1 721/1/1
f 722/3/1 723/2/1 724/1/1
f 725/3/2 723/2/2 721/1/2
f 723/3/2 725/2/2 726/1/2
f 404/5/3 722/5/3 724/590/3
f 722/5/3 404/5/3 403/591/3
f 404/322/4 725/5/4 403/5/4
f 725/5/4 404/322/4 726/592/4
f 725/5/5 722/5/5 403/5/5
f 722/5/5 725/5/5 721/593/5
f 723/2/6 404/3/6 724/11/6
f 404/3/6 723/2/6 726/1/6
f 729/3/1 728/2/1 727/1/1
f 728/3/1 729/2/1 730/1/1
f 731/3/2 729/2/2 727/1/2
f 729/3/2 731/2/2 732/1/2
f 733/5/3 728/5/3 730/594/3
f 728/5/3 733/5/3 734/595/3
f 733/5/4 731/5/4 734/596/4
f 731/5/4 733/5/4 732/597/4
f 731/5/5 728/5/5 734/598/5
f 728/5/5 731/5/5 727/599/5
f 729/2/6 733/3/6 730/11/6
f 733/3/6 729/2/6 732/1/6
f 737/3/1 736/2/1 735/1/1
f 736/3/1 737/2/1 738/1/1
f 739/3/2 737/2/2 735/1/2
f 737/3/2 739/2/2 740/1/2
f 741/5/3 736/5/3 738/600/3
f 736/5/3 741/5/3 742/601/3
f 741/5/4 739/5/4 742/602/4
f 739/5/4 741/5/4 740/603/4
f 739/5/5 736/5/5 742/604/5
f 736/5/5 739/5/5 735/605/5
f 737/2/6 741/3/6 738/11/6
f 741/3/6 737/2/6 740/1/6
f 745/3/1 744/2/1 743/1/1
f 744/3/1 745/2/1 746/1/1
f 747/3/2 745/2/2 743/1/2
f 745/3/2 747/2/2 748/1/2
f 749/5/3 744/5/3 746/606/3
f 744/5/3 749/5/3 750/607/3
f 749/5/4 747/5/4 750/608/4
f 747/5/4 749/5/4 748/609/4
f 747/5/5 744/5/5 750/610/5
f 744/5/5 747/5/5 743/611/5
f 745/2/6 749/3/6 746/11/6
f 749/3/6 745/2/6 748/1/6
f 733/3/1 751/2/1 734/1/1
f 751/3/1 733/2/1 752/1/1
f 736/3/2 733/2/2 734/1/2
f 733/3/2 736/2/2 738/1/2
f 753/5/3 751/5/3 752/612/3
f 751/5/3 753/5/3 754/613/3
f 753/5/4 736/5/4 754/614/4
f 736/5/4 753/5/4 738/615/4
f 736/5/5 751/5/5 754/616/5
f 751/5/5 736/5/5 734/598/5
f 733/2/6 753/3/6 752/11/6
f 753/3/6 733/2/6 738/1/6
f 741/3/1 755/2/1 742/1/1
f 755/3/1 741/2/1 756/1/1
f 744/3/2 741/2/2 742/1/2
f 741/3/2 744/2/2 746/1/2
f 757/5/3 755/5/3 756/617/3
f 755/5/3 757/5/3 758/618/3
f 757/5/4 744/5/4 758/619/4
f 744/5/4 757/5/4 746/620/4
f 744/5/5 755/5/5 758/621/5
f 755/5/5 744/5/5 742/604/5
f 741/2/6 757/3/6 756/11/6
f 757/3/6 741/2/6 746/1/6
f 761/3/1 760/2/1 759/1/1
f 760/3/1 761/2/1 762/1/1
f 763/3/2 761/2/2 759/1/2
f 761/3/2 763/2/2 764/1/2
f 765/5/3 760/5/3 762/622/3
f 760/5/3 765/5/3 766/623/3
f 765/5/4 763/5/4 766/624/4
f 763/5/4 765/5/4 764/625/4
f 763/5/5 760/5/5 766/626/5
f 760/5/5 763/5/5 759/627/5
f 761/2/6 765/3/6 762/11/6
f 765/3/6 761/2/6 764/1/6
f 769/3/1 768/2/1 767/1/1
f 768/3/1 769/2/1 770/1/1
f 771/3/2 769/2/2 767/1/2
f 769/3/2 771/2/2 772/1/2
f 773/5/3 768/5/3 770/628/3
f 768/5/3 773/5/3 774/629/3
f 773/5/4 771/5/4 774/630/4
f 771/5/4 773/5/4 772/631/4
f 771/5/5 768/5/5 774/632/5
f 768/5/5 771/5/5 767/633/5
f 769/2/6 773/3/6 770/11/6
f 773/3/6 769/2/6 772/1/6
f 777/3/1 776/2/1 775/1/1
f 776/3/1 777/2/1 778/1/1
f 779/3/2 777/2/2 775/1/2
f 777/3/2 779/2/2 780/1/2
f 781/5/3 776/5/3 778/634/3
f 776/5/3 781/5/3 782/635/3
f 781/5/4 779/5/4 782/636/4
f 779/5/4 781/5/4 780/637/4
f 779/5/5 776/5/5 782/638/5
f 776/5/5 779/5/5 775/639/5
f 777/2/6 781/3/6 778/11/6
f 781/3/6 777/2/6 780/1/6
f 785/3/1 784/2/1 783/1/1
f 784/3/1 785/2/1 786/1/1
f 787/3/2 785/2/2 783/1/2
f 785/3/2 787/2/2 788/1/2
f 789/5/3 784/5/3 786/640/3
f 784/5/3 789/5/3 790/641/3
f 789/5/4 787/5/4 790/642/4
f 787/5/4 789/5/4 788/643/4
f 787/5/5 784/5/5 790/644/5
f 784/5/5 787/5/5 783/645/5
f 785/2/6 789/3/6 786/11/6
f 789/3/6 785/2/6 788/1/6
f 793/3/1 792/2/1 791/1/1
f 792/3/1 793/2/1 794/1/1
f 795/3/2 793/2/2 791/1/2
f 793/3/2 795/2/2 796/1/2
f 797/5/3 792/5/3 794/646/3
f 792/5/3 797/5/3 798/647/3
f 797/5/4 795/5/4 798/648/4
f 795/5/4 797/5/4 796/649/4
f 795/5/5 792/5/5 798/650/5
f 792/5/5 795/5/5 791/651/5
f 793/2/6 797/3/6 794/11/6
f 797/3/6 793/2/6 796/1/6
f 801/3/1 800/2/1 799/1/1
f 800/3/1 801/2/1 802/1/1
f 803/3/2 801/2/2 799/1/2
f 801/3/2 803/2/2 804/1/2
f 805/5/3 800/5/3 802/652/3
f 800/5/3 805/5/3 806/653/3
f 805/5/4 803/5/4 806/654/4
f 803/5/4 805/5/4 804/655/4
f 803/5/5 800/5/5 806/656/5
f 800/5/5 803/5/5 799/657/5
f 801/2/6 805/3/6 802/11/6
f 805/3/6 801/2/6 804/1/6

usemtl color8

f 809/3/1 808/2/1 807/1/1
f 808/3/1 809/2/1 810/1/1
f 811/3/2 809/2/2 807/1/2
f 809/3/2 811/2/2 812/1/2
f 813/5/3 808/5/3 810/658/3
f 808/5/3 813/5/3 814/659/3
f 813/5/4 811/5/4 814/660/4
f 811/5/4 813/5/4 812/661/4
f 811/5/5 808/5/5 814/662/5
f 808/5/5 811/5/5 807/663/5
f 809/2/6 813/3/6 810/11/6
f 813/3/6 809/2/6 812/1/6
f 817/3/1 816/2/1 815/1/1
f 816/3/1 817/2/1 818/1/1
f 25/3/2 817/2/2 815/1/2
f 817/3/2 25/2/2 27/1/2
f 28/24/3 816/5/3 818/664/3
f 816/5/3 28/24/3 26/5/3
f 28/5/4 25/5/4 26/665/4
f 25/5/4 28/5/4 27/666/4
f 25/29/5 816/5/5 26/5/5
f 816/5/5 25/29/5 815/667/5
f 817/2/6 28/3/6 818/11/6
f 28/3/6 817/2/6 27/1/6
f 821/3/1 820/2/1 819/1/1
f 820/3/1 821/2/1 822/1/1
f 55/3/2 821/2/2 819/1/2
f 821/3/2 55/2/2 57/1/2
f 58/48/3 820/5/3 822/668/3
f 820/5/3 58/48/3 56/5/3
f 58/5/4 55/5/4 56/669/4
f 55/5/4 58/5/4 57/670/4
f 55/53/5 820/5/5 56/5/5
f 820/5/5 55/53/5 819/671/5
f 821/2/6 58/3/6 822/11/6
f 58/3/6 821/2/6 57/1/6
f 28/3/1 823/2/1 26/1/1
f 823/3/1 28/2/1 824/1/1
f 32/3/2 28/2/2 26/1/2
f 28/3/2 32/2/2 31/1/2
f 64/54/3 823/5/3 824/672/3
f 823/5/3 64/54/3 63/5/3
f 64/5/4 32/26/4 63/673/4
f 32/26/4 64/5/4 31/5/4
f 32/28/5 823/5/5 63/5/5
f 823/5/5 32/28/5 26/5/5
f 28/2/6 64/3/6 824/11/6
f 64/3/6 28/2/6 31/1/6
f 827/3/1 826/2/1 825/1/1
f 826/3/1 827/2/1 828/1/1
f 69/3/2 827/2/2 825/1/2
f 827/3/2 69/2/2 71/1/2
f 72/59/3 826/5/3 828/674/3
f 826/5/3 72/59/3 70/5/3
f 72/5/4 69/5/4 70/675/4
f 69/5/4 72/5/4 71/676/4
f 69/64/5 826/5/5 70/5/5
f 826/5/5 69/64/5 825/677/5
f 827/2/6 72/3/6 828/11/6
f 72/3/6 827/2/6 71/1/6
f 74/3/1 76/2/1 73/1/1
f 76/3/1 74/2/1 75/1/1
f 829/3/2 74/2/2 73/1/2
f 74/3/2 829/2/2 830/1/2
f 605/5/3 76/60/3 75/5/3
f 76/60/3 605/5/3 603/678/3
f 605/5/4 829/5/4 603/679/4
f 829/5/4 605/5/4 830/680/4
f 829/5/5 76/63/5 603/493/5
f 76/63/5 829/5/5 73/5/5
f 74/2/6 605/3/6 75/11/6
f 605/3/6 74/2/6 830/1/6
f 586/3/1 588/2/1 585/1/1
f 588/3/1 586/2/1 587/1/1
f 40/3/2 586/2/2 585/1/2
f 586/3/2 40/2/2 39/1/2
f 831/5/3 588/472/3 587/5/3
f 588/472/3 831/5/3 832/681/3
f 831/5/4 40/32/4 832/682/4
f 40/32/4 831/5/4 39/5/4
f 40/34/5 588/475/5 832/683/5
f 588/475/5 40/34/5 585/5/5
f 586/2/6 831/3/6 587/11/6
f 831/3/6 586/2/6 39/1/6
f 44/3/1 833/2/1 42/1/1
f 833/3/1 44/2/1 834/1/1
f 48/3/2 44/2/2 42/1/2
f 44/3/2 48/2/2 47/1/2
f 835/5/3 833/5/3 834/684/3
f 833/5/3 835/5/3 836/685/3
f 835/5/4 48/38/4 836/686/4
f 48/38/4 835/5/4 47/5/4
f 48/40/5 833/5/5 836/687/5
f 833/5/5 48/40/5 42/5/5
f 44/2/6 835/3/6 834/11/6
f 835/3/6 44/2/6 47/1/6
f 838/3/1 87/2/1 837/1/1
f 87/3/1 838/2/1 88/1/1
f 820/3/2 838/2/2 837/1/2
f 838/3/2 820/2/2 822/1/2
f 839/5/3 87/5/3 88/688/3
f 87/5/3 839/5/3 840/689/3
f 839/5/4 820/5/4 840/690/4
f 820/5/4 839/5/4 822/691/4
f 820/5/5 87/5/5 840/692/5
f 87/5/5 820/5/5 837/693/5
f 838/2/6 839/3/6 88/11/6
f 839/3/6 838/2/6 822/1/6
f 600/3/1 841/2/1 599/1/1
f 841/3/1 600/2/1 842/1/1
f 826/3/2 600/2/2 599/1/2
f 600/3/2 826/2/2 828/1/2
f 843/5/3 841/5/3 842/694/3
f 841/5/3 843/5/3 844/695/3
f 843/5/4 826/5/4 844/696/4
f 826/5/4 843/5/4 828/697/4
f 826/5/5 841/5/5 844/698/5
f 841/5/5 826/5/5 599/5/5
f 600/2/6 843/3/6 842/11/6
f 843/3/6 600/2/6 828/1/6
f 72/3/1 155/2/1 70/1/1
f 155/3/1 72/2/1 157/1/1
f 76/3/2 72/2/2 70/1/2
f 72/3/2 76/2/2 75/1/2
f 845/5/3 155/5/3 157/699/3
f 155/5/3 845/5/3 846/700/3
f 845/5/4 76/61/4 846/701/4
f 76/61/4 845/5/4 75/5/4
f 76/63/5 155/129/5 846/702/5
f 155/129/5 76/63/5 70/5/5
f 72/2/6 845/3/6 157/11/6
f 845/3/6 72/2/6 75/1/6
f 848/3/1 611/2/1 847/1/1
f 611/3/1 848/2/1 613/1/1
f 590/3/2 848/2/2 847/1/2
f 848/3/2 590/2/2 592/1/2
f 616/5/3 611/5/3 613/703/3
f 611/5/3 616/5/3 615/704/3
f 616/497/4 590/5/4 615/5/4
f 590/5/4 616/497/4 592/705/4
f 590/5/5 611/499/5 615/5/5
f 611/499/5 590/5/5 847/706/5
f 848/2/6 616/3/6 613/11/6
f 616/3/6 848/2/6 592/1/6
f 96/3/1 98/2/1 95/1/1
f 98/3/1 96/2/1 97/1/1
f 602/3/2 96/2/2 95/1/2
f 96/3/2 602/2/2 601/1/2
f 842/694/3 98/77/3 97/5/3
f 98/77/3 842/694/3 841/5/3
f 842/5/4 602/484/4 841/707/4
f 602/484/4 842/5/4 601/5/4
f 602/486/5 98/80/5 841/5/5
f 98/80/5 602/486/5 95/5/5
f 96/2/6 842/3/6 97/11/6
f 842/3/6 96/2/6 601/1/6
f 850/3/1 844/2/1 849/1/1
f 844/3/1 850/2/1 843/1/1
f 851/3/2 850/2/2 849/1/2
f 850/3/2 851/2/2 852/1/2
f 157/699/3 844/695/3 843/5/3
f 844/695/3 157/699/3 155/5/3
f 157/5/4 851/5/4 155/708/4
f 851/5/4 157/5/4 852/709/4
f 851/5/5 844/698/5 155/129/5
f 844/698/5 851/5/5 849/710/5
f 850/2/6 157/3/6 843/11/6
f 157/3/6 850/2/6 852/1/6
f 854/3/1 846/2/1 853/1/1
f 846/3/1 854/2/1 845/1/1
f 855/3/2 854/2/2 853/1/2
f 854/3/2 855/2/2 856/1/2
f 160/5/3 846/700/3 845/5/3
f 846/700/3 160/5/3 159/711/3
f 160/127/4 855/5/4 159/5/4
f 855/5/4 160/127/4 856/712/4
f 855/5/5 846/702/5 159/5/5
f 846/702/5 855/5/5 853/713/5
f 854/2/6 160/3/6 845/11/6
f 160/3/6 854/2/6 856/1/6
f 86/3/1 163/2/1 84/1/1
f 163/3/1 86/2/1 165/1/1
f 90/3/2 86/2/2 84/1/2
f 86/3/2 90/2/2 89/1/2
f 857/5/3 163/5/3 165/714/3
f 163/5/3 857/5/3 858/715/3
f 857/5/4 90/72/4 858/716/4
f 90/72/4 857/5/4 89/5/4
f 90/74/5 163/135/5 858/717/5
f 163/135/5 90/74/5 84/5/5
f 86/2/6 857/3/6 165/11/6
f 857/3/6 86/2/6 89/1/6
f 861/3/1 860/2/1 859/1/1
f 860/3/1 861/2/1 862/1/1
f 863/3/2 861/2/2 859/1/2
f 861/3/2 863/2/2 864/1/2
f 865/5/3 860/5/3 862/718/3
f 860/5/3 865/5/3 866/719/3
f 865/5/4 863/5/4 866/720/4
f 863/5/4 865/5/4 864/721/4
f 863/5/5 860/5/5 866/722/5
f 860/5/5 863/5/5 859/723/5
f 861/2/6 865/3/6 862/11/6
f 865/3/6 861/2/6 864/1/6
f 614/3/1 481/2/1 612/1/1
f 481/3/1 614/2/1 482/1/1
f 618/3/2 614/2/2 612/1/2
f 614/3/2 618/2/2 617/1/2
f 867/5/3 481/5/3 482/724/3
f 481/5/3 867/5/3 868/725/3
f 867/5/4 618/496/4 868/726/4
f 618/496/4 867/5/4 617/5/4
f 618/498/5 481/5/5 868/727/5
f 481/5/5 618/498/5 612/5/5
f 614/2/6 867/3/6 482/11/6
f 867/3/6 614/2/6 617/1/6
f 870/3/1 649/2/1 869/1/1
f 649/3/1 870/2/1 650/1/1
f 209/3/2 870/2/2 869/1/2
f 870/3/2 209/2/2 211/1/2
f 212/171/3 649/5/3 650/728/3
f 649/5/3 212/171/3 210/5/3
f 212/5/4 209/5/4 210/729/4
f 209/5/4 212/5/4 211/730/4
f 209/176/5 649/5/5 210/5/5
f 649/5/5 209/176/5 869/731/5
f 870/2/6 212/3/6 650/11/6
f 212/3/6 870/2/6 211/1/6
f 872/3/1 655/2/1 871/1/1
f 655/3/1 872/2/1 656/1/1
f 217/3/2 872/2/2 871/1/2
f 872/3/2 217/2/2 219/1/2
f 220/177/3 655/5/3 656/732/3
f 655/5/3 220/177/3 218/5/3
f 220/5/4 217/5/4 218/733/4
f 217/5/4 220/5/4 219/734/4
f 217/182/5 655/5/5 218/5/5
f 655/5/5 217/182/5 871/735/5
f 872/2/6 220/3/6 656/11/6
f 220/3/6 872/2/6 219/1/6
f 230/3/1 232/2/1 229/1/1
f 232/3/1 230/2/1 231/1/1
f 233/3/2 230/2/2 229/1/2
f 230/3/2 233/2/2 235/1/2
f 236/189/3 232/184/3 231/5/3
f 232/184/3 236/189/3 234/5/3
f 236/5/4 233/5/4 234/736/4
f 233/5/4 236/5/4 235/737/4
f 233/194/5 232/187/5 234/5/5
f 232/187/5 233/194/5 229/5/5
f 230/2/6 236/3/6 231/11/6
f 236/3/6 230/2/6 235/1/6
f 465/3/1 873/2/1 466/1/1
f 873/3/1 465/2/1 874/1/1
f 875/3/2 465/2/2 466/1/2
f 465/3/2 875/2/2 876/1/2
f 877/5/3 873/5/3 874/738/3
f 873/5/3 877/5/3 878/739/3
f 877/5/4 875/5/4 878/740/4
f 875/5/4 877/5/4 876/741/4
f 875/5/5 873/5/5 878/742/5
f 873/5/5 875/5/5 466/374/5
f 465/2/6 877/3/6 874/11/6
f 877/3/6 465/2/6 876/1/6
f 881/3/1 880/2/1 879/1/1
f 880/3/1 881/2/1 882/1/1
f 883/3/2 881/2/2 879/1/2
f 881/3/2 883/2/2 884/1/2
f 885/5/3 880/5/3 882/743/3
f 880/5/3 885/5/3 886/744/3
f 885/5/4 883/5/4 886/745/4
f 883/5/4 885/5/4 884/746/4
f 883/5/5 880/5/5 886/747/5
f 880/5/5 883/5/5 879/748/5
f 881/2/6 885/3/6 882/11/6
f 885/3/6 881/2/6 884/1/6
f 889/3/1 888/2/1 887/1/1
f 888/3/1 889/2/1 890/1/1
f 529/3/2 889/2/2 887/1/2
f 889/3/2 529/2/2 530/1/2
f 891/5/3 888/5/3 890/749/3
f 888/5/3 891/5/3 892/750/3
f 891/5/4 529/5/4 892/751/4
f 529/5/4 891/5/4 530/752/4
f 529/428/5 888/5/5 892/753/5
f 888/5/5 529/428/5 887/754/5
f 889/2/6 891/3/6 890/11/6
f 891/3/6 889/2/6 530/1/6
f 894/3/1 691/2/1 893/1/1
f 691/3/1 894/2/1 692/1/1
f 895/3/2 894/2/2 893/1/2
f 894/3/2 895/2/2 896/1/2
f 897/5/3 691/5/3 692/755/3
f 691/5/3 897/5/3 898/756/3
f 897/5/4 895/5/4 898/757/4
f 895/5/4 897/5/4 896/758/4
f 895/5/5 691/5/5 898/759/5
f 691/5/5 895/5/5 893/760/5
f 894/2/6 897/3/6 692/11/6
f 897/3/6 894/2/6 896/1/6
f 901/3/1 900/2/1 899/1/1
f 900/3/1 901/2/1 902/1/1
f 903/3/2 901/2/2 899/1/2
f 901/3/2 903/2/2 904/1/2
f 905/5/3 900/5/3 902/761/3
f 900/5/3 905/5/3 906/762/3
f 905/5/4 903/5/4 906/763/4
f 903/5/4 905/5/4 904/764/4
f 903/5/5 900/5/5 906/765/5
f 900/5/5 903/5/5 899/766/5
f 901/2/6 905/3/6 902/11/6
f 905/3/6 901/2/6 904/1/6
f 909/3/1 908/2/1 907/1/1
f 908/3/1 909/2/1 910/1/1
f 911/3/2 909/2/2 907/1/2
f 909/3/2 911/2/2 912/1/2
f 913/5/3 908/5/3 910/767/3
f 908/5/3 913/5/3 914/768/3
f 913/5/4 911/5/4 914/769/4
f 911/5/4 913/5/4 912/770/4
f 911/5/5 908/5/5 914/771/5
f 908/5/5 911/5/5 907/772/5
f 909/2/6 913/3/6 910/11/6
f 913/3/6 909/2/6 912/1/6
f 917/3/1 916/2/1 915/1/1
f 916/3/1 917/2/1 918/1/1
f 919/3/2 917/2/2 915/1/2
f 917/3/2 919/2/2 920/1/2
f 921/5/3 916/5/3 918/773/3
f 916/5/3 921/5/3 922/774/3
f 921/5/4 919/5/4 922/775/4
f 919/5/4 921/5/4 920/776/4
f 919/5/5 916/5/5 922/777/5
f 916/5/5 919/5/5 915/778/5
f 917/2/6 921/3/6 918/11/6
f 921/3/6 917/2/6 920/1/6
f 925/3/1 924/2/1 923/1/1
f 924/3/1 925/2/1 926/1/1
f 927/3/2 925/2/2 923/1/2
f 925/3/2 927/2/2 928/1/2
f 929/5/3 924/5/3 926/779/3
f 924/5/3 929/5/3 930/780/3
f 929/5/4 927/5/4 930/781/4
f 927/5/4 929/5/4 928/782/4
f 927/5/5 924/5/5 930/783/5
f 924/5/5 927/5/5 923/784/5
f 925/2/6 929/3/6 926/11/6
f 929/3/6 925/2/6 928/1/6
f 933/3/1 932/2/1 931/1/1
f 932/3/1 933/2/1 934/1/1
f 935/3/2 933/2/2 931/1/2
f 933/3/2 935/2/2 936/1/2
f 937/5/3 932/5/3 934/785/3
f 932/5/3 937/5/3 938/786/3
f 937/5/4 935/5/4 938/787/4
f 935/5/4 937/5/4 936/788/4
f 935/5/5 932/5/5 938/789/5
f 932/5/5 935/5/5 931/790/5
f 933/2/6 937/3/6 934/11/6
f 937/3/6 933/2/6 936/1/6
f 941/3/1 940/2/1 939/1/1
f 940/3/1 941/2/1 942/1/1
f 943/3/2 941/2/2 939/1/2
f 941/3/2 943/2/2 944/1/2
f 945/5/3 940/5/3 942/791/3
f 940/5/3 945/5/3 946/792/3
f 945/5/4 943/5/4 946/793/4
f 943/5/4 945/5/4 944/794/4
f 943/5/5 940/5/5 946/795/5
f 940/5/5 943/5/5 939/796/5
f 941/2/6 945/3/6 942/11/6
f 945/3/6 941/2/6 944/1/6
f 274/3/1 892/2/1 272/1/1
f 892/3/1 274/2/1 891/1/1
f 278/3/2 274/2/2 272/1/2
f 274/3/2 278/2/2 277/1/2
f 296/237/3 892/750/3 891/5/3
f 892/750/3 296/237/3 295/5/3
f 296/5/4 278/221/4 295/797/4
f 278/221/4 296/5/4 277/5/4
f 278/223/5 892/753/5 295/5/5
f 892/753/5 278/223/5 272/5/5
f 274/2/6 296/3/6 891/11/6
f 296/3/6 274/2/6 277/1/6
f 282/3/1 298/2/1 280/1/1
f 298/3/1 282/2/1 297/1/1
f 286/3/2 282/2/2 280/1/2
f 282/3/2 286/2/2 285/1/2
f 300/242/3 298/238/3 297/5/3
f 298/238/3 300/242/3 299/5/3
f 300/5/4 286/227/4 299/798/4
f 286/227/4 300/5/4 285/5/4
f 286/229/5 298/241/5 299/5/5
f 298/241/5 286/229/5 280/5/5
f 282/2/6 300/3/6 297/11/6
f 300/3/6 282/2/6 285/1/6
f 290/3/1 302/2/1 288/1/1
f 302/3/1 290/2/1 301/1/1
f 294/3/2 290/2/2 288/1/2
f 290/3/2 294/2/2 293/1/2
f 696/568/3 302/243/3 301/5/3
f 302/243/3 696/568/3 695/5/3
f 696/581/4 294/233/4 695/5/4
f 294/233/4 696/581/4 293/5/4
f 294/235/5 302/246/5 695/5/5
f 302/246/5 294/235/5 288/5/5
f 290/2/6 696/3/6 301/11/6
f 696/3/6 290/2/6 293/1/6
f 948/3/1 713/2/1 947/1/1
f 713/3/1 948/2/1 715/1/1
f 949/3/2 948/2/2 947/1/2
f 948/3/2 949/2/2 950/1/2
f 718/5/3 713/5/3 715/799/3
f 713/5/3 718/5/3 717/800/3
f 718/587/4 949/5/4 717/5/4
f 949/5/4 718/587/4 950/801/4
f 949/5/5 713/589/5 717/5/5
f 713/589/5 949/5/5 947/802/5
f 948/2/6 718/3/6 715/11/6
f 718/3/6 948/2/6 950/1/6
f 696/3/1 712/2/1 695/1/1
f 712/3/1 696/2/1 711/1/1
f 700/3/2 696/2/2 695/1/2
f 696/3/2 700/2/2 699/1/2
f 951/5/3 712/579/3 711/5/3
f 712/579/3 951/5/3 952/803/3
f 951/5/4 700/570/4 952/804/4
f 700/570/4 951/5/4 699/5/4
f 700/572/5 712/582/5 952/805/5
f 712/582/5 700/572/5 695/5/5
f 696/2/6 951/3/6 711/11/6
f 951/3/6 696/2/6 699/1/6
f 955/3/1 954/2/1 953/1/1
f 954/3/1 955/2/1 956/1/1
f 957/3/2 955/2/2 953/1/2
f 955/3/2 957/2/2 958/1/2
f 959/5/3 954/5/3 956/806/3
f 954/5/3 959/5/3 960/807/3
f 959/5/4 957/5/4 960/808/4
f 957/5/4 959/5/4 958/809/4
f 957/5/5 954/5/5 960/810/5
f 954/5/5 957/5/5 953/811/5
f 955/2/6 959/3/6 956/11/6
f 959/3/6 955/2/6 958/1/6
f 963/3/1 962/2/1 961/1/1
f 962/3/1 963/2/1 964/1/1
f 965/3/2 963/2/2 961/1/2
f 963/3/2 965/2/2 966/1/2
f 967/5/3 962/5/3 964/812/3
f 962/5/3 967/5/3 968/813/3
f 967/5/4 965/5/4 968/814/4
f 965/5/4 967/5/4 966/815/4
f 965/5/5 962/5/5 968/816/5
f 962/5/5 965/5/5 961/817/5
f 963/2/6 967/3/6 964/11/6
f 967/3/6 963/2/6 966/1/6
f 971/3/1 970/2/1 969/1/1
f 970/3/1 971/2/1 972/1/1
f 973/3/2 971/2/2 969/1/2
f 971/3/2 973/2/2 974/1/2
f 975/5/3 970/5/3 972/818/3
f 970/5/3 975/5/3 976/819/3
f 975/5/4 973/5/4 976/820/4
f 973/5/4 975/5/4 974/821/4
f 973/5/5 970/5/5 976/822/5
f 970/5/5 973/5/5 969/823/5
f 971/2/6 975/3/6 972/11/6
f 975/3/6 971/2/6 974/1/6
f 669/3/1 977/2/1 670/1/1
f 977/3/1 669/2/1 978/1/1
f 671/3/2 669/2/2 670/1/2
f 669/3/2 671/2/2 672/1/2
f 979/5/3 977/5/3 978/824/3
f 977/5/3 979/5/3 980/825/3
f 979/5/4 671/5/4 980/826/4
f 671/5/4 979/5/4 672/827/4
f 671/5/5 977/5/5 980/828/5
f 977/5/5 671/5/5 670/546/5
f 669/2/6 979/3/6 978/11/6
f 979/3/6 669/2/6 672/1/6
f 673/3/1 981/2/1 674/1/1
f 981/3/1 673/2/1 982/1/1
f 675/3/2 673/2/2 674/1/2
f 673/3/2 675/2/2 676/1/2
f 983/5/3 981/5/3 982/829/3
f 981/5/3 983/5/3 984/830/3
f 983/5/4 675/5/4 984/831/4
f 675/5/4 983/5/4 676/832/4
f 675/5/5 981/5/5 984/833/5
f 981/5/5 675/5/5 674/552/5
f 673/2/6 983/3/6 982/11/6
f 983/3/6 673/2/6 676/1/6
f 748/3/1 750/2/1 747/1/1
f 750/3/1 748/2/1 749/1/1
f 559/3/2 748/2/2 747/1/2
f 748/3/2 559/2/2 561/1/2
f 562/451/3 750/607/3 749/5/3
f 750/607/3 562/451/3 560/5/3
f 562/5/4 559/5/4 560/834/4
f 559/5/4 562/5/4 561/835/4
f 559/456/5 750/610/5 560/5/5
f 750/610/5 559/456/5 747/5/5
f 748/2/6 562/3/6 749/11/6
f 562/3/6 748/2/6 561/1/6
f 564/3/1 566/2/1 563/1/1
f 566/3/1 564/2/1 565/1/1
f 985/3/2 564/2/2 563/1/2
f 564/3/2 985/2/2 986/1/2
f 987/5/3 566/452/3 565/5/3
f 566/452/3 987/5/3 988/836/3
f 987/5/4 985/5/4 988/837/4
f 985/5/4 987/5/4 986/838/4
f 985/5/5 566/455/5 988/839/5
f 566/455/5 985/5/5 563/5/5
f 564/2/6 987/3/6 565/11/6
f 987/3/6 564/2/6 986/1/6
f 951/3/1 989/2/1 952/1/1
f 989/3/1 951/2/1 990/1/1
f 991/3/2 951/2/2 952/1/2
f 951/3/2 991/2/2 992/1/2
f 716/584/3 989/5/3 990/840/3
f 989/5/3 716/584/3 714/5/3
f 716/5/4 991/5/4 714/841/4
f 991/5/4 716/5/4 992/842/4
f 991/5/5 989/5/5 714/5/5
f 989/5/5 991/5/5 952/805/5
f 951/2/6 716/3/6 990/11/6
f 716/3/6 951/2/6 992/1/6
f 994/3/1 779/2/1 993/1/1
f 779/3/1 994/2/1 780/1/1
f 399/3/2 994/2/2 993/1/2
f 994/3/2 399/2/2 401/1/2
f 402/319/3 779/5/3 780/843/3
f 779/5/3 402/319/3 400/5/3
f 402/5/4 399/5/4 400/844/4
f 399/5/4 402/5/4 401/845/4
f 399/324/5 779/5/5 400/5/5
f 779/5/5 399/324/5 993/846/5
f 994/2/6 402/3/6 780/11/6
f 402/3/6 994/2/6 401/1/6
f 996/3/1 787/2/1 995/1/1
f 787/3/1 996/2/1 788/1/1
f 997/3/2 996/2/2 995/1/2
f 996/3/2 997/2/2 998/1/2
f 999/5/3 787/5/3 788/847/3
f 787/5/3 999/5/3 1000/848/3
f 999/5/4 997/5/4 1000/849/4
f 997/5/4 999/5/4 998/850/4
f 997/5/5 787/5/5 1000/851/5
f 787/5/5 997/5/5 995/852/5
f 996/2/6 999/3/6 788/11/6
f 999/3/6 996/2/6 998/1/6

usemtl color11

f 426/3/1 428/2/1 425/1/1
f 428/3/1 426/2/1 427/1/1
f 1001/3/2 426/2/2 425/1/2
f 426/3/2 1001/2/2 1002/1/2
f 1003/5/3 428/340/3 427/5/3
f 428/340/3 1003/5/3 1004/853/3
f 1003/5/4 1001/5/4 1004/854/4
f 1001/5/4 1003/5/4 1002/855/4
f 1001/5/5 428/343/5 1004/856/5
f 428/343/5 1001/5/5 425/5/5
f 426/2/6 1003/3/6 427/11/6
f 1003/3/6 426/2/6 1002/1/6
f 1006/3/1 607/2/1 1005/1/1
f 607/3/1 1006/2/1 608/1/1
f 1007/3/2 1006/2/2 1005/1/2
f 1006/3/2 1007/2/2 1008/1/2
f 1009/5/3 607/5/3 608/857/3
f 607/5/3 1009/5/3 1010/858/3
f 1009/5/4 1007/5/4 1010/859/4
f 1007/5/4 1009/5/4 1008/860/4
f 1007/5/5 607/5/5 1010/861/5
f 607/5/5 1007/5/5 1005/862/5
f 1006/2/6 1009/3/6 608/11/6
f 1009/3/6 1006/2/6 1008/1/6
f 1013/3/1 1012/2/1 1011/1/1
f 1012/3/1 1013/2/1 1014/1/1
f 1015/3/2 1013/2/2 1011/1/2
f 1013/3/2 1015/2/2 1016/1/2
f 1017/5/3 1012/5/3 1014/863/3
f 1012/5/3 1017/5/3 1018/864/3
f 1017/5/4 1015/5/4 1018/865/4
f 1015/5/4 1017/5/4 1016/866/4
f 1015/5/5 1012/5/5 1018/867/5
f 1012/5/5 1015/5/5 1011/868/5
f 1013/2/6 1017/3/6 1014/11/6
f 1017/3/6 1013/2/6 1016/1/6
f 1020/3/1 287/2/1 1019/1/1
f 287/3/1 1020/2/1 289/1/1
f 1021/3/2 1020/2/2 1019/1/2
f 1020/3/2 1021/2/2 1022/1/2
f 292/5/3 287/5/3 289/869/3
f 287/5/3 292/5/3 291/870/3
f 292/234/4 1021/5/4 291/5/4
f 1021/5/4 292/234/4 1022/871/4
f 1021/5/5 287/236/5 291/5/5
f 287/236/5 1021/5/5 1019/872/5
f 1020/2/6 292/3/6 289/11/6
f 292/3/6 1020/2/6 1022/1/6
f 1024/3/1 545/2/1 1023/1/1
f 545/3/1 1024/2/1 546/1/1
f 1025/3/2 1024/2/2 1023/1/2
f 1024/3/2 1025/2/2 1026/1/2
f 1027/5/3 545/5/3 546/873/3
f 545/5/3 1027/5/3 1028/874/3
f 1027/5/4 1025/5/4 1028/875/4
f 1025/5/4 1027/5/4 1026/876/4
f 1025/5/5 545/444/5 1028/877/5
f 545/444/5 1025/5/5 1023/878/5
f 1024/2/6 1027/3/6 546/11/6
f 1027/3/6 1024/2/6 1026/1/6
f 1031/3/1 1030/2/1 1029/1/1
f 1030/3/1 1031/2/1 1032/1/1
f 1033/3/2 1031/2/2 1029/1/2
f 1031/3/2 1033/2/2 1034/1/2
f 1035/5/3 1030/5/3 1032/879/3
f 1030/5/3 1035/5/3 1036/880/3
f 1035/5/4 1033/5/4 1036/881/4
f 1033/5/4 1035/5/4 1034/882/4
f 1033/5/5 1030/5/5 1036/883/5
f 1030/5/5 1033/5/5 1029/884/5
f 1031/2/6 1035/3/6 1032/11/6
f 1035/3/6 1031/2/6 1034/1/6
f 1039/3/1 1038/2/1 1037/1/1
f 1038/3/1 1039/2/1 1040/1/1
f 1041/3/2 1039/2/2 1037/1/2
f 1039/3/2 1041/2/2 1042/1/2
f 1043/5/3 1038/5/3 1040/885/3
f 1038/5/3 1043/5/3 1044/886/3
f 1043/5/4 1041/5/4 1044/887/4
f 1041/5/4 1043/5/4 1042/888/4
f 1041/5/5 1038/5/5 1044/889/5
f 1038/5/5 1041/5/5 1037/890/5
f 1039/2/6 1043/3/6 1040/11/6
f 1043/3/6 1039/2/6 1042/1/6
f 912/3/1 1045/2/1 911/1/1
f 1045/3/1 912/2/1 1046/1/1
f 1047/3/2 912/2/2 911/1/2
f 912/3/2 1047/2/2 1048/1/2
f 1049/5/3 1045/5/3 1046/891/3
f 1045/5/3 1049/5/3 1050/892/3
f 1049/5/4 1047/5/4 1050/893/4
f 1047/5/4 1049/5/4 1048/894/4
f 1047/5/5 1045/5/5 1050/895/5
f 1045/5/5 1047/5/5 911/5/5
f 912/2/6 1049/3/6 1046/11/6
f 1049/3/6 912/2/6 1048/1/6
f 1053/3/1 1052/2/1 1051/1/1
f 1052/3/1 1053/2/1 1054/1/1
f 915/3/2 1053/2/2 1051/1/2
f 1053/3/2 915/2/2 917/1/2
f 1055/5/3 1052/5/3 1054/896/3
f 1052/5/3 1055/5/3 1056/897/3
f 1055/5/4 915/5/4 1056/898/4
f 915/5/4 1055/5/4 917/899/4
f 915/778/5 1052/5/5 1056/900/5
f 1052/5/5 915/778/5 1051/901/5
f 1053/2/6 1055/3/6 1054/11/6
f 1055/3/6 1053/2/6 917/1/6
f 1059/3/1 1058/2/1 1057/1/1
f 1058/3/1 1059/2/1 1060/1/1
f 1061/3/2 1059/2/2 1057/1/2
f 1059/3/2 1061/2/2 1062/1/2
f 332/5/3 1058/5/3 1060/902/3
f 1058/5/3 332/5/3 331/903/3
f 332/268/4 1061/5/4 331/5/4
f 1061/5/4 332/268/4 1062/904/4
f 1061/5/5 1058/5/5 331/5/5
f 1058/5/5 1061/5/5 1057/905/5
f 1059/2/6 332/3/6 1060/11/6
f 332/3/6 1059/2/6 1062/1/6
f 1064/3/1 335/2/1 1063/1/1
f 335/3/1 1064/2/1 337/1/1
f 1065/3/2 1064/2/2 1063/1/2
f 1064/3/2 1065/2/2 1066/1/2
f 340/5/3 335/5/3 337/906/3
f 335/5/3 340/5/3 339/907/3
f 340/274/4 1065/5/4 339/5/4
f 1065/5/4 340/274/4 1066/908/4
f 1065/5/5 335/276/5 339/5/5
f 335/276/5 1065/5/5 1063/909/5
f 1064/2/6 340/3/6 337/11/6
f 340/3/6 1064/2/6 1066/1/6
f 1068/3/1 343/2/1 1067/1/1
f 343/3/1 1068/2/1 345/1/1
f 1069/3/2 1068/2/2 1067/1/2
f 1068/3/2 1069/2/2 1070/1/2
f 348/5/3 343/5/3 345/910/3
f 343/5/3 348/5/3 347/911/3
f 348/280/4 1069/5/4 347/5/4
f 1069/5/4 348/280/4 1070/912/4
f 1069/5/5 343/282/5 347/5/5
f 343/282/5 1069/5/5 1067/913/5
f 1068/2/6 348/3/6 345/11/6
f 348/3/6 1068/2/6 1070/1/6
f 1072/3/1 351/2/1 1071/1/1
f 351/3/1 1072/2/1 353/1/1
f 1073/3/2 1072/2/2 1071/1/2
f 1072/3/2 1073/2/2 1074/1/2
f 1075/5/3 351/5/3 353/914/3
f 351/5/3 1075/5/3 1076/915/3
f 1075/5/4 1073/5/4 1076/916/4
f 1073/5/4 1075/5/4 1074/917/4
f 1073/5/5 351/288/5 1076/918/5
f 351/288/5 1073/5/5 1071/919/5
f 1072/2/6 1075/3/6 353/11/6
f 1075/3/6 1072/2/6 1074/1/6
f 937/3/1 1077/2/1 938/1/1
f 1077/3/1 937/2/1 1078/1/1
f 1079/3/2 937/2/2 938/1/2
f 937/3/2 1079/2/2 1080/1/2
f 1081/5/3 1077/5/3 1078/920/3
f 1077/5/3 1081/5/3 1082/921/3
f 1081/5/4 1079/5/4 1082/922/4
f 1079/5/4 1081/5/4 1080/923/4
f 1079/5/5 1077/5/5 1082/924/5
f 1077/5/5 1079/5/5 938/789/5
f 937/2/6 1081/3/6 1078/11/6
f 1081/3/6 937/2/6 1080/1/6
f 1085/3/1 1084/2/1 1083/1/1
f 1084/3/1 1085/2/1 1086/1/1
f 1087/3/2 1085/2/2 1083/1/2
f 1085/3/2 1087/2/2 1088/1/2
f 1089/5/3 1084/5/3 1086/925/3
f 1084/5/3 1089/5/3 1090/926/3
f 1089/5/4 1087/5/4 1090/927/4
f 1087/5/4 1089/5/4 1088/928/4
f 1087/5/5 1084/5/5 1090/929/5
f 1084/5/5 1087/5/5 1083/930/5
f 1085/2/6 1089/3/6 1086/11/6
f 1089/3/6 1085/2/6 1088/1/6
f 1093/3/1 1092/2/1 1091/1/1
f 1092/3/1 1093/2/1 1094/1/1
f 1095/3/2 1093/2/2 1091/1/2
f 1093/3/2 1095/2/2 1096/1/2
f 1097/5/3 1092/5/3 1094/931/3
f 1092/5/3 1097/5/3 1098/932/3
f 1097/5/4 1095/5/4 1098/933/4
f 1095/5/4 1097/5/4 1096/934/4
f 1095/5/5 1092/5/5 1098/935/5
f 1092/5/5 1095/5/5 1091/936/5
f 1093/2/6 1097/3/6 1094/11/6
f 1097/3/6 1093/2/6 1096/1/6

usemtl color21

f 38/3/1 40/2/1 37/1/1
f 40/3/1 38/2/1 39/1/1
f 41/3/2 38/2/2 37/1/2
f 38/3/2 41/2/2 43/1/2
f 44/36/3 40/31/3 39/5/3
f 40/31/3 44/36/3 42/5/3
f 44/5/4 41/5/4 42/937/4
f 41/5/4 44/5/4 43/938/4
f 41/41/5 40/34/5 42/5/5
f 40/34/5 41/41/5 37/5/5
f 38/2/6 44/3/6 39/11/6
f 44/3/6 38/2/6 43/1/6
f 1101/3/1 1100/2/1 1099/1/1
f 1100/3/1 1101/2/1 1102/1/1
f 1103/3/2 1101/2/2 1099/1/2
f 1101/3/2 1103/2/2 1104/1/2
f 1105/5/3 1100/5/3 1102/939/3
f 1100/5/3 1105/5/3 1106/940/3
f 1105/5/4 1103/5/4 1106/941/4
f 1103/5/4 1105/5/4 1104/942/4
f 1103/5/5 1100/5/5 1106/943/5
f 1100/5/5 1103/5/5 1099/944/5
f 1101/2/6 1105/3/6 1102/11/6
f 1105/3/6 1101/2/6 1104/1/6
f 1109/3/1 1108/2/1 1107/1/1
f 1108/3/1 1109/2/1 1110/1/1
f 1111/3/2 1109/2/2 1107/1/2
f 1109/3/2 1111/2/2 1112/1/2
f 1113/5/3 1108/5/3 1110/945/3
f 1108/5/3 1113/5/3 1114/946/3
f 1113/5/4 1111/5/4 1114/947/4
f 1111/5/4 1113/5/4 1112/948/4
f 1111/5/5 1108/5/5 1114/949/5
f 1108/5/5 1111/5/5 1107/950/5
f 1109/2/6 1113/3/6 1110/11/6
f 1113/3/6 1109/2/6 1112/1/6
f 1117/3/1 1116/2/1 1115/1/1
f 1116/3/1 1117/2/1 1118/1/1
f 1119/3/2 1117/2/2 1115/1/2
f 1117/3/2 1119/2/2 1120/1/2
f 1121/5/3 1116/5/3 1118/951/3
f 1116/5/3 1121/5/3 1122/952/3
f 1121/5/4 1119/5/4 1122/953/4
f 1119/5/4 1121/5/4 1120/954/4
f 1119/5/5 1116/5/5 1122/955/5
f 1116/5/5 1119/5/5 1115/956/5
f 1117/2/6 1121/3/6 1118/11/6
f 1121/3/6 1117/2/6 1120/1/6
f 1125/3/1 1124/2/1 1123/1/1
f 1124/3/1 1125/2/1 1126/1/1
f 1127/3/2 1125/2/2 1123/1/2
f 1125/3/2 1127/2/2 1128/1/2
f 1129/5/3 1124/5/3 1126/957/3
f 1124/5/3 1129/5/3 1130/958/3
f 1129/5/4 1127/5/4 1130/959/4
f 1127/5/4 1129/5/4 1128/960/4
f 1127/5/5 1124/5/5 1130/961/5
f 1124/5/5 1127/5/5 1123/962/5
f 1125/2/6 1129/3/6 1126/11/6
f 1129/3/6 1125/2/6 1128/1/6
f 518/3/1 520/2/1 517/1/1
f 520/3/1 518/2/1 519/1/1
f 521/3/2 518/2/2 517/1/2
f 518/3/2 521/2/2 523/1/2
f 524/419/3 520/414/3 519/5/3
f 520/414/3 524/419/3 522/5/3
f 524/5/4 521/5/4 522/963/4
f 521/5/4 524/5/4 523/964/4
f 521/424/5 520/417/5 522/5/5
f 520/417/5 521/424/5 517/5/5
f 518/2/6 524/3/6 519/11/6
f 524/3/6 518/2/6 523/1/6
f 1132/3/1 1029/2/1 1131/1/1
f 1029/3/1 1132/2/1 1031/1/1
f 1133/3/2 1132/2/2 1131/1/2
f 1132/3/2 1133/2/2 1134/1/2
f 1034/5/3 1029/5/3 1031/965/3
f 1029/5/3 1034/5/3 1033/966/3
f 1034/882/4 1133/5/4 1033/5/4
f 1133/5/4 1034/882/4 1134/967/4
f 1133/5/5 1029/884/5 1033/5/5
f 1029/884/5 1133/5/5 1131/968/5
f 1132/2/6 1034/3/6 1031/11/6
f 1034/3/6 1132/2/6 1134/1/6
f 1136/3/1 1037/2/1 1135/1/1
f 1037/3/1 1136/2/1 1039/1/1
f 1137/3/2 1136/2/2 1135/1/2
f 1136/3/2 1137/2/2 1138/1/2
f 1042/5/3 1037/5/3 1039/969/3
f 1037/5/3 1042/5/3 1041/970/3
f 1042/888/4 1137/5/4 1041/5/4
f 1137/5/4 1042/888/4 1138/971/4
f 1137/5/5 1037/890/5 1041/5/5
f 1037/890/5 1137/5/5 1135/972/5
f 1136/2/6 1042/3/6 1039/11/6
f 1042/3/6 1136/2/6 1138/1/6
f 1026/3/1 1028/2/1 1025/1/1
f 1028/3/1 1026/2/1 1027/1/1
f 1139/3/2 1026/2/2 1025/1/2
f 1026/3/2 1139/2/2 1140/1/2
f 1062/5/3 1028/874/3 1027/5/3
f 1028/874/3 1062/5/3 1061/973/3
f 1062/904/4 1139/5/4 1061/5/4
f 1139/5/4 1062/904/4 1140/974/4
f 1139/5/5 1028/877/5 1061/5/5
f 1028/877/5 1139/5/5 1025/5/5
f 1026/2/6 1062/3/6 1027/11/6
f 1062/3/6 1026/2/6 1140/1/6
f 1142/3/1 1063/2/1 1141/1/1
f 1063/3/1 1142/2/1 1064/1/1
f 1143/3/2 1142/2/2 1141/1/2
f 1142/3/2 1143/2/2 1144/1/2
f 1066/5/3 1063/5/3 1064/975/3
f 1063/5/3 1066/5/3 1065/976/3
f 1066/908/4 1143/5/4 1065/5/4
f 1143/5/4 1066/908/4 1144/977/4
f 1143/5/5 1063/909/5 1065/5/5
f 1063/909/5 1143/5/5 1141/978/5
f 1142/2/6 1066/3/6 1064/11/6
f 1066/3/6 1142/2/6 1144/1/6
f 1146/3/1 1067/2/1 1145/1/1
f 1067/3/1 1146/2/1 1068/1/1
f 1147/3/2 1146/2/2 1145/1/2
f 1146/3/2 1147/2/2 1148/1/2
f 1070/5/3 1067/5/3 1068/979/3
f 1067/5/3 1070/5/3 1069/980/3
f 1070/912/4 1147/5/4 1069/5/4
f 1147/5/4 1070/912/4 1148/981/4
f 1147/5/5 1067/913/5 1069/5/5
f 1067/913/5 1147/5/5 1145/982/5
f 1146/2/6 1070/3/6 1068/11/6
f 1070/3/6 1146/2/6 1148/1/6
f 678/3/1 1071/2/1 677/1/1
f 1071/3/1 678/2/1 1072/1/1
f 1149/3/2 678/2/2 677/1/2
f 678/3/2 1149/2/2 1150/1/2
f 1151/5/3 1071/5/3 1072/983/3
f 1071/5/3 1151/5/3 1152/984/3
f 1151/5/4 1149/5/4 1152/985/4
f 1149/5/4 1151/5/4 1150/986/4
f 1149/5/5 1071/919/5 1152/987/5
f 1071/919/5 1149/5/5 677/5/5
f 678/2/6 1151/3/6 1072/11/6
f 1151/3/6 678/2/6 1150/1/6
f 1155/3/1 1154/2/1 1153/1/1
f 1154/3/1 1155/2/1 1156/1/1
f 1157/3/2 1155/2/2 1153/1/2
f 1155/3/2 1157/2/2 1158/1/2
f 1159/5/3 1154/5/3 1156/988/3
f 1154/5/3 1159/5/3 1160/989/3
f 1159/5/4 1157/5/4 1160/990/4
f 1157/5/4 1159/5/4 1158/991/4
f 1157/5/5 1154/5/5 1160/992/5
f 1154/5/5 1157/5/5 1153/993/5
f 1155/2/6 1159/3/6 1156/11/6
f 1159/3/6 1155/2/6 1158/1/6

usemtl color28

f 1163/3/1 1162/2/1 1161/1/1
f 1162/3/1 1163/2/1 1164/1/1
f 1165/3/2 1163/2/2 1161/1/2
f 1163/3/2 1165/2/2 1166/1/2
f 1167/5/3 1162/5/3 1164/994/3
f 1162/5/3 1167/5/3 1168/995/3
f 1167/5/4 1165/5/4 1168/996/4
f 1165/5/4 1167/5/4 1166/997/4
f 1165/5/5 1162/5/5 1168/998/5
f 1162/5/5 1165/5/5 1161/999/5
f 1163/2/6 1167/3/6 1164/11/6
f 1167/3/6 1163/2/6 1166/1/6

usemtl color27

f 822/3/1 840/2/1 820/1/1
f 840/3/1 822/2/1 839/1/1
f 1169/3/2 822/2/2 820/1/2
f 822/3/2 1169/2/2 1170/1/2
f 1171/5/3 840/689/3 839/5/3
f 840/689/3 1171/5/3 1172/1000/3
f 1171/5/4 1169/5/4 1172/1001/4
f 1169/5/4 1171/5/4 1170/1002/4
f 1169/5/5 840/692/5 1172/1003/5
f 840/692/5 1169/5/5 820/5/5
f 822/2/6 1171/3/6 839/11/6
f 1171/3/6 822/2/6 1170/1/6

usemtl color19

f 1175/3/1 1174/2/1 1173/1/1
f 1174/3/1 1175/2/1 1176/1/1
f 1177/3/2 1175/2/2 1173/1/2
f 1175/3/2 1177/2/2 1178/1/2
f 1179/5/3 1174/5/3 1176/1004/3
f 1174/5/3 1179/5/3 1180/1005/3
f 1179/5/4 1177/5/4 1180/1006/4
f 1177/5/4 1179/5/4 1178/1007/4
f 1177/5/5 1174/5/5 1180/1008/5
f 1174/5/5 1177/5/5 1173/1009/5
f 1175/2/6 1179/3/6 1176/11/6
f 1179/3/6 1175/2/6 1178/1/6
f 1183/3/1 1182/2/1 1181/1/1
f 1182/3/1 1183/2/1 1184/1/1
f 1185/3/2 1183/2/2 1181/1/2
f 1183/3/2 1185/2/2 1186/1/2
f 1187/5/3 1182/5/3 1184/1010/3
f 1182/5/3 1187/5/3 1188/1011/3
f 1187/5/4 1185/5/4 1188/1012/4
f 1185/5/4 1187/5/4 1186/1013/4
f 1185/5/5 1182/5/5 1188/1014/5
f 1182/5/5 1185/5/5 1181/1015/5
f 1183/2/6 1187/3/6 1184/11/6
f 1187/3/6 1183/2/6 1186/1/6
f 1191/3/1 1190/2/1 1189/1/1
f 1190/3/1 1191/2/1 1192/1/1
f 1193/3/2 1191/2/2 1189/1/2
f 1191/3/2 1193/2/2 1194/1/2
f 1195/5/3 1190/5/3 1192/1016/3
f 1190/5/3 1195/5/3 1196/1017/3
f 1195/5/4 1193/5/4 1196/1018/4
f 1193/5/4 1195/5/4 1194/1019/4
f 1193/5/5 1190/5/5 1196/1020/5
f 1190/5/5 1193/5/5 1189/1021/5
f 1191/2/6 1195/3/6 1192/11/6
f 1195/3/6 1191/2/6 1194/1/6
f 1199/3/1 1198/2/1 1197/1/1
f 1198/3/1 1199/2/1 1200/1/1
f 1201/3/2 1199/2/2 1197/1/2
f 1199/3/2 1201/2/2 1202/1/2
f 1203/5/3 1198/5/3 1200/1022/3
f 1198/5/3 1203/5/3 1204/1023/3
f 1203/5/4 1201/5/4 1204/1024/4
f 1201/5/4 1203/5/4 1202/1025/4
f 1201/5/5 1198/5/5 1204/1026/5
f 1198/5/5 1201/5/5 1197/1027/5
f 1199/2/6 1203/3/6 1200/11/6
f 1203/3/6 1199/2/6 1202/1/6
f 1207/3/1 1206/2/1 1205/1/1
f 1206/3/1 1207/2/1 1208/1/1
f 1209/3/2 1207/2/2 1205/1/2
f 1207/3/2 1209/2/2 1210/1/2
f 1211/5/3 1206/5/3 1208/1028/3
f 1206/5/3 1211/5/3 1212/1029/3
f 1211/5/4 1209/5/4 1212/1030/4
f 1209/5/4 1211/5/4 1210/1031/4
f 1209/5/5 1206/5/5 1212/1032/5
f 1206/5/5 1209/5/5 1205/1033/5
f 1207/2/6 1211/3/6 1208/11/6
f 1211/3/6 1207/2/6 1210/1/6
f 1215/3/1 1214/2/1 1213/1/1
f 1214/3/1 1215/2/1 1216/1/1
f 1217/3/2 1215/2/2 1213/1/2
f 1215/3/2 1217/2/2 1218/1/2
f 1219/5/3 1214/5/3 1216/1034/3
f 1214/5/3 1219/5/3 1220/1035/3
f 1219/5/4 1217/5/4 1220/1036/4
f 1217/5/4 1219/5/4 1218/1037/4
f 1217/5/5 1214/5/5 1220/1038/5
f 1214/5/5 1217/5/5 1213/1039/5
f 1215/2/6 1219/3/6 1216/11/6
f 1219/3/6 1215/2/6 1218/1/6
f 1159/3/1 363/2/1 1160/1/1
f 363/3/1 1159/2/1 364/1/1
f 1221/3/2 1159/2/2 1160/1/2
f 1159/3/2 1221/2/2 1222/1/2
f 1223/5/3 363/5/3 364/1040/3
f 363/5/3 1223/5/3 1224/1041/3
f 1223/5/4 1221/5/4 1224/1042/4
f 1221/5/4 1223/5/4 1222/1043/4
f 1221/5/5 363/5/5 1224/1044/5
f 363/5/5 1221/5/5 1160/992/5
f 1159/2/6 1223/3/6 364/11/6
f 1223/3/6 1159/2/6 1222/1/6

usemtl color25

f 1227/3/1 1226/2/1 1225/1/1
f 1226/3/1 1227/2/1 1228/1/1
f 1229/3/2 1227/2/2 1225/1/2
f 1227/3/2 1229/2/2 1230/1/2
f 1231/5/3 1226/5/3 1228/1045/3
f 1226/5/3 1231/5/3 1232/1046/3
f 1231/5/4 1229/5/4 1232/1047/4
f 1229/5/4 1231/5/4 1230/1048/4
f 1229/5/5 1226/5/5 1232/1049/5
f 1226/5/5 1229/5/5 1225/1050/5
f 1227/2/6 1231/3/6 1228/11/6
f 1231/3/6 1227/2/6 1230/1/6

usemtl color26

f 1230/3/1 1232/2/1 1229/1/1
f 1232/3/1 1230/2/1 1231/1/1
f 1233/3/2 1230/2/2 1229/1/2
f 1230/3/2 1233/2/2 1234/1/2
f 1235/5/3 1232/1046/3 1231/5/3
f 1232/1046/3 1235/5/3 1236/1051/3
f 1235/5/4 1233/5/4 1236/1052/4
f 1233/5/4 1235/5/4 1234/1053/4
f 1233/5/5 1232/1049/5 1236/1054/5
f 1232/1049/5 1233/5/5 1229/5/5
f 1230/2/6 1235/3/6 1231/11/6
f 1235/3/6 1230/2/6 1234/1/6

usemtl color17

f 1239/3/1 1238/2/1 1237/1/1
f 1238/3/1 1239/2/1 1240/1/1
f 1241/3/2 1239/2/2 1237/1/2
f 1239/3/2 1241/2/2 1242/1/2
f 1243/5/3 1238/5/3 1240/1055/3
f 1238/5/3 1243/5/3 1244/1056/3
f 1243/5/4 1241/5/4 1244/1057/4
f 1241/5/4 1243/5/4 1242/1058/4
f 1241/5/5 1238/5/5 1244/1059/5
f 1238/5/5 1241/5/5 1237/1060/5
f 1239/2/6 1243/3/6 1240/11/6
f 1243/3/6 1239/2/6 1242/1/6
f 1247/3/1 1246/2/1 1245/1/1
f 1246/3/1 1247/2/1 1248/1/1
f 1249/3/2 1247/2/2 1245/1/2
f 1247/3/2 1249/2/2 1250/1/2
f 1251/5/3 1246/5/3 1248/1061/3
f 1246/5/3 1251/5/3 1252/1062/3
f 1251/5/4 1249/5/4 1252/1063/4
f 1249/5/4 1251/5/4 1250/1064/4
f 1249/5/5 1246/5/5 1252/1065/5
f 1246/5/5 1249/5/5 1245/1066/5
f 1247/2/6 1251/3/6 1248/11/6
f 1251/3/6 1247/2/6 1250/1/6
f 1255/3/1 1254/2/1 1253/1/1
f 1254/3/1 1255/2/1 1256/1/1
f 248/3/2 1255/2/2 1253/1/2
f 1255/3/2 248/2/2 250/1/2
f 305/5/3 1254/5/3 1256/1067/3
f 1254/5/3 305/5/3 303/1068/3
f 305/5/4 248/5/4 303/1069/4
f 248/5/4 305/5/4 250/1070/4
f 248/5/5 1254/5/5 303/252/5
f 1254/5/5 248/5/5 1253/1071/5
f 1255/2/6 305/3/6 1256/11/6
f 305/3/6 1255/2/6 250/1/6

usemtl color22

f 457/3/1 1257/2/1 458/1/1
f 1257/3/1 457/2/1 1258/1/1
f 460/3/2 457/2/2 458/1/2
f 457/3/2 460/2/2 462/1/2
f 1259/5/3 1257/5/3 1258/1072/3
f 1257/5/3 1259/5/3 1260/1073/3
f 1259/5/4 460/5/4 1260/1074/4
f 460/5/4 1259/5/4 462/1075/4
f 460/5/5 1257/5/5 1260/1076/5
f 1257/5/5 460/5/5 458/368/5
f 457/2/6 1259/3/6 1258/11/6
f 1259/3/6 457/2/6 462/1/6
f 1259/3/1 1261/2/1 1260/1/1
f 1261/3/1 1259/2/1 1262/1/1
f 873/3/2 1259/2/2 1260/1/2
f 1259/3/2 873/2/2 874/1/2
f 901/5/3 1261/5/3 1262/1077/3
f 1261/5/3 901/5/3 899/1078/3
f 901/5/4 873/5/4 899/1079/4
f 873/5/4 901/5/4 874/1080/4
f 873/5/5 1261/5/5 899/766/5
f 1261/5/5 873/5/5 1260/1076/5
f 1259/2/6 901/3/6 1262/11/6
f 901/3/6 1259/2/6 874/1/6

usemtl color24

f 1265/3/1 1264/2/1 1263/1/1
f 1264/3/1 1265/2/1 1266/1/1
f 1267/3/2 1265/2/2 1263/1/2
f 1265/3/2 1267/2/2 1268/1/2
f 249/5/3 1264/5/3 1266/1081/3
f 1264/5/3 249/5/3 247/1082/3
f 249/5/4 1267/5/4 247/1083/4
f 1267/5/4 249/5/4 1268/1084/4
f 1267/5/5 1264/5/5 247/206/5
f 1264/5/5 1267/5/5 1263/1085/5
f 1265/2/6 249/3/6 1266/11/6
f 249/3/6 1265/2/6 1268/1/6

usemtl color2

f 876/3/1 903/2/1 875/1/1
f 903/3/1 876/2/1 904/1/1
f 1226/3/2 876/2/2 875/1/2
f 876/3/2 1226/2/2 1228/1/2
f 1269/5/3 903/5/3 904/1086/3
f 903/5/3 1269/5/3 1270/1087/3
f 1269/5/4 1226/5/4 1270/1088/4
f 1226/5/4 1269/5/4 1228/1089/4
f 1226/5/5 903/5/5 1270/1090/5
f 903/5/5 1226/5/5 875/5/5
f 876/2/6 1269/3/6 904/11/6
f 1269/3/6 876/2/6 1228/1/6
f 1235/3/1 1271/2/1 1236/1/1
f 1271/3/1 1235/2/1 1272/1/1
f 879/3/2 1235/2/2 1236/1/2
f 1235/3/2 879/2/2 881/1/2
f 925/5/3 1271/5/3 1272/1091/3
f 1271/5/3 925/5/3 923/1092/3
f 925/5/4 879/5/4 923/1093/4
f 879/5/4 925/5/4 881/1094/4
f 879/748/5 1271/5/5 923/784/5
f 1271/5/5 879/748/5 1236/1054/5
f 1235/2/6 925/3/6 1272/11/6
f 925/3/6 1235/2/6 881/1/6
f 1274/3/1 551/2/1 1273/1/1
f 551/3/1 1274/2/1 553/1/1
f 1275/3/2 1274/2/2 1273/1/2
f 1274/3/2 1275/2/2 1276/1/2
f 556/5/3 551/5/3 553/1095/3
f 551/5/3 556/5/3 555/1096/3
f 556/448/4 1275/5/4 555/5/4
f 1275/5/4 556/448/4 1276/1097/4
f 1275/5/5 551/450/5 555/5/5
f 551/450/5 1275/5/5 1273/1098/5
f 1274/2/6 556/3/6 553/11/6
f 556/3/6 1274/2/6 1276/1/6
f 1279/3/1 1278/2/1 1277/1/1
f 1278/3/1 1279/2/1 1280/1/1
f 760/3/2 1279/2/2 1277/1/2
f 1279/3/2 760/2/2 762/1/2
f 1281/5/3 1278/5/3 1280/1099/3
f 1278/5/3 1281/5/3 1282/1100/3
f 1281/5/4 760/5/4 1282/1101/4
f 760/5/4 1281/5/4 762/1102/4
f 760/5/5 1278/5/5 1282/1103/5
f 1278/5/5 760/5/5 1277/1104/5
f 1279/2/6 1281/3/6 1280/11/6
f 1281/3/6 1279/2/6 762/1/6

usemtl color5

f 1285/3/1 1284/2/1 1283/1/1
f 1284/3/1 1285/2/1 1286/1/1
f 1287/3/2 1285/2/2 1283/1/2
f 1285/3/2 1287/2/2 1288/1/2
f 542/5/3 1284/5/3 1286/1105/3
f 1284/5/3 542/5/3 541/1106/3
f 542/436/4 1287/5/4 541/5/4
f 1287/5/4 542/436/4 1288/1107/4
f 1287/5/5 1284/5/5 541/5/5
f 1284/5/5 1287/5/5 1283/1108/5
f 1285/2/6 542/3/6 1286/11/6
f 542/3/6 1285/2/6 1288/1/6
f 480/3/1 1289/2/1 478/1/1
f 1289/3/1 480/2/1 1290/1/1
f 484/3/2 480/2/2 478/1/2
f 480/3/2 484/2/2 483/1/2
f 1291/5/3 1289/5/3 1290/1109/3
f 1289/5/3 1291/5/3 1292/1110/3
f 1291/5/4 484/387/4 1292/1111/4
f 484/387/4 1291/5/4 483/5/4
f 484/389/5 1289/5/5 1292/1112/5
f 1289/5/5 484/389/5 478/5/5
f 480/2/6 1291/3/6 1290/11/6
f 1291/3/6 480/2/6 483/1/6
f 1295/3/1 1294/2/1 1293/1/1
f 1294/3/1 1295/2/1 1296/1/1
f 1297/3/2 1295/2/2 1293/1/2
f 1295/3/2 1297/2/2 1298/1/2
f 1299/5/3 1294/5/3 1296/1113/3
f 1294/5/3 1299/5/3 1300/1114/3
f 1299/5/4 1297/5/4 1300/1115/4
f 1297/5/4 1299/5/4 1298/1116/4
f 1297/5/5 1294/5/5 1300/1117/5
f 1294/5/5 1297/5/5 1293/1118/5
f 1295/2/6 1299/3/6 1296/11/6
f 1299/3/6 1295/2/6 1298/1/6
f 1299/3/1 1301/2/1 1300/1/1
f 1301/3/1 1299/2/1 1302/1/1
f 1303/3/2 1299/2/2 1300/1/2
f 1299/3/2 1303/2/2 1304/1/2
f 1305/5/3 1301/5/3 1302/1119/3
f 1301/5/3 1305/5/3 1306/1120/3
f 1305/5/4 1303/5/4 1306/1121/4
f 1303/5/4 1305/5/4 1304/1122/4
f 1303/5/5 1301/5/5 1306/1123/5
f 1301/5/5 1303/5/5 1300/1117/5
f 1299/2/6 1305/3/6 1302/11/6
f 1305/3/6 1299/2/6 1304/1/6
f 1309/3/1 1308/2/1 1307/1/1
f 1308/3/1 1309/2/1 1310/1/1
f 1311/3/2 1309/2/2 1307/1/2
f 1309/3/2 1311/2/2 1312/1/2
f 1313/5/3 1308/5/3 1310/1124/3
f 1308/5/3 1313/5/3 1314/1125/3
f 1313/5/4 1311/5/4 1314/1126/4
f 1311/5/4 1313/5/4 1312/1127/4
f 1311/5/5 1308/5/5 1314/1128/5
f 1308/5/5 1311/5/5 1307/1129/5
f 1309/2/6 1313/3/6 1310/11/6
f 1313/3/6 1309/2/6 1312/1/6
f 1317/3/1 1316/2/1 1315/1/1
f 1316/3/1 1317/2/1 1318/1/1
f 1306/3/2 1317/2/2 1315/1/2
f 1317/3/2 1306/2/2 1305/1/2
f 1319/5/3 1316/5/3 1318/1130/3
f 1316/5/3 1319/5/3 1320/1131/3
f 1319/5/4 1306/1121/4 1320/1132/4
f 1306/1121/4 1319/5/4 1305/5/4
f 1306/1123/5 1316/5/5 1320/1133/5
f 1316/5/5 1306/1123/5 1315/1134/5
f 1317/2/6 1319/3/6 1318/11/6
f 1319/3/6 1317/2/6 1305/1/6
f 1323/3/1 1322/2/1 1321/1/1
f 1322/3/1 1323/2/1 1324/1/1
f 1325/3/2 1323/2/2 1321/1/2
f 1323/3/2 1325/2/2 1326/1/2
f 1327/5/3 1322/5/3 1324/1135/3
f 1322/5/3 1327/5/3 1328/1136/3
f 1327/5/4 1325/5/4 1328/1137/4
f 1325/5/4 1327/5/4 1326/1138/4
f 1325/5/5 1322/5/5 1328/1139/5
f 1322/5/5 1325/5/5 1321/1140/5
f 1323/2/6 1327/3/6 1324/11/6
f 1327/3/6 1323/2/6 1326/1/6

usemtl color7

f 1288/3/1 541/2/1 1287/1/1
f 541/3/1 1288/2/1 542/1/1
f 1329/3/2 1288/2/2 1287/1/2
f 1288/3/2 1329/2/2 1330/1/2
f 1331/5/3 541/1106/3 542/5/3
f 541/1106/3 1331/5/3 1332/1141/3
f 1331/5/4 1329/5/4 1332/1142/4
f 1329/5/4 1331/5/4 1330/1143/4
f 1329/5/5 541/5/5 1332/1144/5
f 541/5/5 1329/5/5 1287/5/5
f 1288/2/6 1331/3/6 542/11/6
f 1331/3/6 1288/2/6 1330/1/6
f 1335/3/1 1334/2/1 1333/1/1
f 1334/3/1 1335/2/1 1336/1/1
f 239/3/2 1335/2/2 1333/1/2
f 1335/3/2 239/2/2 241/1/2
f 242/195/3 1334/5/3 1336/1145/3
f 1334/5/3 242/195/3 240/5/3
f 242/5/4 239/5/4 240/1146/4
f 239/5/4 242/5/4 241/1147/4
f 239/200/5 1334/5/5 240/5/5
f 1334/5/5 239/200/5 1333/1148/5
f 1335/2/6 242/3/6 1336/11/6
f 242/3/6 1335/2/6 241/1/6
f 662/3/1 664/2/1 661/1/1
f 664/3/1 662/2/1 663/1/1
f 478/3/2 662/2/2 661/1/2
f 662/3/2 478/2/2 480/1/2
f 1290/1109/3 664/538/3 663/5/3
f 664/538/3 1290/1109/3 1289/5/3
f 1290/5/4 478/5/4 1289/1149/4
f 478/5/4 1290/5/4 480/1150/4
f 478/5/5 664/541/5 1289/5/5
f 664/541/5 478/5/5 661/5/5
f 662/2/6 1290/3/6 663/11/6
f 1290/3/6 662/2/6 480/1/6
f 1339/3/1 1338/2/1 1337/1/1
f 1338/3/1 1339/2/1 1340/1/1
f 1341/3/2 1339/2/2 1337/1/2
f 1339/3/2 1341/2/2 1342/1/2
f 1343/5/3 1338/5/3 1340/1151/3
f 1338/5/3 1343/5/3 1344/1152/3
f 1343/5/4 1341/5/4 1344/1153/4
f 1341/5/4 1343/5/4 1342/1154/4
f 1341/5/5 1338/5/5 1344/1155/5
f 1338/5/5 1341/5/5 1337/1156/5
f 1339/2/6 1343/3/6 1340/11/6
f 1343/3/6 1339/2/6 1342/1/6
f 1298/3/1 1300/2/1 1297/1/1
f 1300/3/1 1298/2/1 1299/1/1
f 1345/3/2 1298/2/2 1297/1/2
f 1298/3/2 1345/2/2 1346/1/2
f 1347/5/3 1300/1114/3 1299/5/3
f 1300/1114/3 1347/5/3 1348/1157/3
f 1347/5/4 1345/5/4 1348/1158/4
f 1345/5/4 1347/5/4 1346/1159/4
f 1345/5/5 1300/1117/5 1348/1160/5
f 1300/1117/5 1345/5/5 1297/5/5
f 1298/2/6 1347/3/6 1299/11/6
f 1347/3/6 1298/2/6 1346/1/6
f 1350/3/1 1320/2/1 1349/1/1
f 1320/3/1 1350/2/1 1319/1/1
f 1351/3/2 1350/2/2 1349/1/2
f 1350/3/2 1351/2/2 1352/1/2
f 1353/5/3 1320/1131/3 1319/5/3
f 1320/1131/3 1353/5/3 1354/1161/3
f 1353/5/4 1351/5/4 1354/1162/4
f 1351/5/4 1353/5/4 1352/1163/4
f 1351/5/5 1320/1133/5 1354/1164/5
f 1320/1133/5 1351/5/5 1349/1165/5
f 1350/2/6 1353/3/6 1319/11/6
f 1353/3/6 1350/2/6 1352/1/6

usemtl color15

f 207/3/1 1355/2/1 208/1/1
f 1355/3/1 207/2/1 1356/1/1
f 639/3/2 207/2/2 208/1/2
f 207/3/2 639/2/2 641/1/2
f 642/519/3 1355/5/3 1356/1166/3
f 1355/5/3 642/519/3 640/5/3
f 642/5/4 639/5/4 640/1167/4
f 639/5/4 642/5/4 641/1168/4
f 639/523/5 1355/5/5 640/5/5
f 1355/5/5 639/523/5 208/169/5
f 207/2/6 642/3/6 1356/11/6
f 642/3/6 207/2/6 641/1/6
f 1359/3/1 1358/2/1 1357/1/1
f 1358/3/1 1359/2/1 1360/1/1
f 679/3/2 1359/2/2 1357/1/2
f 1359/3/2 679/2/2 681/1/2
f 682/556/3 1358/5/3 1360/1169/3
f 1358/5/3 682/556/3 680/5/3
f 682/5/4 679/5/4 680/1170/4
f 679/5/4 682/5/4 681/1171/4
f 679/561/5 1358/5/5 680/5/5
f 1358/5/5 679/561/5 1357/1172/5
f 1359/2/6 682/3/6 1360/11/6
f 682/3/6 1359/2/6 681/1/6
f 944/3/1 946/2/1 943/1/1
f 946/3/1 944/2/1 945/1/1
f 1361/3/2 944/2/2 943/1/2
f 944/3/2 1361/2/2 1362/1/2
f 1363/5/3 946/792/3 945/5/3
f 946/792/3 1363/5/3 1364/1173/3
f 1363/5/4 1361/5/4 1364/1174/4
f 1361/5/4 1363/5/4 1362/1175/4
f 1361/5/5 946/795/5 1364/1176/5
f 946/795/5 1361/5/5 943/5/5
f 944/2/6 1363/3/6 945/11/6
f 1363/3/6 944/2/6 1362/1/6
f 1366/3/1 399/2/1 1365/1/1
f 399/3/1 1366/2/1 401/1/1
f 721/3/2 1366/2/2 1365/1/2
f 1366/3/2 721/2/2 723/1/2
f 724/590/3 399/5/3 401/1177/3
f 399/5/3 724/590/3 722/5/3
f 724/5/4 721/5/4 722/1178/4
f 721/5/4 724/5/4 723/1179/4
f 721/593/5 399/324/5 722/5/5
f 399/324/5 721/593/5 1365/1180/5
f 1366/2/6 724/3/6 401/11/6
f 724/3/6 1366/2/6 723/1/6

usemtl color18

f 1369/3/1 1368/2/1 1367/1/1
f 1368/3/1 1369/2/1 1370/1/1
f 1260/3/2 1369/2/2 1367/1/2
f 1369/3/2 1260/2/2 1259/1/2
f 1262/1077/3 1368/5/3 1370/1181/3
f 1368/5/3 1262/1077/3 1261/5/3
f 1262/5/4 1260/1074/4 1261/1182/4
f 1260/1074/4 1262/5/4 1259/5/4
f 1260/1076/5 1368/5/5 1261/5/5
f 1368/5/5 1260/1076/5 1367/1183/5
f 1369/2/6 1262/3/6 1370/11/6
f 1262/3/6 1369/2/6 1259/1/6
f 1373/3/1 1372/2/1 1371/1/1
f 1372/3/1 1373/2/1 1374/1/1
f 1261/3/2 1373/2/2 1371/1/2
f 1373/3/2 1261/2/2 1262/1/2
f 1375/5/3 1372/5/3 1374/1184/3
f 1372/5/3 1375/5/3 1376/1185/3
f 1375/5/4 1261/1182/4 1376/1186/4
f 1261/1182/4 1375/5/4 1262/5/4
f 1261/5/5 1372/5/5 1376/1187/5
f 1372/5/5 1261/5/5 1371/1188/5
f 1373/2/6 1375/3/6 1374/11/6
f 1375/3/6 1373/2/6 1262/1/6

usemtl color23

f 1378/3/1 935/2/1 1377/1/1
f 935/3/1 1378/2/1 936/1/1
f 1379/3/2 1378/2/2 1377/1/2
f 1378/3/2 1379/2/2 1380/1/2
f 1381/5/3 935/5/3 936/1189/3
f 935/5/3 1381/5/3 1382/1190/3
f 1381/5/4 1379/5/4 1382/1191/4
f 1379/5/4 1381/5/4 1380/1192/4
f 1379/5/5 935/5/5 1382/1193/5
f 935/5/5 1379/5/5 1377/1194/5
f 1378/2/6 1381/3/6 936/11/6
f 1381/3/6 1378/2/6 1380/1/6

usemtl color0

f 524/3/1 1383/2/1 522/1/1
f 1383/3/1 524/2/1 1384/1/1
f 528/3/2 524/2/2 522/1/2
f 524/3/2 528/2/2 527/1/2
f 1385/5/3 1383/5/3 1384/1195/3
f 1383/5/3 1385/5/3 1386/1196/3
f 1385/5/4 528/421/4 1386/1197/4
f 528/421/4 1385/5/4 527/5/4
f 528/423/5 1383/5/5 1386/1198/5
f 1383/5/5 528/423/5 522/5/5
f 524/2/6 1385/3/6 1384/11/6
f 1385/3/6 524/2/6 527/1/6
f 1381/3/1 1079/2/1 1382/1/1
f 1079/3/1 1381/2/1 1080/1/1
f 1387/3/2 1381/2/2 1382/1/2
f 1381/3/2 1387/2/2 1388/1/2
f 1389/5/3 1079/5/3 1080/1199/3
f 1079/5/3 1389/5/3 1390/1200/3
f 1389/5/4 1387/5/4 1390/1201/4
f 1387/5/4 1389/5/4 1388/1202/4
f 1387/5/5 1079/5/5 1390/1203/5
f 1079/5/5 1387/5/5 1382/1193/5
f 1381/2/6 1389/3/6 1080/11/6
f 1389/3/6 1381/2/6 1388/1/6
f 1392/3/1 563/2/1 1391/1/1
f 563/3/1 1392/2/1 564/1/1
f 1393/3/2 1392/2/2 1391/1/2
f 1392/3/2 1393/2/2 1394/1/2
f 986/5/3 563/5/3 564/1204/3
f 563/5/3 986/5/3 985/1205/3
f 986/838/4 1393/5/4 985/5/4
f 1393/5/4 986/838/4 1394/1206/4
f 1393/5/5 563/5/5 985/5/5
f 563/5/5 1393/5/5 1391/1207/5
f 1392/2/6 986/3/6 564/11/6
f 986/3/6 1392/2/6 1394/1/6

usemtl color14

f 1397/3/1 1396/2/1 1395/1/1
f 1396/3/1 1397/2/1 1398/1/1
f 263/3/2 1397/2/2 1395/1/2
f 1397/3/2 263/2/2 265/1/2
f 266/213/3 1396/5/3 1398/1208/3
f 1396/5/3 266/213/3 264/5/3
f 266/5/4 263/5/4 264/1209/4
f 263/5/4 266/5/4 265/1210/4
f 263/218/5 1396/5/5 264/5/5
f 1396/5/5 263/218/5 1395/1211/5
f 1397/2/6 266/3/6 1398/11/6
f 266/3/6 1397/2/6 265/1/6
f 268/3/1 270/2/1 267/1/1
f 270/3/1 268/2/1 269/1/1
f 1337/3/2 268/2/2 267/1/2
f 268/3/2 1337/2/2 1339/1/2
f 1340/1151/3 270/214/3 269/5/3
f 270/214/3 1340/1151/3 1338/5/3
f 1340/5/4 1337/5/4 1338/1212/4
f 1337/5/4 1340/5/4 1339/1213/4
f 1337/1156/5 270/217/5 1338/5/5
f 270/217/5 1337/1156/5 267/5/5
f 268/2/6 1340/3/6 269/11/6
f 1340/3/6 268/2/6 1339/1/6
f 1401/3/1 1400/2/1 1399/1/1
f 1400/3/1 1401/2/1 1402/1/1
f 1403/3/2 1401/2/2 1399/1/2
f 1401/3/2 1403/2/2 1404/1/2
f 1405/5/3 1400/5/3 1402/1214/3
f 1400/5/3 1405/5/3 1406/1215/3
f 1405/5/4 1403/5/4 1406/1216/4
f 1403/5/4 1405/5/4 1404/1217/4
f 1403/5/5 1400/5/5 1406/1218/5
f 1400/5/5 1403/5/5 1399/1219/5
f 1401/2/6 1405/3/6 1402/11/6
f 1405/3/6 1401/2/6 1404/1/6

usemtl color3

f 1409/3/1 1408/2/1 1407/1/1
f 1408/3/1 1409/2/1 1410/1/1
f 939/3/2 1409/2/2 1407/1/2
f 1409/3/2 939/2/2 941/1/2
f 942/791/3 1408/5/3 1410/1220/3
f 1408/5/3 942/791/3 940/5/3
f 942/5/4 939/5/4 940/1221/4
f 939/5/4 942/5/4 941/1222/4
f 939/796/5 1408/5/5 940/5/5
f 1408/5/5 939/796/5 1407/1223/5
f 1409/2/6 942/3/6 1410/11/6
f 942/3/6 1409/2/6 941/1/6
f 1362/3/1 1364/2/1 1361/1/1
f 1364/3/1 1362/2/1 1363/1/1
f 1273/3/2 1362/2/2 1361/1/2
f 1362/3/2 1273/2/2 1274/1/2
f 553/1095/3 1364/1173/3 1363/5/3
f 1364/1173/3 553/1095/3 551/5/3
f 553/5/4 1273/5/4 551/1224/4
f 1273/5/4 553/5/4 1274/1225/4
f 1273/1098/5 1364/1176/5 551/450/5
f 1364/1176/5 1273/1098/5 1361/5/5
f 1362/2/6 553/3/6 1363/11/6
f 553/3/6 1362/2/6 1274/1/6
f 1296/3/1 1411/2/1 1294/1/1
f 1411/3/1 1296/2/1 1412/1/1
f 1300/3/2 1296/2/2 1294/1/2
f 1296/3/2 1300/2/2 1299/1/2
f 1413/5/3 1411/5/3 1412/1226/3
f 1411/5/3 1413/5/3 1414/1227/3
f 1413/5/4 1300/1115/4 1414/1228/4
f 1300/1115/4 1413/5/4 1299/5/4
f 1300/1117/5 1411/5/5 1414/1229/5
f 1411/5/5 1300/1117/5 1294/5/5
f 1296/2/6 1413/3/6 1412/11/6
f 1413/3/6 1296/2/6 1299/1/6
f 762/3/1 1282/2/1 760/1/1
f 1282/3/1 762/2/1 1281/1/1
f 766/3/2 762/2/2 760/1/2
f 762/3/2 766/2/2 765/1/2
f 1415/5/3 1282/1100/3 1281/5/3
f 1282/1100/3 1415/5/3 1416/1230/3
f 1415/5/4 766/624/4 1416/1231/4
f 766/624/4 1415/5/4 765/5/4
f 766/626/5 1282/1103/5 1416/1232/5
f 1282/1103/5 766/626/5 760/5/5
f 762/2/6 1415/3/6 1281/11/6
f 1415/3/6 762/2/6 765/1/6
f 770/3/1 1417/2/1 768/1/1
f 1417/3/1 770/2/1 1418/1/1
f 774/3/2 770/2/2 768/1/2
f 770/3/2 774/2/2 773/1/2
f 1419/5/3 1417/5/3 1418/1233/3
f 1417/5/3 1419/5/3 1420/1234/3
f 1419/5/4 774/630/4 1420/1235/4
f 774/630/4 1419/5/4 773/5/4
f 774/632/5 1417/5/5 1420/1236/5
f 1417/5/5 774/632/5 768/5/5
f 770/2/6 1419/3/6 1418/11/6
f 1419/3/6 770/2/6 773/1/6
f 1423/3/1 1422/2/1 1421/1/1
f 1422/3/1 1423/2/1 1424/1/1
f 1321/3/2 1423/2/2 1421/1/2
f 1423/3/2 1321/2/2 1323/1/2
f 1324/1135/3 1422/5/3 1424/1237/3
f 1422/5/3 1324/1135/3 1322/5/3
f 1324/5/4 1321/5/4 1322/1238/4
f 1321/5/4 1324/5/4 1323/1239/4
f 1321/1140/5 1422/5/5 1322/5/5
f 1422/5/5 1321/1140/5 1421/1240/5
f 1423/2/6 1324/3/6 1424/11/6
f 1324/3/6 1423/2/6 1323/1/6

usemtl color16

f 1374/3/1 1425/2/1 1372/1/1
f 1425/3/1 1374/2/1 1426/1/1
f 1376/3/2 1374/2/2 1372/1/2
f 1374/3/2 1376/2/2 1375/1/2
f 1427/5/3 1425/5/3 1426/1241/3
f 1425/5/3 1427/5/3 1428/1242/3
f 1427/5/4 1376/1186/4 1428/1243/4
f 1376/1186/4 1427/5/4 1375/5/4
f 1376/1187/5 1425/5/5 1428/1244/5
f 1425/5/5 1376/1187/5 1372/5/5
f 1374/2/6 1427/3/6 1426/11/6
f 1427/3/6 1374/2/6 1375/1/6

usemtl color13

f 1346/3/1 1348/2/1 1345/1/1
f 1348/3/1 1346/2/1 1347/1/1
f 1399/3/2 1346/2/2 1345/1/2
f 1346/3/2 1399/2/2 1401/1/2
f 1402/1214/3 1348/1157/3 1347/5/3
f 1348/1157/3 1402/1214/3 1400/5/3
f 1402/5/4 1399/5/4 1400/1245/4
f 1399/5/4 1402/5/4 1401/1246/4
f 1399/1219/5 1348/1160/5 1400/5/5
f 1348/1160/5 1399/1219/5 1345/5/5
f 1346/2/6 1402/3/6 1347/11/6
f 1402/3/6 1346/2/6 1401/1/6
f 1404/3/1 1406/2/1 1403/1/1
f 1406/3/1 1404/2/1 1405/1/1
f 1349/3/2 1404/2/2 1403/1/2
f 1404/3/2 1349/2/2 1350/1/2
f 1304/5/3 1406/1215/3 1405/5/3
f 1406/1215/3 1304/5/3 1303/1247/3
f 1304/1122/4 1349/5/4 1303/5/4
f 1349/5/4 1304/1122/4 1350/1248/4
f 1349/1165/5 1406/1218/5 1303/5/5
f 1406/1218/5 1349/1165/5 1403/5/5
f 1404/2/6 1304/3/6 1405/11/6
f 1304/3/6 1404/2/6 1350/1/6

usemtl color9

f 1426/3/1 1429/2/1 1425/1/1
f 1429/3/1 1426/2/1 1430/1/1
f 1428/3/2 1426/2/2 1425/1/2
f 1426/3/2 1428/2/2 1427/1/2
f 1431/5/3 1429/5/3 1430/1249/3
f 1429/5/3 1431/5/3 1432/1250/3
f 1431/5/4 1428/1243/4 1432/1251/4
f 1428/1243/4 1431/5/4 1427/5/4
f 1428/1244/5 1429/5/5 1432/1252/5
f 1429/5/5 1428/1244/5 1425/5/5
f 1426/2/6 1431/3/6 1430/11/6
f 1431/3/6 1426/2/6 1427/1/6
f 1435/3/1 1434/2/1 1433/1/1
f 1434/3/1 1435/2/1 1436/1/1
f 1429/3/2 1435/2/2 1433/1/2
f 1435/3/2 1429/2/2 1430/1/2
f 1437/5/3 1434/5/3 1436/1253/3
f 1434/5/3 1437/5/3 1438/1254/3
f 1437/5/4 1429/5/4 1438/1255/4
f 1429/5/4 1437/5/4 1430/1256/4
f 1429/5/5 1434/5/5 1438/1257/5
f 1434/5/5 1429/5/5 1433/1258/5
f 1435/2/6 1437/3/6 1436/11/6
f 1437/3/6 1435/2/6 1430/1/6

usemtl color6

f 1441/3/1 1440/2/1 1439/1/1
f 1440/3/1 1441/2/1 1442/1/1
f 1443/3/2 1441/2/2 1439/1/2
f 1441/3/2 1443/2/2 1444/1/2
f 1445/5/3 1440/5/3 1442/1259/3
f 1440/5/3 1445/5/3 1446/1260/3
f 1445/5/4 1443/5/4 1446/1261/4
f 1443/5/4 1445/5/4 1444/1262/4
f 1443/5/5 1440/5/5 1446/1263/5
f 1440/5/5 1443/5/5 1439/1264/5
f 1441/2/6 1445/3/6 1442/11/6
f 1445/3/6 1441/2/6 1444/1/6
f 1449/3/1 1448/2/1 1447/1/1
f 1448/3/1 1449/2/1 1450/1/1
f 1451/3/2 1449/2/2 1447/1/2
f 1449/3/2 1451/2/2 1452/1/2
f 1453/5/3 1448/5/3 1450/1265/3
f 1448/5/3 1453/5/3 1454/1266/3
f 1453/5/4 1451/5/4 1454/1267/4
f 1451/5/4 1453/5/4 1452/1268/4
f 1451/5/5 1448/5/5 1454/1269/5
f 1448/5/5 1451/5/5 1447/1270/5
f 1449/2/6 1453/3/6 1450/11/6
f 1453/3/6 1449/2/6 1452/1/6
f 1457/3/1 1456/2/1 1455/1/1
f 1456/3/1 1457/2/1 1458/1/1
f 775/3/2 1457/2/2 1455/1/2
f 1457/3/2 775/2/2 777/1/2
f 778/634/3 1456/5/3 1458/1271/3
f 1456/5/3 778/634/3 776/5/3
f 778/5/4 775/5/4 776/1272/4
f 775/5/4 778/5/4 777/1273/4
f 775/639/5 1456/5/5 776/5/5
f 1456/5/5 775/639/5 1455/1274/5
f 1457/2/6 778/3/6 1458/11/6
f 778/3/6 1457/2/6 777/1/6
f 1461/3/1 1460/2/1 1459/1/1
f 1460/3/1 1461/2/1 1462/1/1
f 1463/3/2 1461/2/2 1459/1/2
f 1461/3/2 1463/2/2 1464/1/2
f 1465/5/3 1460/5/3 1462/1275/3
f 1460/5/3 1465/5/3 1466/1276/3
f 1465/5/4 1463/5/4 1466/1277/4
f 1463/5/4 1465/5/4 1464/1278/4
f 1463/5/5 1460/5/5 1466/1279/5
f 1460/5/5 1463/5/5 1459/1280/5
f 1461/2/6 1465/3/6 1462/11/6
f 1465/3/6 1461/2/6 1464/1/6
f 1469/3/1 1468/2/1 1467/1/1
f 1468/3/1 1469/2/1 1470/1/1
f 1471/3/2 1469/2/2 1467/1/2
f 1469/3/2 1471/2/2 1472/1/2
f 1473/5/3 1468/5/3 1470/1281/3
f 1468/5/3 1473/5/3 1474/1282/3
f 1473/5/4 1471/5/4 1474/1283/4
f 1471/5/4 1473/5/4 1472/1284/4
f 1471/5/5 1468/5/5 1474/1285/5
f 1468/5/5 1471/5/5 1467/1286/5
f 1469/2/6 1473/3/6 1470/11/6
f 1473/3/6 1469/2/6 1472/1/6

